<?xml version="1.0" encoding="UTF-8"?>
<gpx creator="StravaGPX" version="1.1" xmlns="http://www.topografix.com/GPX/1/1" xmlns:xsi="http://www.w3.org/2001/XMLSchema-instance" xsi:schemaLocation="http://www.topografix.com/GPX/1/1 http://www.topografix.com/GPX/1/1/gpx.xsd">
 <metadata>
  <name>KOTR_D3_Long (Mont Ventoux)</name>
  <author>
   <name>Ian Thompson</name>
   <link href="https://www.strava.com/athletes/42632817"/>
  </author>
  <copyright author="OpenStreetMap contributors">
   <year>2020</year>
   <license>https://www.openstreetmap.org/copyright</license>
  </copyright>
  <link href="https://www.strava.com/routes/3477667551899123268"/>
 </metadata>
 <trk>
  <name>KOTR_D3_Long (Mont Ventoux)</name>
  <link href="https://www.strava.com/routes/3477667551899123268"/>
  <type>cycling</type>
  <trkseg>
   <trkpt lat="43.92616" lon="4.8447700000000005">
    <ele>25.02</ele>
   </trkpt>
   <trkpt lat="43.9264" lon="4.84506">
    <ele>25.0</ele>
   </trkpt>
   <trkpt lat="43.92643" lon="4.84515">
    <ele>25.0</ele>
   </trkpt>
   <trkpt lat="43.92645" lon="4.8453100000000004">
    <ele>25.14</ele>
   </trkpt>
   <trkpt lat="43.926500000000004" lon="4.84541">
    <ele>25.14</ele>
   </trkpt>
   <trkpt lat="43.92656" lon="4.84548">
    <ele>25.14</ele>
   </trkpt>
   <trkpt lat="43.926640000000006" lon="4.8455200000000005">
    <ele>25.210000000000004</ele>
   </trkpt>
   <trkpt lat="43.926730000000006" lon="4.84553">
    <ele>25.210000000000004</ele>
   </trkpt>
   <trkpt lat="43.92683" lon="4.84548">
    <ele>25.200000000000003</ele>
   </trkpt>
   <trkpt lat="43.92696" lon="4.845470000000001">
    <ele>25.34</ele>
   </trkpt>
   <trkpt lat="43.92707" lon="4.84551">
    <ele>25.34</ele>
   </trkpt>
   <trkpt lat="43.927310000000006" lon="4.845630000000001">
    <ele>25.460000000000004</ele>
   </trkpt>
   <trkpt lat="43.92786" lon="4.846080000000001">
    <ele>26.240000000000002</ele>
   </trkpt>
   <trkpt lat="43.928050000000006" lon="4.84621">
    <ele>26.47</ele>
   </trkpt>
   <trkpt lat="43.928230000000006" lon="4.8463">
    <ele>26.47</ele>
   </trkpt>
   <trkpt lat="43.92842" lon="4.846450000000001">
    <ele>26.64</ele>
   </trkpt>
   <trkpt lat="43.92850000000001" lon="4.846550000000001">
    <ele>26.64</ele>
   </trkpt>
   <trkpt lat="43.928560000000004" lon="4.84668">
    <ele>26.64</ele>
   </trkpt>
   <trkpt lat="43.928610000000006" lon="4.8467">
    <ele>26.64</ele>
   </trkpt>
   <trkpt lat="43.928650000000005" lon="4.8467">
    <ele>26.64</ele>
   </trkpt>
   <trkpt lat="43.92873" lon="4.846640000000001">
    <ele>26.650000000000002</ele>
   </trkpt>
   <trkpt lat="43.92904" lon="4.84666">
    <ele>26.63</ele>
   </trkpt>
   <trkpt lat="43.92981" lon="4.846920000000001">
    <ele>26.45</ele>
   </trkpt>
   <trkpt lat="43.930130000000005" lon="4.847060000000001">
    <ele>26.590000000000003</ele>
   </trkpt>
   <trkpt lat="43.930150000000005" lon="4.847090000000001">
    <ele>26.590000000000003</ele>
   </trkpt>
   <trkpt lat="43.930550000000004" lon="4.84724">
    <ele>26.310000000000002</ele>
   </trkpt>
   <trkpt lat="43.93085000000001" lon="4.847300000000001">
    <ele>26.310000000000002</ele>
   </trkpt>
   <trkpt lat="43.93128" lon="4.84736">
    <ele>26.060000000000002</ele>
   </trkpt>
   <trkpt lat="43.93148" lon="4.84733">
    <ele>26.080000000000002</ele>
   </trkpt>
   <trkpt lat="43.93184" lon="4.8473500000000005">
    <ele>26.12</ele>
   </trkpt>
   <trkpt lat="43.932230000000004" lon="4.8473500000000005">
    <ele>26.36</ele>
   </trkpt>
   <trkpt lat="43.93278" lon="4.847370000000001">
    <ele>26.88</ele>
   </trkpt>
   <trkpt lat="43.93343" lon="4.8475">
    <ele>26.89</ele>
   </trkpt>
   <trkpt lat="43.934070000000006" lon="4.84771">
    <ele>25.66</ele>
   </trkpt>
   <trkpt lat="43.934610000000006" lon="4.84795">
    <ele>25.84</ele>
   </trkpt>
   <trkpt lat="43.93486" lon="4.8481000000000005">
    <ele>24.75</ele>
   </trkpt>
   <trkpt lat="43.935100000000006" lon="4.848210000000001">
    <ele>24.75</ele>
   </trkpt>
   <trkpt lat="43.935230000000004" lon="4.84834">
    <ele>24.520000000000003</ele>
   </trkpt>
   <trkpt lat="43.93526000000001" lon="4.848450000000001">
    <ele>24.07</ele>
   </trkpt>
   <trkpt lat="43.93529" lon="4.848520000000001">
    <ele>23.919999999999998</ele>
   </trkpt>
   <trkpt lat="43.93535000000001" lon="4.84858">
    <ele>23.919999999999998</ele>
   </trkpt>
   <trkpt lat="43.935410000000005" lon="4.8486">
    <ele>23.83</ele>
   </trkpt>
   <trkpt lat="43.935480000000005" lon="4.848590000000001">
    <ele>23.83</ele>
   </trkpt>
   <trkpt lat="43.935550000000006" lon="4.84855">
    <ele>23.82</ele>
   </trkpt>
   <trkpt lat="43.935700000000004" lon="4.84853">
    <ele>23.62</ele>
   </trkpt>
   <trkpt lat="43.935860000000005" lon="4.84856">
    <ele>23.62</ele>
   </trkpt>
   <trkpt lat="43.936325000068685" lon="4.848759998390549">
    <ele>23.520000000000003</ele>
   </trkpt>
   <trkpt lat="43.93679" lon="4.848960000000001">
    <ele>23.96</ele>
   </trkpt>
   <trkpt lat="43.93730000028274" lon="4.849194998003739">
    <ele>24.790000000000003</ele>
   </trkpt>
   <trkpt lat="43.937810000000006" lon="4.849430000000001">
    <ele>25.32</ele>
   </trkpt>
   <trkpt lat="43.938050000000004" lon="4.84963">
    <ele>25.48</ele>
   </trkpt>
   <trkpt lat="43.938700000000004" lon="4.850210000000001">
    <ele>24.35</ele>
   </trkpt>
   <trkpt lat="43.9388" lon="4.85027">
    <ele>24.35</ele>
   </trkpt>
   <trkpt lat="43.939220000000006" lon="4.850490000000001">
    <ele>23.990000000000002</ele>
   </trkpt>
   <trkpt lat="43.93997" lon="4.8508000000000004">
    <ele>24.84</ele>
   </trkpt>
   <trkpt lat="43.9406" lon="4.85123">
    <ele>24.98</ele>
   </trkpt>
   <trkpt lat="43.94118" lon="4.851590000000001">
    <ele>24.34</ele>
   </trkpt>
   <trkpt lat="43.94167000049416" lon="4.851909997393736">
    <ele>24.3</ele>
   </trkpt>
   <trkpt lat="43.94216" lon="4.8522300000000005">
    <ele>24.450000000000003</ele>
   </trkpt>
   <trkpt lat="43.942730000000005" lon="4.85264">
    <ele>24.92</ele>
   </trkpt>
   <trkpt lat="43.94315" lon="4.85301">
    <ele>24.8</ele>
   </trkpt>
   <trkpt lat="43.94371333532809" lon="4.853489990890641">
    <ele>24.91</ele>
   </trkpt>
   <trkpt lat="43.944276668646964" lon="4.853969990878195">
    <ele>25.19</ele>
   </trkpt>
   <trkpt lat="43.944840000000006" lon="4.854450000000001">
    <ele>25.52</ele>
   </trkpt>
   <trkpt lat="43.94493000000001" lon="4.85466">
    <ele>25.52</ele>
   </trkpt>
   <trkpt lat="43.944950000000006" lon="4.854780000000001">
    <ele>25.640000000000004</ele>
   </trkpt>
   <trkpt lat="43.94491" lon="4.855110000000001">
    <ele>25.640000000000004</ele>
   </trkpt>
   <trkpt lat="43.944720000000004" lon="4.8554">
    <ele>25.640000000000004</ele>
   </trkpt>
   <trkpt lat="43.94464000000001" lon="4.85562">
    <ele>24.240000000000002</ele>
   </trkpt>
   <trkpt lat="43.9444" lon="4.8567">
    <ele>23.770000000000003</ele>
   </trkpt>
   <trkpt lat="43.94422" lon="4.8571800000000005">
    <ele>23.770000000000003</ele>
   </trkpt>
   <trkpt lat="43.944140000000004" lon="4.85752">
    <ele>23.770000000000003</ele>
   </trkpt>
   <trkpt lat="43.94408000000001" lon="4.85838">
    <ele>23.770000000000003</ele>
   </trkpt>
   <trkpt lat="43.94399500174454" lon="4.859010000797637">
    <ele>24.130000000000003</ele>
   </trkpt>
   <trkpt lat="43.94391" lon="4.859640000000001">
    <ele>24.130000000000003</ele>
   </trkpt>
   <trkpt lat="43.94384" lon="4.86045">
    <ele>24.400000000000002</ele>
   </trkpt>
   <trkpt lat="43.943740000000005" lon="4.8611200000000006">
    <ele>25.19</ele>
   </trkpt>
   <trkpt lat="43.943690000000004" lon="4.86164">
    <ele>24.860000000000003</ele>
   </trkpt>
   <trkpt lat="43.94364" lon="4.86221">
    <ele>24.560000000000002</ele>
   </trkpt>
   <trkpt lat="43.94359000512874" lon="4.863295001007721">
    <ele>24.560000000000002</ele>
   </trkpt>
   <trkpt lat="43.943540000000006" lon="4.864380000000001">
    <ele>26.98</ele>
   </trkpt>
   <trkpt lat="43.94342" lon="4.86514">
    <ele>26.98</ele>
   </trkpt>
   <trkpt lat="43.94321000288078" lon="4.865960003096231">
    <ele>27.790000000000003</ele>
   </trkpt>
   <trkpt lat="43.943000000000005" lon="4.86678">
    <ele>27.790000000000003</ele>
   </trkpt>
   <trkpt lat="43.9429" lon="4.867400000000001">
    <ele>25.910000000000004</ele>
   </trkpt>
   <trkpt lat="43.942820000000005" lon="4.8680200000000005">
    <ele>25.910000000000004</ele>
   </trkpt>
   <trkpt lat="43.943500000779565" lon="4.867590004935384">
    <ele>25.910000000000004</ele>
   </trkpt>
   <trkpt lat="43.94418" lon="4.86716">
    <ele>26.160000000000004</ele>
   </trkpt>
   <trkpt lat="43.94445" lon="4.86702">
    <ele>26.160000000000004</ele>
   </trkpt>
   <trkpt lat="43.945310000000006" lon="4.866680000000001">
    <ele>26.160000000000004</ele>
   </trkpt>
   <trkpt lat="43.94615" lon="4.866440000000001">
    <ele>29.7</ele>
   </trkpt>
   <trkpt lat="43.94659" lon="4.86629">
    <ele>29.7</ele>
   </trkpt>
   <trkpt lat="43.9470000027775" lon="4.8670749947587595">
    <ele>28.14</ele>
   </trkpt>
   <trkpt lat="43.947410000000005" lon="4.86786">
    <ele>28.200000000000003</ele>
   </trkpt>
   <trkpt lat="43.94751" lon="4.86808">
    <ele>28.290000000000003</ele>
   </trkpt>
   <trkpt lat="43.94774" lon="4.86871">
    <ele>28.93</ele>
   </trkpt>
   <trkpt lat="43.948150000000005" lon="4.869330000000001">
    <ele>28.93</ele>
   </trkpt>
   <trkpt lat="43.94843" lon="4.86969">
    <ele>28.310000000000002</ele>
   </trkpt>
   <trkpt lat="43.948570000000004" lon="4.869840000000001">
    <ele>28.240000000000002</ele>
   </trkpt>
   <trkpt lat="43.948815001360394" lon="4.870384997898685">
    <ele>27.32</ele>
   </trkpt>
   <trkpt lat="43.94906" lon="4.87093">
    <ele>27.520000000000003</ele>
   </trkpt>
   <trkpt lat="43.949160000000006" lon="4.87122">
    <ele>27.520000000000003</ele>
   </trkpt>
   <trkpt lat="43.949310001562935" lon="4.871824998339764">
    <ele>28.05</ele>
   </trkpt>
   <trkpt lat="43.94946" lon="4.8724300000000005">
    <ele>28.05</ele>
   </trkpt>
   <trkpt lat="43.949470000000005" lon="4.87244">
    <ele>28.05</ele>
   </trkpt>
   <trkpt lat="43.9495" lon="4.872660000000001">
    <ele>28.05</ele>
   </trkpt>
   <trkpt lat="43.949490000000004" lon="4.873">
    <ele>28.05</ele>
   </trkpt>
   <trkpt lat="43.949400003177566" lon="4.873855001389437">
    <ele>28.53</ele>
   </trkpt>
   <trkpt lat="43.949310000000004" lon="4.87471">
    <ele>28.540000000000003</ele>
   </trkpt>
   <trkpt lat="43.94933" lon="4.87563">
    <ele>30.650000000000002</ele>
   </trkpt>
   <trkpt lat="43.949310000000004" lon="4.8760200000000005">
    <ele>30.650000000000002</ele>
   </trkpt>
   <trkpt lat="43.949220000000004" lon="4.8766300000000005">
    <ele>30.650000000000002</ele>
   </trkpt>
   <trkpt lat="43.949130000000004" lon="4.877190000000001">
    <ele>30.650000000000002</ele>
   </trkpt>
   <trkpt lat="43.94899" lon="4.877840000000001">
    <ele>30.650000000000002</ele>
   </trkpt>
   <trkpt lat="43.94895" lon="4.87814">
    <ele>28.12</ele>
   </trkpt>
   <trkpt lat="43.94898000353512" lon="4.879039999641829">
    <ele>28.12</ele>
   </trkpt>
   <trkpt lat="43.94901" lon="4.87994">
    <ele>28.020000000000003</ele>
   </trkpt>
   <trkpt lat="43.949130000000004" lon="4.8811">
    <ele>26.94</ele>
   </trkpt>
   <trkpt lat="43.949130000000004" lon="4.8813">
    <ele>26.94</ele>
   </trkpt>
   <trkpt lat="43.9491" lon="4.88147">
    <ele>26.94</ele>
   </trkpt>
   <trkpt lat="43.949180000000005" lon="4.8815800000000005">
    <ele>26.770000000000003</ele>
   </trkpt>
   <trkpt lat="43.94923000000001" lon="4.8817200000000005">
    <ele>26.770000000000003</ele>
   </trkpt>
   <trkpt lat="43.949380000000005" lon="4.88241">
    <ele>26.770000000000003</ele>
   </trkpt>
   <trkpt lat="43.949400000000004" lon="4.882720000000001">
    <ele>26.770000000000003</ele>
   </trkpt>
   <trkpt lat="43.949405003300235" lon="4.8835899999020915">
    <ele>30.67</ele>
   </trkpt>
   <trkpt lat="43.94941" lon="4.884460000000001">
    <ele>30.67</ele>
   </trkpt>
   <trkpt lat="43.949483342284175" lon="4.88547333077697">
    <ele>31.25</ele>
   </trkpt>
   <trkpt lat="43.94955667561349" lon="4.886486664054619">
    <ele>26.85</ele>
   </trkpt>
   <trkpt lat="43.949630000000006" lon="4.8875">
    <ele>26.85</ele>
   </trkpt>
   <trkpt lat="43.94961000000001" lon="4.88853">
    <ele>26.250000000000004</ele>
   </trkpt>
   <trkpt lat="43.949546023794625" lon="4.889698005023396">
    <ele>26.250000000000004</ele>
   </trkpt>
   <trkpt lat="43.94948203569207" lon="4.8908660075321135">
    <ele>25.150000000000002</ele>
   </trkpt>
   <trkpt lat="43.9494180356924" lon="4.892034007525696">
    <ele>26.390000000000004</ele>
   </trkpt>
   <trkpt lat="43.94935402379566" lon="4.8932020050036895">
    <ele>27.26</ele>
   </trkpt>
   <trkpt lat="43.949290000000005" lon="4.89437">
    <ele>27.500000000000004</ele>
   </trkpt>
   <trkpt lat="43.94922500328037" lon="4.895240001219209">
    <ele>27.410000000000004</ele>
   </trkpt>
   <trkpt lat="43.949160000000006" lon="4.89611">
    <ele>26.92</ele>
   </trkpt>
   <trkpt lat="43.949110000000005" lon="4.896380000000001">
    <ele>27.080000000000002</ele>
   </trkpt>
   <trkpt lat="43.94906" lon="4.89639">
    <ele>27.080000000000002</ele>
   </trkpt>
   <trkpt lat="43.949040000000004" lon="4.896450000000001">
    <ele>27.080000000000002</ele>
   </trkpt>
   <trkpt lat="43.94905000000001" lon="4.896520000000001">
    <ele>27.180000000000003</ele>
   </trkpt>
   <trkpt lat="43.9491" lon="4.89655">
    <ele>27.180000000000003</ele>
   </trkpt>
   <trkpt lat="43.94912" lon="4.8967">
    <ele>27.630000000000003</ele>
   </trkpt>
   <trkpt lat="43.949060002659" lon="4.897480000707642">
    <ele>27.92</ele>
   </trkpt>
   <trkpt lat="43.949000000000005" lon="4.8982600000000005">
    <ele>28.270000000000003</ele>
   </trkpt>
   <trkpt lat="43.94888000279793" lon="4.899065001811169">
    <ele>27.76</ele>
   </trkpt>
   <trkpt lat="43.94876" lon="4.899870000000001">
    <ele>28.41</ele>
   </trkpt>
   <trkpt lat="43.94852000607002" lon="4.901050004771381">
    <ele>32.230000000000004</ele>
   </trkpt>
   <trkpt lat="43.948280000000004" lon="4.90223">
    <ele>33.28</ele>
   </trkpt>
   <trkpt lat="43.94820000000001" lon="4.90272">
    <ele>34.92</ele>
   </trkpt>
   <trkpt lat="43.94807" lon="4.90294">
    <ele>35.81</ele>
   </trkpt>
   <trkpt lat="43.948080000000004" lon="4.9030000000000005">
    <ele>35.81</ele>
   </trkpt>
   <trkpt lat="43.948080000000004" lon="4.90322">
    <ele>36.15</ele>
   </trkpt>
   <trkpt lat="43.94801500214464" lon="4.903920000678723">
    <ele>38.900000000000006</ele>
   </trkpt>
   <trkpt lat="43.947950000000006" lon="4.90462">
    <ele>39.67</ele>
   </trkpt>
   <trkpt lat="43.94779000461772" lon="4.90565000282547">
    <ele>41.81000000000001</ele>
   </trkpt>
   <trkpt lat="43.947630000000004" lon="4.906680000000001">
    <ele>43.06</ele>
   </trkpt>
   <trkpt lat="43.94756000185219" lon="4.907330000673295">
    <ele>45.81</ele>
   </trkpt>
   <trkpt lat="43.94749" lon="4.90798">
    <ele>45.81</ele>
   </trkpt>
   <trkpt lat="43.94727" lon="4.9091000000000005">
    <ele>49.260000000000005</ele>
   </trkpt>
   <trkpt lat="43.94718" lon="4.9093100000000005">
    <ele>49.260000000000005</ele>
   </trkpt>
   <trkpt lat="43.94731" lon="4.90941">
    <ele>49.260000000000005</ele>
   </trkpt>
   <trkpt lat="43.94753" lon="4.909660000000001">
    <ele>52.13</ele>
   </trkpt>
   <trkpt lat="43.94801000278908" lon="4.910459993537014">
    <ele>54.900000000000006</ele>
   </trkpt>
   <trkpt lat="43.94849000000001" lon="4.91126">
    <ele>57.1</ele>
   </trkpt>
   <trkpt lat="43.94823" lon="4.91162">
    <ele>57.93</ele>
   </trkpt>
   <trkpt lat="43.948080000000004" lon="4.91187">
    <ele>59.13</ele>
   </trkpt>
   <trkpt lat="43.948" lon="4.9121500000000005">
    <ele>59.29</ele>
   </trkpt>
   <trkpt lat="43.94785000901493" lon="4.9131666717908224">
    <ele>63.9</ele>
   </trkpt>
   <trkpt lat="43.947700009015946" lon="4.914183338450534">
    <ele>63.9</ele>
   </trkpt>
   <trkpt lat="43.94755000000001" lon="4.9152000000000005">
    <ele>80.53999999999999</ele>
   </trkpt>
   <trkpt lat="43.947390000000006" lon="4.91598">
    <ele>80.53999999999999</ele>
   </trkpt>
   <trkpt lat="43.94737000000001" lon="4.9164">
    <ele>82.02000000000001</ele>
   </trkpt>
   <trkpt lat="43.94744" lon="4.91725">
    <ele>91.88</ele>
   </trkpt>
   <trkpt lat="43.94742" lon="4.91744">
    <ele>91.88</ele>
   </trkpt>
   <trkpt lat="43.94737000000001" lon="4.9176400000000005">
    <ele>91.88</ele>
   </trkpt>
   <trkpt lat="43.94731" lon="4.91774">
    <ele>91.88</ele>
   </trkpt>
   <trkpt lat="43.94715" lon="4.917890000000001">
    <ele>91.88</ele>
   </trkpt>
   <trkpt lat="43.94632" lon="4.9182500000000005">
    <ele>91.88</ele>
   </trkpt>
   <trkpt lat="43.946220000000004" lon="4.91831">
    <ele>91.88</ele>
   </trkpt>
   <trkpt lat="43.94615" lon="4.9183900000000005">
    <ele>91.88</ele>
   </trkpt>
   <trkpt lat="43.946090000000005" lon="4.91851">
    <ele>112.11000000000001</ele>
   </trkpt>
   <trkpt lat="43.94604" lon="4.918690000000001">
    <ele>112.11000000000001</ele>
   </trkpt>
   <trkpt lat="43.945930000000004" lon="4.91927">
    <ele>112.11000000000001</ele>
   </trkpt>
   <trkpt lat="43.945910000000005" lon="4.9196">
    <ele>112.11000000000001</ele>
   </trkpt>
   <trkpt lat="43.9459" lon="4.92065">
    <ele>112.11000000000001</ele>
   </trkpt>
   <trkpt lat="43.94597" lon="4.921340000000001">
    <ele>114.99000000000001</ele>
   </trkpt>
   <trkpt lat="43.94604" lon="4.921760000000001">
    <ele>114.99000000000001</ele>
   </trkpt>
   <trkpt lat="43.94631000393283" lon="4.92270999567648">
    <ele>115.19000000000001</ele>
   </trkpt>
   <trkpt lat="43.946580000000004" lon="4.923660000000001">
    <ele>115.19000000000001</ele>
   </trkpt>
   <trkpt lat="43.94668" lon="4.92419">
    <ele>115.19000000000001</ele>
   </trkpt>
   <trkpt lat="43.946740000000005" lon="4.924950000000001">
    <ele>114.71000000000001</ele>
   </trkpt>
   <trkpt lat="43.946690000000004" lon="4.9259">
    <ele>109.92</ele>
   </trkpt>
   <trkpt lat="43.94651" lon="4.926690000000001">
    <ele>109.92</ele>
   </trkpt>
   <trkpt lat="43.946180000000005" lon="4.92781">
    <ele>103.14</ele>
   </trkpt>
   <trkpt lat="43.94612" lon="4.92818">
    <ele>102.92000000000002</ele>
   </trkpt>
   <trkpt lat="43.94617" lon="4.92839">
    <ele>99.63000000000001</ele>
   </trkpt>
   <trkpt lat="43.946250000000006" lon="4.9285000000000005">
    <ele>99.63000000000001</ele>
   </trkpt>
   <trkpt lat="43.94657" lon="4.92877">
    <ele>92.59</ele>
   </trkpt>
   <trkpt lat="43.94675" lon="4.929">
    <ele>92.59</ele>
   </trkpt>
   <trkpt lat="43.94682" lon="4.929150000000001">
    <ele>92.59</ele>
   </trkpt>
   <trkpt lat="43.94688" lon="4.9293700000000005">
    <ele>91.93</ele>
   </trkpt>
   <trkpt lat="43.94689" lon="4.92964">
    <ele>87.20000000000002</ele>
   </trkpt>
   <trkpt lat="43.94686" lon="4.93081">
    <ele>86.17</ele>
   </trkpt>
   <trkpt lat="43.9470450016931" lon="4.931444997800184">
    <ele>81.87</ele>
   </trkpt>
   <trkpt lat="43.947230000000005" lon="4.93208">
    <ele>80.74000000000001</ele>
   </trkpt>
   <trkpt lat="43.94726000000001" lon="4.93259">
    <ele>77.41000000000001</ele>
   </trkpt>
   <trkpt lat="43.947230000000005" lon="4.932740000000001">
    <ele>77.41000000000001</ele>
   </trkpt>
   <trkpt lat="43.946960000000004" lon="4.9331000000000005">
    <ele>77.12</ele>
   </trkpt>
   <trkpt lat="43.947120000000005" lon="4.93367">
    <ele>67.88000000000001</ele>
   </trkpt>
   <trkpt lat="43.947504018512696" lon="4.934699973407995">
    <ele>66.85000000000001</ele>
   </trkpt>
   <trkpt lat="43.94788802777391" lon="4.9357299601243305">
    <ele>60.68000000000001</ele>
   </trkpt>
   <trkpt lat="43.94827202778337" lon="4.93675996014904">
    <ele>59.2</ele>
   </trkpt>
   <trkpt lat="43.94865601854085" lon="4.93778997348215">
    <ele>52.03000000000001</ele>
   </trkpt>
   <trkpt lat="43.949040000000004" lon="4.938820000000001">
    <ele>50.11</ele>
   </trkpt>
   <trkpt lat="43.949220000000004" lon="4.93921">
    <ele>48.760000000000005</ele>
   </trkpt>
   <trkpt lat="43.949310000000004" lon="4.93947">
    <ele>47.95</ele>
   </trkpt>
   <trkpt lat="43.9493" lon="4.93953">
    <ele>47.78</ele>
   </trkpt>
   <trkpt lat="43.94933" lon="4.939620000000001">
    <ele>47.730000000000004</ele>
   </trkpt>
   <trkpt lat="43.949360000000006" lon="4.939640000000001">
    <ele>47.730000000000004</ele>
   </trkpt>
   <trkpt lat="43.94941" lon="4.939660000000001">
    <ele>47.470000000000006</ele>
   </trkpt>
   <trkpt lat="43.949560000000005" lon="4.93984">
    <ele>47.300000000000004</ele>
   </trkpt>
   <trkpt lat="43.949740000000006" lon="4.9401600000000006">
    <ele>45.67</ele>
   </trkpt>
   <trkpt lat="43.94984" lon="4.9404">
    <ele>45.34</ele>
   </trkpt>
   <trkpt lat="43.94990000000001" lon="4.94057">
    <ele>45.160000000000004</ele>
   </trkpt>
   <trkpt lat="43.95015500497805" lon="4.941639995349835">
    <ele>42.510000000000005</ele>
   </trkpt>
   <trkpt lat="43.950410000000005" lon="4.942710000000001">
    <ele>41.220000000000006</ele>
   </trkpt>
   <trkpt lat="43.950500000000005" lon="4.9430000000000005">
    <ele>41.220000000000006</ele>
   </trkpt>
   <trkpt lat="43.95064000000001" lon="4.943160000000001">
    <ele>41.220000000000006</ele>
   </trkpt>
   <trkpt lat="43.95074" lon="4.94322">
    <ele>41.220000000000006</ele>
   </trkpt>
   <trkpt lat="43.95098" lon="4.94331">
    <ele>41.56</ele>
   </trkpt>
   <trkpt lat="43.95111000000001" lon="4.943320000000001">
    <ele>41.56</ele>
   </trkpt>
   <trkpt lat="43.951730000000005" lon="4.943230000000001">
    <ele>41.56</ele>
   </trkpt>
   <trkpt lat="43.95233" lon="4.94294">
    <ele>41.46</ele>
   </trkpt>
   <trkpt lat="43.952470000000005" lon="4.943090000000001">
    <ele>41.46</ele>
   </trkpt>
   <trkpt lat="43.952650000000006" lon="4.94371">
    <ele>42.35</ele>
   </trkpt>
   <trkpt lat="43.9528750030228" lon="4.944534997078168">
    <ele>42.550000000000004</ele>
   </trkpt>
   <trkpt lat="43.953100000000006" lon="4.94536">
    <ele>43.81</ele>
   </trkpt>
   <trkpt lat="43.95323667399794" lon="4.9462766624731005">
    <ele>43.84</ele>
   </trkpt>
   <trkpt lat="43.95337334066798" lon="4.947193329162388">
    <ele>40.050000000000004</ele>
   </trkpt>
   <trkpt lat="43.95351" lon="4.948110000000001">
    <ele>40.220000000000006</ele>
   </trkpt>
   <trkpt lat="43.9536" lon="4.948810000000001">
    <ele>39.92</ele>
   </trkpt>
   <trkpt lat="43.953500000000005" lon="4.949070000000001">
    <ele>39.92</ele>
   </trkpt>
   <trkpt lat="43.95313" lon="4.94977">
    <ele>38.61000000000001</ele>
   </trkpt>
   <trkpt lat="43.952940000000005" lon="4.95009">
    <ele>38.61000000000001</ele>
   </trkpt>
   <trkpt lat="43.9528" lon="4.950270000000001">
    <ele>38.61000000000001</ele>
   </trkpt>
   <trkpt lat="43.952395000766664" lon="4.950675002708515">
    <ele>40.019999999999996</ele>
   </trkpt>
   <trkpt lat="43.95199" lon="4.95108">
    <ele>40.019999999999996</ele>
   </trkpt>
   <trkpt lat="43.95196000000001" lon="4.95122">
    <ele>40.019999999999996</ele>
   </trkpt>
   <trkpt lat="43.95197" lon="4.951370000000001">
    <ele>40.019999999999996</ele>
   </trkpt>
   <trkpt lat="43.95217" lon="4.95225">
    <ele>39.99</ele>
   </trkpt>
   <trkpt lat="43.95219" lon="4.95239">
    <ele>39.99</ele>
   </trkpt>
   <trkpt lat="43.95206" lon="4.952640000000001">
    <ele>39.99</ele>
   </trkpt>
   <trkpt lat="43.95178000000001" lon="4.952920000000001">
    <ele>39.99</ele>
   </trkpt>
   <trkpt lat="43.9517" lon="4.9530400000000006">
    <ele>39.99</ele>
   </trkpt>
   <trkpt lat="43.951660000000004" lon="4.95317">
    <ele>39.99</ele>
   </trkpt>
   <trkpt lat="43.951690000000006" lon="4.95338">
    <ele>39.99</ele>
   </trkpt>
   <trkpt lat="43.95192" lon="4.95415">
    <ele>39.99</ele>
   </trkpt>
   <trkpt lat="43.95192" lon="4.95429">
    <ele>39.99</ele>
   </trkpt>
   <trkpt lat="43.9519" lon="4.95439">
    <ele>39.99</ele>
   </trkpt>
   <trkpt lat="43.95185" lon="4.95448">
    <ele>39.99</ele>
   </trkpt>
   <trkpt lat="43.95125" lon="4.95483">
    <ele>39.99</ele>
   </trkpt>
   <trkpt lat="43.95114" lon="4.954910000000001">
    <ele>39.99</ele>
   </trkpt>
   <trkpt lat="43.95109" lon="4.9549900000000004">
    <ele>39.99</ele>
   </trkpt>
   <trkpt lat="43.95107" lon="4.95511">
    <ele>39.99</ele>
   </trkpt>
   <trkpt lat="43.95107" lon="4.95526">
    <ele>40.900000000000006</ele>
   </trkpt>
   <trkpt lat="43.95121" lon="4.95577">
    <ele>40.900000000000006</ele>
   </trkpt>
   <trkpt lat="43.95129" lon="4.956200000000001">
    <ele>40.900000000000006</ele>
   </trkpt>
   <trkpt lat="43.95127" lon="4.95629">
    <ele>40.900000000000006</ele>
   </trkpt>
   <trkpt lat="43.951220000000006" lon="4.95636">
    <ele>40.900000000000006</ele>
   </trkpt>
   <trkpt lat="43.95074499987466" lon="4.956505001225104">
    <ele>40.900000000000006</ele>
   </trkpt>
   <trkpt lat="43.95027" lon="4.956650000000001">
    <ele>40.900000000000006</ele>
   </trkpt>
   <trkpt lat="43.950190000000006" lon="4.9567000000000005">
    <ele>40.900000000000006</ele>
   </trkpt>
   <trkpt lat="43.950120000000005" lon="4.956770000000001">
    <ele>40.900000000000006</ele>
   </trkpt>
   <trkpt lat="43.950100000000006" lon="4.956910000000001">
    <ele>40.900000000000006</ele>
   </trkpt>
   <trkpt lat="43.950120000000005" lon="4.9570300000000005">
    <ele>40.900000000000006</ele>
   </trkpt>
   <trkpt lat="43.95046000000001" lon="4.958130000000001">
    <ele>40.900000000000006</ele>
   </trkpt>
   <trkpt lat="43.95046000000001" lon="4.958220000000001">
    <ele>40.900000000000006</ele>
   </trkpt>
   <trkpt lat="43.95038" lon="4.95858">
    <ele>40.900000000000006</ele>
   </trkpt>
   <trkpt lat="43.95037000000001" lon="4.958740000000001">
    <ele>41.89</ele>
   </trkpt>
   <trkpt lat="43.950480000000006" lon="4.95945">
    <ele>41.89</ele>
   </trkpt>
   <trkpt lat="43.950520000000004" lon="4.959630000000001">
    <ele>41.89</ele>
   </trkpt>
   <trkpt lat="43.95065" lon="4.95964">
    <ele>41.89</ele>
   </trkpt>
   <trkpt lat="43.950700000000005" lon="4.95969">
    <ele>41.89</ele>
   </trkpt>
   <trkpt lat="43.95089" lon="4.96007">
    <ele>47.220000000000006</ele>
   </trkpt>
   <trkpt lat="43.95129" lon="4.96061">
    <ele>47.220000000000006</ele>
   </trkpt>
   <trkpt lat="43.95140000000001" lon="4.96091">
    <ele>47.220000000000006</ele>
   </trkpt>
   <trkpt lat="43.95145" lon="4.96112">
    <ele>47.220000000000006</ele>
   </trkpt>
   <trkpt lat="43.95157000381439" lon="4.962054998130994">
    <ele>43.93</ele>
   </trkpt>
   <trkpt lat="43.951690000000006" lon="4.9629900000000005">
    <ele>43.93</ele>
   </trkpt>
   <trkpt lat="43.95180000213623" lon="4.963694998496344">
    <ele>43.93</ele>
   </trkpt>
   <trkpt lat="43.951910000000005" lon="4.9644">
    <ele>43.93</ele>
   </trkpt>
   <trkpt lat="43.952050002163496" lon="4.9650999984855">
    <ele>42.96</ele>
   </trkpt>
   <trkpt lat="43.95219" lon="4.965800000000001">
    <ele>42.96</ele>
   </trkpt>
   <trkpt lat="43.95273" lon="4.96562">
    <ele>44.21000000000001</ele>
   </trkpt>
   <trkpt lat="43.95317" lon="4.96551">
    <ele>44.21000000000001</ele>
   </trkpt>
   <trkpt lat="43.95333" lon="4.9655000000000005">
    <ele>44.21000000000001</ele>
   </trkpt>
   <trkpt lat="43.953340000000004" lon="4.9661100000000005">
    <ele>44.21000000000001</ele>
   </trkpt>
   <trkpt lat="43.95337000000001" lon="4.96617">
    <ele>44.21000000000001</ele>
   </trkpt>
   <trkpt lat="43.953540000000004" lon="4.96628">
    <ele>44.21000000000001</ele>
   </trkpt>
   <trkpt lat="43.95358" lon="4.966360000000001">
    <ele>44.21000000000001</ele>
   </trkpt>
   <trkpt lat="43.95358751813741" lon="4.96753749958389">
    <ele>43.120000000000005</ele>
   </trkpt>
   <trkpt lat="43.95359502418333" lon="4.968714999465467">
    <ele>43.120000000000005</ele>
   </trkpt>
   <trkpt lat="43.95360251813779" lon="4.969892499644253">
    <ele>43.120000000000005</ele>
   </trkpt>
   <trkpt lat="43.953610000000005" lon="4.97107">
    <ele>44.54</ele>
   </trkpt>
   <trkpt lat="43.95447000018855" lon="4.9709300040492534">
    <ele>44.15</ele>
   </trkpt>
   <trkpt lat="43.955330000206196" lon="4.970790004046462">
    <ele>43.050000000000004</ele>
   </trkpt>
   <trkpt lat="43.95619000000001" lon="4.97065">
    <ele>43.050000000000004</ele>
   </trkpt>
   <trkpt lat="43.95670999997874" lon="4.970550000887583">
    <ele>43.18</ele>
   </trkpt>
   <trkpt lat="43.95723" lon="4.9704500000000005">
    <ele>43.18</ele>
   </trkpt>
   <trkpt lat="43.95781" lon="4.9714">
    <ele>43.620000000000005</ele>
   </trkpt>
   <trkpt lat="43.95785" lon="4.971500000000001">
    <ele>43.620000000000005</ele>
   </trkpt>
   <trkpt lat="43.95787000000001" lon="4.97163">
    <ele>43.620000000000005</ele>
   </trkpt>
   <trkpt lat="43.957620007113576" lon="4.972533340944662">
    <ele>43.27</ele>
   </trkpt>
   <trkpt lat="43.95737000711076" lon="4.9734366742880685">
    <ele>42.480000000000004</ele>
   </trkpt>
   <trkpt lat="43.95712" lon="4.974340000000001">
    <ele>42.440000000000005</ele>
   </trkpt>
   <trkpt lat="43.957080000000005" lon="4.97444">
    <ele>42.440000000000005</ele>
   </trkpt>
   <trkpt lat="43.957040000000006" lon="4.974640000000001">
    <ele>42.440000000000005</ele>
   </trkpt>
   <trkpt lat="43.957010000000004" lon="4.97513">
    <ele>43.85000000000001</ele>
   </trkpt>
   <trkpt lat="43.957010002652886" lon="4.975910000354734">
    <ele>43.85000000000001</ele>
   </trkpt>
   <trkpt lat="43.957010000000004" lon="4.9766900000000005">
    <ele>43.550000000000004</ele>
   </trkpt>
   <trkpt lat="43.95703" lon="4.977760000000001">
    <ele>43.480000000000004</ele>
   </trkpt>
   <trkpt lat="43.957010000000004" lon="4.978420000000001">
    <ele>43.480000000000004</ele>
   </trkpt>
   <trkpt lat="43.9569033446676" lon="4.9795600040862205">
    <ele>45.7</ele>
   </trkpt>
   <trkpt lat="43.95679667800152" lon="4.9807000040798135">
    <ele>45.43000000000001</ele>
   </trkpt>
   <trkpt lat="43.95669" lon="4.98184">
    <ele>45.75000000000001</ele>
   </trkpt>
   <trkpt lat="43.956570000000006" lon="4.9828">
    <ele>47.080000000000005</ele>
   </trkpt>
   <trkpt lat="43.95649" lon="4.983180000000001">
    <ele>47.080000000000005</ele>
   </trkpt>
   <trkpt lat="43.956105002930386" lon="4.984000005316139">
    <ele>48.330000000000005</ele>
   </trkpt>
   <trkpt lat="43.95572000000001" lon="4.98482">
    <ele>48.330000000000005</ele>
   </trkpt>
   <trkpt lat="43.9557" lon="4.9849000000000006">
    <ele>48.330000000000005</ele>
   </trkpt>
   <trkpt lat="43.95571" lon="4.98496">
    <ele>48.550000000000004</ele>
   </trkpt>
   <trkpt lat="43.95548" lon="4.985040000000001">
    <ele>48.550000000000004</ele>
   </trkpt>
   <trkpt lat="43.95546" lon="4.985200000000001">
    <ele>48.550000000000004</ele>
   </trkpt>
   <trkpt lat="43.955360000000006" lon="4.98535">
    <ele>48.550000000000004</ele>
   </trkpt>
   <trkpt lat="43.95479" lon="4.98606">
    <ele>47.010000000000005</ele>
   </trkpt>
   <trkpt lat="43.95467" lon="4.986280000000001">
    <ele>47.010000000000005</ele>
   </trkpt>
   <trkpt lat="43.954530000000005" lon="4.98672">
    <ele>47.010000000000005</ele>
   </trkpt>
   <trkpt lat="43.95447" lon="4.98719">
    <ele>47.010000000000005</ele>
   </trkpt>
   <trkpt lat="43.954420000000006" lon="4.987920000000001">
    <ele>47.85</ele>
   </trkpt>
   <trkpt lat="43.95436" lon="4.988370000000001">
    <ele>49.35</ele>
   </trkpt>
   <trkpt lat="43.95431000000001" lon="4.98861">
    <ele>49.35</ele>
   </trkpt>
   <trkpt lat="43.954010000000004" lon="4.98934">
    <ele>48.77</ele>
   </trkpt>
   <trkpt lat="43.95394" lon="4.989590000000001">
    <ele>48.77</ele>
   </trkpt>
   <trkpt lat="43.95383" lon="4.990220000000001">
    <ele>48.77</ele>
   </trkpt>
   <trkpt lat="43.953520000000005" lon="4.99136">
    <ele>49.0</ele>
   </trkpt>
   <trkpt lat="43.95306" lon="4.99239">
    <ele>48.6</ele>
   </trkpt>
   <trkpt lat="43.952745002378464" lon="4.993125003842426">
    <ele>49.6</ele>
   </trkpt>
   <trkpt lat="43.95243000000001" lon="4.993860000000001">
    <ele>49.6</ele>
   </trkpt>
   <trkpt lat="43.952045002749884" lon="4.994655005162481">
    <ele>53.19</ele>
   </trkpt>
   <trkpt lat="43.951660000000004" lon="4.995450000000001">
    <ele>53.19</ele>
   </trkpt>
   <trkpt lat="43.95158000000001" lon="4.9956700000000005">
    <ele>53.19</ele>
   </trkpt>
   <trkpt lat="43.95149000000001" lon="4.99589">
    <ele>52.97</ele>
   </trkpt>
   <trkpt lat="43.951350000000005" lon="4.996370000000001">
    <ele>52.97</ele>
   </trkpt>
   <trkpt lat="43.951150000000005" lon="4.997280000000001">
    <ele>51.99</ele>
   </trkpt>
   <trkpt lat="43.95096000576081" lon="4.998093338568182">
    <ele>51.99</ele>
   </trkpt>
   <trkpt lat="43.9507700057527" lon="4.998906671936193">
    <ele>50.84</ele>
   </trkpt>
   <trkpt lat="43.95058" lon="4.999720000000001">
    <ele>50.84</ele>
   </trkpt>
   <trkpt lat="43.95058" lon="5.0">
    <ele>50.84</ele>
   </trkpt>
   <trkpt lat="43.95067" lon="5.0003400000000005">
    <ele>50.84</ele>
   </trkpt>
   <trkpt lat="43.950970003831564" lon="5.0012799951884945">
    <ele>52.980000000000004</ele>
   </trkpt>
   <trkpt lat="43.95127" lon="5.00222">
    <ele>52.980000000000004</ele>
   </trkpt>
   <trkpt lat="43.95141" lon="5.00288">
    <ele>52.94</ele>
   </trkpt>
   <trkpt lat="43.95135500358155" lon="5.003785000668583">
    <ele>51.800000000000004</ele>
   </trkpt>
   <trkpt lat="43.9513" lon="5.00469">
    <ele>51.800000000000004</ele>
   </trkpt>
   <trkpt lat="43.95139" lon="5.005450000000001">
    <ele>51.800000000000004</ele>
   </trkpt>
   <trkpt lat="43.951330000000006" lon="5.0065100000000005">
    <ele>49.400000000000006</ele>
   </trkpt>
   <trkpt lat="43.951350000000005" lon="5.007300000000001">
    <ele>49.400000000000006</ele>
   </trkpt>
   <trkpt lat="43.951420007171" lon="5.008206664558394">
    <ele>49.400000000000006</ele>
   </trkpt>
   <trkpt lat="43.951490007173135" lon="5.009113331252658">
    <ele>49.400000000000006</ele>
   </trkpt>
   <trkpt lat="43.95156" lon="5.010020000000001">
    <ele>50.870000000000005</ele>
   </trkpt>
   <trkpt lat="43.951630002276545" lon="5.010739999317599">
    <ele>50.870000000000005</ele>
   </trkpt>
   <trkpt lat="43.9517" lon="5.0114600000000005">
    <ele>50.870000000000005</ele>
   </trkpt>
   <trkpt lat="43.95183" lon="5.012440000000001">
    <ele>50.870000000000005</ele>
   </trkpt>
   <trkpt lat="43.95194" lon="5.012860000000001">
    <ele>50.870000000000005</ele>
   </trkpt>
   <trkpt lat="43.952290000000005" lon="5.0139000000000005">
    <ele>50.870000000000005</ele>
   </trkpt>
   <trkpt lat="43.952400000000004" lon="5.01438">
    <ele>50.870000000000005</ele>
   </trkpt>
   <trkpt lat="43.952450000000006" lon="5.01559">
    <ele>51.010000000000005</ele>
   </trkpt>
   <trkpt lat="43.952525001789546" lon="5.016234998975327">
    <ele>51.010000000000005</ele>
   </trkpt>
   <trkpt lat="43.952600000000004" lon="5.0168800000000005">
    <ele>51.010000000000005</ele>
   </trkpt>
   <trkpt lat="43.95276000306548" lon="5.017719997679498">
    <ele>51.010000000000005</ele>
   </trkpt>
   <trkpt lat="43.952920000000006" lon="5.018560000000001">
    <ele>52.03000000000001</ele>
   </trkpt>
   <trkpt lat="43.952960000000004" lon="5.01907">
    <ele>52.03000000000001</ele>
   </trkpt>
   <trkpt lat="43.95297" lon="5.019430000000001">
    <ele>52.03000000000001</ele>
   </trkpt>
   <trkpt lat="43.952890000000004" lon="5.019920000000001">
    <ele>52.32000000000001</ele>
   </trkpt>
   <trkpt lat="43.952740000000006" lon="5.02043">
    <ele>52.46000000000001</ele>
   </trkpt>
   <trkpt lat="43.95244" lon="5.02132">
    <ele>53.01</ele>
   </trkpt>
   <trkpt lat="43.9523" lon="5.02135">
    <ele>53.01</ele>
   </trkpt>
   <trkpt lat="43.95223" lon="5.02132">
    <ele>52.94</ele>
   </trkpt>
   <trkpt lat="43.952160000000006" lon="5.02134">
    <ele>52.94</ele>
   </trkpt>
   <trkpt lat="43.952110000000005" lon="5.0214300000000005">
    <ele>52.89000000000001</ele>
   </trkpt>
   <trkpt lat="43.9521" lon="5.02153">
    <ele>52.89000000000001</ele>
   </trkpt>
   <trkpt lat="43.952130000000004" lon="5.02163">
    <ele>52.89000000000001</ele>
   </trkpt>
   <trkpt lat="43.952160000000006" lon="5.021660000000001">
    <ele>52.870000000000005</ele>
   </trkpt>
   <trkpt lat="43.952220000000004" lon="5.021680000000001">
    <ele>52.870000000000005</ele>
   </trkpt>
   <trkpt lat="43.95228" lon="5.02167">
    <ele>52.870000000000005</ele>
   </trkpt>
   <trkpt lat="43.95243000000001" lon="5.02174">
    <ele>52.47</ele>
   </trkpt>
   <trkpt lat="43.95252000000001" lon="5.021820000000001">
    <ele>52.47</ele>
   </trkpt>
   <trkpt lat="43.952960000000004" lon="5.022360000000001">
    <ele>51.86</ele>
   </trkpt>
   <trkpt lat="43.953520000000005" lon="5.02299">
    <ele>51.36</ele>
   </trkpt>
   <trkpt lat="43.95402667041549" lon="5.0236433222268175">
    <ele>51.5</ele>
   </trkpt>
   <trkpt lat="43.954533337108565" lon="5.024296655594072">
    <ele>51.760000000000005</ele>
   </trkpt>
   <trkpt lat="43.955040000000004" lon="5.0249500000000005">
    <ele>50.97</ele>
   </trkpt>
   <trkpt lat="43.95515" lon="5.02521">
    <ele>50.97</ele>
   </trkpt>
   <trkpt lat="43.955270000000006" lon="5.02573">
    <ele>50.760000000000005</ele>
   </trkpt>
   <trkpt lat="43.955380000000005" lon="5.0257000000000005">
    <ele>50.760000000000005</ele>
   </trkpt>
   <trkpt lat="43.95591499995033" lon="5.025784999221827">
    <ele>50.760000000000005</ele>
   </trkpt>
   <trkpt lat="43.956450000000004" lon="5.02587">
    <ele>51.86</ele>
   </trkpt>
   <trkpt lat="43.957240000000006" lon="5.0259">
    <ele>51.980000000000004</ele>
   </trkpt>
   <trkpt lat="43.957950000000004" lon="5.02599">
    <ele>51.86</ele>
   </trkpt>
   <trkpt lat="43.95840000001764" lon="5.026024999735885">
    <ele>51.86</ele>
   </trkpt>
   <trkpt lat="43.958850000000005" lon="5.02606">
    <ele>50.61</ele>
   </trkpt>
   <trkpt lat="43.959360000000004" lon="5.026050000000001">
    <ele>50.61</ele>
   </trkpt>
   <trkpt lat="43.95937000000001" lon="5.02669">
    <ele>51.45</ele>
   </trkpt>
   <trkpt lat="43.95962" lon="5.026660000000001">
    <ele>51.45</ele>
   </trkpt>
   <trkpt lat="43.95966000000001" lon="5.026730000000001">
    <ele>51.45</ele>
   </trkpt>
   <trkpt lat="43.959720000000004" lon="5.026750000000001">
    <ele>51.45</ele>
   </trkpt>
   <trkpt lat="43.959900000000005" lon="5.02672">
    <ele>51.35000000000001</ele>
   </trkpt>
   <trkpt lat="43.96031000000001" lon="5.026770000000001">
    <ele>51.35000000000001</ele>
   </trkpt>
   <trkpt lat="43.960480000000004" lon="5.026820000000001">
    <ele>51.27</ele>
   </trkpt>
   <trkpt lat="43.960570000000004" lon="5.026870000000001">
    <ele>51.27</ele>
   </trkpt>
   <trkpt lat="43.96054" lon="5.0269200000000005">
    <ele>51.27</ele>
   </trkpt>
   <trkpt lat="43.96119333494304" lon="5.027346657297253">
    <ele>51.27</ele>
   </trkpt>
   <trkpt lat="43.9618466682985" lon="5.027773323978228">
    <ele>51.27</ele>
   </trkpt>
   <trkpt lat="43.962500000000006" lon="5.0282">
    <ele>49.78</ele>
   </trkpt>
   <trkpt lat="43.96313500212528" lon="5.028604987000009">
    <ele>49.78</ele>
   </trkpt>
   <trkpt lat="43.96377000282018" lon="5.029009982657783">
    <ele>49.78</ele>
   </trkpt>
   <trkpt lat="43.964405002084625" lon="5.029414986973678">
    <ele>49.78</ele>
   </trkpt>
   <trkpt lat="43.96504" lon="5.029820000000001">
    <ele>49.290000000000006</ele>
   </trkpt>
   <trkpt lat="43.965520000526375" lon="5.030154997318902">
    <ele>49.290000000000006</ele>
   </trkpt>
   <trkpt lat="43.966" lon="5.03049">
    <ele>49.290000000000006</ele>
   </trkpt>
   <trkpt lat="43.96605" lon="5.03054">
    <ele>49.290000000000006</ele>
   </trkpt>
   <trkpt lat="43.96638" lon="5.0307200000000005">
    <ele>49.290000000000006</ele>
   </trkpt>
   <trkpt lat="43.96701750219323" lon="5.031127486893027">
    <ele>49.290000000000006</ele>
   </trkpt>
   <trkpt lat="43.96765500293835" lon="5.031534982532745">
    <ele>49.31</ele>
   </trkpt>
   <trkpt lat="43.968292502235286" lon="5.0319424869195135">
    <ele>49.31</ele>
   </trkpt>
   <trkpt lat="43.96893" lon="5.03235">
    <ele>49.31</ele>
   </trkpt>
   <trkpt lat="43.96973167263532" lon="5.03287329801291">
    <ele>49.31</ele>
   </trkpt>
   <trkpt lat="43.970533342882405" lon="5.0333966101523915">
    <ele>49.31</ele>
   </trkpt>
   <trkpt lat="43.97133501074112" lon="5.033919936419179">
    <ele>50.230000000000004</ele>
   </trkpt>
   <trkpt lat="43.972136676211356" lon="5.034443276814007">
    <ele>50.230000000000004</ele>
   </trkpt>
   <trkpt lat="43.972938339292966" lon="5.034966631337611">
    <ele>50.230000000000004</ele>
   </trkpt>
   <trkpt lat="43.97374000000001" lon="5.03549">
    <ele>50.230000000000004</ele>
   </trkpt>
   <trkpt lat="43.97383000000001" lon="5.035570000000001">
    <ele>50.230000000000004</ele>
   </trkpt>
   <trkpt lat="43.97459200418692" lon="5.036059974848951">
    <ele>50.230000000000004</ele>
   </trkpt>
   <trkpt lat="43.97535400628005" lon="5.036549962272531">
    <ele>50.230000000000004</ele>
   </trkpt>
   <trkpt lat="43.97611600627932" lon="5.037039962271366">
    <ele>53.910000000000004</ele>
   </trkpt>
   <trkpt lat="43.97687800418459" lon="5.037529974846077">
    <ele>53.910000000000004</ele>
   </trkpt>
   <trkpt lat="43.97764" lon="5.03802">
    <ele>53.910000000000004</ele>
   </trkpt>
   <trkpt lat="43.97843601061307" lon="5.0385399372583635">
    <ele>53.910000000000004</ele>
   </trkpt>
   <trkpt lat="43.97923201886847" lon="5.03905988845768">
    <ele>53.910000000000004</ele>
   </trkpt>
   <trkpt lat="43.980028024766064" lon="5.039579853598665">
    <ele>53.910000000000004</ele>
   </trkpt>
   <trkpt lat="43.980824028305705" lon="5.040099832682045">
    <ele>59.96000000000001</ele>
   </trkpt>
   <trkpt lat="43.98162002948729" lon="5.040619825708535">
    <ele>59.96000000000001</ele>
   </trkpt>
   <trkpt lat="43.98241602831067" lon="5.041139832678859">
    <ele>59.96000000000001</ele>
   </trkpt>
   <trkpt lat="43.98321202477574" lon="5.041659853593733">
    <ele>59.96000000000001</ele>
   </trkpt>
   <trkpt lat="43.98400801888235" lon="5.042179888453881">
    <ele>59.96000000000001</ele>
   </trkpt>
   <trkpt lat="43.98480401063039" lon="5.042699937260023">
    <ele>64.33000000000001</ele>
   </trkpt>
   <trkpt lat="43.985600000000005" lon="5.043220000000001">
    <ele>64.33000000000001</ele>
   </trkpt>
   <trkpt lat="43.98579" lon="5.04333">
    <ele>64.39</ele>
   </trkpt>
   <trkpt lat="43.98652250692942" lon="5.043806208864267">
    <ele>64.39</ele>
   </trkpt>
   <trkpt lat="43.98725501188105" lon="5.044282429481679">
    <ele>64.39</ele>
   </trkpt>
   <trkpt lat="43.98798751485477" lon="5.044758661852795">
    <ele>64.39</ele>
   </trkpt>
   <trkpt lat="43.98872001585051" lon="5.045234905978173">
    <ele>64.39</ele>
   </trkpt>
   <trkpt lat="43.989452514868155" lon="5.0457111618583745">
    <ele>67.11</ele>
   </trkpt>
   <trkpt lat="43.990185011907606" lon="5.046187429493957">
    <ele>67.11</ele>
   </trkpt>
   <trkpt lat="43.99091750696877" lon="5.04666370888548">
    <ele>67.11</ele>
   </trkpt>
   <trkpt lat="43.99165000000001" lon="5.047140000000001">
    <ele>67.11</ele>
   </trkpt>
   <trkpt lat="43.99188" lon="5.0472600000000005">
    <ele>67.11</ele>
   </trkpt>
   <trkpt lat="43.9919" lon="5.04715">
    <ele>67.15</ele>
   </trkpt>
   <trkpt lat="43.99197" lon="5.04715">
    <ele>67.15</ele>
   </trkpt>
   <trkpt lat="43.99201" lon="5.04732">
    <ele>67.15</ele>
   </trkpt>
   <trkpt lat="43.99217" lon="5.04853">
    <ele>68.22</ele>
   </trkpt>
   <trkpt lat="43.99215" lon="5.048850000000001">
    <ele>68.5</ele>
   </trkpt>
   <trkpt lat="43.99219" lon="5.048920000000001">
    <ele>68.67</ele>
   </trkpt>
   <trkpt lat="43.992140000000006" lon="5.048970000000001">
    <ele>69.0</ele>
   </trkpt>
   <trkpt lat="43.992110000000004" lon="5.0490900000000005">
    <ele>69.0</ele>
   </trkpt>
   <trkpt lat="43.99219" lon="5.04926">
    <ele>69.67</ele>
   </trkpt>
   <trkpt lat="43.992290000000004" lon="5.04926">
    <ele>69.55</ele>
   </trkpt>
   <trkpt lat="43.992450000000005" lon="5.04933">
    <ele>69.45000000000002</ele>
   </trkpt>
   <trkpt lat="43.99250000000001" lon="5.04938">
    <ele>69.42</ele>
   </trkpt>
   <trkpt lat="43.99298000221231" lon="5.049889991690483">
    <ele>70.08</ele>
   </trkpt>
   <trkpt lat="43.99346000215627" lon="5.050399991630832">
    <ele>70.73</ele>
   </trkpt>
   <trkpt lat="43.99394" lon="5.05091">
    <ele>71.46000000000001</ele>
   </trkpt>
   <trkpt lat="43.99445" lon="5.051410000000001">
    <ele>72.24000000000001</ele>
   </trkpt>
   <trkpt lat="43.99494000000001" lon="5.051920000000001">
    <ele>72.81</ele>
   </trkpt>
   <trkpt lat="43.99531000072616" lon="5.052344997279425">
    <ele>74.00000000000001</ele>
   </trkpt>
   <trkpt lat="43.99568" lon="5.052770000000001">
    <ele>74.8</ele>
   </trkpt>
   <trkpt lat="43.995830000000005" lon="5.05297">
    <ele>74.9</ele>
   </trkpt>
   <trkpt lat="43.99623667023793" lon="5.0536066579967605">
    <ele>75.96</ele>
   </trkpt>
   <trkpt lat="43.99664333694077" lon="5.054243324719962">
    <ele>77.49</ele>
   </trkpt>
   <trkpt lat="43.99705" lon="5.054880000000001">
    <ele>78.74000000000001</ele>
   </trkpt>
   <trkpt lat="43.997490000000006" lon="5.05553">
    <ele>80.58000000000001</ele>
   </trkpt>
   <trkpt lat="43.99757" lon="5.055610000000001">
    <ele>80.58000000000001</ele>
   </trkpt>
   <trkpt lat="43.997620000000005" lon="5.05564">
    <ele>80.58000000000001</ele>
   </trkpt>
   <trkpt lat="43.99776000000001" lon="5.055560000000001">
    <ele>79.67</ele>
   </trkpt>
   <trkpt lat="43.9981" lon="5.055230000000001">
    <ele>79.56</ele>
   </trkpt>
   <trkpt lat="43.998180000000005" lon="5.05541">
    <ele>79.56</ele>
   </trkpt>
   <trkpt lat="43.998340000000006" lon="5.05529">
    <ele>79.44000000000001</ele>
   </trkpt>
   <trkpt lat="43.998380000000004" lon="5.05536">
    <ele>79.44000000000001</ele>
   </trkpt>
   <trkpt lat="43.99846" lon="5.05539">
    <ele>79.37</ele>
   </trkpt>
   <trkpt lat="43.99853" lon="5.055350000000001">
    <ele>79.37</ele>
   </trkpt>
   <trkpt lat="43.998580000000004" lon="5.05524">
    <ele>79.37</ele>
   </trkpt>
   <trkpt lat="43.99895500185452" lon="5.0558899959129135">
    <ele>79.42999999999999</ele>
   </trkpt>
   <trkpt lat="43.99933" lon="5.05654">
    <ele>80.95</ele>
   </trkpt>
   <trkpt lat="43.999120000000005" lon="5.05675">
    <ele>80.95</ele>
   </trkpt>
   <trkpt lat="43.99924" lon="5.05663">
    <ele>80.95</ele>
   </trkpt>
   <trkpt lat="43.99965" lon="5.057410000000001">
    <ele>81.95</ele>
   </trkpt>
   <trkpt lat="43.999770000000005" lon="5.05731">
    <ele>81.95</ele>
   </trkpt>
   <trkpt lat="44.00013500187491" lon="5.057959996059178">
    <ele>83.93</ele>
   </trkpt>
   <trkpt lat="44.0005" lon="5.058610000000001">
    <ele>84.30000000000001</ele>
   </trkpt>
   <trkpt lat="43.99997000055022" lon="5.058970003225965">
    <ele>83.67</ele>
   </trkpt>
   <trkpt lat="43.99944000000001" lon="5.05933">
    <ele>83.67</ele>
   </trkpt>
   <trkpt lat="43.999770000000005" lon="5.06012">
    <ele>83.84</ele>
   </trkpt>
   <trkpt lat="43.99983" lon="5.060630000000001">
    <ele>83.84</ele>
   </trkpt>
   <trkpt lat="43.9998" lon="5.06113">
    <ele>83.92</ele>
   </trkpt>
   <trkpt lat="43.99983" lon="5.0613">
    <ele>83.92</ele>
   </trkpt>
   <trkpt lat="43.99989" lon="5.061450000000001">
    <ele>84.60000000000001</ele>
   </trkpt>
   <trkpt lat="44.000040000000006" lon="5.061710000000001">
    <ele>84.66000000000001</ele>
   </trkpt>
   <trkpt lat="43.99987" lon="5.06184">
    <ele>84.71000000000001</ele>
   </trkpt>
   <trkpt lat="44.000080000000004" lon="5.062150000000001">
    <ele>84.82000000000001</ele>
   </trkpt>
   <trkpt lat="44.000570001702386" lon="5.062794994525932">
    <ele>84.51</ele>
   </trkpt>
   <trkpt lat="44.00106" lon="5.063440000000001">
    <ele>86.05</ele>
   </trkpt>
   <trkpt lat="44.00112" lon="5.06355">
    <ele>86.05</ele>
   </trkpt>
   <trkpt lat="44.001290000000004" lon="5.06428">
    <ele>89.07000000000001</ele>
   </trkpt>
   <trkpt lat="44.001990000000006" lon="5.064170000000001">
    <ele>89.07000000000001</ele>
   </trkpt>
   <trkpt lat="44.00206" lon="5.0642000000000005">
    <ele>89.07000000000001</ele>
   </trkpt>
   <trkpt lat="44.002250000000004" lon="5.06447">
    <ele>89.07000000000001</ele>
   </trkpt>
   <trkpt lat="44.002320000000005" lon="5.064520000000001">
    <ele>89.07000000000001</ele>
   </trkpt>
   <trkpt lat="44.00253" lon="5.06456">
    <ele>89.07000000000001</ele>
   </trkpt>
   <trkpt lat="44.00302999995274" lon="5.064515000384315">
    <ele>91.4</ele>
   </trkpt>
   <trkpt lat="44.003530000000005" lon="5.06447">
    <ele>91.4</ele>
   </trkpt>
   <trkpt lat="44.00363" lon="5.06456">
    <ele>91.4</ele>
   </trkpt>
   <trkpt lat="44.00367000000001" lon="5.06475">
    <ele>91.4</ele>
   </trkpt>
   <trkpt lat="44.00376000208045" lon="5.065439998986319">
    <ele>91.4</ele>
   </trkpt>
   <trkpt lat="44.00385000000001" lon="5.06613">
    <ele>91.42</ele>
   </trkpt>
   <trkpt lat="44.003840000000004" lon="5.066330000000001">
    <ele>91.42</ele>
   </trkpt>
   <trkpt lat="44.003975003320484" lon="5.067204997891064">
    <ele>96.71000000000001</ele>
   </trkpt>
   <trkpt lat="44.004110000000004" lon="5.06808">
    <ele>96.71000000000001</ele>
   </trkpt>
   <trkpt lat="44.004220000000004" lon="5.0685">
    <ele>96.71000000000001</ele>
   </trkpt>
   <trkpt lat="44.004340000000006" lon="5.06871">
    <ele>96.71000000000001</ele>
   </trkpt>
   <trkpt lat="44.00470000000001" lon="5.06925">
    <ele>101.72</ele>
   </trkpt>
   <trkpt lat="44.00484" lon="5.069500000000001">
    <ele>101.72</ele>
   </trkpt>
   <trkpt lat="44.00515" lon="5.070530000000001">
    <ele>104.49000000000001</ele>
   </trkpt>
   <trkpt lat="44.005230000000005" lon="5.070740000000001">
    <ele>104.49000000000001</ele>
   </trkpt>
   <trkpt lat="44.005320000000005" lon="5.070930000000001">
    <ele>104.49000000000001</ele>
   </trkpt>
   <trkpt lat="44.00553" lon="5.07132">
    <ele>104.49000000000001</ele>
   </trkpt>
   <trkpt lat="44.00587" lon="5.07186">
    <ele>107.35000000000001</ele>
   </trkpt>
   <trkpt lat="44.00625" lon="5.07272">
    <ele>106.9</ele>
   </trkpt>
   <trkpt lat="44.006350000000005" lon="5.07296">
    <ele>107.11000000000001</ele>
   </trkpt>
   <trkpt lat="44.00648" lon="5.0734">
    <ele>107.11000000000001</ele>
   </trkpt>
   <trkpt lat="44.006600000000006" lon="5.073510000000001">
    <ele>107.11000000000001</ele>
   </trkpt>
   <trkpt lat="44.00717" lon="5.073880000000001">
    <ele>103.79</ele>
   </trkpt>
   <trkpt lat="44.00743000000001" lon="5.07409">
    <ele>103.54</ele>
   </trkpt>
   <trkpt lat="44.00775" lon="5.074280000000001">
    <ele>103.54</ele>
   </trkpt>
   <trkpt lat="44.007940000000005" lon="5.07444">
    <ele>104.61</ele>
   </trkpt>
   <trkpt lat="44.0082" lon="5.0747800000000005">
    <ele>104.61</ele>
   </trkpt>
   <trkpt lat="44.00856" lon="5.074070000000001">
    <ele>104.61</ele>
   </trkpt>
   <trkpt lat="44.008660000000006" lon="5.07392">
    <ele>104.61</ele>
   </trkpt>
   <trkpt lat="44.00876" lon="5.07383">
    <ele>104.61</ele>
   </trkpt>
   <trkpt lat="44.00889" lon="5.07375">
    <ele>104.61</ele>
   </trkpt>
   <trkpt lat="44.00905" lon="5.073720000000001">
    <ele>105.00000000000001</ele>
   </trkpt>
   <trkpt lat="44.00955499994714" lon="5.073749999741197">
    <ele>105.00000000000001</ele>
   </trkpt>
   <trkpt lat="44.01006" lon="5.07378">
    <ele>105.00000000000001</ele>
   </trkpt>
   <trkpt lat="44.010220000000004" lon="5.07382">
    <ele>105.00000000000001</ele>
   </trkpt>
   <trkpt lat="44.01041" lon="5.0739">
    <ele>105.00000000000001</ele>
   </trkpt>
   <trkpt lat="44.01033" lon="5.07437">
    <ele>105.00000000000001</ele>
   </trkpt>
   <trkpt lat="44.01034000000001" lon="5.074660000000001">
    <ele>103.25</ele>
   </trkpt>
   <trkpt lat="44.010380000000005" lon="5.0749200000000005">
    <ele>103.25</ele>
   </trkpt>
   <trkpt lat="44.01039" lon="5.0751100000000005">
    <ele>103.25</ele>
   </trkpt>
   <trkpt lat="44.01037" lon="5.07524">
    <ele>103.25</ele>
   </trkpt>
   <trkpt lat="44.01035" lon="5.07533">
    <ele>103.25</ele>
   </trkpt>
   <trkpt lat="44.010090000000005" lon="5.0758">
    <ele>107.50000000000001</ele>
   </trkpt>
   <trkpt lat="44.01001" lon="5.07603">
    <ele>107.50000000000001</ele>
   </trkpt>
   <trkpt lat="44.009880002803186" lon="5.07683500190475">
    <ele>107.50000000000001</ele>
   </trkpt>
   <trkpt lat="44.009750000000004" lon="5.077640000000001">
    <ele>109.66000000000001</ele>
   </trkpt>
   <trkpt lat="44.009675005769054" lon="5.07879000142333">
    <ele>109.66000000000001</ele>
   </trkpt>
   <trkpt lat="44.009600000000006" lon="5.079940000000001">
    <ele>119.88000000000001</ele>
   </trkpt>
   <trkpt lat="44.009600000000006" lon="5.08058">
    <ele>119.88000000000001</ele>
   </trkpt>
   <trkpt lat="44.00968" lon="5.081230000000001">
    <ele>122.03000000000002</ele>
   </trkpt>
   <trkpt lat="44.00971500338512" lon="5.082109999686281">
    <ele>122.03000000000002</ele>
   </trkpt>
   <trkpt lat="44.009750000000004" lon="5.082990000000001">
    <ele>123.14000000000001</ele>
   </trkpt>
   <trkpt lat="44.00975500494602" lon="5.0840549999072975">
    <ele>125.45</ele>
   </trkpt>
   <trkpt lat="44.00976000000001" lon="5.085120000000001">
    <ele>125.45</ele>
   </trkpt>
   <trkpt lat="44.009780000000006" lon="5.086250000000001">
    <ele>125.68</ele>
   </trkpt>
   <trkpt lat="44.00977" lon="5.086690000000001">
    <ele>127.66000000000003</ele>
   </trkpt>
   <trkpt lat="44.009690000000006" lon="5.0873800000000005">
    <ele>129.17000000000002</ele>
   </trkpt>
   <trkpt lat="44.009550000000004" lon="5.088170000000001">
    <ele>129.17000000000002</ele>
   </trkpt>
   <trkpt lat="44.00941" lon="5.089090000000001">
    <ele>129.17000000000002</ele>
   </trkpt>
   <trkpt lat="44.009315006134905" lon="5.090275001754751">
    <ele>129.17000000000002</ele>
   </trkpt>
   <trkpt lat="44.009220000000006" lon="5.0914600000000005">
    <ele>129.17000000000002</ele>
   </trkpt>
   <trkpt lat="44.00916" lon="5.09196">
    <ele>139.69</ele>
   </trkpt>
   <trkpt lat="44.009040000000006" lon="5.09229">
    <ele>139.69</ele>
   </trkpt>
   <trkpt lat="44.008660000000006" lon="5.093000000000001">
    <ele>139.69</ele>
   </trkpt>
   <trkpt lat="44.00854" lon="5.0932900000000005">
    <ele>139.69</ele>
   </trkpt>
   <trkpt lat="44.00845" lon="5.0936">
    <ele>139.69</ele>
   </trkpt>
   <trkpt lat="44.00836" lon="5.09402">
    <ele>139.69</ele>
   </trkpt>
   <trkpt lat="44.008320000000005" lon="5.09436">
    <ele>139.69</ele>
   </trkpt>
   <trkpt lat="44.00831" lon="5.094790000000001">
    <ele>139.69</ele>
   </trkpt>
   <trkpt lat="44.00836" lon="5.0955200000000005">
    <ele>139.69</ele>
   </trkpt>
   <trkpt lat="44.0084" lon="5.0958000000000006">
    <ele>139.69</ele>
   </trkpt>
   <trkpt lat="44.008950000000006" lon="5.09604">
    <ele>139.32</ele>
   </trkpt>
   <trkpt lat="44.00946000023467" lon="5.096239998303899">
    <ele>139.32</ele>
   </trkpt>
   <trkpt lat="44.00997" lon="5.09644">
    <ele>137.34</ele>
   </trkpt>
   <trkpt lat="44.010310000000004" lon="5.096550000000001">
    <ele>137.34</ele>
   </trkpt>
   <trkpt lat="44.01061000000001" lon="5.09661">
    <ele>137.34</ele>
   </trkpt>
   <trkpt lat="44.01102" lon="5.0968100000000005">
    <ele>137.34</ele>
   </trkpt>
   <trkpt lat="44.011430000000004" lon="5.0971">
    <ele>133.19</ele>
   </trkpt>
   <trkpt lat="44.0118550006249" lon="5.097439997660153">
    <ele>133.19</ele>
   </trkpt>
   <trkpt lat="44.012280000000004" lon="5.09778">
    <ele>133.19</ele>
   </trkpt>
   <trkpt lat="44.01234" lon="5.09787">
    <ele>133.19</ele>
   </trkpt>
   <trkpt lat="44.01250500175478" lon="5.098504998219536">
    <ele>129.66</ele>
   </trkpt>
   <trkpt lat="44.01267000000001" lon="5.09914">
    <ele>129.66</ele>
   </trkpt>
   <trkpt lat="44.01277000173427" lon="5.099764999138892">
    <ele>129.66</ele>
   </trkpt>
   <trkpt lat="44.01287000000001" lon="5.10039">
    <ele>129.66</ele>
   </trkpt>
   <trkpt lat="44.0129" lon="5.10052">
    <ele>129.66</ele>
   </trkpt>
   <trkpt lat="44.012950000000004" lon="5.10062">
    <ele>129.66</ele>
   </trkpt>
   <trkpt lat="44.013040000000004" lon="5.10069">
    <ele>129.66</ele>
   </trkpt>
   <trkpt lat="44.01348500030839" lon="5.100899998478984">
    <ele>126.94</ele>
   </trkpt>
   <trkpt lat="44.01393" lon="5.10111">
    <ele>126.94</ele>
   </trkpt>
   <trkpt lat="44.01426" lon="5.1012200000000005">
    <ele>126.94</ele>
   </trkpt>
   <trkpt lat="44.014340000000004" lon="5.1012900000000005">
    <ele>126.94</ele>
   </trkpt>
   <trkpt lat="44.01438" lon="5.101360000000001">
    <ele>126.94</ele>
   </trkpt>
   <trkpt lat="44.0144" lon="5.1014800000000005">
    <ele>126.94</ele>
   </trkpt>
   <trkpt lat="44.01438" lon="5.10167">
    <ele>126.96000000000001</ele>
   </trkpt>
   <trkpt lat="44.014390000000006" lon="5.10174">
    <ele>126.96000000000001</ele>
   </trkpt>
   <trkpt lat="44.014480000000006" lon="5.10184">
    <ele>127.2</ele>
   </trkpt>
   <trkpt lat="44.01451" lon="5.101920000000001">
    <ele>127.2</ele>
   </trkpt>
   <trkpt lat="44.014540000000004" lon="5.1021">
    <ele>127.2</ele>
   </trkpt>
   <trkpt lat="44.01458" lon="5.102150000000001">
    <ele>127.2</ele>
   </trkpt>
   <trkpt lat="44.014700000000005" lon="5.10219">
    <ele>127.2</ele>
   </trkpt>
   <trkpt lat="44.01519000031386" lon="5.101945001998401">
    <ele>128.35000000000002</ele>
   </trkpt>
   <trkpt lat="44.01568" lon="5.1017">
    <ele>128.35000000000002</ele>
   </trkpt>
   <trkpt lat="44.015730000000005" lon="5.10174">
    <ele>128.48000000000002</ele>
   </trkpt>
   <trkpt lat="44.015820000000005" lon="5.1016200000000005">
    <ele>128.9</ele>
   </trkpt>
   <trkpt lat="44.015930000000004" lon="5.101710000000001">
    <ele>128.9</ele>
   </trkpt>
   <trkpt lat="44.016450000000006" lon="5.10198">
    <ele>132.13</ele>
   </trkpt>
   <trkpt lat="44.01727200387368" lon="5.1024519738197345">
    <ele>132.13</ele>
   </trkpt>
   <trkpt lat="44.01809400580449" lon="5.1029239607253745">
    <ele>135.71</ele>
   </trkpt>
   <trkpt lat="44.018916005792335" lon="5.103395960717628">
    <ele>135.71</ele>
   </trkpt>
   <trkpt lat="44.01973800383712" lon="5.103867973797204">
    <ele>135.6</ele>
   </trkpt>
   <trkpt lat="44.02056" lon="5.1043400000000005">
    <ele>135.6</ele>
   </trkpt>
   <trkpt lat="44.020990000000005" lon="5.10456">
    <ele>135.96</ele>
   </trkpt>
   <trkpt lat="44.02150500039979" lon="5.104844997549554">
    <ele>136.01000000000002</ele>
   </trkpt>
   <trkpt lat="44.022020000000005" lon="5.105130000000001">
    <ele>135.71</ele>
   </trkpt>
   <trkpt lat="44.02282000187689" lon="5.105593320831191">
    <ele>135.12</ele>
   </trkpt>
   <trkpt lat="44.02362000188151" lon="5.106056654166955">
    <ele>134.66</ele>
   </trkpt>
   <trkpt lat="44.024420000000006" lon="5.106520000000001">
    <ele>134.6</ele>
   </trkpt>
   <trkpt lat="44.024530000000006" lon="5.10658">
    <ele>134.6</ele>
   </trkpt>
   <trkpt lat="44.024660000000004" lon="5.1065700000000005">
    <ele>134.76000000000002</ele>
   </trkpt>
   <trkpt lat="44.02474" lon="5.1066">
    <ele>134.76000000000002</ele>
   </trkpt>
   <trkpt lat="44.02476" lon="5.106660000000001">
    <ele>134.76000000000002</ele>
   </trkpt>
   <trkpt lat="44.02483" lon="5.10676">
    <ele>134.88</ele>
   </trkpt>
   <trkpt lat="44.024910000000006" lon="5.106800000000001">
    <ele>134.8</ele>
   </trkpt>
   <trkpt lat="44.02497" lon="5.10679">
    <ele>134.74</ele>
   </trkpt>
   <trkpt lat="44.025040000000004" lon="5.10683">
    <ele>134.74</ele>
   </trkpt>
   <trkpt lat="44.025090000000006" lon="5.106890000000001">
    <ele>134.82000000000002</ele>
   </trkpt>
   <trkpt lat="44.02514" lon="5.107010000000001">
    <ele>134.82000000000002</ele>
   </trkpt>
   <trkpt lat="44.02519" lon="5.10698">
    <ele>134.72</ele>
   </trkpt>
   <trkpt lat="44.02539" lon="5.107080000000001">
    <ele>134.72</ele>
   </trkpt>
   <trkpt lat="44.02615" lon="5.107620000000001">
    <ele>134.72</ele>
   </trkpt>
   <trkpt lat="44.026590000000006" lon="5.10791">
    <ele>134.72</ele>
   </trkpt>
   <trkpt lat="44.02675000000001" lon="5.107970000000001">
    <ele>134.72</ele>
   </trkpt>
   <trkpt lat="44.02693" lon="5.10799">
    <ele>134.72</ele>
   </trkpt>
   <trkpt lat="44.02713000000001" lon="5.10798">
    <ele>134.72</ele>
   </trkpt>
   <trkpt lat="44.02791666673714" lon="5.107876669412487">
    <ele>147.64000000000001</ele>
   </trkpt>
   <trkpt lat="44.02870333338115" lon="5.10777333608218">
    <ele>147.64000000000001</ele>
   </trkpt>
   <trkpt lat="44.02949" lon="5.107670000000001">
    <ele>147.64000000000001</ele>
   </trkpt>
   <trkpt lat="44.029560000000004" lon="5.10768">
    <ele>147.64000000000001</ele>
   </trkpt>
   <trkpt lat="44.02967" lon="5.10805">
    <ele>147.64000000000001</ele>
   </trkpt>
   <trkpt lat="44.029920000000004" lon="5.10867">
    <ele>150.05</ele>
   </trkpt>
   <trkpt lat="44.030010000000004" lon="5.10888">
    <ele>150.00000000000003</ele>
   </trkpt>
   <trkpt lat="44.030530000000006" lon="5.10974">
    <ele>149.16000000000003</ele>
   </trkpt>
   <trkpt lat="44.03069000000001" lon="5.109940000000001">
    <ele>147.33</ele>
   </trkpt>
   <trkpt lat="44.030910000000006" lon="5.11014">
    <ele>147.33</ele>
   </trkpt>
   <trkpt lat="44.03108" lon="5.110410000000001">
    <ele>147.33</ele>
   </trkpt>
   <trkpt lat="44.03154000000001" lon="5.11139">
    <ele>147.33</ele>
   </trkpt>
   <trkpt lat="44.031620000000004" lon="5.111470000000001">
    <ele>147.33</ele>
   </trkpt>
   <trkpt lat="44.03211" lon="5.11165">
    <ele>147.33</ele>
   </trkpt>
   <trkpt lat="44.032770000000006" lon="5.111770000000001">
    <ele>147.33</ele>
   </trkpt>
   <trkpt lat="44.033100000000005" lon="5.111890000000001">
    <ele>169.20000000000002</ele>
   </trkpt>
   <trkpt lat="44.03365" lon="5.112360000000001">
    <ele>169.20000000000002</ele>
   </trkpt>
   <trkpt lat="44.03427000000001" lon="5.113040000000001">
    <ele>169.20000000000002</ele>
   </trkpt>
   <trkpt lat="44.03495" lon="5.11383">
    <ele>169.20000000000002</ele>
   </trkpt>
   <trkpt lat="44.035120000000006" lon="5.114050000000001">
    <ele>169.20000000000002</ele>
   </trkpt>
   <trkpt lat="44.03561000226859" lon="5.114784993791462">
    <ele>169.21000000000004</ele>
   </trkpt>
   <trkpt lat="44.036100000000005" lon="5.11552">
    <ele>168.31</ele>
   </trkpt>
   <trkpt lat="44.036410000000004" lon="5.11592">
    <ele>168.05</ele>
   </trkpt>
   <trkpt lat="44.036590000000004" lon="5.11613">
    <ele>168.03</ele>
   </trkpt>
   <trkpt lat="44.03732" lon="5.11683">
    <ele>168.46000000000004</ele>
   </trkpt>
   <trkpt lat="44.0378950011184" lon="5.117324995239388">
    <ele>168.78</ele>
   </trkpt>
   <trkpt lat="44.038470000000004" lon="5.11782">
    <ele>168.12</ele>
   </trkpt>
   <trkpt lat="44.039205001416136" lon="5.118379993090209">
    <ele>168.14000000000001</ele>
   </trkpt>
   <trkpt lat="44.03994" lon="5.11894">
    <ele>168.01000000000002</ele>
   </trkpt>
   <trkpt lat="44.04042000088435" lon="5.1193599966980505">
    <ele>168.4</ele>
   </trkpt>
   <trkpt lat="44.0409" lon="5.11978">
    <ele>167.73000000000002</ele>
   </trkpt>
   <trkpt lat="44.04142" lon="5.1201300000000005">
    <ele>165.5</ele>
   </trkpt>
   <trkpt lat="44.041500000000006" lon="5.12025">
    <ele>165.5</ele>
   </trkpt>
   <trkpt lat="44.04177000000001" lon="5.120900000000001">
    <ele>161.18</ele>
   </trkpt>
   <trkpt lat="44.04222" lon="5.12072">
    <ele>161.18</ele>
   </trkpt>
   <trkpt lat="44.042640000000006" lon="5.12061">
    <ele>161.18</ele>
   </trkpt>
   <trkpt lat="44.04326000014719" lon="5.120480002721101">
    <ele>149.74</ele>
   </trkpt>
   <trkpt lat="44.043880000146984" lon="5.120350002721184">
    <ele>149.74</ele>
   </trkpt>
   <trkpt lat="44.044500000000006" lon="5.120220000000001">
    <ele>149.74</ele>
   </trkpt>
   <trkpt lat="44.04473" lon="5.12019">
    <ele>149.74</ele>
   </trkpt>
   <trkpt lat="44.044830000000005" lon="5.12019">
    <ele>149.74</ele>
   </trkpt>
   <trkpt lat="44.045010000000005" lon="5.1202700000000005">
    <ele>149.74</ele>
   </trkpt>
   <trkpt lat="44.045230000000004" lon="5.120450000000001">
    <ele>149.74</ele>
   </trkpt>
   <trkpt lat="44.04534" lon="5.12058">
    <ele>149.74</ele>
   </trkpt>
   <trkpt lat="44.04567" lon="5.121040000000001">
    <ele>149.74</ele>
   </trkpt>
   <trkpt lat="44.04596" lon="5.12138">
    <ele>151.14000000000001</ele>
   </trkpt>
   <trkpt lat="44.04632" lon="5.12173">
    <ele>151.14000000000001</ele>
   </trkpt>
   <trkpt lat="44.04709200695775" lon="5.122361967044136">
    <ele>152.07000000000002</ele>
   </trkpt>
   <trkpt lat="44.04786401043205" lon="5.122993950561518">
    <ele>154.06</ele>
   </trkpt>
   <trkpt lat="44.04863601042274" lon="5.1236259505529445">
    <ele>154.33</ele>
   </trkpt>
   <trkpt lat="44.04940800692963" lon="5.124257967019217">
    <ele>153.18</ele>
   </trkpt>
   <trkpt lat="44.050180000000005" lon="5.124890000000001">
    <ele>153.61</ele>
   </trkpt>
   <trkpt lat="44.050520000000006" lon="5.125260000000001">
    <ele>153.61</ele>
   </trkpt>
   <trkpt lat="44.050790000000006" lon="5.12563">
    <ele>153.68</ele>
   </trkpt>
   <trkpt lat="44.051" lon="5.12593">
    <ele>153.68</ele>
   </trkpt>
   <trkpt lat="44.051460000000006" lon="5.1267000000000005">
    <ele>153.26</ele>
   </trkpt>
   <trkpt lat="44.05151" lon="5.12687">
    <ele>153.74</ele>
   </trkpt>
   <trkpt lat="44.051520000000004" lon="5.127000000000001">
    <ele>154.02</ele>
   </trkpt>
   <trkpt lat="44.051480000000005" lon="5.127140000000001">
    <ele>154.38000000000002</ele>
   </trkpt>
   <trkpt lat="44.051520000000004" lon="5.12729">
    <ele>153.60000000000002</ele>
   </trkpt>
   <trkpt lat="44.05158" lon="5.12734">
    <ele>153.60000000000002</ele>
   </trkpt>
   <trkpt lat="44.051640000000006" lon="5.12736">
    <ele>153.34</ele>
   </trkpt>
   <trkpt lat="44.05169" lon="5.12734">
    <ele>153.07000000000002</ele>
   </trkpt>
   <trkpt lat="44.0518" lon="5.127350000000001">
    <ele>152.36</ele>
   </trkpt>
   <trkpt lat="44.051880000000004" lon="5.12739">
    <ele>152.03000000000003</ele>
   </trkpt>
   <trkpt lat="44.05218000000001" lon="5.127630000000001">
    <ele>151.01</ele>
   </trkpt>
   <trkpt lat="44.05241" lon="5.12779">
    <ele>149.7</ele>
   </trkpt>
   <trkpt lat="44.053230000000006" lon="5.1283">
    <ele>148.27</ele>
   </trkpt>
   <trkpt lat="44.05387000114963" lon="5.128804994571956">
    <ele>147.39000000000001</ele>
   </trkpt>
   <trkpt lat="44.05451" lon="5.12931">
    <ele>146.99</ele>
   </trkpt>
   <trkpt lat="44.05472" lon="5.12938">
    <ele>146.99</ele>
   </trkpt>
   <trkpt lat="44.05507" lon="5.12941">
    <ele>148.53000000000003</ele>
   </trkpt>
   <trkpt lat="44.05518000000001" lon="5.1294900000000005">
    <ele>148.53000000000003</ele>
   </trkpt>
   <trkpt lat="44.05561" lon="5.1300300000000005">
    <ele>156.63000000000002</ele>
   </trkpt>
   <trkpt lat="44.055690000000006" lon="5.1301000000000005">
    <ele>156.63000000000002</ele>
   </trkpt>
   <trkpt lat="44.055820000000004" lon="5.13016">
    <ele>156.63000000000002</ele>
   </trkpt>
   <trkpt lat="44.05604" lon="5.1302200000000004">
    <ele>156.63000000000002</ele>
   </trkpt>
   <trkpt lat="44.05624" lon="5.130240000000001">
    <ele>156.63000000000002</ele>
   </trkpt>
   <trkpt lat="44.0563" lon="5.13034">
    <ele>156.63000000000002</ele>
   </trkpt>
   <trkpt lat="44.056540000000005" lon="5.13025">
    <ele>155.65</ele>
   </trkpt>
   <trkpt lat="44.05684" lon="5.1302">
    <ele>155.65</ele>
   </trkpt>
   <trkpt lat="44.05693" lon="5.13016">
    <ele>155.65</ele>
   </trkpt>
   <trkpt lat="44.05706000000001" lon="5.130000000000001">
    <ele>155.7</ele>
   </trkpt>
   <trkpt lat="44.057170000000006" lon="5.12973">
    <ele>155.7</ele>
   </trkpt>
   <trkpt lat="44.05744000000001" lon="5.12969">
    <ele>155.39</ele>
   </trkpt>
   <trkpt lat="44.05753000000001" lon="5.129700000000001">
    <ele>155.39</ele>
   </trkpt>
   <trkpt lat="44.05838000000001" lon="5.12999">
    <ele>157.73000000000002</ele>
   </trkpt>
   <trkpt lat="44.058800000000005" lon="5.1300300000000005">
    <ele>161.14000000000001</ele>
   </trkpt>
   <trkpt lat="44.05915" lon="5.13011">
    <ele>161.14000000000001</ele>
   </trkpt>
   <trkpt lat="44.059870000000004" lon="5.13034">
    <ele>163.84</ele>
   </trkpt>
   <trkpt lat="44.06056" lon="5.130780000000001">
    <ele>164.96</ele>
   </trkpt>
   <trkpt lat="44.060660000000006" lon="5.130890000000001">
    <ele>164.96</ele>
   </trkpt>
   <trkpt lat="44.061150000000005" lon="5.131530000000001">
    <ele>165.91</ele>
   </trkpt>
   <trkpt lat="44.06138000000001" lon="5.131810000000001">
    <ele>165.91</ele>
   </trkpt>
   <trkpt lat="44.06178000045086" lon="5.132134997796246">
    <ele>165.91</ele>
   </trkpt>
   <trkpt lat="44.062180000000005" lon="5.13246">
    <ele>166.82000000000002</ele>
   </trkpt>
   <trkpt lat="44.06288000000001" lon="5.132980000000001">
    <ele>166.82000000000002</ele>
   </trkpt>
   <trkpt lat="44.0634600006029" lon="5.133354996319322">
    <ele>168.72</ele>
   </trkpt>
   <trkpt lat="44.064040000000006" lon="5.133730000000001">
    <ele>168.72</ele>
   </trkpt>
   <trkpt lat="44.06454" lon="5.134">
    <ele>168.72</ele>
   </trkpt>
   <trkpt lat="44.06521" lon="5.134320000000001">
    <ele>168.31</ele>
   </trkpt>
   <trkpt lat="44.06593000055014" lon="5.134614996481767">
    <ele>167.89000000000001</ele>
   </trkpt>
   <trkpt lat="44.06665" lon="5.1349100000000005">
    <ele>167.89000000000001</ele>
   </trkpt>
   <trkpt lat="44.06689" lon="5.134950000000001">
    <ele>167.89000000000001</ele>
   </trkpt>
   <trkpt lat="44.06721" lon="5.134930000000001">
    <ele>167.89000000000001</ele>
   </trkpt>
   <trkpt lat="44.06797999995124" lon="5.134815001511905">
    <ele>173.28</ele>
   </trkpt>
   <trkpt lat="44.06875" lon="5.1347000000000005">
    <ele>173.28</ele>
   </trkpt>
   <trkpt lat="44.068900000000006" lon="5.134670000000001">
    <ele>173.28</ele>
   </trkpt>
   <trkpt lat="44.06908000000001" lon="5.13459">
    <ele>173.28</ele>
   </trkpt>
   <trkpt lat="44.06944" lon="5.13447">
    <ele>173.28</ele>
   </trkpt>
   <trkpt lat="44.06967" lon="5.13447">
    <ele>173.28</ele>
   </trkpt>
   <trkpt lat="44.069860000000006" lon="5.13449">
    <ele>173.28</ele>
   </trkpt>
   <trkpt lat="44.07037000005424" lon="5.13460499900828">
    <ele>173.32</ele>
   </trkpt>
   <trkpt lat="44.07088" lon="5.134720000000001">
    <ele>173.32</ele>
   </trkpt>
   <trkpt lat="44.07115" lon="5.13482">
    <ele>173.32</ele>
   </trkpt>
   <trkpt lat="44.07162" lon="5.135050000000001">
    <ele>173.32</ele>
   </trkpt>
   <trkpt lat="44.072425000850146" lon="5.135474994252023">
    <ele>176.43</ele>
   </trkpt>
   <trkpt lat="44.07323" lon="5.1359">
    <ele>176.43</ele>
   </trkpt>
   <trkpt lat="44.074020000000004" lon="5.136340000000001">
    <ele>178.73000000000002</ele>
   </trkpt>
   <trkpt lat="44.07470000000001" lon="5.13679">
    <ele>178.73000000000002</ele>
   </trkpt>
   <trkpt lat="44.075155000338384" lon="5.137074997798729">
    <ele>178.73000000000002</ele>
   </trkpt>
   <trkpt lat="44.075610000000005" lon="5.13736">
    <ele>178.73000000000002</ele>
   </trkpt>
   <trkpt lat="44.07631000000001" lon="5.13776">
    <ele>184.17000000000002</ele>
   </trkpt>
   <trkpt lat="44.076710000000006" lon="5.1379600000000005">
    <ele>184.17000000000002</ele>
   </trkpt>
   <trkpt lat="44.07724" lon="5.138170000000001">
    <ele>184.17000000000002</ele>
   </trkpt>
   <trkpt lat="44.077580000000005" lon="5.138280000000001">
    <ele>184.17000000000002</ele>
   </trkpt>
   <trkpt lat="44.07790000000001" lon="5.138310000000001">
    <ele>184.33</ele>
   </trkpt>
   <trkpt lat="44.078350000109" lon="5.138329999852663">
    <ele>184.33</ele>
   </trkpt>
   <trkpt lat="44.0788" lon="5.138350000000001">
    <ele>186.00000000000003</ele>
   </trkpt>
   <trkpt lat="44.079130000000006" lon="5.13846">
    <ele>186.00000000000003</ele>
   </trkpt>
   <trkpt lat="44.079420000000006" lon="5.1387100000000006">
    <ele>186.00000000000003</ele>
   </trkpt>
   <trkpt lat="44.07997" lon="5.13923">
    <ele>186.00000000000003</ele>
   </trkpt>
   <trkpt lat="44.08049000305374" lon="5.139823322884498">
    <ele>194.82000000000002</ele>
   </trkpt>
   <trkpt lat="44.08101000303696" lon="5.140416656198531">
    <ele>194.82000000000002</ele>
   </trkpt>
   <trkpt lat="44.08153" lon="5.1410100000000005">
    <ele>194.85000000000002</ele>
   </trkpt>
   <trkpt lat="44.081720000000004" lon="5.141120000000001">
    <ele>194.85000000000002</ele>
   </trkpt>
   <trkpt lat="44.081920000000004" lon="5.1412">
    <ele>194.85000000000002</ele>
   </trkpt>
   <trkpt lat="44.08223" lon="5.1412700000000005">
    <ele>194.85000000000002</ele>
   </trkpt>
   <trkpt lat="44.08274" lon="5.141310000000001">
    <ele>194.85000000000002</ele>
   </trkpt>
   <trkpt lat="44.08335" lon="5.141310000000001">
    <ele>199.85000000000002</ele>
   </trkpt>
   <trkpt lat="44.083920000000006" lon="5.141260000000001">
    <ele>199.85000000000002</ele>
   </trkpt>
   <trkpt lat="44.08422" lon="5.1412700000000005">
    <ele>199.85000000000002</ele>
   </trkpt>
   <trkpt lat="44.084720000000004" lon="5.141380000000001">
    <ele>199.85000000000002</ele>
   </trkpt>
   <trkpt lat="44.085" lon="5.14146">
    <ele>200.4</ele>
   </trkpt>
   <trkpt lat="44.085820000000005" lon="5.14174">
    <ele>201.16</ele>
   </trkpt>
   <trkpt lat="44.08631000016766" lon="5.141794999561738">
    <ele>201.16</ele>
   </trkpt>
   <trkpt lat="44.086800000000004" lon="5.141850000000001">
    <ele>204.14000000000001</ele>
   </trkpt>
   <trkpt lat="44.08728000000001" lon="5.1419500000000005">
    <ele>204.14000000000001</ele>
   </trkpt>
   <trkpt lat="44.08762" lon="5.14205">
    <ele>204.14000000000001</ele>
   </trkpt>
   <trkpt lat="44.08845" lon="5.142410000000001">
    <ele>204.35</ele>
   </trkpt>
   <trkpt lat="44.08861" lon="5.1425">
    <ele>204.35</ele>
   </trkpt>
   <trkpt lat="44.088800000000006" lon="5.14264">
    <ele>204.35</ele>
   </trkpt>
   <trkpt lat="44.08901" lon="5.14283">
    <ele>209.97000000000003</ele>
   </trkpt>
   <trkpt lat="44.08934000000001" lon="5.14304">
    <ele>209.97000000000003</ele>
   </trkpt>
   <trkpt lat="44.08988" lon="5.143230000000001">
    <ele>209.98000000000002</ele>
   </trkpt>
   <trkpt lat="44.090180000000004" lon="5.14329">
    <ele>209.95000000000002</ele>
   </trkpt>
   <trkpt lat="44.09047" lon="5.14332">
    <ele>209.95000000000002</ele>
   </trkpt>
   <trkpt lat="44.09071" lon="5.143330000000001">
    <ele>209.91</ele>
   </trkpt>
   <trkpt lat="44.09116500008903" lon="5.143265000489974">
    <ele>207.06000000000003</ele>
   </trkpt>
   <trkpt lat="44.091620000000006" lon="5.1432">
    <ele>207.06000000000003</ele>
   </trkpt>
   <trkpt lat="44.09198000000001" lon="5.14325">
    <ele>207.06000000000003</ele>
   </trkpt>
   <trkpt lat="44.09232" lon="5.143420000000001">
    <ele>207.39000000000001</ele>
   </trkpt>
   <trkpt lat="44.09244" lon="5.14344">
    <ele>207.39000000000001</ele>
   </trkpt>
   <trkpt lat="44.09252" lon="5.143400000000001">
    <ele>207.39000000000001</ele>
   </trkpt>
   <trkpt lat="44.09259" lon="5.14332">
    <ele>207.39000000000001</ele>
   </trkpt>
   <trkpt lat="44.092690000000005" lon="5.143050000000001">
    <ele>207.39000000000001</ele>
   </trkpt>
   <trkpt lat="44.09282" lon="5.14254">
    <ele>206.34000000000003</ele>
   </trkpt>
   <trkpt lat="44.09293" lon="5.142250000000001">
    <ele>204.95000000000002</ele>
   </trkpt>
   <trkpt lat="44.093" lon="5.14212">
    <ele>204.95000000000002</ele>
   </trkpt>
   <trkpt lat="44.0932" lon="5.14189">
    <ele>203.38</ele>
   </trkpt>
   <trkpt lat="44.0934" lon="5.14175">
    <ele>203.38</ele>
   </trkpt>
   <trkpt lat="44.09364" lon="5.14168">
    <ele>203.16</ele>
   </trkpt>
   <trkpt lat="44.09425" lon="5.141570000000001">
    <ele>201.99</ele>
   </trkpt>
   <trkpt lat="44.094860000000004" lon="5.141500000000001">
    <ele>201.8</ele>
   </trkpt>
   <trkpt lat="44.095710000000004" lon="5.14149">
    <ele>200.87</ele>
   </trkpt>
   <trkpt lat="44.095980000000004" lon="5.1414100000000005">
    <ele>200.24000000000004</ele>
   </trkpt>
   <trkpt lat="44.09610000000001" lon="5.141430000000001">
    <ele>200.43</ele>
   </trkpt>
   <trkpt lat="44.096180000000004" lon="5.14149">
    <ele>200.03</ele>
   </trkpt>
   <trkpt lat="44.09624" lon="5.141500000000001">
    <ele>200.03</ele>
   </trkpt>
   <trkpt lat="44.096340000000005" lon="5.14146">
    <ele>199.53</ele>
   </trkpt>
   <trkpt lat="44.09639000000001" lon="5.1414100000000005">
    <ele>199.53</ele>
   </trkpt>
   <trkpt lat="44.096540000000005" lon="5.14144">
    <ele>199.51000000000002</ele>
   </trkpt>
   <trkpt lat="44.09667" lon="5.14154">
    <ele>199.51000000000002</ele>
   </trkpt>
   <trkpt lat="44.096920000000004" lon="5.141900000000001">
    <ele>200.54000000000002</ele>
   </trkpt>
   <trkpt lat="44.097120000000004" lon="5.142130000000001">
    <ele>203.09</ele>
   </trkpt>
   <trkpt lat="44.09731" lon="5.142250000000001">
    <ele>203.09</ele>
   </trkpt>
   <trkpt lat="44.09796500012025" lon="5.142329999125078">
    <ele>203.09</ele>
   </trkpt>
   <trkpt lat="44.098620000000004" lon="5.142410000000001">
    <ele>203.09</ele>
   </trkpt>
   <trkpt lat="44.099070000000005" lon="5.14252">
    <ele>211.89000000000001</ele>
   </trkpt>
   <trkpt lat="44.09929" lon="5.14261">
    <ele>211.89000000000001</ele>
   </trkpt>
   <trkpt lat="44.0998" lon="5.14296">
    <ele>211.89000000000001</ele>
   </trkpt>
   <trkpt lat="44.100260000000006" lon="5.1433100000000005">
    <ele>211.89000000000001</ele>
   </trkpt>
   <trkpt lat="44.10045" lon="5.1435200000000005">
    <ele>211.89000000000001</ele>
   </trkpt>
   <trkpt lat="44.10065" lon="5.143890000000001">
    <ele>211.89000000000001</ele>
   </trkpt>
   <trkpt lat="44.10089000000001" lon="5.1444">
    <ele>216.32000000000002</ele>
   </trkpt>
   <trkpt lat="44.101150000000004" lon="5.144780000000001">
    <ele>216.32000000000002</ele>
   </trkpt>
   <trkpt lat="44.101350000000004" lon="5.14498">
    <ele>216.32000000000002</ele>
   </trkpt>
   <trkpt lat="44.10175000063777" lon="5.145339997629629">
    <ele>217.68</ele>
   </trkpt>
   <trkpt lat="44.10215" lon="5.145700000000001">
    <ele>224.24</ele>
   </trkpt>
   <trkpt lat="44.10231" lon="5.145790000000001">
    <ele>224.24</ele>
   </trkpt>
   <trkpt lat="44.102450000000005" lon="5.14581">
    <ele>224.24</ele>
   </trkpt>
   <trkpt lat="44.10323" lon="5.145840000000001">
    <ele>221.24</ele>
   </trkpt>
   <trkpt lat="44.103390000000005" lon="5.145860000000001">
    <ele>221.24</ele>
   </trkpt>
   <trkpt lat="44.103530000000006" lon="5.1459">
    <ele>221.24</ele>
   </trkpt>
   <trkpt lat="44.10371000000001" lon="5.145980000000001">
    <ele>222.72000000000003</ele>
   </trkpt>
   <trkpt lat="44.10387" lon="5.14608">
    <ele>222.72000000000003</ele>
   </trkpt>
   <trkpt lat="44.103970000000004" lon="5.14623">
    <ele>222.72000000000003</ele>
   </trkpt>
   <trkpt lat="44.104020000000006" lon="5.1463600000000005">
    <ele>222.72000000000003</ele>
   </trkpt>
   <trkpt lat="44.10407" lon="5.146660000000001">
    <ele>222.72000000000003</ele>
   </trkpt>
   <trkpt lat="44.10407" lon="5.146800000000001">
    <ele>222.72000000000003</ele>
   </trkpt>
   <trkpt lat="44.104020000000006" lon="5.14707">
    <ele>222.72000000000003</ele>
   </trkpt>
   <trkpt lat="44.103680000000004" lon="5.14789">
    <ele>230.44</ele>
   </trkpt>
   <trkpt lat="44.10361" lon="5.1481">
    <ele>230.44</ele>
   </trkpt>
   <trkpt lat="44.103530000000006" lon="5.14846">
    <ele>230.44</ele>
   </trkpt>
   <trkpt lat="44.10351000000001" lon="5.148650000000001">
    <ele>230.44</ele>
   </trkpt>
   <trkpt lat="44.10357000299753" lon="5.149479999062109">
    <ele>230.70000000000002</ele>
   </trkpt>
   <trkpt lat="44.10363" lon="5.15031">
    <ele>230.63000000000002</ele>
   </trkpt>
   <trkpt lat="44.103660000000005" lon="5.150320000000001">
    <ele>230.63000000000002</ele>
   </trkpt>
   <trkpt lat="44.103770000000004" lon="5.150410000000001">
    <ele>227.66000000000003</ele>
   </trkpt>
   <trkpt lat="44.10385" lon="5.1505">
    <ele>227.66000000000003</ele>
   </trkpt>
   <trkpt lat="44.10399" lon="5.15071">
    <ele>227.66000000000003</ele>
   </trkpt>
   <trkpt lat="44.104150000000004" lon="5.15099">
    <ele>227.66000000000003</ele>
   </trkpt>
   <trkpt lat="44.10419" lon="5.151160000000001">
    <ele>227.66000000000003</ele>
   </trkpt>
   <trkpt lat="44.10421" lon="5.15134">
    <ele>227.66000000000003</ele>
   </trkpt>
   <trkpt lat="44.10421" lon="5.15153">
    <ele>227.20000000000002</ele>
   </trkpt>
   <trkpt lat="44.10412" lon="5.152150000000001">
    <ele>227.20000000000002</ele>
   </trkpt>
   <trkpt lat="44.104150000000004" lon="5.152360000000001">
    <ele>227.20000000000002</ele>
   </trkpt>
   <trkpt lat="44.104510000000005" lon="5.152880000000001">
    <ele>226.54000000000002</ele>
   </trkpt>
   <trkpt lat="44.104710000000004" lon="5.153230000000001">
    <ele>226.54000000000002</ele>
   </trkpt>
   <trkpt lat="44.105090000000004" lon="5.15408">
    <ele>226.54000000000002</ele>
   </trkpt>
   <trkpt lat="44.10543500160926" lon="5.15468999641595">
    <ele>226.54000000000002</ele>
   </trkpt>
   <trkpt lat="44.10578" lon="5.1553">
    <ele>239.73000000000002</ele>
   </trkpt>
   <trkpt lat="44.106150001770935" lon="5.15592499620168">
    <ele>239.73000000000002</ele>
   </trkpt>
   <trkpt lat="44.10652" lon="5.15655">
    <ele>239.73000000000002</ele>
   </trkpt>
   <trkpt lat="44.106840000000005" lon="5.15692">
    <ele>239.73000000000002</ele>
   </trkpt>
   <trkpt lat="44.10723" lon="5.15728">
    <ele>239.73000000000002</ele>
   </trkpt>
   <trkpt lat="44.107670000000006" lon="5.1576200000000005">
    <ele>239.73000000000002</ele>
   </trkpt>
   <trkpt lat="44.108070000000005" lon="5.15798">
    <ele>239.73000000000002</ele>
   </trkpt>
   <trkpt lat="44.108160000000005" lon="5.1580900000000005">
    <ele>239.73000000000002</ele>
   </trkpt>
   <trkpt lat="44.108250000000005" lon="5.15826">
    <ele>239.73000000000002</ele>
   </trkpt>
   <trkpt lat="44.108430000000006" lon="5.1587000000000005">
    <ele>250.94</ele>
   </trkpt>
   <trkpt lat="44.10868000000001" lon="5.15918">
    <ele>250.94</ele>
   </trkpt>
   <trkpt lat="44.10897000000001" lon="5.15953">
    <ele>250.94</ele>
   </trkpt>
   <trkpt lat="44.10931" lon="5.1597800000000005">
    <ele>250.94</ele>
   </trkpt>
   <trkpt lat="44.11008" lon="5.16019">
    <ele>250.94</ele>
   </trkpt>
   <trkpt lat="44.11045" lon="5.1604600000000005">
    <ele>252.73000000000002</ele>
   </trkpt>
   <trkpt lat="44.1109750016651" lon="5.161044994995787">
    <ele>252.73000000000002</ele>
   </trkpt>
   <trkpt lat="44.11150000000001" lon="5.161630000000001">
    <ele>252.73000000000002</ele>
   </trkpt>
   <trkpt lat="44.11169" lon="5.16178">
    <ele>252.73000000000002</ele>
   </trkpt>
   <trkpt lat="44.112516667519145" lon="5.162086658099337">
    <ele>257.26000000000005</ele>
   </trkpt>
   <trkpt lat="44.11334333421803" lon="5.162393324777787">
    <ele>257.26000000000005</ele>
   </trkpt>
   <trkpt lat="44.11417" lon="5.1627">
    <ele>257.26000000000005</ele>
   </trkpt>
   <trkpt lat="44.11466" lon="5.1629700000000005">
    <ele>268.39</ele>
   </trkpt>
   <trkpt lat="44.115140000000004" lon="5.16331">
    <ele>268.39</ele>
   </trkpt>
   <trkpt lat="44.11558" lon="5.16371">
    <ele>268.39</ele>
   </trkpt>
   <trkpt lat="44.11572" lon="5.163810000000001">
    <ele>268.39</ele>
   </trkpt>
   <trkpt lat="44.11596" lon="5.16387">
    <ele>272.95000000000005</ele>
   </trkpt>
   <trkpt lat="44.11621" lon="5.163830000000001">
    <ele>272.95000000000005</ele>
   </trkpt>
   <trkpt lat="44.116890000000005" lon="5.1635100000000005">
    <ele>272.95000000000005</ele>
   </trkpt>
   <trkpt lat="44.117050000000006" lon="5.16352">
    <ele>274.85</ele>
   </trkpt>
   <trkpt lat="44.11726" lon="5.16357">
    <ele>274.85</ele>
   </trkpt>
   <trkpt lat="44.117250000000006" lon="5.16478">
    <ele>274.85</ele>
   </trkpt>
   <trkpt lat="44.117290000000004" lon="5.164980000000001">
    <ele>274.85</ele>
   </trkpt>
   <trkpt lat="44.117360000000005" lon="5.16521">
    <ele>274.85</ele>
   </trkpt>
   <trkpt lat="44.11746" lon="5.1653400000000005">
    <ele>274.85</ele>
   </trkpt>
   <trkpt lat="44.117760000000004" lon="5.16563">
    <ele>283.02000000000004</ele>
   </trkpt>
   <trkpt lat="44.117990000000006" lon="5.16582">
    <ele>283.02000000000004</ele>
   </trkpt>
   <trkpt lat="44.118120000000005" lon="5.16598">
    <ele>283.02000000000004</ele>
   </trkpt>
   <trkpt lat="44.118210000000005" lon="5.166180000000001">
    <ele>283.02000000000004</ele>
   </trkpt>
   <trkpt lat="44.11844000000001" lon="5.16689">
    <ele>283.02000000000004</ele>
   </trkpt>
   <trkpt lat="44.11858" lon="5.1671700000000005">
    <ele>283.02000000000004</ele>
   </trkpt>
   <trkpt lat="44.118660000000006" lon="5.167260000000001">
    <ele>283.02000000000004</ele>
   </trkpt>
   <trkpt lat="44.11881" lon="5.1673800000000005">
    <ele>283.02000000000004</ele>
   </trkpt>
   <trkpt lat="44.11896" lon="5.16746">
    <ele>283.02000000000004</ele>
   </trkpt>
   <trkpt lat="44.11973500022238" lon="5.167694996911916">
    <ele>282.96999999999997</ele>
   </trkpt>
   <trkpt lat="44.12051" lon="5.16793">
    <ele>285.46999999999997</ele>
   </trkpt>
   <trkpt lat="44.12078" lon="5.16804">
    <ele>287.5</ele>
   </trkpt>
   <trkpt lat="44.120990000000006" lon="5.168220000000001">
    <ele>287.5</ele>
   </trkpt>
   <trkpt lat="44.121" lon="5.16823">
    <ele>287.5</ele>
   </trkpt>
   <trkpt lat="44.12109" lon="5.168410000000001">
    <ele>287.5</ele>
   </trkpt>
   <trkpt lat="44.12116" lon="5.168640000000001">
    <ele>287.5</ele>
   </trkpt>
   <trkpt lat="44.12124" lon="5.168920000000001">
    <ele>287.58</ele>
   </trkpt>
   <trkpt lat="44.12129" lon="5.1692">
    <ele>287.58</ele>
   </trkpt>
   <trkpt lat="44.121320000000004" lon="5.169600000000001">
    <ele>287.58</ele>
   </trkpt>
   <trkpt lat="44.12136500406119" lon="5.170564999261942">
    <ele>287.03000000000003</ele>
   </trkpt>
   <trkpt lat="44.121410000000004" lon="5.171530000000001">
    <ele>287.24000000000007</ele>
   </trkpt>
   <trkpt lat="44.121370000000006" lon="5.17276">
    <ele>287.42</ele>
   </trkpt>
   <trkpt lat="44.121390000000005" lon="5.173050000000001">
    <ele>287.42</ele>
   </trkpt>
   <trkpt lat="44.121520000000004" lon="5.17365">
    <ele>287.87</ele>
   </trkpt>
   <trkpt lat="44.1217966770785" lon="5.174743323034392">
    <ele>288.81</ele>
   </trkpt>
   <trkpt lat="44.12207334373034" lon="5.175836656308962">
    <ele>296.19</ele>
   </trkpt>
   <trkpt lat="44.122350000000004" lon="5.1769300000000005">
    <ele>306.14000000000004</ele>
   </trkpt>
   <trkpt lat="44.12236" lon="5.17712">
    <ele>306.14000000000004</ele>
   </trkpt>
   <trkpt lat="44.12229000000001" lon="5.17813">
    <ele>307.64000000000004</ele>
   </trkpt>
   <trkpt lat="44.122260000000004" lon="5.17818">
    <ele>307.64000000000004</ele>
   </trkpt>
   <trkpt lat="44.121970000000005" lon="5.178330000000001">
    <ele>306.06</ele>
   </trkpt>
   <trkpt lat="44.121790000000004" lon="5.17839">
    <ele>304.72</ele>
   </trkpt>
   <trkpt lat="44.12189" lon="5.1784300000000005">
    <ele>305.76000000000005</ele>
   </trkpt>
   <trkpt lat="44.121900000000004" lon="5.17846">
    <ele>305.76000000000005</ele>
   </trkpt>
   <trkpt lat="44.122080000000004" lon="5.178660000000001">
    <ele>305.99</ele>
   </trkpt>
   <trkpt lat="44.12259000259277" lon="5.179434993269079">
    <ele>311.02000000000004</ele>
   </trkpt>
   <trkpt lat="44.1231" lon="5.180210000000001">
    <ele>313.03000000000003</ele>
   </trkpt>
   <trkpt lat="44.12326" lon="5.18043">
    <ele>309.78</ele>
   </trkpt>
   <trkpt lat="44.123650000000005" lon="5.180700000000001">
    <ele>312.16</ele>
   </trkpt>
   <trkpt lat="44.123850000000004" lon="5.18078">
    <ele>311.0</ele>
   </trkpt>
   <trkpt lat="44.124010000000006" lon="5.180820000000001">
    <ele>310.87</ele>
   </trkpt>
   <trkpt lat="44.123910002592496" lon="5.1815900012520055">
    <ele>309.18</ele>
   </trkpt>
   <trkpt lat="44.123810000000006" lon="5.18236">
    <ele>309.50000000000006</ele>
   </trkpt>
   <trkpt lat="44.123830000000005" lon="5.18261">
    <ele>309.50000000000006</ele>
   </trkpt>
   <trkpt lat="44.12391" lon="5.18276">
    <ele>309.50000000000006</ele>
   </trkpt>
   <trkpt lat="44.123920000000005" lon="5.1833800000000005">
    <ele>311.22</ele>
   </trkpt>
   <trkpt lat="44.123960000000004" lon="5.183470000000001">
    <ele>311.22</ele>
   </trkpt>
   <trkpt lat="44.124550000000006" lon="5.1839200000000005">
    <ele>313.05000000000007</ele>
   </trkpt>
   <trkpt lat="44.12434000775737" lon="5.184863340061076">
    <ele>313.05000000000007</ele>
   </trkpt>
   <trkpt lat="44.12413000775267" lon="5.185806673415459">
    <ele>314.57</ele>
   </trkpt>
   <trkpt lat="44.123920000000005" lon="5.186750000000001">
    <ele>315.32000000000005</ele>
   </trkpt>
   <trkpt lat="44.12370000393595" lon="5.18770000353828">
    <ele>315.32000000000005</ele>
   </trkpt>
   <trkpt lat="44.12348" lon="5.18865">
    <ele>325.68</ele>
   </trkpt>
   <trkpt lat="44.12342" lon="5.18885">
    <ele>325.68</ele>
   </trkpt>
   <trkpt lat="44.12326" lon="5.189170000000001">
    <ele>325.51</ele>
   </trkpt>
   <trkpt lat="44.12279000061966" lon="5.18956500319359">
    <ele>325.59000000000003</ele>
   </trkpt>
   <trkpt lat="44.12232" lon="5.18996">
    <ele>331.24</ele>
   </trkpt>
   <trkpt lat="44.12212" lon="5.190270000000001">
    <ele>331.24</ele>
   </trkpt>
   <trkpt lat="44.121825002178085" lon="5.190965003301935">
    <ele>332.65</ele>
   </trkpt>
   <trkpt lat="44.12153000000001" lon="5.191660000000001">
    <ele>332.44</ele>
   </trkpt>
   <trkpt lat="44.12124" lon="5.192620000000001">
    <ele>332.44</ele>
   </trkpt>
   <trkpt lat="44.12100667264885" lon="5.193446673120469">
    <ele>336.85</ele>
   </trkpt>
   <trkpt lat="44.120773339336885" lon="5.194273339711389">
    <ele>336.85</ele>
   </trkpt>
   <trkpt lat="44.120540000000005" lon="5.1951">
    <ele>339.91</ele>
   </trkpt>
   <trkpt lat="44.120380000000004" lon="5.19557">
    <ele>343.13000000000005</ele>
   </trkpt>
   <trkpt lat="44.119960000000006" lon="5.19665">
    <ele>345.46000000000004</ele>
   </trkpt>
   <trkpt lat="44.11955667248203" lon="5.19746667782069">
    <ele>345.46000000000004</ele>
   </trkpt>
   <trkpt lat="44.11915333914653" lon="5.198283344491588">
    <ele>350.98</ele>
   </trkpt>
   <trkpt lat="44.118750000000006" lon="5.1991000000000005">
    <ele>350.98</ele>
   </trkpt>
   <trkpt lat="44.11844000000001" lon="5.200100000000001">
    <ele>356.02</ele>
   </trkpt>
   <trkpt lat="44.11845" lon="5.2002500000000005">
    <ele>356.02</ele>
   </trkpt>
   <trkpt lat="44.11849" lon="5.200360000000001">
    <ele>356.02</ele>
   </trkpt>
   <trkpt lat="44.11854" lon="5.200410000000001">
    <ele>356.02</ele>
   </trkpt>
   <trkpt lat="44.11914" lon="5.20077">
    <ele>356.02</ele>
   </trkpt>
   <trkpt lat="44.11943" lon="5.201020000000001">
    <ele>362.91</ele>
   </trkpt>
   <trkpt lat="44.1197" lon="5.201390000000001">
    <ele>362.91</ele>
   </trkpt>
   <trkpt lat="44.119820000000004" lon="5.201650000000001">
    <ele>362.91</ele>
   </trkpt>
   <trkpt lat="44.11988" lon="5.20204">
    <ele>362.91</ele>
   </trkpt>
   <trkpt lat="44.11994000000001" lon="5.20267">
    <ele>366.59000000000003</ele>
   </trkpt>
   <trkpt lat="44.1200450064269" lon="5.203884997709884">
    <ele>368.32000000000005</ele>
   </trkpt>
   <trkpt lat="44.12015" lon="5.205100000000001">
    <ele>374.99000000000007</ele>
   </trkpt>
   <trkpt lat="44.12015" lon="5.20563">
    <ele>377.55000000000007</ele>
   </trkpt>
   <trkpt lat="44.1201" lon="5.2064">
    <ele>377.55000000000007</ele>
   </trkpt>
   <trkpt lat="44.11999500471706" lon="5.207440001849112">
    <ele>377.55000000000007</ele>
   </trkpt>
   <trkpt lat="44.119890000000005" lon="5.208480000000001">
    <ele>377.55000000000007</ele>
   </trkpt>
   <trkpt lat="44.11988" lon="5.208780000000001">
    <ele>377.55000000000007</ele>
   </trkpt>
   <trkpt lat="44.11992" lon="5.20929">
    <ele>377.55000000000007</ele>
   </trkpt>
   <trkpt lat="44.12007500352188" lon="5.210189997576597">
    <ele>406.68</ele>
   </trkpt>
   <trkpt lat="44.12023000000001" lon="5.21109">
    <ele>406.68</ele>
   </trkpt>
   <trkpt lat="44.12035" lon="5.21163">
    <ele>406.68</ele>
   </trkpt>
   <trkpt lat="44.120520000000006" lon="5.21203">
    <ele>406.68</ele>
   </trkpt>
   <trkpt lat="44.12092000520003" lon="5.212799989628454">
    <ele>406.68</ele>
   </trkpt>
   <trkpt lat="44.12132000522853" lon="5.213569989683185">
    <ele>406.68</ele>
   </trkpt>
   <trkpt lat="44.12172" lon="5.214340000000001">
    <ele>406.68</ele>
   </trkpt>
   <trkpt lat="44.121880000000004" lon="5.214700000000001">
    <ele>406.68</ele>
   </trkpt>
   <trkpt lat="44.12219" lon="5.21572">
    <ele>430.35</ele>
   </trkpt>
   <trkpt lat="44.12221" lon="5.21591">
    <ele>430.35</ele>
   </trkpt>
   <trkpt lat="44.12218" lon="5.21623">
    <ele>430.35</ele>
   </trkpt>
   <trkpt lat="44.12191667435263" lon="5.217170008455653">
    <ele>430.35</ele>
   </trkpt>
   <trkpt lat="44.121653340997966" lon="5.21811000853171">
    <ele>430.35</ele>
   </trkpt>
   <trkpt lat="44.121390000000005" lon="5.21905">
    <ele>439.29</ele>
   </trkpt>
   <trkpt lat="44.121190000000006" lon="5.21968">
    <ele>439.29</ele>
   </trkpt>
   <trkpt lat="44.12090500241729" lon="5.220435003824112">
    <ele>447.57</ele>
   </trkpt>
   <trkpt lat="44.12062" lon="5.22119">
    <ele>447.57</ele>
   </trkpt>
   <trkpt lat="44.120450000000005" lon="5.2217">
    <ele>450.07</ele>
   </trkpt>
   <trkpt lat="44.120290000000004" lon="5.22233">
    <ele>455.14000000000004</ele>
   </trkpt>
   <trkpt lat="44.12026" lon="5.2225">
    <ele>455.14000000000004</ele>
   </trkpt>
   <trkpt lat="44.12026" lon="5.222770000000001">
    <ele>457.0</ele>
   </trkpt>
   <trkpt lat="44.120290000000004" lon="5.222950000000001">
    <ele>458.36</ele>
   </trkpt>
   <trkpt lat="44.12050000000001" lon="5.224060000000001">
    <ele>462.89</ele>
   </trkpt>
   <trkpt lat="44.120520000000006" lon="5.224270000000001">
    <ele>464.25000000000006</ele>
   </trkpt>
   <trkpt lat="44.120520000000006" lon="5.22451">
    <ele>464.25000000000006</ele>
   </trkpt>
   <trkpt lat="44.120490000000004" lon="5.2247900000000005">
    <ele>466.14000000000004</ele>
   </trkpt>
   <trkpt lat="44.120365004355385" lon="5.225790002162805">
    <ele>467.79</ele>
   </trkpt>
   <trkpt lat="44.12024" lon="5.22679">
    <ele>477.01000000000005</ele>
   </trkpt>
   <trkpt lat="44.12019" lon="5.2273700000000005">
    <ele>477.01000000000005</ele>
   </trkpt>
   <trkpt lat="44.12021" lon="5.22778">
    <ele>481.53000000000003</ele>
   </trkpt>
   <trkpt lat="44.120360005001054" lon="5.228849997339396">
    <ele>487.07000000000005</ele>
   </trkpt>
   <trkpt lat="44.12051" lon="5.229920000000001">
    <ele>494.88000000000005</ele>
   </trkpt>
   <trkpt lat="44.120520000000006" lon="5.230200000000001">
    <ele>494.88000000000005</ele>
   </trkpt>
   <trkpt lat="44.12051" lon="5.23031">
    <ele>494.88000000000005</ele>
   </trkpt>
   <trkpt lat="44.12046" lon="5.230510000000001">
    <ele>494.88000000000005</ele>
   </trkpt>
   <trkpt lat="44.12033" lon="5.230740000000001">
    <ele>494.88000000000005</ele>
   </trkpt>
   <trkpt lat="44.11977333812587" lon="5.231483347376271">
    <ele>494.88000000000005</ele>
   </trkpt>
   <trkpt lat="44.119216671432056" lon="5.232226680745631">
    <ele>494.88000000000005</ele>
   </trkpt>
   <trkpt lat="44.118660000000006" lon="5.232970000000001">
    <ele>511.15</ele>
   </trkpt>
   <trkpt lat="44.118120000000005" lon="5.23371">
    <ele>511.15</ele>
   </trkpt>
   <trkpt lat="44.11802" lon="5.233890000000001">
    <ele>511.15</ele>
   </trkpt>
   <trkpt lat="44.11797000000001" lon="5.234030000000001">
    <ele>511.15</ele>
   </trkpt>
   <trkpt lat="44.11787" lon="5.2345500000000005">
    <ele>515.19</ele>
   </trkpt>
   <trkpt lat="44.11782" lon="5.2347">
    <ele>515.19</ele>
   </trkpt>
   <trkpt lat="44.117740000000005" lon="5.23484">
    <ele>515.19</ele>
   </trkpt>
   <trkpt lat="44.11757" lon="5.23505">
    <ele>515.19</ele>
   </trkpt>
   <trkpt lat="44.11748" lon="5.23521">
    <ele>515.19</ele>
   </trkpt>
   <trkpt lat="44.117430000000006" lon="5.2353700000000005">
    <ele>515.19</ele>
   </trkpt>
   <trkpt lat="44.11742" lon="5.235550000000001">
    <ele>528.7700000000001</ele>
   </trkpt>
   <trkpt lat="44.11755" lon="5.23658">
    <ele>528.7700000000001</ele>
   </trkpt>
   <trkpt lat="44.11750000000001" lon="5.23704">
    <ele>530.8000000000001</ele>
   </trkpt>
   <trkpt lat="44.11737" lon="5.23784">
    <ele>529.39</ele>
   </trkpt>
   <trkpt lat="44.117290000000004" lon="5.23822">
    <ele>530.3100000000001</ele>
   </trkpt>
   <trkpt lat="44.11715" lon="5.23847">
    <ele>530.3100000000001</ele>
   </trkpt>
   <trkpt lat="44.116520002708825" lon="5.239260008439004">
    <ele>528.8900000000001</ele>
   </trkpt>
   <trkpt lat="44.11589" lon="5.24005">
    <ele>528.8900000000001</ele>
   </trkpt>
   <trkpt lat="44.11565" lon="5.240200000000001">
    <ele>534.39</ele>
   </trkpt>
   <trkpt lat="44.115370000000006" lon="5.2402500000000005">
    <ele>535.3100000000001</ele>
   </trkpt>
   <trkpt lat="44.114900000000006" lon="5.240290000000001">
    <ele>535.3100000000001</ele>
   </trkpt>
   <trkpt lat="44.114720000000005" lon="5.240200000000001">
    <ele>535.3100000000001</ele>
   </trkpt>
   <trkpt lat="44.11451" lon="5.239990000000001">
    <ele>535.3100000000001</ele>
   </trkpt>
   <trkpt lat="44.11435" lon="5.23988">
    <ele>542.6899999999999</ele>
   </trkpt>
   <trkpt lat="44.11406" lon="5.23974">
    <ele>542.6899999999999</ele>
   </trkpt>
   <trkpt lat="44.11366" lon="5.239660000000001">
    <ele>542.6899999999999</ele>
   </trkpt>
   <trkpt lat="44.113530000000004" lon="5.2397">
    <ele>542.6899999999999</ele>
   </trkpt>
   <trkpt lat="44.1135" lon="5.239750000000001">
    <ele>543.0200000000001</ele>
   </trkpt>
   <trkpt lat="44.113490000000006" lon="5.23984">
    <ele>543.0200000000001</ele>
   </trkpt>
   <trkpt lat="44.113490000000006" lon="5.239850000000001">
    <ele>543.0200000000001</ele>
   </trkpt>
   <trkpt lat="44.11354" lon="5.23991">
    <ele>543.0200000000001</ele>
   </trkpt>
   <trkpt lat="44.113910000000004" lon="5.24012">
    <ele>543.0200000000001</ele>
   </trkpt>
   <trkpt lat="44.114090000000004" lon="5.240290000000001">
    <ele>543.0200000000001</ele>
   </trkpt>
   <trkpt lat="44.1145550017053" lon="5.240924994930624">
    <ele>543.0200000000001</ele>
   </trkpt>
   <trkpt lat="44.11502" lon="5.241560000000001">
    <ele>543.0200000000001</ele>
   </trkpt>
   <trkpt lat="44.11527" lon="5.24178">
    <ele>543.0200000000001</ele>
   </trkpt>
   <trkpt lat="44.1158" lon="5.24214">
    <ele>597.53</ele>
   </trkpt>
   <trkpt lat="44.115970000000004" lon="5.242330000000001">
    <ele>597.53</ele>
   </trkpt>
   <trkpt lat="44.11609000000001" lon="5.242500000000001">
    <ele>597.53</ele>
   </trkpt>
   <trkpt lat="44.11612" lon="5.24265">
    <ele>597.53</ele>
   </trkpt>
   <trkpt lat="44.116080000000004" lon="5.242800000000001">
    <ele>597.53</ele>
   </trkpt>
   <trkpt lat="44.11578500101791" lon="5.243290002494722">
    <ele>597.53</ele>
   </trkpt>
   <trkpt lat="44.11549" lon="5.24378">
    <ele>597.53</ele>
   </trkpt>
   <trkpt lat="44.11545" lon="5.24389">
    <ele>597.53</ele>
   </trkpt>
   <trkpt lat="44.11543" lon="5.24406">
    <ele>597.53</ele>
   </trkpt>
   <trkpt lat="44.11544000000001" lon="5.244190000000001">
    <ele>597.53</ele>
   </trkpt>
   <trkpt lat="44.11547" lon="5.2443100000000005">
    <ele>597.53</ele>
   </trkpt>
   <trkpt lat="44.11554" lon="5.24443">
    <ele>597.53</ele>
   </trkpt>
   <trkpt lat="44.115640000000006" lon="5.244560000000001">
    <ele>597.53</ele>
   </trkpt>
   <trkpt lat="44.11619250515722" lon="5.245187482404783">
    <ele>597.53</ele>
   </trkpt>
   <trkpt lat="44.11674500688003" lon="5.245814976543605">
    <ele>597.53</ele>
   </trkpt>
   <trkpt lat="44.117297505168295" lon="5.246442482416842">
    <ele>645.8900000000001</ele>
   </trkpt>
   <trkpt lat="44.117850000000004" lon="5.247070000000001">
    <ele>645.8900000000001</ele>
   </trkpt>
   <trkpt lat="44.118390000000005" lon="5.2474300000000005">
    <ele>645.8900000000001</ele>
   </trkpt>
   <trkpt lat="44.11849" lon="5.247520000000001">
    <ele>645.8900000000001</ele>
   </trkpt>
   <trkpt lat="44.11874" lon="5.24781">
    <ele>645.8900000000001</ele>
   </trkpt>
   <trkpt lat="44.118840000000006" lon="5.24791">
    <ele>645.8900000000001</ele>
   </trkpt>
   <trkpt lat="44.11896" lon="5.247960000000001">
    <ele>645.8900000000001</ele>
   </trkpt>
   <trkpt lat="44.119400000000006" lon="5.24807">
    <ele>645.8900000000001</ele>
   </trkpt>
   <trkpt lat="44.11948" lon="5.2481100000000005">
    <ele>645.8900000000001</ele>
   </trkpt>
   <trkpt lat="44.11975" lon="5.24837">
    <ele>645.8900000000001</ele>
   </trkpt>
   <trkpt lat="44.11999" lon="5.248530000000001">
    <ele>645.8900000000001</ele>
   </trkpt>
   <trkpt lat="44.12022" lon="5.24863">
    <ele>645.8900000000001</ele>
   </trkpt>
   <trkpt lat="44.12033" lon="5.2486500000000005">
    <ele>645.8900000000001</ele>
   </trkpt>
   <trkpt lat="44.12055" lon="5.248620000000001">
    <ele>645.8900000000001</ele>
   </trkpt>
   <trkpt lat="44.120720000000006" lon="5.24873">
    <ele>645.8900000000001</ele>
   </trkpt>
   <trkpt lat="44.120940000000004" lon="5.248740000000001">
    <ele>645.8900000000001</ele>
   </trkpt>
   <trkpt lat="44.121" lon="5.248760000000001">
    <ele>645.8900000000001</ele>
   </trkpt>
   <trkpt lat="44.121120000000005" lon="5.24884">
    <ele>715.72</ele>
   </trkpt>
   <trkpt lat="44.12118" lon="5.24892">
    <ele>715.72</ele>
   </trkpt>
   <trkpt lat="44.12131" lon="5.24927">
    <ele>715.72</ele>
   </trkpt>
   <trkpt lat="44.12138" lon="5.24936">
    <ele>715.72</ele>
   </trkpt>
   <trkpt lat="44.12144000000001" lon="5.24938">
    <ele>715.72</ele>
   </trkpt>
   <trkpt lat="44.121500000000005" lon="5.249370000000001">
    <ele>715.72</ele>
   </trkpt>
   <trkpt lat="44.121900000000004" lon="5.24915">
    <ele>715.72</ele>
   </trkpt>
   <trkpt lat="44.12207" lon="5.249140000000001">
    <ele>715.72</ele>
   </trkpt>
   <trkpt lat="44.12221" lon="5.24924">
    <ele>715.72</ele>
   </trkpt>
   <trkpt lat="44.12269201190631" lon="5.250065973050225">
    <ele>715.72</ele>
   </trkpt>
   <trkpt lat="44.12317401786173" lon="5.25089195957859">
    <ele>715.72</ele>
   </trkpt>
   <trkpt lat="44.12365601786606" lon="5.251717959585378">
    <ele>715.72</ele>
   </trkpt>
   <trkpt lat="44.12413801191909" lon="5.252543973070869">
    <ele>715.72</ele>
   </trkpt>
   <trkpt lat="44.12462" lon="5.25337">
    <ele>715.72</ele>
   </trkpt>
   <trkpt lat="44.12467" lon="5.253520000000001">
    <ele>715.72</ele>
   </trkpt>
   <trkpt lat="44.124680000000005" lon="5.253900000000001">
    <ele>715.72</ele>
   </trkpt>
   <trkpt lat="44.12464000000001" lon="5.2550300000000005">
    <ele>715.72</ele>
   </trkpt>
   <trkpt lat="44.12469" lon="5.255730000000001">
    <ele>715.72</ele>
   </trkpt>
   <trkpt lat="44.124900003428415" lon="5.256619996725208">
    <ele>794.22</ele>
   </trkpt>
   <trkpt lat="44.12511000000001" lon="5.257510000000001">
    <ele>794.22</ele>
   </trkpt>
   <trkpt lat="44.12514" lon="5.257700000000001">
    <ele>794.22</ele>
   </trkpt>
   <trkpt lat="44.12514" lon="5.257840000000001">
    <ele>794.22</ele>
   </trkpt>
   <trkpt lat="44.1251" lon="5.258100000000001">
    <ele>794.22</ele>
   </trkpt>
   <trkpt lat="44.12505" lon="5.25823">
    <ele>794.22</ele>
   </trkpt>
   <trkpt lat="44.124930000000006" lon="5.2584100000000005">
    <ele>794.22</ele>
   </trkpt>
   <trkpt lat="44.12449" lon="5.258990000000001">
    <ele>794.22</ele>
   </trkpt>
   <trkpt lat="44.12442" lon="5.259110000000001">
    <ele>794.22</ele>
   </trkpt>
   <trkpt lat="44.124370000000006" lon="5.25931">
    <ele>794.22</ele>
   </trkpt>
   <trkpt lat="44.124340000000004" lon="5.259510000000001">
    <ele>794.22</ele>
   </trkpt>
   <trkpt lat="44.12429" lon="5.2606">
    <ele>794.22</ele>
   </trkpt>
   <trkpt lat="44.124320000000004" lon="5.260800000000001">
    <ele>794.22</ele>
   </trkpt>
   <trkpt lat="44.124370000000006" lon="5.2609900000000005">
    <ele>794.22</ele>
   </trkpt>
   <trkpt lat="44.124520000000004" lon="5.261360000000001">
    <ele>794.22</ele>
   </trkpt>
   <trkpt lat="44.12456" lon="5.26151">
    <ele>794.22</ele>
   </trkpt>
   <trkpt lat="44.124570000000006" lon="5.26163">
    <ele>794.22</ele>
   </trkpt>
   <trkpt lat="44.124550000000006" lon="5.26189">
    <ele>794.22</ele>
   </trkpt>
   <trkpt lat="44.124320000000004" lon="5.263000000000001">
    <ele>815.97</ele>
   </trkpt>
   <trkpt lat="44.12425" lon="5.26369">
    <ele>815.97</ele>
   </trkpt>
   <trkpt lat="44.124190000000006" lon="5.263960000000001">
    <ele>815.97</ele>
   </trkpt>
   <trkpt lat="44.123960000000004" lon="5.2645800000000005">
    <ele>815.97</ele>
   </trkpt>
   <trkpt lat="44.123940000000005" lon="5.2647200000000005">
    <ele>815.97</ele>
   </trkpt>
   <trkpt lat="44.12395" lon="5.26489">
    <ele>824.64</ele>
   </trkpt>
   <trkpt lat="44.124190000000006" lon="5.26555">
    <ele>824.64</ele>
   </trkpt>
   <trkpt lat="44.12435000000001" lon="5.2658700000000005">
    <ele>837.58</ele>
   </trkpt>
   <trkpt lat="44.124460000000006" lon="5.266030000000001">
    <ele>837.58</ele>
   </trkpt>
   <trkpt lat="44.124570000000006" lon="5.26613">
    <ele>837.58</ele>
   </trkpt>
   <trkpt lat="44.124770000000005" lon="5.266380000000001">
    <ele>837.58</ele>
   </trkpt>
   <trkpt lat="44.124840000000006" lon="5.26651">
    <ele>837.58</ele>
   </trkpt>
   <trkpt lat="44.124990000000004" lon="5.2668800000000005">
    <ele>837.58</ele>
   </trkpt>
   <trkpt lat="44.125260000000004" lon="5.26766">
    <ele>872.4600000000002</ele>
   </trkpt>
   <trkpt lat="44.12567000000001" lon="5.2683800000000005">
    <ele>872.4600000000002</ele>
   </trkpt>
   <trkpt lat="44.125880001795544" lon="5.269014997854304">
    <ele>872.4600000000002</ele>
   </trkpt>
   <trkpt lat="44.126090000000005" lon="5.26965">
    <ele>874.83</ele>
   </trkpt>
   <trkpt lat="44.126200000000004" lon="5.27024">
    <ele>874.83</ele>
   </trkpt>
   <trkpt lat="44.126520000000006" lon="5.27116">
    <ele>874.83</ele>
   </trkpt>
   <trkpt lat="44.12655" lon="5.27142">
    <ele>874.83</ele>
   </trkpt>
   <trkpt lat="44.12660000304814" lon="5.2722549994156225">
    <ele>915.0600000000001</ele>
   </trkpt>
   <trkpt lat="44.126650000000005" lon="5.273090000000001">
    <ele>915.0600000000001</ele>
   </trkpt>
   <trkpt lat="44.12661000000001" lon="5.273440000000001">
    <ele>915.0600000000001</ele>
   </trkpt>
   <trkpt lat="44.126560000000005" lon="5.27364">
    <ele>915.0600000000001</ele>
   </trkpt>
   <trkpt lat="44.12615000479584" lon="5.274685007168568">
    <ele>915.0600000000001</ele>
   </trkpt>
   <trkpt lat="44.12574" lon="5.27573">
    <ele>915.0600000000001</ele>
   </trkpt>
   <trkpt lat="44.125710000000005" lon="5.2759">
    <ele>915.0600000000001</ele>
   </trkpt>
   <trkpt lat="44.12572" lon="5.27625">
    <ele>915.0600000000001</ele>
   </trkpt>
   <trkpt lat="44.125940004249344" lon="5.2772349964117335">
    <ele>915.0600000000001</ele>
   </trkpt>
   <trkpt lat="44.126160000000006" lon="5.27822">
    <ele>915.0600000000001</ele>
   </trkpt>
   <trkpt lat="44.12623000000001" lon="5.278320000000001">
    <ele>915.0600000000001</ele>
   </trkpt>
   <trkpt lat="44.12644" lon="5.2785400000000005">
    <ele>915.0600000000001</ele>
   </trkpt>
   <trkpt lat="44.126490000000004" lon="5.27862">
    <ele>915.0600000000001</ele>
   </trkpt>
   <trkpt lat="44.126520000000006" lon="5.2787500000000005">
    <ele>915.0600000000001</ele>
   </trkpt>
   <trkpt lat="44.126540000000006" lon="5.27888">
    <ele>915.0600000000001</ele>
   </trkpt>
   <trkpt lat="44.12655000207709" lon="5.279569999929028">
    <ele>915.0600000000001</ele>
   </trkpt>
   <trkpt lat="44.126560000000005" lon="5.28026">
    <ele>915.0600000000001</ele>
   </trkpt>
   <trkpt lat="44.126630000000006" lon="5.280670000000001">
    <ele>1005.4800000000001</ele>
   </trkpt>
   <trkpt lat="44.127" lon="5.28169">
    <ele>1005.4800000000001</ele>
   </trkpt>
   <trkpt lat="44.127030000000005" lon="5.281840000000001">
    <ele>1005.4800000000001</ele>
   </trkpt>
   <trkpt lat="44.12704" lon="5.28197">
    <ele>1005.4800000000001</ele>
   </trkpt>
   <trkpt lat="44.127" lon="5.282500000000001">
    <ele>1005.4800000000001</ele>
   </trkpt>
   <trkpt lat="44.12693" lon="5.28298">
    <ele>1005.4800000000001</ele>
   </trkpt>
   <trkpt lat="44.126920000000005" lon="5.28326">
    <ele>1005.4800000000001</ele>
   </trkpt>
   <trkpt lat="44.126940000000005" lon="5.2834">
    <ele>1005.4800000000001</ele>
   </trkpt>
   <trkpt lat="44.12698" lon="5.283510000000001">
    <ele>1005.4800000000001</ele>
   </trkpt>
   <trkpt lat="44.127050000000004" lon="5.283600000000001">
    <ele>1005.4800000000001</ele>
   </trkpt>
   <trkpt lat="44.12713" lon="5.283670000000001">
    <ele>1005.4800000000001</ele>
   </trkpt>
   <trkpt lat="44.12726000000001" lon="5.283740000000001">
    <ele>1005.4800000000001</ele>
   </trkpt>
   <trkpt lat="44.127390000000005" lon="5.2837700000000005">
    <ele>1005.4800000000001</ele>
   </trkpt>
   <trkpt lat="44.12751" lon="5.28376">
    <ele>1005.4800000000001</ele>
   </trkpt>
   <trkpt lat="44.12776" lon="5.283650000000001">
    <ele>1005.4800000000001</ele>
   </trkpt>
   <trkpt lat="44.12785" lon="5.2836300000000005">
    <ele>1005.4800000000001</ele>
   </trkpt>
   <trkpt lat="44.127950000000006" lon="5.28364">
    <ele>1005.4800000000001</ele>
   </trkpt>
   <trkpt lat="44.128280000000004" lon="5.283720000000001">
    <ele>1005.4800000000001</ele>
   </trkpt>
   <trkpt lat="44.12841" lon="5.28373">
    <ele>1005.4800000000001</ele>
   </trkpt>
   <trkpt lat="44.12863" lon="5.2837000000000005">
    <ele>1005.4800000000001</ele>
   </trkpt>
   <trkpt lat="44.1287" lon="5.283720000000001">
    <ele>1005.4800000000001</ele>
   </trkpt>
   <trkpt lat="44.12874" lon="5.28376">
    <ele>1005.4800000000001</ele>
   </trkpt>
   <trkpt lat="44.128750000000004" lon="5.283860000000001">
    <ele>1005.4800000000001</ele>
   </trkpt>
   <trkpt lat="44.128730000000004" lon="5.2839100000000006">
    <ele>1005.4800000000001</ele>
   </trkpt>
   <trkpt lat="44.128550000000004" lon="5.28401">
    <ele>1005.4800000000001</ele>
   </trkpt>
   <trkpt lat="44.128490000000006" lon="5.28406">
    <ele>1005.4800000000001</ele>
   </trkpt>
   <trkpt lat="44.12845" lon="5.284140000000001">
    <ele>1005.4800000000001</ele>
   </trkpt>
   <trkpt lat="44.12843" lon="5.28425">
    <ele>1005.4800000000001</ele>
   </trkpt>
   <trkpt lat="44.12848" lon="5.28444">
    <ele>1005.4800000000001</ele>
   </trkpt>
   <trkpt lat="44.12874" lon="5.28488">
    <ele>1010.1</ele>
   </trkpt>
   <trkpt lat="44.12886" lon="5.28516">
    <ele>1010.1</ele>
   </trkpt>
   <trkpt lat="44.128910000000005" lon="5.2859300000000005">
    <ele>1010.1</ele>
   </trkpt>
   <trkpt lat="44.12897" lon="5.2862100000000005">
    <ele>1010.1</ele>
   </trkpt>
   <trkpt lat="44.12901" lon="5.28629">
    <ele>1010.1</ele>
   </trkpt>
   <trkpt lat="44.129220000000004" lon="5.28659">
    <ele>1010.1</ele>
   </trkpt>
   <trkpt lat="44.12932000000001" lon="5.286770000000001">
    <ele>1027.47</ele>
   </trkpt>
   <trkpt lat="44.12955" lon="5.2872900000000005">
    <ele>1027.47</ele>
   </trkpt>
   <trkpt lat="44.129580000000004" lon="5.28758">
    <ele>1027.47</ele>
   </trkpt>
   <trkpt lat="44.129560000000005" lon="5.28798">
    <ele>1027.47</ele>
   </trkpt>
   <trkpt lat="44.129580000000004" lon="5.28814">
    <ele>1027.47</ele>
   </trkpt>
   <trkpt lat="44.129720000000006" lon="5.288320000000001">
    <ele>1027.47</ele>
   </trkpt>
   <trkpt lat="44.130410000000005" lon="5.28884">
    <ele>1046.5500000000002</ele>
   </trkpt>
   <trkpt lat="44.130590000000005" lon="5.2890500000000005">
    <ele>1046.5500000000002</ele>
   </trkpt>
   <trkpt lat="44.13064000000001" lon="5.28917">
    <ele>1046.5500000000002</ele>
   </trkpt>
   <trkpt lat="44.13076" lon="5.28952">
    <ele>1046.5500000000002</ele>
   </trkpt>
   <trkpt lat="44.130930000000006" lon="5.290170000000001">
    <ele>1046.5500000000002</ele>
   </trkpt>
   <trkpt lat="44.13101" lon="5.29037">
    <ele>1046.5500000000002</ele>
   </trkpt>
   <trkpt lat="44.13152" lon="5.291270000000001">
    <ele>1046.5500000000002</ele>
   </trkpt>
   <trkpt lat="44.131660000000004" lon="5.291580000000001">
    <ele>1046.5500000000002</ele>
   </trkpt>
   <trkpt lat="44.13197" lon="5.292490000000001">
    <ele>1046.5500000000002</ele>
   </trkpt>
   <trkpt lat="44.13215" lon="5.2929">
    <ele>1046.5500000000002</ele>
   </trkpt>
   <trkpt lat="44.132490002126" lon="5.293599995947278">
    <ele>1046.5500000000002</ele>
   </trkpt>
   <trkpt lat="44.132830000000006" lon="5.294300000000001">
    <ele>1046.5500000000002</ele>
   </trkpt>
   <trkpt lat="44.133210000000005" lon="5.29487">
    <ele>1150.2800000000002</ele>
   </trkpt>
   <trkpt lat="44.13333" lon="5.2950800000000005">
    <ele>1150.2800000000002</ele>
   </trkpt>
   <trkpt lat="44.13368667198364" lon="5.295863323793726">
    <ele>1150.2800000000002</ele>
   </trkpt>
   <trkpt lat="44.13404333861501" lon="5.296646657049429">
    <ele>1150.2800000000002</ele>
   </trkpt>
   <trkpt lat="44.13440000000001" lon="5.29743">
    <ele>1150.2800000000002</ele>
   </trkpt>
   <trkpt lat="44.134510000000006" lon="5.2979">
    <ele>1150.2800000000002</ele>
   </trkpt>
   <trkpt lat="44.13458000000001" lon="5.298450000000001">
    <ele>1150.2800000000002</ele>
   </trkpt>
   <trkpt lat="44.134665004090046" lon="5.299419998449333">
    <ele>1150.2800000000002</ele>
   </trkpt>
   <trkpt lat="44.134750000000004" lon="5.30039">
    <ele>1154.4800000000002</ele>
   </trkpt>
   <trkpt lat="44.13483" lon="5.30088">
    <ele>1154.4800000000002</ele>
   </trkpt>
   <trkpt lat="44.13492" lon="5.301130000000001">
    <ele>1154.4800000000002</ele>
   </trkpt>
   <trkpt lat="44.13533500228573" lon="5.301864994709976">
    <ele>1154.4800000000002</ele>
   </trkpt>
   <trkpt lat="44.13575" lon="5.302600000000001">
    <ele>1154.4800000000002</ele>
   </trkpt>
   <trkpt lat="44.135870000000004" lon="5.3029">
    <ele>1154.4800000000002</ele>
   </trkpt>
   <trkpt lat="44.13589" lon="5.303050000000001">
    <ele>1199.1900000000003</ele>
   </trkpt>
   <trkpt lat="44.135870000000004" lon="5.30334">
    <ele>1199.1900000000003</ele>
   </trkpt>
   <trkpt lat="44.13574000177692" lon="5.303985001606136">
    <ele>1199.1900000000003</ele>
   </trkpt>
   <trkpt lat="44.13561000000001" lon="5.30463">
    <ele>1199.1900000000003</ele>
   </trkpt>
   <trkpt lat="44.135470000000005" lon="5.305680000000001">
    <ele>1199.1900000000003</ele>
   </trkpt>
   <trkpt lat="44.13548" lon="5.305960000000001">
    <ele>1199.1900000000003</ele>
   </trkpt>
   <trkpt lat="44.135540000000006" lon="5.306260000000001">
    <ele>1199.1900000000003</ele>
   </trkpt>
   <trkpt lat="44.135670000000005" lon="5.306660000000001">
    <ele>1199.1900000000003</ele>
   </trkpt>
   <trkpt lat="44.13595" lon="5.30719">
    <ele>1223.13</ele>
   </trkpt>
   <trkpt lat="44.136100000000006" lon="5.3074200000000005">
    <ele>1223.13</ele>
   </trkpt>
   <trkpt lat="44.13674500295578" lon="5.30824999087104">
    <ele>1223.13</ele>
   </trkpt>
   <trkpt lat="44.13739" lon="5.309080000000001">
    <ele>1232.2</ele>
   </trkpt>
   <trkpt lat="44.13756" lon="5.30937">
    <ele>1232.2</ele>
   </trkpt>
   <trkpt lat="44.13767000000001" lon="5.309620000000001">
    <ele>1232.2</ele>
   </trkpt>
   <trkpt lat="44.13790000196436" lon="5.3102799976144075">
    <ele>1232.2</ele>
   </trkpt>
   <trkpt lat="44.138130000000004" lon="5.31094">
    <ele>1232.2</ele>
   </trkpt>
   <trkpt lat="44.138160000000006" lon="5.311120000000001">
    <ele>1232.2</ele>
   </trkpt>
   <trkpt lat="44.13812" lon="5.311680000000001">
    <ele>1232.2</ele>
   </trkpt>
   <trkpt lat="44.13815" lon="5.31184">
    <ele>1232.2</ele>
   </trkpt>
   <trkpt lat="44.13835" lon="5.3125800000000005">
    <ele>1232.2</ele>
   </trkpt>
   <trkpt lat="44.138490000000004" lon="5.313630000000001">
    <ele>1232.2</ele>
   </trkpt>
   <trkpt lat="44.138600000000004" lon="5.31399">
    <ele>1232.2</ele>
   </trkpt>
   <trkpt lat="44.139" lon="5.31482">
    <ele>1232.2</ele>
   </trkpt>
   <trkpt lat="44.13932000106741" lon="5.315314997315329">
    <ele>1320.91</ele>
   </trkpt>
   <trkpt lat="44.13964000000001" lon="5.315810000000001">
    <ele>1320.91</ele>
   </trkpt>
   <trkpt lat="44.13996" lon="5.316260000000001">
    <ele>1320.91</ele>
   </trkpt>
   <trkpt lat="44.140510000000006" lon="5.31698">
    <ele>1320.91</ele>
   </trkpt>
   <trkpt lat="44.140840000000004" lon="5.31752">
    <ele>1320.91</ele>
   </trkpt>
   <trkpt lat="44.14108" lon="5.3178600000000005">
    <ele>1320.91</ele>
   </trkpt>
   <trkpt lat="44.141490000000005" lon="5.31829">
    <ele>1320.91</ele>
   </trkpt>
   <trkpt lat="44.14171" lon="5.318460000000001">
    <ele>1320.91</ele>
   </trkpt>
   <trkpt lat="44.14188" lon="5.3184700000000005">
    <ele>1320.91</ele>
   </trkpt>
   <trkpt lat="44.14215" lon="5.318390000000001">
    <ele>1320.91</ele>
   </trkpt>
   <trkpt lat="44.14224" lon="5.318390000000001">
    <ele>1320.91</ele>
   </trkpt>
   <trkpt lat="44.142320000000005" lon="5.3184000000000005">
    <ele>1320.91</ele>
   </trkpt>
   <trkpt lat="44.142590000000006" lon="5.31855">
    <ele>1320.91</ele>
   </trkpt>
   <trkpt lat="44.14269" lon="5.31857">
    <ele>1320.91</ele>
   </trkpt>
   <trkpt lat="44.14276" lon="5.318560000000001">
    <ele>1320.91</ele>
   </trkpt>
   <trkpt lat="44.142950000000006" lon="5.318440000000001">
    <ele>1320.91</ele>
   </trkpt>
   <trkpt lat="44.14325" lon="5.318180000000001">
    <ele>1320.91</ele>
   </trkpt>
   <trkpt lat="44.143510000000006" lon="5.31799">
    <ele>1320.91</ele>
   </trkpt>
   <trkpt lat="44.1439" lon="5.31758">
    <ele>1320.91</ele>
   </trkpt>
   <trkpt lat="44.144000000000005" lon="5.31752">
    <ele>1320.91</ele>
   </trkpt>
   <trkpt lat="44.144200000000005" lon="5.31744">
    <ele>1367.45</ele>
   </trkpt>
   <trkpt lat="44.144560000000006" lon="5.3174">
    <ele>1367.45</ele>
   </trkpt>
   <trkpt lat="44.14471" lon="5.317410000000001">
    <ele>1367.45</ele>
   </trkpt>
   <trkpt lat="44.1452" lon="5.3175300000000005">
    <ele>1367.45</ele>
   </trkpt>
   <trkpt lat="44.14556" lon="5.3176000000000005">
    <ele>1367.45</ele>
   </trkpt>
   <trkpt lat="44.14578" lon="5.3177">
    <ele>1367.45</ele>
   </trkpt>
   <trkpt lat="44.14589" lon="5.31766">
    <ele>1367.45</ele>
   </trkpt>
   <trkpt lat="44.14591" lon="5.31761">
    <ele>1367.45</ele>
   </trkpt>
   <trkpt lat="44.14587" lon="5.31747">
    <ele>1367.45</ele>
   </trkpt>
   <trkpt lat="44.14547" lon="5.316700000000001">
    <ele>1365.24</ele>
   </trkpt>
   <trkpt lat="44.14544" lon="5.3165700000000005">
    <ele>1365.4400000000003</ele>
   </trkpt>
   <trkpt lat="44.14547" lon="5.31639">
    <ele>1365.4400000000003</ele>
   </trkpt>
   <trkpt lat="44.145750001145515" lon="5.3158850023354125">
    <ele>1365.4400000000003</ele>
   </trkpt>
   <trkpt lat="44.14603" lon="5.31538">
    <ele>1364.06</ele>
   </trkpt>
   <trkpt lat="44.146170000000005" lon="5.31526">
    <ele>1364.06</ele>
   </trkpt>
   <trkpt lat="44.14636" lon="5.31524">
    <ele>1366.65</ele>
   </trkpt>
   <trkpt lat="44.14688" lon="5.31538">
    <ele>1366.65</ele>
   </trkpt>
   <trkpt lat="44.147020000000005" lon="5.31545">
    <ele>1366.65</ele>
   </trkpt>
   <trkpt lat="44.14714" lon="5.31555">
    <ele>1386.29</ele>
   </trkpt>
   <trkpt lat="44.147330000000004" lon="5.31582">
    <ele>1386.29</ele>
   </trkpt>
   <trkpt lat="44.147490000000005" lon="5.31597">
    <ele>1386.29</ele>
   </trkpt>
   <trkpt lat="44.147780000000004" lon="5.31608">
    <ele>1386.29</ele>
   </trkpt>
   <trkpt lat="44.14804" lon="5.3161700000000005">
    <ele>1386.29</ele>
   </trkpt>
   <trkpt lat="44.148570000495766" lon="5.316489997156296">
    <ele>1386.29</ele>
   </trkpt>
   <trkpt lat="44.149100000000004" lon="5.31681">
    <ele>1386.29</ele>
   </trkpt>
   <trkpt lat="44.14951000046378" lon="5.317099998054107">
    <ele>1386.29</ele>
   </trkpt>
   <trkpt lat="44.14992" lon="5.3173900000000005">
    <ele>1427.37</ele>
   </trkpt>
   <trkpt lat="44.15014" lon="5.317500000000001">
    <ele>1427.37</ele>
   </trkpt>
   <trkpt lat="44.1505" lon="5.31763">
    <ele>1427.37</ele>
   </trkpt>
   <trkpt lat="44.15072000000001" lon="5.317740000000001">
    <ele>1427.37</ele>
   </trkpt>
   <trkpt lat="44.15111" lon="5.31806">
    <ele>1427.37</ele>
   </trkpt>
   <trkpt lat="44.151720000000005" lon="5.31867">
    <ele>1427.37</ele>
   </trkpt>
   <trkpt lat="44.151880000000006" lon="5.3188200000000005">
    <ele>1429.95</ele>
   </trkpt>
   <trkpt lat="44.15196" lon="5.318860000000001">
    <ele>1430.13</ele>
   </trkpt>
   <trkpt lat="44.15203" lon="5.318860000000001">
    <ele>1430.13</ele>
   </trkpt>
   <trkpt lat="44.15211" lon="5.318790000000001">
    <ele>1431.3200000000002</ele>
   </trkpt>
   <trkpt lat="44.152120000000004" lon="5.31878">
    <ele>1431.3200000000002</ele>
   </trkpt>
   <trkpt lat="44.1522" lon="5.3186800000000005">
    <ele>1432.68</ele>
   </trkpt>
   <trkpt lat="44.15222000000001" lon="5.318390000000001">
    <ele>1433.6000000000001</ele>
   </trkpt>
   <trkpt lat="44.15191" lon="5.31733">
    <ele>1433.6000000000001</ele>
   </trkpt>
   <trkpt lat="44.15156" lon="5.31643">
    <ele>1436.4800000000002</ele>
   </trkpt>
   <trkpt lat="44.15137000218511" lon="5.315714997530534">
    <ele>1436.4800000000002</ele>
   </trkpt>
   <trkpt lat="44.151180000000004" lon="5.315">
    <ele>1436.4800000000002</ele>
   </trkpt>
   <trkpt lat="44.15115" lon="5.31491">
    <ele>1436.4800000000002</ele>
   </trkpt>
   <trkpt lat="44.15095" lon="5.3145500000000006">
    <ele>1436.4800000000002</ele>
   </trkpt>
   <trkpt lat="44.15090000000001" lon="5.3144">
    <ele>1436.9</ele>
   </trkpt>
   <trkpt lat="44.150890000000004" lon="5.314260000000001">
    <ele>1436.9</ele>
   </trkpt>
   <trkpt lat="44.15097" lon="5.314">
    <ele>1436.9</ele>
   </trkpt>
   <trkpt lat="44.15108" lon="5.31386">
    <ele>1436.9</ele>
   </trkpt>
   <trkpt lat="44.15144" lon="5.3135200000000005">
    <ele>1441.57</ele>
   </trkpt>
   <trkpt lat="44.15153" lon="5.31348">
    <ele>1441.57</ele>
   </trkpt>
   <trkpt lat="44.151740000000004" lon="5.31348">
    <ele>1441.57</ele>
   </trkpt>
   <trkpt lat="44.15227" lon="5.3136">
    <ele>1472.6800000000003</ele>
   </trkpt>
   <trkpt lat="44.15247" lon="5.31371">
    <ele>1472.6800000000003</ele>
   </trkpt>
   <trkpt lat="44.15258" lon="5.3138000000000005">
    <ele>1472.6800000000003</ele>
   </trkpt>
   <trkpt lat="44.15297" lon="5.31428">
    <ele>1472.6800000000003</ele>
   </trkpt>
   <trkpt lat="44.15308" lon="5.314380000000001">
    <ele>1472.6800000000003</ele>
   </trkpt>
   <trkpt lat="44.15321" lon="5.31446">
    <ele>1472.6800000000003</ele>
   </trkpt>
   <trkpt lat="44.153670000000005" lon="5.3146700000000004">
    <ele>1472.6800000000003</ele>
   </trkpt>
   <trkpt lat="44.15379" lon="5.3147400000000005">
    <ele>1472.6800000000003</ele>
   </trkpt>
   <trkpt lat="44.15428000037822" lon="5.315084997036158">
    <ele>1472.6800000000003</ele>
   </trkpt>
   <trkpt lat="44.154770000000006" lon="5.31543">
    <ele>1472.6800000000003</ele>
   </trkpt>
   <trkpt lat="44.15484" lon="5.315440000000001">
    <ele>1472.6800000000003</ele>
   </trkpt>
   <trkpt lat="44.15493" lon="5.315410000000001">
    <ele>1472.6800000000003</ele>
   </trkpt>
   <trkpt lat="44.15498" lon="5.315320000000001">
    <ele>1472.6800000000003</ele>
   </trkpt>
   <trkpt lat="44.154970000000006" lon="5.315230000000001">
    <ele>1472.6800000000003</ele>
   </trkpt>
   <trkpt lat="44.154830000000004" lon="5.31491">
    <ele>1472.6800000000003</ele>
   </trkpt>
   <trkpt lat="44.15478" lon="5.3146">
    <ele>1472.6800000000003</ele>
   </trkpt>
   <trkpt lat="44.154790000000006" lon="5.31388">
    <ele>1472.6800000000003</ele>
   </trkpt>
   <trkpt lat="44.15485" lon="5.31294">
    <ele>1532.45</ele>
   </trkpt>
   <trkpt lat="44.154900000000005" lon="5.3125800000000005">
    <ele>1532.45</ele>
   </trkpt>
   <trkpt lat="44.154990000000005" lon="5.312360000000001">
    <ele>1532.45</ele>
   </trkpt>
   <trkpt lat="44.15511" lon="5.3122300000000005">
    <ele>1532.45</ele>
   </trkpt>
   <trkpt lat="44.155240000000006" lon="5.312180000000001">
    <ele>1532.45</ele>
   </trkpt>
   <trkpt lat="44.15545" lon="5.31221">
    <ele>1532.45</ele>
   </trkpt>
   <trkpt lat="44.15605" lon="5.31264">
    <ele>1532.45</ele>
   </trkpt>
   <trkpt lat="44.15623" lon="5.31275">
    <ele>1532.45</ele>
   </trkpt>
   <trkpt lat="44.15692000000001" lon="5.313040000000001">
    <ele>1532.45</ele>
   </trkpt>
   <trkpt lat="44.15711" lon="5.31315">
    <ele>1532.45</ele>
   </trkpt>
   <trkpt lat="44.15747" lon="5.31343">
    <ele>1532.45</ele>
   </trkpt>
   <trkpt lat="44.15762" lon="5.3134500000000005">
    <ele>1532.45</ele>
   </trkpt>
   <trkpt lat="44.15769" lon="5.313420000000001">
    <ele>1532.45</ele>
   </trkpt>
   <trkpt lat="44.157740000000004" lon="5.31336">
    <ele>1532.45</ele>
   </trkpt>
   <trkpt lat="44.157790000000006" lon="5.3132600000000005">
    <ele>1532.45</ele>
   </trkpt>
   <trkpt lat="44.157810000000005" lon="5.313070000000001">
    <ele>1532.45</ele>
   </trkpt>
   <trkpt lat="44.15778" lon="5.312200000000001">
    <ele>1532.45</ele>
   </trkpt>
   <trkpt lat="44.157520000000005" lon="5.3115000000000006">
    <ele>1532.45</ele>
   </trkpt>
   <trkpt lat="44.15742" lon="5.31102">
    <ele>1532.45</ele>
   </trkpt>
   <trkpt lat="44.1574" lon="5.3107500000000005">
    <ele>1532.45</ele>
   </trkpt>
   <trkpt lat="44.157430000000005" lon="5.31022">
    <ele>1532.45</ele>
   </trkpt>
   <trkpt lat="44.15755" lon="5.30959">
    <ele>1532.45</ele>
   </trkpt>
   <trkpt lat="44.15771" lon="5.30912">
    <ele>1532.45</ele>
   </trkpt>
   <trkpt lat="44.157830000000004" lon="5.308870000000001">
    <ele>1532.45</ele>
   </trkpt>
   <trkpt lat="44.15794" lon="5.30872">
    <ele>1532.45</ele>
   </trkpt>
   <trkpt lat="44.15813000000001" lon="5.30851">
    <ele>1532.45</ele>
   </trkpt>
   <trkpt lat="44.158300000000004" lon="5.30837">
    <ele>1532.45</ele>
   </trkpt>
   <trkpt lat="44.158480000000004" lon="5.30827">
    <ele>1532.45</ele>
   </trkpt>
   <trkpt lat="44.15885" lon="5.30813">
    <ele>1586.72</ele>
   </trkpt>
   <trkpt lat="44.15903" lon="5.3081000000000005">
    <ele>1586.72</ele>
   </trkpt>
   <trkpt lat="44.159220000000005" lon="5.3081000000000005">
    <ele>1586.72</ele>
   </trkpt>
   <trkpt lat="44.16008" lon="5.308210000000001">
    <ele>1586.72</ele>
   </trkpt>
   <trkpt lat="44.1602" lon="5.3081700000000005">
    <ele>1586.72</ele>
   </trkpt>
   <trkpt lat="44.160270000000004" lon="5.308070000000001">
    <ele>1586.72</ele>
   </trkpt>
   <trkpt lat="44.16026" lon="5.307860000000001">
    <ele>1586.72</ele>
   </trkpt>
   <trkpt lat="44.160230000000006" lon="5.30776">
    <ele>1586.72</ele>
   </trkpt>
   <trkpt lat="44.15999" lon="5.30726">
    <ele>1586.72</ele>
   </trkpt>
   <trkpt lat="44.15984" lon="5.3067400000000005">
    <ele>1586.72</ele>
   </trkpt>
   <trkpt lat="44.159650000000006" lon="5.3058000000000005">
    <ele>1586.72</ele>
   </trkpt>
   <trkpt lat="44.15961" lon="5.305440000000001">
    <ele>1586.72</ele>
   </trkpt>
   <trkpt lat="44.15964" lon="5.305040000000001">
    <ele>1586.72</ele>
   </trkpt>
   <trkpt lat="44.15983000349605" lon="5.30414500287076">
    <ele>1586.72</ele>
   </trkpt>
   <trkpt lat="44.16002" lon="5.30325">
    <ele>1599.7100000000003</ele>
   </trkpt>
   <trkpt lat="44.16030000243625" lon="5.3025000036050445">
    <ele>1599.7100000000003</ele>
   </trkpt>
   <trkpt lat="44.16058" lon="5.30175">
    <ele>1599.7100000000003</ele>
   </trkpt>
   <trkpt lat="44.160720000000005" lon="5.30149">
    <ele>1599.7100000000003</ele>
   </trkpt>
   <trkpt lat="44.16089" lon="5.301270000000001">
    <ele>1599.7100000000003</ele>
   </trkpt>
   <trkpt lat="44.16107" lon="5.30109">
    <ele>1599.7100000000003</ele>
   </trkpt>
   <trkpt lat="44.161410000000004" lon="5.30083">
    <ele>1599.7100000000003</ele>
   </trkpt>
   <trkpt lat="44.16163" lon="5.30072">
    <ele>1599.7100000000003</ele>
   </trkpt>
   <trkpt lat="44.16174" lon="5.30072">
    <ele>1599.7100000000003</ele>
   </trkpt>
   <trkpt lat="44.16181" lon="5.300750000000001">
    <ele>1599.7100000000003</ele>
   </trkpt>
   <trkpt lat="44.16189000000001" lon="5.30081">
    <ele>1599.7100000000003</ele>
   </trkpt>
   <trkpt lat="44.161970000000004" lon="5.30091">
    <ele>1599.7100000000003</ele>
   </trkpt>
   <trkpt lat="44.16232000175594" lon="5.30155499606559">
    <ele>1599.7100000000003</ele>
   </trkpt>
   <trkpt lat="44.162670000000006" lon="5.3022">
    <ele>1599.7100000000003</ele>
   </trkpt>
   <trkpt lat="44.16275" lon="5.30233">
    <ele>1599.7100000000003</ele>
   </trkpt>
   <trkpt lat="44.1629" lon="5.302490000000001">
    <ele>1599.7100000000003</ele>
   </trkpt>
   <trkpt lat="44.16297" lon="5.30252">
    <ele>1599.7100000000003</ele>
   </trkpt>
   <trkpt lat="44.16304" lon="5.30252">
    <ele>1599.7100000000003</ele>
   </trkpt>
   <trkpt lat="44.16315" lon="5.302490000000001">
    <ele>1599.7100000000003</ele>
   </trkpt>
   <trkpt lat="44.16375" lon="5.3020700000000005">
    <ele>1666.0600000000002</ele>
   </trkpt>
   <trkpt lat="44.16389" lon="5.301880000000001">
    <ele>1666.0600000000002</ele>
   </trkpt>
   <trkpt lat="44.163990000000005" lon="5.30166">
    <ele>1666.0600000000002</ele>
   </trkpt>
   <trkpt lat="44.164240002423995" lon="5.300920003030459">
    <ele>1666.0600000000002</ele>
   </trkpt>
   <trkpt lat="44.16449" lon="5.30018">
    <ele>1666.0600000000002</ele>
   </trkpt>
   <trkpt lat="44.164765001572256" lon="5.299560003125411">
    <ele>1666.0600000000002</ele>
   </trkpt>
   <trkpt lat="44.165040000000005" lon="5.298940000000001">
    <ele>1666.0600000000002</ele>
   </trkpt>
   <trkpt lat="44.165130000000005" lon="5.2986200000000006">
    <ele>1666.0600000000002</ele>
   </trkpt>
   <trkpt lat="44.165330000000004" lon="5.2976600000000005">
    <ele>1666.0600000000002</ele>
   </trkpt>
   <trkpt lat="44.165440000000004" lon="5.29729">
    <ele>1666.0600000000002</ele>
   </trkpt>
   <trkpt lat="44.165600000000005" lon="5.29703">
    <ele>1666.0600000000002</ele>
   </trkpt>
   <trkpt lat="44.165690000000005" lon="5.296930000000001">
    <ele>1666.0600000000002</ele>
   </trkpt>
   <trkpt lat="44.16586" lon="5.2967900000000006">
    <ele>1666.0600000000002</ele>
   </trkpt>
   <trkpt lat="44.16635" lon="5.29649">
    <ele>1666.0600000000002</ele>
   </trkpt>
   <trkpt lat="44.166970000000006" lon="5.29607">
    <ele>1666.0600000000002</ele>
   </trkpt>
   <trkpt lat="44.16734" lon="5.29572">
    <ele>1666.0600000000002</ele>
   </trkpt>
   <trkpt lat="44.167460000000005" lon="5.2955700000000006">
    <ele>1666.0600000000002</ele>
   </trkpt>
   <trkpt lat="44.16756" lon="5.29541">
    <ele>1666.0600000000002</ele>
   </trkpt>
   <trkpt lat="44.16762000000001" lon="5.295280000000001">
    <ele>1666.0600000000002</ele>
   </trkpt>
   <trkpt lat="44.16767" lon="5.2950800000000005">
    <ele>1666.0600000000002</ele>
   </trkpt>
   <trkpt lat="44.16767" lon="5.294980000000001">
    <ele>1666.0600000000002</ele>
   </trkpt>
   <trkpt lat="44.167590000000004" lon="5.29464">
    <ele>1666.0600000000002</ele>
   </trkpt>
   <trkpt lat="44.167190000000005" lon="5.29377">
    <ele>1666.0600000000002</ele>
   </trkpt>
   <trkpt lat="44.16713" lon="5.2936000000000005">
    <ele>1666.0600000000002</ele>
   </trkpt>
   <trkpt lat="44.16707" lon="5.29335">
    <ele>1666.0600000000002</ele>
   </trkpt>
   <trkpt lat="44.16705" lon="5.2930600000000005">
    <ele>1666.0600000000002</ele>
   </trkpt>
   <trkpt lat="44.16707" lon="5.292770000000001">
    <ele>1666.0600000000002</ele>
   </trkpt>
   <trkpt lat="44.16715000000001" lon="5.2925">
    <ele>1666.0600000000002</ele>
   </trkpt>
   <trkpt lat="44.16729" lon="5.29225">
    <ele>1763.8700000000001</ele>
   </trkpt>
   <trkpt lat="44.16745" lon="5.292020000000001">
    <ele>1763.8700000000001</ele>
   </trkpt>
   <trkpt lat="44.16762000000001" lon="5.29189">
    <ele>1763.8700000000001</ele>
   </trkpt>
   <trkpt lat="44.168460000540804" lon="5.291535005059395">
    <ele>1763.8700000000001</ele>
   </trkpt>
   <trkpt lat="44.16930000000001" lon="5.291180000000001">
    <ele>1763.8700000000001</ele>
   </trkpt>
   <trkpt lat="44.1694" lon="5.2911">
    <ele>1763.8700000000001</ele>
   </trkpt>
   <trkpt lat="44.16944" lon="5.29103">
    <ele>1763.8700000000001</ele>
   </trkpt>
   <trkpt lat="44.169450000000005" lon="5.29096">
    <ele>1763.8700000000001</ele>
   </trkpt>
   <trkpt lat="44.16944" lon="5.2908800000000005">
    <ele>1763.8700000000001</ele>
   </trkpt>
   <trkpt lat="44.16939000000001" lon="5.290710000000001">
    <ele>1763.8700000000001</ele>
   </trkpt>
   <trkpt lat="44.16888" lon="5.290150000000001">
    <ele>1763.8700000000001</ele>
   </trkpt>
   <trkpt lat="44.16875" lon="5.289960000000001">
    <ele>1763.8700000000001</ele>
   </trkpt>
   <trkpt lat="44.16866" lon="5.289750000000001">
    <ele>1763.8700000000001</ele>
   </trkpt>
   <trkpt lat="44.16861" lon="5.28953">
    <ele>1763.8700000000001</ele>
   </trkpt>
   <trkpt lat="44.16859" lon="5.28917">
    <ele>1763.8700000000001</ele>
   </trkpt>
   <trkpt lat="44.168670000000006" lon="5.288410000000001">
    <ele>1763.8700000000001</ele>
   </trkpt>
   <trkpt lat="44.16875" lon="5.288010000000001">
    <ele>1763.8700000000001</ele>
   </trkpt>
   <trkpt lat="44.16901" lon="5.2871500000000005">
    <ele>1765.0700000000002</ele>
   </trkpt>
   <trkpt lat="44.169250000000005" lon="5.28662">
    <ele>1765.0700000000002</ele>
   </trkpt>
   <trkpt lat="44.16944" lon="5.286300000000001">
    <ele>1765.0700000000002</ele>
   </trkpt>
   <trkpt lat="44.169630000000005" lon="5.28605">
    <ele>1765.0700000000002</ele>
   </trkpt>
   <trkpt lat="44.16991" lon="5.28577">
    <ele>1765.0700000000002</ele>
   </trkpt>
   <trkpt lat="44.170480000000005" lon="5.28526">
    <ele>1765.0700000000002</ele>
   </trkpt>
   <trkpt lat="44.170700000000004" lon="5.285010000000001">
    <ele>1765.0700000000002</ele>
   </trkpt>
   <trkpt lat="44.17100000000001" lon="5.28458">
    <ele>1765.0700000000002</ele>
   </trkpt>
   <trkpt lat="44.171240000000004" lon="5.28439">
    <ele>1765.0700000000002</ele>
   </trkpt>
   <trkpt lat="44.171530000000004" lon="5.284280000000001">
    <ele>1765.0700000000002</ele>
   </trkpt>
   <trkpt lat="44.171730000000004" lon="5.2842400000000005">
    <ele>1809.5400000000002</ele>
   </trkpt>
   <trkpt lat="44.17238000007427" lon="5.284133335688705">
    <ele>1809.5400000000002</ele>
   </trkpt>
   <trkpt lat="44.1730300000493" lon="5.284026669026172">
    <ele>1809.5400000000002</ele>
   </trkpt>
   <trkpt lat="44.173680000000004" lon="5.28392">
    <ele>1809.5400000000002</ele>
   </trkpt>
   <trkpt lat="44.17400000000001" lon="5.28383">
    <ele>1809.5400000000002</ele>
   </trkpt>
   <trkpt lat="44.17416" lon="5.283740000000001">
    <ele>1801.6000000000001</ele>
   </trkpt>
   <trkpt lat="44.174220000000005" lon="5.28359">
    <ele>1810.7600000000002</ele>
   </trkpt>
   <trkpt lat="44.174240000000005" lon="5.28335">
    <ele>1820.93</ele>
   </trkpt>
   <trkpt lat="44.17418000000001" lon="5.28289">
    <ele>1820.93</ele>
   </trkpt>
   <trkpt lat="44.17397000494144" lon="5.281824996179658">
    <ele>1820.93</ele>
   </trkpt>
   <trkpt lat="44.17376" lon="5.280760000000001">
    <ele>1881.4400000000003</ele>
   </trkpt>
   <trkpt lat="44.173660000000005" lon="5.28049">
    <ele>1881.4400000000003</ele>
   </trkpt>
   <trkpt lat="44.17338500137929" lon="5.27993499748428">
    <ele>1881.4400000000003</ele>
   </trkpt>
   <trkpt lat="44.17311" lon="5.279380000000001">
    <ele>1881.4400000000003</ele>
   </trkpt>
   <trkpt lat="44.173010000000005" lon="5.2791500000000005">
    <ele>1881.4400000000003</ele>
   </trkpt>
   <trkpt lat="44.17296" lon="5.2789">
    <ele>1881.4400000000003</ele>
   </trkpt>
   <trkpt lat="44.17296" lon="5.27841">
    <ele>1881.4400000000003</ele>
   </trkpt>
   <trkpt lat="44.173" lon="5.2781">
    <ele>1878.3600000000001</ele>
   </trkpt>
   <trkpt lat="44.173300000000005" lon="5.277310000000001">
    <ele>1868.38</ele>
   </trkpt>
   <trkpt lat="44.173350000000006" lon="5.27709">
    <ele>1868.38</ele>
   </trkpt>
   <trkpt lat="44.17338" lon="5.277030000000001">
    <ele>1868.38</ele>
   </trkpt>
   <trkpt lat="44.17345" lon="5.27702">
    <ele>1868.38</ele>
   </trkpt>
   <trkpt lat="44.17349" lon="5.27707">
    <ele>1868.38</ele>
   </trkpt>
   <trkpt lat="44.173500000000004" lon="5.27723">
    <ele>1875.39</ele>
   </trkpt>
   <trkpt lat="44.173320000000004" lon="5.27803">
    <ele>1886.4</ele>
   </trkpt>
   <trkpt lat="44.173300000000005" lon="5.2784">
    <ele>1886.4</ele>
   </trkpt>
   <trkpt lat="44.173320000000004" lon="5.278600000000001">
    <ele>1886.4</ele>
   </trkpt>
   <trkpt lat="44.17336" lon="5.27876">
    <ele>1886.4</ele>
   </trkpt>
   <trkpt lat="44.17345" lon="5.27894">
    <ele>1886.4</ele>
   </trkpt>
   <trkpt lat="44.173590000000004" lon="5.279140000000001">
    <ele>1886.4</ele>
   </trkpt>
   <trkpt lat="44.17385" lon="5.279380000000001">
    <ele>1898.38</ele>
   </trkpt>
   <trkpt lat="44.17399" lon="5.27949">
    <ele>1898.38</ele>
   </trkpt>
   <trkpt lat="44.174400000000006" lon="5.279710000000001">
    <ele>1895.49</ele>
   </trkpt>
   <trkpt lat="44.17446" lon="5.279800000000001">
    <ele>1895.49</ele>
   </trkpt>
   <trkpt lat="44.174760000000006" lon="5.280410000000001">
    <ele>1895.49</ele>
   </trkpt>
   <trkpt lat="44.17483000000001" lon="5.280480000000001">
    <ele>1895.49</ele>
   </trkpt>
   <trkpt lat="44.17488" lon="5.28049">
    <ele>1895.49</ele>
   </trkpt>
   <trkpt lat="44.17493" lon="5.28047">
    <ele>1895.49</ele>
   </trkpt>
   <trkpt lat="44.17499" lon="5.2804">
    <ele>1895.49</ele>
   </trkpt>
   <trkpt lat="44.17502" lon="5.280320000000001">
    <ele>1870.7600000000002</ele>
   </trkpt>
   <trkpt lat="44.17513" lon="5.27988">
    <ele>1870.7600000000002</ele>
   </trkpt>
   <trkpt lat="44.17521000000001" lon="5.27937">
    <ele>1870.7600000000002</ele>
   </trkpt>
   <trkpt lat="44.17524" lon="5.279000000000001">
    <ele>1870.7600000000002</ele>
   </trkpt>
   <trkpt lat="44.17522" lon="5.27869">
    <ele>1870.7600000000002</ele>
   </trkpt>
   <trkpt lat="44.17517" lon="5.27836">
    <ele>1870.7600000000002</ele>
   </trkpt>
   <trkpt lat="44.1751" lon="5.278060000000001">
    <ele>1870.7600000000002</ele>
   </trkpt>
   <trkpt lat="44.17504" lon="5.277880000000001">
    <ele>1870.7600000000002</ele>
   </trkpt>
   <trkpt lat="44.17488" lon="5.27759">
    <ele>1870.7600000000002</ele>
   </trkpt>
   <trkpt lat="44.174780000000005" lon="5.2774600000000005">
    <ele>1870.7600000000002</ele>
   </trkpt>
   <trkpt lat="44.174260000000004" lon="5.2769200000000005">
    <ele>1870.7600000000002</ele>
   </trkpt>
   <trkpt lat="44.17412" lon="5.2767100000000005">
    <ele>1870.7600000000002</ele>
   </trkpt>
   <trkpt lat="44.17369" lon="5.2757000000000005">
    <ele>1815.39</ele>
   </trkpt>
   <trkpt lat="44.17354" lon="5.27528">
    <ele>1815.39</ele>
   </trkpt>
   <trkpt lat="44.173500000000004" lon="5.27498">
    <ele>1815.39</ele>
   </trkpt>
   <trkpt lat="44.17353000000001" lon="5.2739400000000005">
    <ele>1815.39</ele>
   </trkpt>
   <trkpt lat="44.17349500200195" lon="5.273259999308436">
    <ele>1815.39</ele>
   </trkpt>
   <trkpt lat="44.173460000000006" lon="5.2725800000000005">
    <ele>1815.39</ele>
   </trkpt>
   <trkpt lat="44.173500000000004" lon="5.27245">
    <ele>1815.39</ele>
   </trkpt>
   <trkpt lat="44.17354" lon="5.27242">
    <ele>1815.39</ele>
   </trkpt>
   <trkpt lat="44.17367" lon="5.27238">
    <ele>1812.15</ele>
   </trkpt>
   <trkpt lat="44.173770000000005" lon="5.272410000000001">
    <ele>1812.15</ele>
   </trkpt>
   <trkpt lat="44.17385" lon="5.272570000000001">
    <ele>1812.15</ele>
   </trkpt>
   <trkpt lat="44.173860000000005" lon="5.272760000000001">
    <ele>1812.15</ele>
   </trkpt>
   <trkpt lat="44.17380000000001" lon="5.273180000000001">
    <ele>1812.15</ele>
   </trkpt>
   <trkpt lat="44.17380500184536" lon="5.27383000028579">
    <ele>1812.15</ele>
   </trkpt>
   <trkpt lat="44.17381" lon="5.2744800000000005">
    <ele>1812.15</ele>
   </trkpt>
   <trkpt lat="44.173860000000005" lon="5.274760000000001">
    <ele>1812.15</ele>
   </trkpt>
   <trkpt lat="44.17391000000001" lon="5.27491">
    <ele>1812.15</ele>
   </trkpt>
   <trkpt lat="44.17405" lon="5.27515">
    <ele>1812.15</ele>
   </trkpt>
   <trkpt lat="44.17434" lon="5.2755">
    <ele>1812.15</ele>
   </trkpt>
   <trkpt lat="44.17454" lon="5.275790000000001">
    <ele>1812.15</ele>
   </trkpt>
   <trkpt lat="44.174690000000005" lon="5.275930000000001">
    <ele>1812.15</ele>
   </trkpt>
   <trkpt lat="44.174890000000005" lon="5.276070000000001">
    <ele>1812.15</ele>
   </trkpt>
   <trkpt lat="44.17537" lon="5.2761700000000005">
    <ele>1812.15</ele>
   </trkpt>
   <trkpt lat="44.17559000000001" lon="5.2762400000000005">
    <ele>1812.15</ele>
   </trkpt>
   <trkpt lat="44.175810000000006" lon="5.27634">
    <ele>1741.17</ele>
   </trkpt>
   <trkpt lat="44.176100000000005" lon="5.2765200000000005">
    <ele>1741.17</ele>
   </trkpt>
   <trkpt lat="44.17638" lon="5.27674">
    <ele>1741.17</ele>
   </trkpt>
   <trkpt lat="44.176590000000004" lon="5.277010000000001">
    <ele>1741.17</ele>
   </trkpt>
   <trkpt lat="44.17669" lon="5.27718">
    <ele>1741.17</ele>
   </trkpt>
   <trkpt lat="44.17709000000001" lon="5.27819">
    <ele>1741.17</ele>
   </trkpt>
   <trkpt lat="44.17725" lon="5.278670000000001">
    <ele>1741.17</ele>
   </trkpt>
   <trkpt lat="44.17741" lon="5.2796400000000006">
    <ele>1741.17</ele>
   </trkpt>
   <trkpt lat="44.17741" lon="5.279960000000001">
    <ele>1741.17</ele>
   </trkpt>
   <trkpt lat="44.17736" lon="5.28026">
    <ele>1741.17</ele>
   </trkpt>
   <trkpt lat="44.17741" lon="5.2803700000000005">
    <ele>1741.17</ele>
   </trkpt>
   <trkpt lat="44.17745" lon="5.280410000000001">
    <ele>1741.17</ele>
   </trkpt>
   <trkpt lat="44.17754" lon="5.28038">
    <ele>1741.17</ele>
   </trkpt>
   <trkpt lat="44.17757" lon="5.280270000000001">
    <ele>1741.17</ele>
   </trkpt>
   <trkpt lat="44.17757" lon="5.28026">
    <ele>1741.17</ele>
   </trkpt>
   <trkpt lat="44.17757" lon="5.279960000000001">
    <ele>1741.17</ele>
   </trkpt>
   <trkpt lat="44.17766" lon="5.27918">
    <ele>1730.76</ele>
   </trkpt>
   <trkpt lat="44.17770500355742" lon="5.27827500098793">
    <ele>1730.76</ele>
   </trkpt>
   <trkpt lat="44.17775" lon="5.27737">
    <ele>1730.76</ele>
   </trkpt>
   <trkpt lat="44.177690000000005" lon="5.276730000000001">
    <ele>1730.76</ele>
   </trkpt>
   <trkpt lat="44.177600000000005" lon="5.27622">
    <ele>1692.8400000000001</ele>
   </trkpt>
   <trkpt lat="44.17746" lon="5.27576">
    <ele>1692.8400000000001</ele>
   </trkpt>
   <trkpt lat="44.177330000000005" lon="5.2754">
    <ele>1692.8400000000001</ele>
   </trkpt>
   <trkpt lat="44.177020000000006" lon="5.274900000000001">
    <ele>1692.8400000000001</ele>
   </trkpt>
   <trkpt lat="44.17692" lon="5.27479">
    <ele>1692.8400000000001</ele>
   </trkpt>
   <trkpt lat="44.176700000000004" lon="5.2746200000000005">
    <ele>1692.8400000000001</ele>
   </trkpt>
   <trkpt lat="44.176260000000006" lon="5.27444">
    <ele>1699.66</ele>
   </trkpt>
   <trkpt lat="44.176120000000004" lon="5.274330000000001">
    <ele>1699.66</ele>
   </trkpt>
   <trkpt lat="44.17607" lon="5.274240000000001">
    <ele>1699.66</ele>
   </trkpt>
   <trkpt lat="44.17607" lon="5.274150000000001">
    <ele>1699.66</ele>
   </trkpt>
   <trkpt lat="44.176230000000004" lon="5.273720000000001">
    <ele>1699.66</ele>
   </trkpt>
   <trkpt lat="44.17645" lon="5.2732600000000005">
    <ele>1699.66</ele>
   </trkpt>
   <trkpt lat="44.17656" lon="5.273090000000001">
    <ele>1699.66</ele>
   </trkpt>
   <trkpt lat="44.176730000000006" lon="5.27289">
    <ele>1699.66</ele>
   </trkpt>
   <trkpt lat="44.17709000000001" lon="5.272620000000001">
    <ele>1699.66</ele>
   </trkpt>
   <trkpt lat="44.177200000000006" lon="5.272410000000001">
    <ele>1699.66</ele>
   </trkpt>
   <trkpt lat="44.177240000000005" lon="5.27221">
    <ele>1699.66</ele>
   </trkpt>
   <trkpt lat="44.17732" lon="5.27153">
    <ele>1699.66</ele>
   </trkpt>
   <trkpt lat="44.1775" lon="5.2706100000000005">
    <ele>1699.66</ele>
   </trkpt>
   <trkpt lat="44.177565002110484" lon="5.269920000400059">
    <ele>1699.66</ele>
   </trkpt>
   <trkpt lat="44.17763" lon="5.26923">
    <ele>1616.93</ele>
   </trkpt>
   <trkpt lat="44.177670000000006" lon="5.268330000000001">
    <ele>1616.93</ele>
   </trkpt>
   <trkpt lat="44.17768000207878" lon="5.267639999961466">
    <ele>1616.93</ele>
   </trkpt>
   <trkpt lat="44.177690000000005" lon="5.2669500000000005">
    <ele>1616.93</ele>
   </trkpt>
   <trkpt lat="44.177670000000006" lon="5.26665">
    <ele>1616.93</ele>
   </trkpt>
   <trkpt lat="44.17759" lon="5.265980000000001">
    <ele>1616.93</ele>
   </trkpt>
   <trkpt lat="44.17775" lon="5.265440000000001">
    <ele>1616.93</ele>
   </trkpt>
   <trkpt lat="44.177820000000004" lon="5.264900000000001">
    <ele>1616.93</ele>
   </trkpt>
   <trkpt lat="44.17784" lon="5.264530000000001">
    <ele>1616.93</ele>
   </trkpt>
   <trkpt lat="44.177870000000006" lon="5.26374">
    <ele>1616.93</ele>
   </trkpt>
   <trkpt lat="44.17784500262138" lon="5.262964999725215">
    <ele>1616.93</ele>
   </trkpt>
   <trkpt lat="44.177820000000004" lon="5.26219">
    <ele>1591.5800000000002</ele>
   </trkpt>
   <trkpt lat="44.17788" lon="5.261290000000001">
    <ele>1591.5800000000002</ele>
   </trkpt>
   <trkpt lat="44.177890000000005" lon="5.260890000000001">
    <ele>1591.5800000000002</ele>
   </trkpt>
   <trkpt lat="44.177870000000006" lon="5.259950000000001">
    <ele>1591.5800000000002</ele>
   </trkpt>
   <trkpt lat="44.17784" lon="5.259620000000001">
    <ele>1591.5800000000002</ele>
   </trkpt>
   <trkpt lat="44.17781" lon="5.25947">
    <ele>1591.5800000000002</ele>
   </trkpt>
   <trkpt lat="44.17772" lon="5.2592300000000005">
    <ele>1591.5800000000002</ele>
   </trkpt>
   <trkpt lat="44.177690000000005" lon="5.258990000000001">
    <ele>1591.5800000000002</ele>
   </trkpt>
   <trkpt lat="44.17772" lon="5.25888">
    <ele>1591.5800000000002</ele>
   </trkpt>
   <trkpt lat="44.17785000000001" lon="5.25858">
    <ele>1591.5800000000002</ele>
   </trkpt>
   <trkpt lat="44.17795" lon="5.25818">
    <ele>1591.5800000000002</ele>
   </trkpt>
   <trkpt lat="44.17799" lon="5.2576600000000004">
    <ele>1591.5800000000002</ele>
   </trkpt>
   <trkpt lat="44.178000000000004" lon="5.2572600000000005">
    <ele>1591.5800000000002</ele>
   </trkpt>
   <trkpt lat="44.17795" lon="5.256500000000001">
    <ele>1591.5800000000002</ele>
   </trkpt>
   <trkpt lat="44.17792" lon="5.25628">
    <ele>1591.5800000000002</ele>
   </trkpt>
   <trkpt lat="44.177870000000006" lon="5.25609">
    <ele>1552.0</ele>
   </trkpt>
   <trkpt lat="44.177690000000005" lon="5.25558">
    <ele>1552.0</ele>
   </trkpt>
   <trkpt lat="44.177670000000006" lon="5.2554300000000005">
    <ele>1552.0</ele>
   </trkpt>
   <trkpt lat="44.17768" lon="5.2552200000000004">
    <ele>1552.0</ele>
   </trkpt>
   <trkpt lat="44.17781" lon="5.25459">
    <ele>1552.0</ele>
   </trkpt>
   <trkpt lat="44.177800000000005" lon="5.25424">
    <ele>1552.0</ele>
   </trkpt>
   <trkpt lat="44.177710005512665" lon="5.253114998190233">
    <ele>1552.0</ele>
   </trkpt>
   <trkpt lat="44.177620000000005" lon="5.25199">
    <ele>1552.0</ele>
   </trkpt>
   <trkpt lat="44.177580000000006" lon="5.251">
    <ele>1552.0</ele>
   </trkpt>
   <trkpt lat="44.177510000000005" lon="5.250360000000001">
    <ele>1552.0</ele>
   </trkpt>
   <trkpt lat="44.17739" lon="5.2496">
    <ele>1552.0</ele>
   </trkpt>
   <trkpt lat="44.177170000000004" lon="5.248600000000001">
    <ele>1513.2500000000002</ele>
   </trkpt>
   <trkpt lat="44.17700500189053" lon="5.247954998492292">
    <ele>1513.2500000000002</ele>
   </trkpt>
   <trkpt lat="44.176840000000006" lon="5.247310000000001">
    <ele>1513.2500000000002</ele>
   </trkpt>
   <trkpt lat="44.176770000000005" lon="5.247120000000001">
    <ele>1513.2500000000002</ele>
   </trkpt>
   <trkpt lat="44.176590000000004" lon="5.2468200000000005">
    <ele>1513.2500000000002</ele>
   </trkpt>
   <trkpt lat="44.176590000000004" lon="5.246740000000001">
    <ele>1513.2500000000002</ele>
   </trkpt>
   <trkpt lat="44.17663" lon="5.246650000000001">
    <ele>1512.96</ele>
   </trkpt>
   <trkpt lat="44.176660000000005" lon="5.246630000000001">
    <ele>1512.96</ele>
   </trkpt>
   <trkpt lat="44.176700000000004" lon="5.24664">
    <ele>1512.96</ele>
   </trkpt>
   <trkpt lat="44.17676" lon="5.24671">
    <ele>1512.96</ele>
   </trkpt>
   <trkpt lat="44.17683" lon="5.24692">
    <ele>1512.96</ele>
   </trkpt>
   <trkpt lat="44.17692" lon="5.24711">
    <ele>1512.96</ele>
   </trkpt>
   <trkpt lat="44.17739" lon="5.24777">
    <ele>1512.96</ele>
   </trkpt>
   <trkpt lat="44.177830002116316" lon="5.248469994743359">
    <ele>1512.96</ele>
   </trkpt>
   <trkpt lat="44.178270000000005" lon="5.24917">
    <ele>1512.96</ele>
   </trkpt>
   <trkpt lat="44.17857" lon="5.2498000000000005">
    <ele>1512.96</ele>
   </trkpt>
   <trkpt lat="44.17893" lon="5.250660000000001">
    <ele>1444.7200000000003</ele>
   </trkpt>
   <trkpt lat="44.17898" lon="5.250850000000001">
    <ele>1444.7200000000003</ele>
   </trkpt>
   <trkpt lat="44.179" lon="5.25119">
    <ele>1444.7200000000003</ele>
   </trkpt>
   <trkpt lat="44.17898" lon="5.251390000000001">
    <ele>1444.7200000000003</ele>
   </trkpt>
   <trkpt lat="44.17889" lon="5.2518400000000005">
    <ele>1444.7200000000003</ele>
   </trkpt>
   <trkpt lat="44.17889" lon="5.25196">
    <ele>1444.7200000000003</ele>
   </trkpt>
   <trkpt lat="44.17906000000001" lon="5.252370000000001">
    <ele>1444.7200000000003</ele>
   </trkpt>
   <trkpt lat="44.179120000000005" lon="5.25257">
    <ele>1444.7200000000003</ele>
   </trkpt>
   <trkpt lat="44.179280000000006" lon="5.253410000000001">
    <ele>1444.7200000000003</ele>
   </trkpt>
   <trkpt lat="44.17934" lon="5.25361">
    <ele>1444.7200000000003</ele>
   </trkpt>
   <trkpt lat="44.17949" lon="5.253990000000001">
    <ele>1444.7200000000003</ele>
   </trkpt>
   <trkpt lat="44.17972" lon="5.254810000000001">
    <ele>1444.7200000000003</ele>
   </trkpt>
   <trkpt lat="44.1798" lon="5.25499">
    <ele>1444.7200000000003</ele>
   </trkpt>
   <trkpt lat="44.1799" lon="5.25509">
    <ele>1444.7200000000003</ele>
   </trkpt>
   <trkpt lat="44.18043" lon="5.25546">
    <ele>1442.83</ele>
   </trkpt>
   <trkpt lat="44.180620000000005" lon="5.25563">
    <ele>1438.65</ele>
   </trkpt>
   <trkpt lat="44.18079" lon="5.255850000000001">
    <ele>1434.01</ele>
   </trkpt>
   <trkpt lat="44.180820000000004" lon="5.25593">
    <ele>1434.01</ele>
   </trkpt>
   <trkpt lat="44.18088" lon="5.2561800000000005">
    <ele>1434.01</ele>
   </trkpt>
   <trkpt lat="44.1809" lon="5.25647">
    <ele>1434.01</ele>
   </trkpt>
   <trkpt lat="44.18088" lon="5.25724">
    <ele>1436.53</ele>
   </trkpt>
   <trkpt lat="44.1809" lon="5.25828">
    <ele>1433.71</ele>
   </trkpt>
   <trkpt lat="44.18092" lon="5.2584100000000005">
    <ele>1433.71</ele>
   </trkpt>
   <trkpt lat="44.180980000000005" lon="5.2584800000000005">
    <ele>1433.71</ele>
   </trkpt>
   <trkpt lat="44.181050000000006" lon="5.258470000000001">
    <ele>1433.71</ele>
   </trkpt>
   <trkpt lat="44.18108" lon="5.258430000000001">
    <ele>1433.71</ele>
   </trkpt>
   <trkpt lat="44.1811" lon="5.25825">
    <ele>1433.3500000000001</ele>
   </trkpt>
   <trkpt lat="44.181110000000004" lon="5.25823">
    <ele>1433.3500000000001</ele>
   </trkpt>
   <trkpt lat="44.18113" lon="5.257650000000001">
    <ele>1433.3500000000001</ele>
   </trkpt>
   <trkpt lat="44.181110000000004" lon="5.256640000000001">
    <ele>1431.45</ele>
   </trkpt>
   <trkpt lat="44.181070000000005" lon="5.25556">
    <ele>1421.7900000000002</ele>
   </trkpt>
   <trkpt lat="44.181090000000005" lon="5.25537">
    <ele>1421.75</ele>
   </trkpt>
   <trkpt lat="44.181110000000004" lon="5.2553600000000005">
    <ele>1421.75</ele>
   </trkpt>
   <trkpt lat="44.18115" lon="5.2552900000000005">
    <ele>1421.75</ele>
   </trkpt>
   <trkpt lat="44.18115" lon="5.2552200000000004">
    <ele>1417.5000000000002</ele>
   </trkpt>
   <trkpt lat="44.18099" lon="5.25501">
    <ele>1425.5700000000002</ele>
   </trkpt>
   <trkpt lat="44.18088" lon="5.25495">
    <ele>1425.5700000000002</ele>
   </trkpt>
   <trkpt lat="44.18043" lon="5.254770000000001">
    <ele>1425.5700000000002</ele>
   </trkpt>
   <trkpt lat="44.180310000000006" lon="5.25469">
    <ele>1425.5700000000002</ele>
   </trkpt>
   <trkpt lat="44.180200000000006" lon="5.254580000000001">
    <ele>1425.5700000000002</ele>
   </trkpt>
   <trkpt lat="44.180080000000004" lon="5.2542800000000005">
    <ele>1425.5700000000002</ele>
   </trkpt>
   <trkpt lat="44.179840000000006" lon="5.253380000000001">
    <ele>1425.5700000000002</ele>
   </trkpt>
   <trkpt lat="44.17982000000001" lon="5.25272">
    <ele>1405.2600000000002</ele>
   </trkpt>
   <trkpt lat="44.179840000000006" lon="5.252190000000001">
    <ele>1405.2600000000002</ele>
   </trkpt>
   <trkpt lat="44.17989" lon="5.25204">
    <ele>1405.2600000000002</ele>
   </trkpt>
   <trkpt lat="44.17994" lon="5.25197">
    <ele>1405.2600000000002</ele>
   </trkpt>
   <trkpt lat="44.18021" lon="5.251720000000001">
    <ele>1405.2600000000002</ele>
   </trkpt>
   <trkpt lat="44.1803" lon="5.251580000000001">
    <ele>1405.2600000000002</ele>
   </trkpt>
   <trkpt lat="44.18036" lon="5.251390000000001">
    <ele>1405.2600000000002</ele>
   </trkpt>
   <trkpt lat="44.18038000000001" lon="5.25114">
    <ele>1405.2600000000002</ele>
   </trkpt>
   <trkpt lat="44.18043" lon="5.250400000000001">
    <ele>1405.2600000000002</ele>
   </trkpt>
   <trkpt lat="44.180530000000005" lon="5.249820000000001">
    <ele>1405.2600000000002</ele>
   </trkpt>
   <trkpt lat="44.18054" lon="5.24948">
    <ele>1405.2600000000002</ele>
   </trkpt>
   <trkpt lat="44.180490000000006" lon="5.249020000000001">
    <ele>1405.2600000000002</ele>
   </trkpt>
   <trkpt lat="44.18039" lon="5.248500000000001">
    <ele>1405.2600000000002</ele>
   </trkpt>
   <trkpt lat="44.18028" lon="5.24816">
    <ele>1405.2600000000002</ele>
   </trkpt>
   <trkpt lat="44.18005" lon="5.247590000000001">
    <ele>1405.2600000000002</ele>
   </trkpt>
   <trkpt lat="44.17991000000001" lon="5.2472900000000005">
    <ele>1405.2600000000002</ele>
   </trkpt>
   <trkpt lat="44.17944000000001" lon="5.24648">
    <ele>1405.2600000000002</ele>
   </trkpt>
   <trkpt lat="44.1792" lon="5.24619">
    <ele>1405.2600000000002</ele>
   </trkpt>
   <trkpt lat="44.178720000000006" lon="5.2457400000000005">
    <ele>1388.4900000000002</ele>
   </trkpt>
   <trkpt lat="44.178560000000004" lon="5.2455300000000005">
    <ele>1388.4900000000002</ele>
   </trkpt>
   <trkpt lat="44.178470000000004" lon="5.24525">
    <ele>1388.4900000000002</ele>
   </trkpt>
   <trkpt lat="44.178450000000005" lon="5.244400000000001">
    <ele>1388.4900000000002</ele>
   </trkpt>
   <trkpt lat="44.178360000000005" lon="5.24396">
    <ele>1388.4900000000002</ele>
   </trkpt>
   <trkpt lat="44.178290000000004" lon="5.2437000000000005">
    <ele>1388.4900000000002</ele>
   </trkpt>
   <trkpt lat="44.178070000000005" lon="5.24303">
    <ele>1388.4900000000002</ele>
   </trkpt>
   <trkpt lat="44.177780000000006" lon="5.242330000000001">
    <ele>1388.4900000000002</ele>
   </trkpt>
   <trkpt lat="44.17765000000001" lon="5.24209">
    <ele>1388.4900000000002</ele>
   </trkpt>
   <trkpt lat="44.177490000000006" lon="5.241840000000001">
    <ele>1388.4900000000002</ele>
   </trkpt>
   <trkpt lat="44.17737" lon="5.24169">
    <ele>1388.4900000000002</ele>
   </trkpt>
   <trkpt lat="44.17693000057622" lon="5.241274996738302">
    <ele>1388.4900000000002</ele>
   </trkpt>
   <trkpt lat="44.17649" lon="5.2408600000000005">
    <ele>1388.4900000000002</ele>
   </trkpt>
   <trkpt lat="44.17643" lon="5.24073">
    <ele>1388.4900000000002</ele>
   </trkpt>
   <trkpt lat="44.17642" lon="5.240430000000001">
    <ele>1388.4900000000002</ele>
   </trkpt>
   <trkpt lat="44.17656" lon="5.239820000000001">
    <ele>1388.4900000000002</ele>
   </trkpt>
   <trkpt lat="44.176610000000004" lon="5.239660000000001">
    <ele>1388.4900000000002</ele>
   </trkpt>
   <trkpt lat="44.17685" lon="5.23906">
    <ele>1335.7800000000002</ele>
   </trkpt>
   <trkpt lat="44.176880000000004" lon="5.23894">
    <ele>1335.7800000000002</ele>
   </trkpt>
   <trkpt lat="44.17689" lon="5.23871">
    <ele>1335.7800000000002</ele>
   </trkpt>
   <trkpt lat="44.17687" lon="5.23852">
    <ele>1335.7800000000002</ele>
   </trkpt>
   <trkpt lat="44.17674" lon="5.2380700000000004">
    <ele>1335.7800000000002</ele>
   </trkpt>
   <trkpt lat="44.176410000000004" lon="5.23732">
    <ele>1335.7800000000002</ele>
   </trkpt>
   <trkpt lat="44.1762" lon="5.23695">
    <ele>1335.7800000000002</ele>
   </trkpt>
   <trkpt lat="44.17577000000001" lon="5.236330000000001">
    <ele>1335.7800000000002</ele>
   </trkpt>
   <trkpt lat="44.175610000000006" lon="5.236070000000001">
    <ele>1335.7800000000002</ele>
   </trkpt>
   <trkpt lat="44.175520000000006" lon="5.235880000000001">
    <ele>1335.7800000000002</ele>
   </trkpt>
   <trkpt lat="44.175470000000004" lon="5.23573">
    <ele>1335.7800000000002</ele>
   </trkpt>
   <trkpt lat="44.175450000000005" lon="5.235480000000001">
    <ele>1289.3400000000001</ele>
   </trkpt>
   <trkpt lat="44.17546" lon="5.23535">
    <ele>1289.3400000000001</ele>
   </trkpt>
   <trkpt lat="44.17564" lon="5.234800000000001">
    <ele>1289.3400000000001</ele>
   </trkpt>
   <trkpt lat="44.17569" lon="5.234540000000001">
    <ele>1289.3400000000001</ele>
   </trkpt>
   <trkpt lat="44.17566" lon="5.233890000000001">
    <ele>1289.3400000000001</ele>
   </trkpt>
   <trkpt lat="44.175650000000005" lon="5.233110000000001">
    <ele>1289.3400000000001</ele>
   </trkpt>
   <trkpt lat="44.175490002386105" lon="5.232369997981704">
    <ele>1289.3400000000001</ele>
   </trkpt>
   <trkpt lat="44.17533" lon="5.23163">
    <ele>1289.3400000000001</ele>
   </trkpt>
   <trkpt lat="44.175000000000004" lon="5.2307500000000005">
    <ele>1289.3400000000001</ele>
   </trkpt>
   <trkpt lat="44.17469500136526" lon="5.230194997169176">
    <ele>1289.3400000000001</ele>
   </trkpt>
   <trkpt lat="44.17439" lon="5.229640000000001">
    <ele>1289.3400000000001</ele>
   </trkpt>
   <trkpt lat="44.17415000122723" lon="5.229104997775559">
    <ele>1289.3400000000001</ele>
   </trkpt>
   <trkpt lat="44.17391000000001" lon="5.22857">
    <ele>1289.3400000000001</ele>
   </trkpt>
   <trkpt lat="44.173730000000006" lon="5.2281">
    <ele>1289.3400000000001</ele>
   </trkpt>
   <trkpt lat="44.17351" lon="5.22747">
    <ele>1289.3400000000001</ele>
   </trkpt>
   <trkpt lat="44.173410000000004" lon="5.2270900000000005">
    <ele>1289.3400000000001</ele>
   </trkpt>
   <trkpt lat="44.17315500516782" lon="5.2259999952266805">
    <ele>1189.4900000000002</ele>
   </trkpt>
   <trkpt lat="44.172900000000006" lon="5.22491">
    <ele>1189.4900000000002</ele>
   </trkpt>
   <trkpt lat="44.172740000000005" lon="5.22452">
    <ele>1189.4900000000002</ele>
   </trkpt>
   <trkpt lat="44.17257" lon="5.2241800000000005">
    <ele>1189.4900000000002</ele>
   </trkpt>
   <trkpt lat="44.17233" lon="5.2236">
    <ele>1189.4900000000002</ele>
   </trkpt>
   <trkpt lat="44.172090000000004" lon="5.222840000000001">
    <ele>1189.4900000000002</ele>
   </trkpt>
   <trkpt lat="44.17186" lon="5.22222">
    <ele>1189.4900000000002</ele>
   </trkpt>
   <trkpt lat="44.17156000000001" lon="5.22146">
    <ele>1189.4900000000002</ele>
   </trkpt>
   <trkpt lat="44.171260000000004" lon="5.22078">
    <ele>1182.41</ele>
   </trkpt>
   <trkpt lat="44.17125" lon="5.22071">
    <ele>1182.41</ele>
   </trkpt>
   <trkpt lat="44.171260000000004" lon="5.22064">
    <ele>1182.41</ele>
   </trkpt>
   <trkpt lat="44.171310000000005" lon="5.22057">
    <ele>1182.41</ele>
   </trkpt>
   <trkpt lat="44.17136000000001" lon="5.220560000000001">
    <ele>1182.41</ele>
   </trkpt>
   <trkpt lat="44.17141" lon="5.2205900000000005">
    <ele>1182.41</ele>
   </trkpt>
   <trkpt lat="44.17174000000001" lon="5.2210600000000005">
    <ele>1182.41</ele>
   </trkpt>
   <trkpt lat="44.17208" lon="5.221380000000001">
    <ele>1171.5900000000001</ele>
   </trkpt>
   <trkpt lat="44.17244" lon="5.221640000000001">
    <ele>1171.5900000000001</ele>
   </trkpt>
   <trkpt lat="44.172760000000004" lon="5.221690000000001">
    <ele>1171.5900000000001</ele>
   </trkpt>
   <trkpt lat="44.173140000000004" lon="5.22172">
    <ele>1143.91</ele>
   </trkpt>
   <trkpt lat="44.173230000000004" lon="5.221710000000001">
    <ele>1143.91</ele>
   </trkpt>
   <trkpt lat="44.17329" lon="5.22168">
    <ele>1143.91</ele>
   </trkpt>
   <trkpt lat="44.173370000000006" lon="5.22158">
    <ele>1143.91</ele>
   </trkpt>
   <trkpt lat="44.17342" lon="5.22144">
    <ele>1143.91</ele>
   </trkpt>
   <trkpt lat="44.173460000000006" lon="5.22121">
    <ele>1143.91</ele>
   </trkpt>
   <trkpt lat="44.173460000000006" lon="5.2210600000000005">
    <ele>1143.91</ele>
   </trkpt>
   <trkpt lat="44.17343" lon="5.22093">
    <ele>1143.91</ele>
   </trkpt>
   <trkpt lat="44.17318" lon="5.2205200000000005">
    <ele>1143.38</ele>
   </trkpt>
   <trkpt lat="44.17313" lon="5.2203800000000005">
    <ele>1143.38</ele>
   </trkpt>
   <trkpt lat="44.17311" lon="5.220260000000001">
    <ele>1143.38</ele>
   </trkpt>
   <trkpt lat="44.173140000000004" lon="5.21933">
    <ele>1143.38</ele>
   </trkpt>
   <trkpt lat="44.173170000000006" lon="5.218940000000001">
    <ele>1143.38</ele>
   </trkpt>
   <trkpt lat="44.173230000000004" lon="5.2185500000000005">
    <ele>1103.28</ele>
   </trkpt>
   <trkpt lat="44.17334" lon="5.2181500000000005">
    <ele>1103.28</ele>
   </trkpt>
   <trkpt lat="44.17380000000001" lon="5.2173300000000005">
    <ele>1103.28</ele>
   </trkpt>
   <trkpt lat="44.17385" lon="5.217090000000001">
    <ele>1103.28</ele>
   </trkpt>
   <trkpt lat="44.17383" lon="5.21685">
    <ele>1103.28</ele>
   </trkpt>
   <trkpt lat="44.173540009310955" lon="5.215816656492058">
    <ele>1103.28</ele>
   </trkpt>
   <trkpt lat="44.17325000930758" lon="5.214783323146845">
    <ele>1103.28</ele>
   </trkpt>
   <trkpt lat="44.17296" lon="5.21375">
    <ele>1103.28</ele>
   </trkpt>
   <trkpt lat="44.172795001836775" lon="5.213094998030776">
    <ele>1103.28</ele>
   </trkpt>
   <trkpt lat="44.172630000000005" lon="5.212440000000001">
    <ele>1028.04</ele>
   </trkpt>
   <trkpt lat="44.17257" lon="5.2120500000000005">
    <ele>1028.04</ele>
   </trkpt>
   <trkpt lat="44.17253" lon="5.21142">
    <ele>1028.04</ele>
   </trkpt>
   <trkpt lat="44.172470000000004" lon="5.21086">
    <ele>1028.04</ele>
   </trkpt>
   <trkpt lat="44.172320000000006" lon="5.21013">
    <ele>1028.04</ele>
   </trkpt>
   <trkpt lat="44.17221500173983" lon="5.209504999102173">
    <ele>1028.04</ele>
   </trkpt>
   <trkpt lat="44.17211" lon="5.208880000000001">
    <ele>1028.04</ele>
   </trkpt>
   <trkpt lat="44.172050000000006" lon="5.208620000000001">
    <ele>1028.04</ele>
   </trkpt>
   <trkpt lat="44.1718700021119" lon="5.207924997898819">
    <ele>1028.04</ele>
   </trkpt>
   <trkpt lat="44.171690000000005" lon="5.20723">
    <ele>1028.04</ele>
   </trkpt>
   <trkpt lat="44.17141" lon="5.20631">
    <ele>1028.04</ele>
   </trkpt>
   <trkpt lat="44.17118000000001" lon="5.20568">
    <ele>1028.04</ele>
   </trkpt>
   <trkpt lat="44.170750000000005" lon="5.20483">
    <ele>961.1800000000001</ele>
   </trkpt>
   <trkpt lat="44.17065" lon="5.204510000000001">
    <ele>961.1800000000001</ele>
   </trkpt>
   <trkpt lat="44.17061" lon="5.20417">
    <ele>961.1800000000001</ele>
   </trkpt>
   <trkpt lat="44.17065" lon="5.20382">
    <ele>961.1800000000001</ele>
   </trkpt>
   <trkpt lat="44.170910000000006" lon="5.202920000000001">
    <ele>961.1800000000001</ele>
   </trkpt>
   <trkpt lat="44.17094" lon="5.202730000000001">
    <ele>961.1800000000001</ele>
   </trkpt>
   <trkpt lat="44.17096" lon="5.202500000000001">
    <ele>956.84</ele>
   </trkpt>
   <trkpt lat="44.170950000000005" lon="5.2023">
    <ele>956.84</ele>
   </trkpt>
   <trkpt lat="44.1709" lon="5.20202">
    <ele>951.2300000000001</ele>
   </trkpt>
   <trkpt lat="44.17080000000001" lon="5.20181">
    <ele>959.4300000000001</ele>
   </trkpt>
   <trkpt lat="44.170680000000004" lon="5.20162">
    <ele>958.07</ele>
   </trkpt>
   <trkpt lat="44.17052" lon="5.2014700000000005">
    <ele>958.07</ele>
   </trkpt>
   <trkpt lat="44.17038" lon="5.201390000000001">
    <ele>958.07</ele>
   </trkpt>
   <trkpt lat="44.16973" lon="5.2011">
    <ele>958.07</ele>
   </trkpt>
   <trkpt lat="44.16957" lon="5.20101">
    <ele>958.07</ele>
   </trkpt>
   <trkpt lat="44.169410000000006" lon="5.200880000000001">
    <ele>958.07</ele>
   </trkpt>
   <trkpt lat="44.16926" lon="5.2007200000000005">
    <ele>958.07</ele>
   </trkpt>
   <trkpt lat="44.16897" lon="5.2003200000000005">
    <ele>958.07</ele>
   </trkpt>
   <trkpt lat="44.16884" lon="5.200060000000001">
    <ele>958.07</ele>
   </trkpt>
   <trkpt lat="44.1687" lon="5.19969">
    <ele>958.07</ele>
   </trkpt>
   <trkpt lat="44.16865000000001" lon="5.199470000000001">
    <ele>923.5500000000001</ele>
   </trkpt>
   <trkpt lat="44.168600000000005" lon="5.199050000000001">
    <ele>923.5500000000001</ele>
   </trkpt>
   <trkpt lat="44.16865000000001" lon="5.19866">
    <ele>923.5500000000001</ele>
   </trkpt>
   <trkpt lat="44.16877" lon="5.198410000000001">
    <ele>923.5500000000001</ele>
   </trkpt>
   <trkpt lat="44.1691" lon="5.19789">
    <ele>923.5500000000001</ele>
   </trkpt>
   <trkpt lat="44.16967" lon="5.19693">
    <ele>923.5500000000001</ele>
   </trkpt>
   <trkpt lat="44.169720000000005" lon="5.1968000000000005">
    <ele>923.5500000000001</ele>
   </trkpt>
   <trkpt lat="44.169760000000004" lon="5.196560000000001">
    <ele>923.5500000000001</ele>
   </trkpt>
   <trkpt lat="44.16975" lon="5.19646">
    <ele>923.5500000000001</ele>
   </trkpt>
   <trkpt lat="44.169700000000006" lon="5.19627">
    <ele>924.9200000000001</ele>
   </trkpt>
   <trkpt lat="44.16959000000001" lon="5.1961200000000005">
    <ele>924.9200000000001</ele>
   </trkpt>
   <trkpt lat="44.169320000000006" lon="5.195880000000001">
    <ele>924.9200000000001</ele>
   </trkpt>
   <trkpt lat="44.16892000000001" lon="5.19563">
    <ele>924.9200000000001</ele>
   </trkpt>
   <trkpt lat="44.16814500055378" lon="5.195299995697647">
    <ele>921.4200000000001</ele>
   </trkpt>
   <trkpt lat="44.167370000000005" lon="5.1949700000000005">
    <ele>909.5000000000001</ele>
   </trkpt>
   <trkpt lat="44.16682" lon="5.1947">
    <ele>909.5000000000001</ele>
   </trkpt>
   <trkpt lat="44.16657" lon="5.19448">
    <ele>909.5000000000001</ele>
   </trkpt>
   <trkpt lat="44.166500000000006" lon="5.1943600000000005">
    <ele>909.5000000000001</ele>
   </trkpt>
   <trkpt lat="44.16646" lon="5.19425">
    <ele>909.5000000000001</ele>
   </trkpt>
   <trkpt lat="44.166450000000005" lon="5.193980000000001">
    <ele>909.5000000000001</ele>
   </trkpt>
   <trkpt lat="44.16648000000001" lon="5.19383">
    <ele>909.5000000000001</ele>
   </trkpt>
   <trkpt lat="44.16675000213866" lon="5.193135003098953">
    <ele>909.5000000000001</ele>
   </trkpt>
   <trkpt lat="44.16702" lon="5.19244">
    <ele>909.5000000000001</ele>
   </trkpt>
   <trkpt lat="44.16718" lon="5.192150000000001">
    <ele>909.5000000000001</ele>
   </trkpt>
   <trkpt lat="44.167320000000004" lon="5.192030000000001">
    <ele>886.12</ele>
   </trkpt>
   <trkpt lat="44.16752" lon="5.19191">
    <ele>886.12</ele>
   </trkpt>
   <trkpt lat="44.16772" lon="5.19184">
    <ele>886.12</ele>
   </trkpt>
   <trkpt lat="44.16848" lon="5.19165">
    <ele>886.12</ele>
   </trkpt>
   <trkpt lat="44.16868" lon="5.1915700000000005">
    <ele>886.12</ele>
   </trkpt>
   <trkpt lat="44.16904" lon="5.1913800000000005">
    <ele>886.12</ele>
   </trkpt>
   <trkpt lat="44.16924" lon="5.19123">
    <ele>886.12</ele>
   </trkpt>
   <trkpt lat="44.169340000000005" lon="5.191050000000001">
    <ele>886.12</ele>
   </trkpt>
   <trkpt lat="44.16937" lon="5.19085">
    <ele>886.12</ele>
   </trkpt>
   <trkpt lat="44.16933" lon="5.19069">
    <ele>886.12</ele>
   </trkpt>
   <trkpt lat="44.16924" lon="5.190530000000001">
    <ele>886.12</ele>
   </trkpt>
   <trkpt lat="44.168910000000004" lon="5.190130000000001">
    <ele>886.12</ele>
   </trkpt>
   <trkpt lat="44.16836000000001" lon="5.18953">
    <ele>886.12</ele>
   </trkpt>
   <trkpt lat="44.168260000000004" lon="5.18939">
    <ele>886.12</ele>
   </trkpt>
   <trkpt lat="44.16817" lon="5.189120000000001">
    <ele>886.12</ele>
   </trkpt>
   <trkpt lat="44.16817" lon="5.18888">
    <ele>886.12</ele>
   </trkpt>
   <trkpt lat="44.168240000000004" lon="5.18865">
    <ele>886.12</ele>
   </trkpt>
   <trkpt lat="44.168690000000005" lon="5.1877">
    <ele>886.12</ele>
   </trkpt>
   <trkpt lat="44.16895" lon="5.187080000000001">
    <ele>844.28</ele>
   </trkpt>
   <trkpt lat="44.16897" lon="5.18691">
    <ele>844.28</ele>
   </trkpt>
   <trkpt lat="44.168960000000006" lon="5.18674">
    <ele>844.28</ele>
   </trkpt>
   <trkpt lat="44.16893" lon="5.186590000000001">
    <ele>844.28</ele>
   </trkpt>
   <trkpt lat="44.16886" lon="5.18641">
    <ele>844.28</ele>
   </trkpt>
   <trkpt lat="44.16877" lon="5.18625">
    <ele>844.28</ele>
   </trkpt>
   <trkpt lat="44.16839" lon="5.185720000000001">
    <ele>844.28</ele>
   </trkpt>
   <trkpt lat="44.16823" lon="5.185370000000001">
    <ele>844.28</ele>
   </trkpt>
   <trkpt lat="44.16801" lon="5.1843">
    <ele>844.28</ele>
   </trkpt>
   <trkpt lat="44.167950000000005" lon="5.1837800000000005">
    <ele>844.28</ele>
   </trkpt>
   <trkpt lat="44.16785" lon="5.18327">
    <ele>844.28</ele>
   </trkpt>
   <trkpt lat="44.16772" lon="5.18275">
    <ele>844.28</ele>
   </trkpt>
   <trkpt lat="44.167413338113306" lon="5.182009992313365">
    <ele>838.0400000000001</ele>
   </trkpt>
   <trkpt lat="44.167106671449865" lon="5.181269992321237">
    <ele>839.8800000000001</ele>
   </trkpt>
   <trkpt lat="44.1668" lon="5.18053">
    <ele>835.5600000000001</ele>
   </trkpt>
   <trkpt lat="44.166760000000004" lon="5.1803300000000005">
    <ele>834.5300000000001</ele>
   </trkpt>
   <trkpt lat="44.16678" lon="5.17989">
    <ele>834.5300000000001</ele>
   </trkpt>
   <trkpt lat="44.16690000193294" lon="5.179215001678446">
    <ele>834.5300000000001</ele>
   </trkpt>
   <trkpt lat="44.16702" lon="5.178540000000001">
    <ele>834.5300000000001</ele>
   </trkpt>
   <trkpt lat="44.16711" lon="5.178260000000001">
    <ele>794.0200000000001</ele>
   </trkpt>
   <trkpt lat="44.167350000000006" lon="5.17771">
    <ele>794.0200000000001</ele>
   </trkpt>
   <trkpt lat="44.16749" lon="5.17722">
    <ele>794.0200000000001</ele>
   </trkpt>
   <trkpt lat="44.167530000000006" lon="5.17682">
    <ele>794.0200000000001</ele>
   </trkpt>
   <trkpt lat="44.167530000000006" lon="5.1766000000000005">
    <ele>794.0200000000001</ele>
   </trkpt>
   <trkpt lat="44.16749" lon="5.17638">
    <ele>794.0200000000001</ele>
   </trkpt>
   <trkpt lat="44.16722" lon="5.17551">
    <ele>794.0200000000001</ele>
   </trkpt>
   <trkpt lat="44.167170000000006" lon="5.17459">
    <ele>783.3000000000001</ele>
   </trkpt>
   <trkpt lat="44.16715000000001" lon="5.17398">
    <ele>783.3000000000001</ele>
   </trkpt>
   <trkpt lat="44.167156673118626" lon="5.173120000135304">
    <ele>783.3000000000001</ele>
   </trkpt>
   <trkpt lat="44.16716333978576" lon="5.172260000076119">
    <ele>783.3000000000001</ele>
   </trkpt>
   <trkpt lat="44.167170000000006" lon="5.1714">
    <ele>763.0600000000001</ele>
   </trkpt>
   <trkpt lat="44.167220002255064" lon="5.170685000243315">
    <ele>763.0600000000001</ele>
   </trkpt>
   <trkpt lat="44.16727" lon="5.16997">
    <ele>763.34</ele>
   </trkpt>
   <trkpt lat="44.167260000000006" lon="5.16978">
    <ele>763.34</ele>
   </trkpt>
   <trkpt lat="44.1672" lon="5.16938">
    <ele>763.34</ele>
   </trkpt>
   <trkpt lat="44.167120000000004" lon="5.169040000000001">
    <ele>763.34</ele>
   </trkpt>
   <trkpt lat="44.167010000000005" lon="5.168690000000001">
    <ele>763.34</ele>
   </trkpt>
   <trkpt lat="44.166740000000004" lon="5.16804">
    <ele>763.34</ele>
   </trkpt>
   <trkpt lat="44.16653" lon="5.16765">
    <ele>763.34</ele>
   </trkpt>
   <trkpt lat="44.16630000000001" lon="5.1671000000000005">
    <ele>763.34</ele>
   </trkpt>
   <trkpt lat="44.16617" lon="5.166550000000001">
    <ele>763.34</ele>
   </trkpt>
   <trkpt lat="44.166070000000005" lon="5.16601">
    <ele>730.8</ele>
   </trkpt>
   <trkpt lat="44.165960004150875" lon="5.16502999783505">
    <ele>730.8</ele>
   </trkpt>
   <trkpt lat="44.165850000000006" lon="5.1640500000000005">
    <ele>730.8</ele>
   </trkpt>
   <trkpt lat="44.165800000000004" lon="5.16377">
    <ele>730.8</ele>
   </trkpt>
   <trkpt lat="44.165620000000004" lon="5.163200000000001">
    <ele>730.8</ele>
   </trkpt>
   <trkpt lat="44.16546" lon="5.16291">
    <ele>730.8</ele>
   </trkpt>
   <trkpt lat="44.16519" lon="5.16253">
    <ele>730.8</ele>
   </trkpt>
   <trkpt lat="44.16503" lon="5.16223">
    <ele>730.8</ele>
   </trkpt>
   <trkpt lat="44.1649" lon="5.16183">
    <ele>730.8</ele>
   </trkpt>
   <trkpt lat="44.164730000000006" lon="5.16077">
    <ele>730.8</ele>
   </trkpt>
   <trkpt lat="44.16451000000001" lon="5.16012">
    <ele>704.47</ele>
   </trkpt>
   <trkpt lat="44.16431" lon="5.159750000000001">
    <ele>704.47</ele>
   </trkpt>
   <trkpt lat="44.16411" lon="5.15948">
    <ele>704.47</ele>
   </trkpt>
   <trkpt lat="44.164010000000005" lon="5.159420000000001">
    <ele>704.47</ele>
   </trkpt>
   <trkpt lat="44.16378" lon="5.159350000000001">
    <ele>704.47</ele>
   </trkpt>
   <trkpt lat="44.16344" lon="5.1593100000000005">
    <ele>704.47</ele>
   </trkpt>
   <trkpt lat="44.16322" lon="5.15923">
    <ele>704.47</ele>
   </trkpt>
   <trkpt lat="44.162760000000006" lon="5.1589">
    <ele>704.47</ele>
   </trkpt>
   <trkpt lat="44.162620000000004" lon="5.1587700000000005">
    <ele>704.47</ele>
   </trkpt>
   <trkpt lat="44.162530000000004" lon="5.15866">
    <ele>704.47</ele>
   </trkpt>
   <trkpt lat="44.16248" lon="5.1584900000000005">
    <ele>704.47</ele>
   </trkpt>
   <trkpt lat="44.162440000000004" lon="5.158270000000001">
    <ele>704.47</ele>
   </trkpt>
   <trkpt lat="44.162380000000006" lon="5.1573400000000005">
    <ele>704.47</ele>
   </trkpt>
   <trkpt lat="44.162330000000004" lon="5.15693">
    <ele>704.47</ele>
   </trkpt>
   <trkpt lat="44.16226" lon="5.156580000000001">
    <ele>704.47</ele>
   </trkpt>
   <trkpt lat="44.162060000000004" lon="5.155930000000001">
    <ele>704.47</ele>
   </trkpt>
   <trkpt lat="44.16194" lon="5.155620000000001">
    <ele>666.91</ele>
   </trkpt>
   <trkpt lat="44.16178" lon="5.15533">
    <ele>666.91</ele>
   </trkpt>
   <trkpt lat="44.161680000000004" lon="5.15521">
    <ele>666.91</ele>
   </trkpt>
   <trkpt lat="44.161530000000006" lon="5.15505">
    <ele>666.91</ele>
   </trkpt>
   <trkpt lat="44.1610200008119" lon="5.154624996346289">
    <ele>666.91</ele>
   </trkpt>
   <trkpt lat="44.16051" lon="5.1542">
    <ele>666.91</ele>
   </trkpt>
   <trkpt lat="44.16029" lon="5.154070000000001">
    <ele>666.91</ele>
   </trkpt>
   <trkpt lat="44.1602" lon="5.154050000000001">
    <ele>666.91</ele>
   </trkpt>
   <trkpt lat="44.15993" lon="5.15406">
    <ele>666.91</ele>
   </trkpt>
   <trkpt lat="44.15945000000001" lon="5.15395">
    <ele>666.91</ele>
   </trkpt>
   <trkpt lat="44.159040000000005" lon="5.15406">
    <ele>666.91</ele>
   </trkpt>
   <trkpt lat="44.158910000000006" lon="5.154070000000001">
    <ele>666.91</ele>
   </trkpt>
   <trkpt lat="44.158840000000005" lon="5.154050000000001">
    <ele>666.91</ele>
   </trkpt>
   <trkpt lat="44.158750000000005" lon="5.153980000000001">
    <ele>666.91</ele>
   </trkpt>
   <trkpt lat="44.158620000000006" lon="5.1538200000000005">
    <ele>666.91</ele>
   </trkpt>
   <trkpt lat="44.15842000000001" lon="5.1533500000000005">
    <ele>667.3100000000001</ele>
   </trkpt>
   <trkpt lat="44.15822000000001" lon="5.15305">
    <ele>667.3100000000001</ele>
   </trkpt>
   <trkpt lat="44.15787" lon="5.15266">
    <ele>667.3100000000001</ele>
   </trkpt>
   <trkpt lat="44.15764" lon="5.15226">
    <ele>667.3100000000001</ele>
   </trkpt>
   <trkpt lat="44.157560000000004" lon="5.152080000000001">
    <ele>667.3100000000001</ele>
   </trkpt>
   <trkpt lat="44.157230000000006" lon="5.15096">
    <ele>667.3100000000001</ele>
   </trkpt>
   <trkpt lat="44.1572" lon="5.15066">
    <ele>618.32</ele>
   </trkpt>
   <trkpt lat="44.15726" lon="5.149990000000001">
    <ele>618.32</ele>
   </trkpt>
   <trkpt lat="44.157180000000004" lon="5.149450000000001">
    <ele>618.32</ele>
   </trkpt>
   <trkpt lat="44.157120000000006" lon="5.149220000000001">
    <ele>618.32</ele>
   </trkpt>
   <trkpt lat="44.15688" lon="5.148720000000001">
    <ele>618.32</ele>
   </trkpt>
   <trkpt lat="44.15663000000001" lon="5.148350000000001">
    <ele>618.32</ele>
   </trkpt>
   <trkpt lat="44.156240000000004" lon="5.148020000000001">
    <ele>618.32</ele>
   </trkpt>
   <trkpt lat="44.15597" lon="5.14773">
    <ele>608.2800000000001</ele>
   </trkpt>
   <trkpt lat="44.155930000000005" lon="5.14766">
    <ele>608.2800000000001</ele>
   </trkpt>
   <trkpt lat="44.15592" lon="5.1475800000000005">
    <ele>608.2800000000001</ele>
   </trkpt>
   <trkpt lat="44.15598000000001" lon="5.147430000000001">
    <ele>607.68</ele>
   </trkpt>
   <trkpt lat="44.15607000000001" lon="5.14735">
    <ele>603.77</ele>
   </trkpt>
   <trkpt lat="44.156490000000005" lon="5.14721">
    <ele>603.77</ele>
   </trkpt>
   <trkpt lat="44.156960000000005" lon="5.147080000000001">
    <ele>603.77</ele>
   </trkpt>
   <trkpt lat="44.15706" lon="5.14709">
    <ele>603.77</ele>
   </trkpt>
   <trkpt lat="44.157520000000005" lon="5.1472500000000005">
    <ele>603.77</ele>
   </trkpt>
   <trkpt lat="44.15784" lon="5.147410000000001">
    <ele>603.77</ele>
   </trkpt>
   <trkpt lat="44.158590000000004" lon="5.14761">
    <ele>603.77</ele>
   </trkpt>
   <trkpt lat="44.15872" lon="5.14768">
    <ele>603.77</ele>
   </trkpt>
   <trkpt lat="44.15883" lon="5.14778">
    <ele>603.77</ele>
   </trkpt>
   <trkpt lat="44.15894" lon="5.14791">
    <ele>603.77</ele>
   </trkpt>
   <trkpt lat="44.15923" lon="5.14871">
    <ele>603.77</ele>
   </trkpt>
   <trkpt lat="44.15932" lon="5.14881">
    <ele>603.77</ele>
   </trkpt>
   <trkpt lat="44.159710000000004" lon="5.149120000000001">
    <ele>603.77</ele>
   </trkpt>
   <trkpt lat="44.15982" lon="5.14916">
    <ele>603.77</ele>
   </trkpt>
   <trkpt lat="44.15988" lon="5.14914">
    <ele>603.77</ele>
   </trkpt>
   <trkpt lat="44.15997" lon="5.1490100000000005">
    <ele>527.2900000000001</ele>
   </trkpt>
   <trkpt lat="44.16011" lon="5.1480500000000005">
    <ele>527.2900000000001</ele>
   </trkpt>
   <trkpt lat="44.16015" lon="5.147900000000001">
    <ele>527.2900000000001</ele>
   </trkpt>
   <trkpt lat="44.160210000000006" lon="5.1477900000000005">
    <ele>527.2900000000001</ele>
   </trkpt>
   <trkpt lat="44.16037" lon="5.14768">
    <ele>527.2900000000001</ele>
   </trkpt>
   <trkpt lat="44.160430000000005" lon="5.14757">
    <ele>527.2900000000001</ele>
   </trkpt>
   <trkpt lat="44.16048000000001" lon="5.14742">
    <ele>527.2900000000001</ele>
   </trkpt>
   <trkpt lat="44.16058" lon="5.14698">
    <ele>527.2900000000001</ele>
   </trkpt>
   <trkpt lat="44.16062" lon="5.14691">
    <ele>527.2900000000001</ele>
   </trkpt>
   <trkpt lat="44.16067" lon="5.146850000000001">
    <ele>527.2900000000001</ele>
   </trkpt>
   <trkpt lat="44.16073" lon="5.1468300000000005">
    <ele>527.2900000000001</ele>
   </trkpt>
   <trkpt lat="44.160810000000005" lon="5.14684">
    <ele>527.2900000000001</ele>
   </trkpt>
   <trkpt lat="44.16091" lon="5.14688">
    <ele>527.2900000000001</ele>
   </trkpt>
   <trkpt lat="44.16122" lon="5.147060000000001">
    <ele>527.2900000000001</ele>
   </trkpt>
   <trkpt lat="44.16133000000001" lon="5.14705">
    <ele>527.2900000000001</ele>
   </trkpt>
   <trkpt lat="44.16138" lon="5.147010000000001">
    <ele>527.2900000000001</ele>
   </trkpt>
   <trkpt lat="44.16145" lon="5.14691">
    <ele>527.2900000000001</ele>
   </trkpt>
   <trkpt lat="44.161460000000005" lon="5.146730000000001">
    <ele>527.2900000000001</ele>
   </trkpt>
   <trkpt lat="44.16138" lon="5.1464300000000005">
    <ele>527.2900000000001</ele>
   </trkpt>
   <trkpt lat="44.161370000000005" lon="5.14604">
    <ele>527.2900000000001</ele>
   </trkpt>
   <trkpt lat="44.16131" lon="5.14587">
    <ele>527.2900000000001</ele>
   </trkpt>
   <trkpt lat="44.161190000000005" lon="5.1456800000000005">
    <ele>527.2900000000001</ele>
   </trkpt>
   <trkpt lat="44.16114" lon="5.14548">
    <ele>527.2900000000001</ele>
   </trkpt>
   <trkpt lat="44.16118" lon="5.14505">
    <ele>527.2900000000001</ele>
   </trkpt>
   <trkpt lat="44.161170000000006" lon="5.14487">
    <ele>527.2900000000001</ele>
   </trkpt>
   <trkpt lat="44.161080000000005" lon="5.14468">
    <ele>527.2900000000001</ele>
   </trkpt>
   <trkpt lat="44.16069" lon="5.14418">
    <ele>527.2900000000001</ele>
   </trkpt>
   <trkpt lat="44.16031000075243" lon="5.143754997223182">
    <ele>527.2900000000001</ele>
   </trkpt>
   <trkpt lat="44.15993" lon="5.143330000000001">
    <ele>527.2900000000001</ele>
   </trkpt>
   <trkpt lat="44.15977" lon="5.143050000000001">
    <ele>488.62000000000006</ele>
   </trkpt>
   <trkpt lat="44.159710000000004" lon="5.14278">
    <ele>488.62000000000006</ele>
   </trkpt>
   <trkpt lat="44.159740000000006" lon="5.14257">
    <ele>488.62000000000006</ele>
   </trkpt>
   <trkpt lat="44.159940000000006" lon="5.142110000000001">
    <ele>488.62000000000006</ele>
   </trkpt>
   <trkpt lat="44.16004" lon="5.141940000000001">
    <ele>488.62000000000006</ele>
   </trkpt>
   <trkpt lat="44.160160000000005" lon="5.141800000000001">
    <ele>488.62000000000006</ele>
   </trkpt>
   <trkpt lat="44.16035" lon="5.141660000000001">
    <ele>488.62000000000006</ele>
   </trkpt>
   <trkpt lat="44.16086000000001" lon="5.141380000000001">
    <ele>488.62000000000006</ele>
   </trkpt>
   <trkpt lat="44.161" lon="5.14135">
    <ele>488.62000000000006</ele>
   </trkpt>
   <trkpt lat="44.16178" lon="5.14137">
    <ele>455.15000000000003</ele>
   </trkpt>
   <trkpt lat="44.1619" lon="5.141360000000001">
    <ele>455.15000000000003</ele>
   </trkpt>
   <trkpt lat="44.162130000000005" lon="5.141240000000001">
    <ele>455.15000000000003</ele>
   </trkpt>
   <trkpt lat="44.16223" lon="5.14121">
    <ele>455.15000000000003</ele>
   </trkpt>
   <trkpt lat="44.16268" lon="5.141190000000001">
    <ele>455.15000000000003</ele>
   </trkpt>
   <trkpt lat="44.163320000000006" lon="5.1412">
    <ele>452.59000000000003</ele>
   </trkpt>
   <trkpt lat="44.163470000000004" lon="5.141220000000001">
    <ele>452.59000000000003</ele>
   </trkpt>
   <trkpt lat="44.1636" lon="5.141310000000001">
    <ele>452.59000000000003</ele>
   </trkpt>
   <trkpt lat="44.16378" lon="5.14151">
    <ele>451.47</ele>
   </trkpt>
   <trkpt lat="44.16422" lon="5.14214">
    <ele>451.47</ele>
   </trkpt>
   <trkpt lat="44.164370000000005" lon="5.142320000000001">
    <ele>451.47</ele>
   </trkpt>
   <trkpt lat="44.1646" lon="5.14254">
    <ele>451.47</ele>
   </trkpt>
   <trkpt lat="44.164680000000004" lon="5.14264">
    <ele>451.47</ele>
   </trkpt>
   <trkpt lat="44.16474" lon="5.1427700000000005">
    <ele>451.47</ele>
   </trkpt>
   <trkpt lat="44.164880000000004" lon="5.14322">
    <ele>451.47</ele>
   </trkpt>
   <trkpt lat="44.164970000000004" lon="5.14341">
    <ele>451.47</ele>
   </trkpt>
   <trkpt lat="44.16505" lon="5.143660000000001">
    <ele>451.47</ele>
   </trkpt>
   <trkpt lat="44.16507000000001" lon="5.14386">
    <ele>451.47</ele>
   </trkpt>
   <trkpt lat="44.165000000000006" lon="5.14442">
    <ele>451.47</ele>
   </trkpt>
   <trkpt lat="44.165000000000006" lon="5.14454">
    <ele>451.47</ele>
   </trkpt>
   <trkpt lat="44.165060000000004" lon="5.14477">
    <ele>451.47</ele>
   </trkpt>
   <trkpt lat="44.165200000000006" lon="5.14503">
    <ele>451.47</ele>
   </trkpt>
   <trkpt lat="44.16545000000001" lon="5.14526">
    <ele>407.5</ele>
   </trkpt>
   <trkpt lat="44.165510000000005" lon="5.14534">
    <ele>407.5</ele>
   </trkpt>
   <trkpt lat="44.16557" lon="5.145510000000001">
    <ele>407.5</ele>
   </trkpt>
   <trkpt lat="44.165560000000006" lon="5.1457500000000005">
    <ele>407.5</ele>
   </trkpt>
   <trkpt lat="44.16548" lon="5.14609">
    <ele>407.5</ele>
   </trkpt>
   <trkpt lat="44.165470000000006" lon="5.14639">
    <ele>407.5</ele>
   </trkpt>
   <trkpt lat="44.16557" lon="5.1471800000000005">
    <ele>407.5</ele>
   </trkpt>
   <trkpt lat="44.16561" lon="5.1472500000000005">
    <ele>407.5</ele>
   </trkpt>
   <trkpt lat="44.165710000000004" lon="5.14735">
    <ele>407.5</ele>
   </trkpt>
   <trkpt lat="44.16577" lon="5.1473700000000004">
    <ele>407.5</ele>
   </trkpt>
   <trkpt lat="44.165980000000005" lon="5.1473700000000004">
    <ele>407.5</ele>
   </trkpt>
   <trkpt lat="44.16608" lon="5.14742">
    <ele>407.5</ele>
   </trkpt>
   <trkpt lat="44.16615" lon="5.147500000000001">
    <ele>407.5</ele>
   </trkpt>
   <trkpt lat="44.16621000000001" lon="5.14761">
    <ele>407.5</ele>
   </trkpt>
   <trkpt lat="44.16651" lon="5.14841">
    <ele>408.06</ele>
   </trkpt>
   <trkpt lat="44.16658" lon="5.14853">
    <ele>408.06</ele>
   </trkpt>
   <trkpt lat="44.16667" lon="5.148630000000001">
    <ele>408.06</ele>
   </trkpt>
   <trkpt lat="44.16677000000001" lon="5.148700000000001">
    <ele>408.06</ele>
   </trkpt>
   <trkpt lat="44.166990000000006" lon="5.1487300000000005">
    <ele>405.54</ele>
   </trkpt>
   <trkpt lat="44.16709" lon="5.148700000000001">
    <ele>406.46000000000004</ele>
   </trkpt>
   <trkpt lat="44.1672" lon="5.14859">
    <ele>406.46000000000004</ele>
   </trkpt>
   <trkpt lat="44.16738" lon="5.148300000000001">
    <ele>404.20000000000005</ele>
   </trkpt>
   <trkpt lat="44.16751000000001" lon="5.1479800000000004">
    <ele>404.20000000000005</ele>
   </trkpt>
   <trkpt lat="44.1677200023654" lon="5.147250002455908">
    <ele>403.21</ele>
   </trkpt>
   <trkpt lat="44.167930000000005" lon="5.146520000000001">
    <ele>402.91</ele>
   </trkpt>
   <trkpt lat="44.16810500164014" lon="5.145910001749742">
    <ele>402.91</ele>
   </trkpt>
   <trkpt lat="44.16828" lon="5.145300000000001">
    <ele>396.92</ele>
   </trkpt>
   <trkpt lat="44.168400000000005" lon="5.1447400000000005">
    <ele>396.92</ele>
   </trkpt>
   <trkpt lat="44.168530000000004" lon="5.14391">
    <ele>396.92</ele>
   </trkpt>
   <trkpt lat="44.16864" lon="5.14353">
    <ele>396.92</ele>
   </trkpt>
   <trkpt lat="44.168800000000005" lon="5.1432">
    <ele>386.54</ele>
   </trkpt>
   <trkpt lat="44.16933" lon="5.14228">
    <ele>382.39</ele>
   </trkpt>
   <trkpt lat="44.169540000000005" lon="5.141970000000001">
    <ele>382.39</ele>
   </trkpt>
   <trkpt lat="44.169830000000005" lon="5.14163">
    <ele>382.39</ele>
   </trkpt>
   <trkpt lat="44.170170000000006" lon="5.14099">
    <ele>368.18</ele>
   </trkpt>
   <trkpt lat="44.17058" lon="5.14046">
    <ele>368.18</ele>
   </trkpt>
   <trkpt lat="44.17063" lon="5.14036">
    <ele>368.16</ele>
   </trkpt>
   <trkpt lat="44.17081" lon="5.13971">
    <ele>368.16</ele>
   </trkpt>
   <trkpt lat="44.170880000000004" lon="5.13961">
    <ele>368.16</ele>
   </trkpt>
   <trkpt lat="44.17112" lon="5.139360000000001">
    <ele>357.46000000000004</ele>
   </trkpt>
   <trkpt lat="44.171290000000006" lon="5.139150000000001">
    <ele>357.46000000000004</ele>
   </trkpt>
   <trkpt lat="44.171530000000004" lon="5.13858">
    <ele>357.46000000000004</ele>
   </trkpt>
   <trkpt lat="44.17165000000001" lon="5.138260000000001">
    <ele>357.46000000000004</ele>
   </trkpt>
   <trkpt lat="44.17177" lon="5.13806">
    <ele>352.31</ele>
   </trkpt>
   <trkpt lat="44.17222500091421" lon="5.137625003271055">
    <ele>350.5</ele>
   </trkpt>
   <trkpt lat="44.17268000000001" lon="5.13719">
    <ele>342.42</ele>
   </trkpt>
   <trkpt lat="44.172790000000006" lon="5.13705">
    <ele>342.42</ele>
   </trkpt>
   <trkpt lat="44.17284" lon="5.13694">
    <ele>342.42</ele>
   </trkpt>
   <trkpt lat="44.17304" lon="5.136080000000001">
    <ele>341.09</ele>
   </trkpt>
   <trkpt lat="44.17311" lon="5.1355200000000005">
    <ele>338.28000000000003</ele>
   </trkpt>
   <trkpt lat="44.17311" lon="5.13522">
    <ele>338.28000000000003</ele>
   </trkpt>
   <trkpt lat="44.17309" lon="5.1349800000000005">
    <ele>337.07000000000005</ele>
   </trkpt>
   <trkpt lat="44.173135001845516" lon="5.13433500004745">
    <ele>334.61</ele>
   </trkpt>
   <trkpt lat="44.17318" lon="5.1336900000000005">
    <ele>334.64000000000004</ele>
   </trkpt>
   <trkpt lat="44.17334" lon="5.1337">
    <ele>334.64000000000004</ele>
   </trkpt>
   <trkpt lat="44.17342" lon="5.13367">
    <ele>334.05</ele>
   </trkpt>
   <trkpt lat="44.17356" lon="5.13356">
    <ele>334.05</ele>
   </trkpt>
   <trkpt lat="44.173950000000005" lon="5.13318">
    <ele>331.99</ele>
   </trkpt>
   <trkpt lat="44.17457" lon="5.13252">
    <ele>326.41</ele>
   </trkpt>
   <trkpt lat="44.17496000065849" lon="5.132130002584183">
    <ele>324.70000000000005</ele>
   </trkpt>
   <trkpt lat="44.17535" lon="5.131740000000001">
    <ele>323.33</ele>
   </trkpt>
   <trkpt lat="44.17524500280205" lon="5.130934998380075">
    <ele>320.40000000000003</ele>
   </trkpt>
   <trkpt lat="44.175140000000006" lon="5.13013">
    <ele>320.40000000000003</ele>
   </trkpt>
   <trkpt lat="44.175110000000004" lon="5.130000000000001">
    <ele>319.97</ele>
   </trkpt>
   <trkpt lat="44.17513" lon="5.12966">
    <ele>319.90000000000003</ele>
   </trkpt>
   <trkpt lat="44.174820000000004" lon="5.129670000000001">
    <ele>319.90000000000003</ele>
   </trkpt>
   <trkpt lat="44.174640000000004" lon="5.129720000000001">
    <ele>322.68</ele>
   </trkpt>
   <trkpt lat="44.174490000000006" lon="5.1298">
    <ele>322.68</ele>
   </trkpt>
   <trkpt lat="44.17434" lon="5.12994">
    <ele>322.68</ele>
   </trkpt>
   <trkpt lat="44.174170000000004" lon="5.13018">
    <ele>322.68</ele>
   </trkpt>
   <trkpt lat="44.17405" lon="5.130310000000001">
    <ele>325.94</ele>
   </trkpt>
   <trkpt lat="44.17371000000001" lon="5.13058">
    <ele>325.94</ele>
   </trkpt>
   <trkpt lat="44.173610000000004" lon="5.13077">
    <ele>326.12</ele>
   </trkpt>
   <trkpt lat="44.17356" lon="5.130800000000001">
    <ele>326.12</ele>
   </trkpt>
   <trkpt lat="44.17322" lon="5.13086">
    <ele>326.38</ele>
   </trkpt>
   <trkpt lat="44.173080000000006" lon="5.13091">
    <ele>326.38</ele>
   </trkpt>
   <trkpt lat="44.172450000000005" lon="5.1314400000000004">
    <ele>331.66</ele>
   </trkpt>
   <trkpt lat="44.171760000000006" lon="5.131880000000001">
    <ele>341.53</ele>
   </trkpt>
   <trkpt lat="44.171690000000005" lon="5.13198">
    <ele>341.53</ele>
   </trkpt>
   <trkpt lat="44.171620000000004" lon="5.131970000000001">
    <ele>341.53</ele>
   </trkpt>
   <trkpt lat="44.17156000000001" lon="5.13203">
    <ele>341.79</ele>
   </trkpt>
   <trkpt lat="44.17139" lon="5.1321">
    <ele>341.87</ele>
   </trkpt>
   <trkpt lat="44.170606667682904" lon="5.131763324402295">
    <ele>343.25000000000006</ele>
   </trkpt>
   <trkpt lat="44.16982333437708" lon="5.131426657747612">
    <ele>344.46000000000004</ele>
   </trkpt>
   <trkpt lat="44.16904" lon="5.13109">
    <ele>348.98</ele>
   </trkpt>
   <trkpt lat="44.16893" lon="5.13102">
    <ele>348.98</ele>
   </trkpt>
   <trkpt lat="44.168820000000004" lon="5.130870000000001">
    <ele>348.98</ele>
   </trkpt>
   <trkpt lat="44.168760000000006" lon="5.130660000000001">
    <ele>348.98</ele>
   </trkpt>
   <trkpt lat="44.16877" lon="5.13041">
    <ele>353.84000000000003</ele>
   </trkpt>
   <trkpt lat="44.16896333932638" lon="5.12958333861596">
    <ele>353.84000000000003</ele>
   </trkpt>
   <trkpt lat="44.16915667269173" lon="5.128756671812538">
    <ele>360.47</ele>
   </trkpt>
   <trkpt lat="44.16935" lon="5.12793">
    <ele>365.7300000000001</ele>
   </trkpt>
   <trkpt lat="44.169450000000005" lon="5.127700000000001">
    <ele>365.7300000000001</ele>
   </trkpt>
   <trkpt lat="44.16955" lon="5.127540000000001">
    <ele>365.7300000000001</ele>
   </trkpt>
   <trkpt lat="44.16973" lon="5.127330000000001">
    <ele>365.7300000000001</ele>
   </trkpt>
   <trkpt lat="44.170405001140395" lon="5.126805006056475">
    <ele>370.27000000000004</ele>
   </trkpt>
   <trkpt lat="44.17108" lon="5.12628">
    <ele>372.70000000000005</ele>
   </trkpt>
   <trkpt lat="44.17116" lon="5.126200000000001">
    <ele>372.70000000000005</ele>
   </trkpt>
   <trkpt lat="44.171260000000004" lon="5.12596">
    <ele>372.70000000000005</ele>
   </trkpt>
   <trkpt lat="44.17128" lon="5.12577">
    <ele>372.70000000000005</ele>
   </trkpt>
   <trkpt lat="44.171240000000004" lon="5.12551">
    <ele>371.99</ele>
   </trkpt>
   <trkpt lat="44.17114" lon="5.1253400000000005">
    <ele>371.99</ele>
   </trkpt>
   <trkpt lat="44.171020000000006" lon="5.12523">
    <ele>371.99</ele>
   </trkpt>
   <trkpt lat="44.17083" lon="5.125190000000001">
    <ele>371.99</ele>
   </trkpt>
   <trkpt lat="44.170010000000005" lon="5.125290000000001">
    <ele>371.99</ele>
   </trkpt>
   <trkpt lat="44.169610000000006" lon="5.125360000000001">
    <ele>371.99</ele>
   </trkpt>
   <trkpt lat="44.16875" lon="5.125590000000001">
    <ele>375.52000000000004</ele>
   </trkpt>
   <trkpt lat="44.16794500021575" lon="5.1258250032145325">
    <ele>375.52000000000004</ele>
   </trkpt>
   <trkpt lat="44.16714" lon="5.126060000000001">
    <ele>375.52000000000004</ele>
   </trkpt>
   <trkpt lat="44.16662000018292" lon="5.126200001207931">
    <ele>375.52000000000004</ele>
   </trkpt>
   <trkpt lat="44.1661" lon="5.126340000000001">
    <ele>375.52000000000004</ele>
   </trkpt>
   <trkpt lat="44.16579" lon="5.1264400000000006">
    <ele>375.52000000000004</ele>
   </trkpt>
   <trkpt lat="44.16543" lon="5.126600000000001">
    <ele>375.52000000000004</ele>
   </trkpt>
   <trkpt lat="44.165240000000004" lon="5.126720000000001">
    <ele>375.52000000000004</ele>
   </trkpt>
   <trkpt lat="44.16501" lon="5.1269100000000005">
    <ele>391.95</ele>
   </trkpt>
   <trkpt lat="44.16478" lon="5.12715">
    <ele>391.95</ele>
   </trkpt>
   <trkpt lat="44.164570000000005" lon="5.127420000000001">
    <ele>391.95</ele>
   </trkpt>
   <trkpt lat="44.164410000000004" lon="5.127680000000001">
    <ele>391.95</ele>
   </trkpt>
   <trkpt lat="44.16422" lon="5.1280600000000005">
    <ele>391.95</ele>
   </trkpt>
   <trkpt lat="44.163790000000006" lon="5.129130000000001">
    <ele>391.95</ele>
   </trkpt>
   <trkpt lat="44.163590000000006" lon="5.12957">
    <ele>398.23</ele>
   </trkpt>
   <trkpt lat="44.163450000000005" lon="5.129740000000001">
    <ele>398.23</ele>
   </trkpt>
   <trkpt lat="44.16329" lon="5.129840000000001">
    <ele>398.23</ele>
   </trkpt>
   <trkpt lat="44.16322" lon="5.12987">
    <ele>398.23</ele>
   </trkpt>
   <trkpt lat="44.163000000000004" lon="5.12985">
    <ele>398.23</ele>
   </trkpt>
   <trkpt lat="44.16274000000001" lon="5.129670000000001">
    <ele>398.23</ele>
   </trkpt>
   <trkpt lat="44.1623500007177" lon="5.129294997621388">
    <ele>398.23</ele>
   </trkpt>
   <trkpt lat="44.16196" lon="5.128920000000001">
    <ele>397.88</ele>
   </trkpt>
   <trkpt lat="44.161640000000006" lon="5.1285300000000005">
    <ele>397.88</ele>
   </trkpt>
   <trkpt lat="44.16152" lon="5.128340000000001">
    <ele>397.88</ele>
   </trkpt>
   <trkpt lat="44.161390000000004" lon="5.128030000000001">
    <ele>397.89</ele>
   </trkpt>
   <trkpt lat="44.16105" lon="5.1270500000000006">
    <ele>392.1000000000001</ele>
   </trkpt>
   <trkpt lat="44.16084" lon="5.12666">
    <ele>400.06</ele>
   </trkpt>
   <trkpt lat="44.16055" lon="5.126340000000001">
    <ele>400.06</ele>
   </trkpt>
   <trkpt lat="44.15997" lon="5.125800000000001">
    <ele>403.58000000000004</ele>
   </trkpt>
   <trkpt lat="44.159740000000006" lon="5.125710000000001">
    <ele>403.58000000000004</ele>
   </trkpt>
   <trkpt lat="44.159560000000006" lon="5.12572">
    <ele>403.28000000000003</ele>
   </trkpt>
   <trkpt lat="44.15941" lon="5.12579">
    <ele>403.28000000000003</ele>
   </trkpt>
   <trkpt lat="44.15934" lon="5.12584">
    <ele>403.06</ele>
   </trkpt>
   <trkpt lat="44.15917" lon="5.1260200000000005">
    <ele>403.06</ele>
   </trkpt>
   <trkpt lat="44.158683336771965" lon="5.126650010422965">
    <ele>403.06</ele>
   </trkpt>
   <trkpt lat="44.15819667008177" lon="5.127280010453296">
    <ele>403.06</ele>
   </trkpt>
   <trkpt lat="44.15771" lon="5.127910000000001">
    <ele>403.06</ele>
   </trkpt>
   <trkpt lat="44.157410000000006" lon="5.12826">
    <ele>380.69</ele>
   </trkpt>
   <trkpt lat="44.15711" lon="5.1284600000000005">
    <ele>380.69</ele>
   </trkpt>
   <trkpt lat="44.15646666779707" lon="5.128820007849776">
    <ele>380.69</ele>
   </trkpt>
   <trkpt lat="44.155823334463626" lon="5.129180007849714">
    <ele>380.69</ele>
   </trkpt>
   <trkpt lat="44.15518" lon="5.12954">
    <ele>379.79</ele>
   </trkpt>
   <trkpt lat="44.154970000000006" lon="5.12959">
    <ele>380.77000000000004</ele>
   </trkpt>
   <trkpt lat="44.154860000000006" lon="5.12957">
    <ele>378.97</ele>
   </trkpt>
   <trkpt lat="44.15478" lon="5.129530000000001">
    <ele>378.97</ele>
   </trkpt>
   <trkpt lat="44.15469" lon="5.1294">
    <ele>378.97</ele>
   </trkpt>
   <trkpt lat="44.15464" lon="5.12926">
    <ele>378.23</ele>
   </trkpt>
   <trkpt lat="44.1546" lon="5.129060000000001">
    <ele>378.23</ele>
   </trkpt>
   <trkpt lat="44.15454334154067" lon="5.128089998137316">
    <ele>378.23</ele>
   </trkpt>
   <trkpt lat="44.15448667487401" lon="5.127119998137392">
    <ele>378.23</ele>
   </trkpt>
   <trkpt lat="44.154430000000005" lon="5.12615">
    <ele>378.23</ele>
   </trkpt>
   <trkpt lat="44.1544" lon="5.12593">
    <ele>378.23</ele>
   </trkpt>
   <trkpt lat="44.15428000000001" lon="5.12556">
    <ele>353.8</ele>
   </trkpt>
   <trkpt lat="44.154120000000006" lon="5.1252200000000006">
    <ele>353.8</ele>
   </trkpt>
   <trkpt lat="44.15374667046535" lon="5.1245599916476525">
    <ele>353.8</ele>
   </trkpt>
   <trkpt lat="44.15337333713097" lon="5.123899991645906">
    <ele>353.8</ele>
   </trkpt>
   <trkpt lat="44.153000000000006" lon="5.12324">
    <ele>353.8</ele>
   </trkpt>
   <trkpt lat="44.1529" lon="5.12298">
    <ele>351.55</ele>
   </trkpt>
   <trkpt lat="44.15276" lon="5.12253">
    <ele>351.55</ele>
   </trkpt>
   <trkpt lat="44.15261" lon="5.1219">
    <ele>351.55</ele>
   </trkpt>
   <trkpt lat="44.15243001074288" lon="5.120789993201169">
    <ele>336.49</ele>
   </trkpt>
   <trkpt lat="44.15225001073832" lon="5.119679993173144">
    <ele>336.49</ele>
   </trkpt>
   <trkpt lat="44.15207" lon="5.11857">
    <ele>336.49</ele>
   </trkpt>
   <trkpt lat="44.15182500441824" lon="5.117564995881706">
    <ele>336.49</ele>
   </trkpt>
   <trkpt lat="44.15158" lon="5.116560000000001">
    <ele>327.74</ele>
   </trkpt>
   <trkpt lat="44.15148000000001" lon="5.11589">
    <ele>327.74</ele>
   </trkpt>
   <trkpt lat="44.15149" lon="5.11523">
    <ele>327.89</ele>
   </trkpt>
   <trkpt lat="44.151540000000004" lon="5.114850000000001">
    <ele>327.89</ele>
   </trkpt>
   <trkpt lat="44.151740000000004" lon="5.11399">
    <ele>317.11</ele>
   </trkpt>
   <trkpt lat="44.15176" lon="5.11373">
    <ele>317.11</ele>
   </trkpt>
   <trkpt lat="44.151720000000005" lon="5.113510000000001">
    <ele>317.11</ele>
   </trkpt>
   <trkpt lat="44.151680000000006" lon="5.113370000000001">
    <ele>317.11</ele>
   </trkpt>
   <trkpt lat="44.15156" lon="5.11319">
    <ele>317.11</ele>
   </trkpt>
   <trkpt lat="44.151070000000004" lon="5.112690000000001">
    <ele>314.74</ele>
   </trkpt>
   <trkpt lat="44.15093" lon="5.112450000000001">
    <ele>314.74</ele>
   </trkpt>
   <trkpt lat="44.15084" lon="5.11212">
    <ele>314.74</ele>
   </trkpt>
   <trkpt lat="44.15077" lon="5.11132">
    <ele>314.74</ele>
   </trkpt>
   <trkpt lat="44.1507" lon="5.1109100000000005">
    <ele>309.89</ele>
   </trkpt>
   <trkpt lat="44.150330000000004" lon="5.109940000000001">
    <ele>309.89</ele>
   </trkpt>
   <trkpt lat="44.150090001627" lon="5.109339997702404">
    <ele>309.89</ele>
   </trkpt>
   <trkpt lat="44.14985" lon="5.10874">
    <ele>309.89</ele>
   </trkpt>
   <trkpt lat="44.149750000000004" lon="5.108560000000001">
    <ele>309.89</ele>
   </trkpt>
   <trkpt lat="44.149680000000004" lon="5.10848">
    <ele>309.89</ele>
   </trkpt>
   <trkpt lat="44.1495" lon="5.10839">
    <ele>303.23</ele>
   </trkpt>
   <trkpt lat="44.14938" lon="5.108370000000001">
    <ele>303.23</ele>
   </trkpt>
   <trkpt lat="44.148590000000006" lon="5.108350000000001">
    <ele>303.23</ele>
   </trkpt>
   <trkpt lat="44.148410000000005" lon="5.1083300000000005">
    <ele>303.23</ele>
   </trkpt>
   <trkpt lat="44.14831" lon="5.10827">
    <ele>303.23</ele>
   </trkpt>
   <trkpt lat="44.148230000000005" lon="5.10817">
    <ele>303.23</ele>
   </trkpt>
   <trkpt lat="44.14797" lon="5.10778">
    <ele>304.24</ele>
   </trkpt>
   <trkpt lat="44.14775" lon="5.107600000000001">
    <ele>304.24</ele>
   </trkpt>
   <trkpt lat="44.14704000177651" lon="5.107149989181027">
    <ele>304.24</ele>
   </trkpt>
   <trkpt lat="44.14633000178661" lon="5.10669998918761">
    <ele>304.24</ele>
   </trkpt>
   <trkpt lat="44.14562" lon="5.10625">
    <ele>292.21000000000004</ele>
   </trkpt>
   <trkpt lat="44.145450000000004" lon="5.1062">
    <ele>292.21000000000004</ele>
   </trkpt>
   <trkpt lat="44.14508" lon="5.10616">
    <ele>292.21000000000004</ele>
   </trkpt>
   <trkpt lat="44.145010000000006" lon="5.106140000000001">
    <ele>292.21000000000004</ele>
   </trkpt>
   <trkpt lat="44.14488" lon="5.106050000000001">
    <ele>292.21000000000004</ele>
   </trkpt>
   <trkpt lat="44.14455" lon="5.10576">
    <ele>292.21000000000004</ele>
   </trkpt>
   <trkpt lat="44.14435" lon="5.10564">
    <ele>292.21000000000004</ele>
   </trkpt>
   <trkpt lat="44.14361" lon="5.1053500000000005">
    <ele>290.15000000000003</ele>
   </trkpt>
   <trkpt lat="44.143060000000006" lon="5.105250000000001">
    <ele>289.69</ele>
   </trkpt>
   <trkpt lat="44.142920000000004" lon="5.105160000000001">
    <ele>289.69</ele>
   </trkpt>
   <trkpt lat="44.14282" lon="5.10507">
    <ele>289.69</ele>
   </trkpt>
   <trkpt lat="44.142540000000004" lon="5.10475">
    <ele>289.69</ele>
   </trkpt>
   <trkpt lat="44.14238" lon="5.104640000000001">
    <ele>289.69</ele>
   </trkpt>
   <trkpt lat="44.141830000000006" lon="5.10456">
    <ele>289.69</ele>
   </trkpt>
   <trkpt lat="44.14171" lon="5.10456">
    <ele>289.69</ele>
   </trkpt>
   <trkpt lat="44.141580000000005" lon="5.10458">
    <ele>289.69</ele>
   </trkpt>
   <trkpt lat="44.14126" lon="5.1046700000000005">
    <ele>289.69</ele>
   </trkpt>
   <trkpt lat="44.14114000000001" lon="5.10468">
    <ele>289.69</ele>
   </trkpt>
   <trkpt lat="44.14085" lon="5.104640000000001">
    <ele>289.69</ele>
   </trkpt>
   <trkpt lat="44.140170000000005" lon="5.104500000000001">
    <ele>287.95000000000005</ele>
   </trkpt>
   <trkpt lat="44.14" lon="5.10444">
    <ele>287.95000000000005</ele>
   </trkpt>
   <trkpt lat="44.13987" lon="5.104360000000001">
    <ele>287.95000000000005</ele>
   </trkpt>
   <trkpt lat="44.139700000000005" lon="5.10421">
    <ele>287.95000000000005</ele>
   </trkpt>
   <trkpt lat="44.13916500138599" lon="5.103664995153971">
    <ele>287.95000000000005</ele>
   </trkpt>
   <trkpt lat="44.138630000000006" lon="5.1031200000000005">
    <ele>287.95000000000005</ele>
   </trkpt>
   <trkpt lat="44.138540000000006" lon="5.103070000000001">
    <ele>287.95000000000005</ele>
   </trkpt>
   <trkpt lat="44.13846" lon="5.1030500000000005">
    <ele>287.95000000000005</ele>
   </trkpt>
   <trkpt lat="44.13834000000001" lon="5.10306">
    <ele>287.95000000000005</ele>
   </trkpt>
   <trkpt lat="44.13823" lon="5.10311">
    <ele>287.95000000000005</ele>
   </trkpt>
   <trkpt lat="44.1381" lon="5.1032">
    <ele>287.95000000000005</ele>
   </trkpt>
   <trkpt lat="44.13799" lon="5.10324">
    <ele>287.95000000000005</ele>
   </trkpt>
   <trkpt lat="44.13745499991572" lon="5.103255000138299">
    <ele>270.92</ele>
   </trkpt>
   <trkpt lat="44.13692" lon="5.10327">
    <ele>270.92</ele>
   </trkpt>
   <trkpt lat="44.13673000000001" lon="5.10324">
    <ele>270.92</ele>
   </trkpt>
   <trkpt lat="44.136520000000004" lon="5.10318">
    <ele>270.6</ele>
   </trkpt>
   <trkpt lat="44.13636" lon="5.10318">
    <ele>270.6</ele>
   </trkpt>
   <trkpt lat="44.13579" lon="5.103330000000001">
    <ele>270.6</ele>
   </trkpt>
   <trkpt lat="44.13561000000001" lon="5.103350000000001">
    <ele>270.6</ele>
   </trkpt>
   <trkpt lat="44.13553" lon="5.10332">
    <ele>270.6</ele>
   </trkpt>
   <trkpt lat="44.135090000000005" lon="5.103070000000001">
    <ele>259.8</ele>
   </trkpt>
   <trkpt lat="44.13501" lon="5.1030500000000005">
    <ele>259.8</ele>
   </trkpt>
   <trkpt lat="44.134910000000005" lon="5.1030500000000005">
    <ele>259.8</ele>
   </trkpt>
   <trkpt lat="44.13481" lon="5.10308">
    <ele>259.8</ele>
   </trkpt>
   <trkpt lat="44.13467000000001" lon="5.103160000000001">
    <ele>259.8</ele>
   </trkpt>
   <trkpt lat="44.13436" lon="5.10355">
    <ele>259.8</ele>
   </trkpt>
   <trkpt lat="44.13423" lon="5.10358">
    <ele>259.77</ele>
   </trkpt>
   <trkpt lat="44.13409" lon="5.103540000000001">
    <ele>256.34000000000003</ele>
   </trkpt>
   <trkpt lat="44.13401" lon="5.10346">
    <ele>256.34000000000003</ele>
   </trkpt>
   <trkpt lat="44.13362" lon="5.10296">
    <ele>256.34000000000003</ele>
   </trkpt>
   <trkpt lat="44.13311500090528" lon="5.10251499623141">
    <ele>245.83</ele>
   </trkpt>
   <trkpt lat="44.13261000000001" lon="5.10207">
    <ele>245.83</ele>
   </trkpt>
   <trkpt lat="44.13237" lon="5.10188">
    <ele>245.83</ele>
   </trkpt>
   <trkpt lat="44.13212" lon="5.10177">
    <ele>245.83</ele>
   </trkpt>
   <trkpt lat="44.131370000000004" lon="5.10167">
    <ele>245.83</ele>
   </trkpt>
   <trkpt lat="44.13116" lon="5.101660000000001">
    <ele>237.23000000000002</ele>
   </trkpt>
   <trkpt lat="44.13101" lon="5.1016900000000005">
    <ele>237.23000000000002</ele>
   </trkpt>
   <trkpt lat="44.130410000000005" lon="5.10189">
    <ele>237.23000000000002</ele>
   </trkpt>
   <trkpt lat="44.130370000000006" lon="5.10189">
    <ele>237.23000000000002</ele>
   </trkpt>
   <trkpt lat="44.130300000000005" lon="5.101850000000001">
    <ele>237.23000000000002</ele>
   </trkpt>
   <trkpt lat="44.13026000000001" lon="5.101780000000001">
    <ele>237.14000000000001</ele>
   </trkpt>
   <trkpt lat="44.130100000000006" lon="5.101920000000001">
    <ele>232.11</ele>
   </trkpt>
   <trkpt lat="44.12973" lon="5.10207">
    <ele>230.21</ele>
   </trkpt>
   <trkpt lat="44.129400000000004" lon="5.102250000000001">
    <ele>230.21</ele>
   </trkpt>
   <trkpt lat="44.129290000000005" lon="5.102340000000001">
    <ele>230.21</ele>
   </trkpt>
   <trkpt lat="44.12919" lon="5.102460000000001">
    <ele>230.21</ele>
   </trkpt>
   <trkpt lat="44.128820000000005" lon="5.10313">
    <ele>226.71</ele>
   </trkpt>
   <trkpt lat="44.12865" lon="5.10336">
    <ele>226.71</ele>
   </trkpt>
   <trkpt lat="44.12847" lon="5.1035">
    <ele>226.71</ele>
   </trkpt>
   <trkpt lat="44.12807" lon="5.1039">
    <ele>226.71</ele>
   </trkpt>
   <trkpt lat="44.12751500107067" lon="5.10439500464919">
    <ele>224.58</ele>
   </trkpt>
   <trkpt lat="44.126960000000004" lon="5.10489">
    <ele>229.43</ele>
   </trkpt>
   <trkpt lat="44.12664" lon="5.1052100000000005">
    <ele>229.43</ele>
   </trkpt>
   <trkpt lat="44.126430000000006" lon="5.105530000000001">
    <ele>229.43</ele>
   </trkpt>
   <trkpt lat="44.126340000000006" lon="5.10571">
    <ele>229.43</ele>
   </trkpt>
   <trkpt lat="44.12622" lon="5.1060300000000005">
    <ele>229.43</ele>
   </trkpt>
   <trkpt lat="44.12605000142907" lon="5.106615001901959">
    <ele>233.31</ele>
   </trkpt>
   <trkpt lat="44.12588" lon="5.107200000000001">
    <ele>233.31</ele>
   </trkpt>
   <trkpt lat="44.12568" lon="5.107600000000001">
    <ele>233.31</ele>
   </trkpt>
   <trkpt lat="44.12531500153023" lon="5.108200003772799">
    <ele>229.75</ele>
   </trkpt>
   <trkpt lat="44.124950000000005" lon="5.1088000000000005">
    <ele>229.0</ele>
   </trkpt>
   <trkpt lat="44.124790000000004" lon="5.108980000000001">
    <ele>229.0</ele>
   </trkpt>
   <trkpt lat="44.12456" lon="5.1092">
    <ele>227.82000000000002</ele>
   </trkpt>
   <trkpt lat="44.124230000000004" lon="5.10942">
    <ele>227.82000000000002</ele>
   </trkpt>
   <trkpt lat="44.1238" lon="5.10967">
    <ele>227.82000000000002</ele>
   </trkpt>
   <trkpt lat="44.12362" lon="5.10974">
    <ele>227.82000000000002</ele>
   </trkpt>
   <trkpt lat="44.123180000000005" lon="5.10986">
    <ele>221.96</ele>
   </trkpt>
   <trkpt lat="44.12276000000001" lon="5.109850000000001">
    <ele>221.96</ele>
   </trkpt>
   <trkpt lat="44.121970000000005" lon="5.10977">
    <ele>219.34</ele>
   </trkpt>
   <trkpt lat="44.12181" lon="5.10974">
    <ele>219.34</ele>
   </trkpt>
   <trkpt lat="44.121570000000006" lon="5.10961">
    <ele>219.34</ele>
   </trkpt>
   <trkpt lat="44.12147" lon="5.10946">
    <ele>219.18</ele>
   </trkpt>
   <trkpt lat="44.12145" lon="5.109400000000001">
    <ele>219.18</ele>
   </trkpt>
   <trkpt lat="44.121410000000004" lon="5.10937">
    <ele>219.18</ele>
   </trkpt>
   <trkpt lat="44.121390000000005" lon="5.1093">
    <ele>219.18</ele>
   </trkpt>
   <trkpt lat="44.121340000000004" lon="5.10925">
    <ele>218.54000000000002</ele>
   </trkpt>
   <trkpt lat="44.121320000000004" lon="5.109240000000001">
    <ele>218.54000000000002</ele>
   </trkpt>
   <trkpt lat="44.1212" lon="5.10928">
    <ele>218.48</ele>
   </trkpt>
   <trkpt lat="44.121030000000005" lon="5.1093">
    <ele>218.52</ele>
   </trkpt>
   <trkpt lat="44.12048" lon="5.10892">
    <ele>217.27</ele>
   </trkpt>
   <trkpt lat="44.11980500042612" lon="5.1085849961413805">
    <ele>216.69000000000003</ele>
   </trkpt>
   <trkpt lat="44.119130000000006" lon="5.108250000000001">
    <ele>217.33</ele>
   </trkpt>
   <trkpt lat="44.11889" lon="5.10815">
    <ele>217.74</ele>
   </trkpt>
   <trkpt lat="44.118730000000006" lon="5.10813">
    <ele>217.74</ele>
   </trkpt>
   <trkpt lat="44.118160000189796" lon="5.10809499967369">
    <ele>218.45</ele>
   </trkpt>
   <trkpt lat="44.11759000000001" lon="5.10806">
    <ele>218.48</ele>
   </trkpt>
   <trkpt lat="44.117230000000006" lon="5.1080000000000005">
    <ele>218.64000000000001</ele>
   </trkpt>
   <trkpt lat="44.11684" lon="5.107900000000001">
    <ele>217.3</ele>
   </trkpt>
   <trkpt lat="44.11668" lon="5.10789">
    <ele>217.3</ele>
   </trkpt>
   <trkpt lat="44.116460000000004" lon="5.10789">
    <ele>217.3</ele>
   </trkpt>
   <trkpt lat="44.11572999999142" lon="5.108000001368141">
    <ele>214.52</ele>
   </trkpt>
   <trkpt lat="44.115" lon="5.108110000000001">
    <ele>214.52</ele>
   </trkpt>
   <trkpt lat="44.114380000000004" lon="5.108160000000001">
    <ele>207.08</ele>
   </trkpt>
   <trkpt lat="44.113730000000004" lon="5.108160000000001">
    <ele>207.08</ele>
   </trkpt>
   <trkpt lat="44.113040000000005" lon="5.1080700000000006">
    <ele>202.97</ele>
   </trkpt>
   <trkpt lat="44.11269" lon="5.107970000000001">
    <ele>202.97</ele>
   </trkpt>
   <trkpt lat="44.11256" lon="5.10787">
    <ele>202.97</ele>
   </trkpt>
   <trkpt lat="44.112140000000004" lon="5.107270000000001">
    <ele>203.39000000000001</ele>
   </trkpt>
   <trkpt lat="44.11206000000001" lon="5.10717">
    <ele>203.39000000000001</ele>
   </trkpt>
   <trkpt lat="44.11182" lon="5.106990000000001">
    <ele>203.12</ele>
   </trkpt>
   <trkpt lat="44.111810000000006" lon="5.10707">
    <ele>203.25</ele>
   </trkpt>
   <trkpt lat="44.11182" lon="5.10714">
    <ele>203.22</ele>
   </trkpt>
   <trkpt lat="44.111850000000004" lon="5.10717">
    <ele>203.22</ele>
   </trkpt>
   <trkpt lat="44.111740000000005" lon="5.108180000000001">
    <ele>202.51000000000002</ele>
   </trkpt>
   <trkpt lat="44.111610000000006" lon="5.108840000000001">
    <ele>197.25</ele>
   </trkpt>
   <trkpt lat="44.111610000000006" lon="5.10923">
    <ele>197.13000000000002</ele>
   </trkpt>
   <trkpt lat="44.111540000000005" lon="5.109260000000001">
    <ele>196.97</ele>
   </trkpt>
   <trkpt lat="44.111250000000005" lon="5.10935">
    <ele>196.97</ele>
   </trkpt>
   <trkpt lat="44.11108" lon="5.109380000000001">
    <ele>195.41000000000003</ele>
   </trkpt>
   <trkpt lat="44.110850000000006" lon="5.10935">
    <ele>195.41000000000003</ele>
   </trkpt>
   <trkpt lat="44.110670000000006" lon="5.10927">
    <ele>195.41000000000003</ele>
   </trkpt>
   <trkpt lat="44.1105" lon="5.10916">
    <ele>193.53</ele>
   </trkpt>
   <trkpt lat="44.11032000155057" lon="5.109745001592984">
    <ele>187.93</ele>
   </trkpt>
   <trkpt lat="44.11014" lon="5.11033">
    <ele>185.06</ele>
   </trkpt>
   <trkpt lat="44.10996500176428" lon="5.110960001745491">
    <ele>184.03000000000003</ele>
   </trkpt>
   <trkpt lat="44.109790000000004" lon="5.1115900000000005">
    <ele>183.43</ele>
   </trkpt>
   <trkpt lat="44.10961" lon="5.11204">
    <ele>182.83</ele>
   </trkpt>
   <trkpt lat="44.109480000000005" lon="5.1122700000000005">
    <ele>182.83</ele>
   </trkpt>
   <trkpt lat="44.109095001700254" lon="5.112880003850663">
    <ele>182.42000000000002</ele>
   </trkpt>
   <trkpt lat="44.10871" lon="5.1134900000000005">
    <ele>182.42000000000002</ele>
   </trkpt>
   <trkpt lat="44.108670000000004" lon="5.113460000000001">
    <ele>182.42000000000002</ele>
   </trkpt>
   <trkpt lat="44.10849" lon="5.113440000000001">
    <ele>181.61</ele>
   </trkpt>
   <trkpt lat="44.108004999983244" lon="5.11335999933621">
    <ele>181.61</ele>
   </trkpt>
   <trkpt lat="44.10752" lon="5.1132800000000005">
    <ele>181.61</ele>
   </trkpt>
   <trkpt lat="44.10701500020719" lon="5.113154998966498">
    <ele>181.61</ele>
   </trkpt>
   <trkpt lat="44.10651" lon="5.11303">
    <ele>174.86</ele>
   </trkpt>
   <trkpt lat="44.106230000000004" lon="5.113020000000001">
    <ele>174.86</ele>
   </trkpt>
   <trkpt lat="44.105540000028334" lon="5.113115001110407">
    <ele>174.86</ele>
   </trkpt>
   <trkpt lat="44.104850000000006" lon="5.1132100000000005">
    <ele>173.93</ele>
   </trkpt>
   <trkpt lat="44.10411333340986" lon="5.113293335408411">
    <ele>171.79000000000002</ele>
   </trkpt>
   <trkpt lat="44.103376666759154" lon="5.113376668739903">
    <ele>171.79000000000002</ele>
   </trkpt>
   <trkpt lat="44.10264" lon="5.113460000000001">
    <ele>170.72</ele>
   </trkpt>
   <trkpt lat="44.10195499985616" lon="5.113530000827937">
    <ele>166.91</ele>
   </trkpt>
   <trkpt lat="44.10127000000001" lon="5.113600000000001">
    <ele>166.91</ele>
   </trkpt>
   <trkpt lat="44.10108" lon="5.11361">
    <ele>166.91</ele>
   </trkpt>
   <trkpt lat="44.10052" lon="5.11359">
    <ele>166.91</ele>
   </trkpt>
   <trkpt lat="44.10004999986011" lon="5.113499999251009">
    <ele>161.93</ele>
   </trkpt>
   <trkpt lat="44.09958" lon="5.11341">
    <ele>161.93</ele>
   </trkpt>
   <trkpt lat="44.09904500010187" lon="5.113334999332213">
    <ele>161.93</ele>
   </trkpt>
   <trkpt lat="44.098510000000005" lon="5.11326">
    <ele>162.14000000000001</ele>
   </trkpt>
   <trkpt lat="44.09808" lon="5.113160000000001">
    <ele>162.14000000000001</ele>
   </trkpt>
   <trkpt lat="44.09729" lon="5.112920000000001">
    <ele>160.51000000000002</ele>
   </trkpt>
   <trkpt lat="44.09669" lon="5.11282">
    <ele>160.51000000000002</ele>
   </trkpt>
   <trkpt lat="44.095960000000005" lon="5.1128100000000005">
    <ele>159.62</ele>
   </trkpt>
   <trkpt lat="44.09516000000001" lon="5.1129500000000005">
    <ele>159.62</ele>
   </trkpt>
   <trkpt lat="44.09479" lon="5.11305">
    <ele>160.43</ele>
   </trkpt>
   <trkpt lat="44.094440000000006" lon="5.11319">
    <ele>160.43</ele>
   </trkpt>
   <trkpt lat="44.0942" lon="5.113320000000001">
    <ele>160.43</ele>
   </trkpt>
   <trkpt lat="44.09361000131195" lon="5.113713341206634">
    <ele>160.43</ele>
   </trkpt>
   <trkpt lat="44.093020001274425" lon="5.114106674564869">
    <ele>160.43</ele>
   </trkpt>
   <trkpt lat="44.09243" lon="5.1145000000000005">
    <ele>160.43</ele>
   </trkpt>
   <trkpt lat="44.0919650004501" lon="5.114770002046134">
    <ele>163.84</ele>
   </trkpt>
   <trkpt lat="44.0915" lon="5.1150400000000005">
    <ele>163.84</ele>
   </trkpt>
   <trkpt lat="44.09093500041107" lon="5.1153400028560565">
    <ele>163.84</ele>
   </trkpt>
   <trkpt lat="44.09037" lon="5.115640000000001">
    <ele>163.84</ele>
   </trkpt>
   <trkpt lat="44.09022" lon="5.11568">
    <ele>163.84</ele>
   </trkpt>
   <trkpt lat="44.090050000000005" lon="5.1157">
    <ele>163.84</ele>
   </trkpt>
   <trkpt lat="44.089490000000005" lon="5.11563">
    <ele>163.84</ele>
   </trkpt>
   <trkpt lat="44.08891499992599" lon="5.115614999852223">
    <ele>164.85000000000002</ele>
   </trkpt>
   <trkpt lat="44.08834" lon="5.115600000000001">
    <ele>164.85000000000002</ele>
   </trkpt>
   <trkpt lat="44.08802" lon="5.115550000000001">
    <ele>164.85000000000002</ele>
   </trkpt>
   <trkpt lat="44.08752500018945" lon="5.115389998686188">
    <ele>166.02</ele>
   </trkpt>
   <trkpt lat="44.087030000000006" lon="5.11523">
    <ele>166.02</ele>
   </trkpt>
   <trkpt lat="44.08666" lon="5.1151800000000005">
    <ele>165.46</ele>
   </trkpt>
   <trkpt lat="44.08612" lon="5.115290000000001">
    <ele>165.46</ele>
   </trkpt>
   <trkpt lat="44.08548000046129" lon="5.115550002745335">
    <ele>162.53</ele>
   </trkpt>
   <trkpt lat="44.08484000000001" lon="5.115810000000001">
    <ele>162.53</ele>
   </trkpt>
   <trkpt lat="44.08449" lon="5.1158600000000005">
    <ele>162.34</ele>
   </trkpt>
   <trkpt lat="44.084410000000005" lon="5.1158">
    <ele>162.34</ele>
   </trkpt>
   <trkpt lat="44.084360000000004" lon="5.1157900000000005">
    <ele>162.15</ele>
   </trkpt>
   <trkpt lat="44.084270000000004" lon="5.11585">
    <ele>162.15</ele>
   </trkpt>
   <trkpt lat="44.08424" lon="5.11592">
    <ele>162.14000000000001</ele>
   </trkpt>
   <trkpt lat="44.08422" lon="5.1160000000000005">
    <ele>162.14000000000001</ele>
   </trkpt>
   <trkpt lat="44.08393" lon="5.11634">
    <ele>161.64000000000001</ele>
   </trkpt>
   <trkpt lat="44.08344500071514" lon="5.116695002789229">
    <ele>161.64000000000001</ele>
   </trkpt>
   <trkpt lat="44.08296000000001" lon="5.117050000000001">
    <ele>160.18</ele>
   </trkpt>
   <trkpt lat="44.082730000000005" lon="5.117190000000001">
    <ele>160.18</ele>
   </trkpt>
   <trkpt lat="44.08247" lon="5.117290000000001">
    <ele>160.18</ele>
   </trkpt>
   <trkpt lat="44.08171500012243" lon="5.117445001974404">
    <ele>160.12</ele>
   </trkpt>
   <trkpt lat="44.080960000000005" lon="5.1176">
    <ele>165.19</ele>
   </trkpt>
   <trkpt lat="44.08053" lon="5.1177">
    <ele>165.19</ele>
   </trkpt>
   <trkpt lat="44.079980000000006" lon="5.11789">
    <ele>165.19</ele>
   </trkpt>
   <trkpt lat="44.079143334653686" lon="5.1182800110325415">
    <ele>165.19</ele>
   </trkpt>
   <trkpt lat="44.07830666798069" lon="5.118670011035277">
    <ele>168.78</ele>
   </trkpt>
   <trkpt lat="44.077470000000005" lon="5.11906">
    <ele>168.78</ele>
   </trkpt>
   <trkpt lat="44.07699" lon="5.11922">
    <ele>168.78</ele>
   </trkpt>
   <trkpt lat="44.07644500022591" lon="5.119370001346366">
    <ele>171.02</ele>
   </trkpt>
   <trkpt lat="44.075900000000004" lon="5.1195200000000005">
    <ele>171.05</ele>
   </trkpt>
   <trkpt lat="44.075810000000004" lon="5.119540000000001">
    <ele>171.05</ele>
   </trkpt>
   <trkpt lat="44.0752" lon="5.11957">
    <ele>171.05</ele>
   </trkpt>
   <trkpt lat="44.0745450000565" lon="5.119635000715672">
    <ele>171.05</ele>
   </trkpt>
   <trkpt lat="44.073890000000006" lon="5.119700000000001">
    <ele>171.39000000000001</ele>
   </trkpt>
   <trkpt lat="44.073510000000006" lon="5.11972">
    <ele>171.39000000000001</ele>
   </trkpt>
   <trkpt lat="44.073330000000006" lon="5.119750000000001">
    <ele>171.39000000000001</ele>
   </trkpt>
   <trkpt lat="44.073170000000005" lon="5.11981">
    <ele>171.39000000000001</ele>
   </trkpt>
   <trkpt lat="44.073010000000004" lon="5.119910000000001">
    <ele>171.39000000000001</ele>
   </trkpt>
   <trkpt lat="44.072790000000005" lon="5.120170000000001">
    <ele>171.39000000000001</ele>
   </trkpt>
   <trkpt lat="44.07248500143766" lon="5.120760003196216">
    <ele>171.39000000000001</ele>
   </trkpt>
   <trkpt lat="44.07218" lon="5.1213500000000005">
    <ele>171.52</ele>
   </trkpt>
   <trkpt lat="44.07202" lon="5.121560000000001">
    <ele>171.52</ele>
   </trkpt>
   <trkpt lat="44.071720000000006" lon="5.12183">
    <ele>171.52</ele>
   </trkpt>
   <trkpt lat="44.071175000482434" lon="5.122200003484957">
    <ele>170.27</ele>
   </trkpt>
   <trkpt lat="44.07063" lon="5.1225700000000005">
    <ele>170.27</ele>
   </trkpt>
   <trkpt lat="44.07013500060068" lon="5.122970003423814">
    <ele>169.06</ele>
   </trkpt>
   <trkpt lat="44.06964000000001" lon="5.12337">
    <ele>169.06</ele>
   </trkpt>
   <trkpt lat="44.069113335034444" lon="5.1238233414796">
    <ele>169.14000000000001</ele>
   </trkpt>
   <trkpt lat="44.06858666827638" lon="5.124276674891501">
    <ele>169.14000000000001</ele>
   </trkpt>
   <trkpt lat="44.06806" lon="5.1247300000000005">
    <ele>167.66</ele>
   </trkpt>
   <trkpt lat="44.067780000000006" lon="5.125030000000001">
    <ele>167.66</ele>
   </trkpt>
   <trkpt lat="44.067326670114795" lon="5.125653342799689">
    <ele>167.66</ele>
   </trkpt>
   <trkpt lat="44.06687333684064" lon="5.12627667605153">
    <ele>161.55</ele>
   </trkpt>
   <trkpt lat="44.06642" lon="5.1269">
    <ele>161.55</ele>
   </trkpt>
   <trkpt lat="44.06611" lon="5.12727">
    <ele>161.55</ele>
   </trkpt>
   <trkpt lat="44.06595" lon="5.12743">
    <ele>161.55</ele>
   </trkpt>
   <trkpt lat="44.06573" lon="5.127610000000001">
    <ele>161.43</ele>
   </trkpt>
   <trkpt lat="44.06551" lon="5.12776">
    <ele>161.43</ele>
   </trkpt>
   <trkpt lat="44.065220000000004" lon="5.12793">
    <ele>161.0</ele>
   </trkpt>
   <trkpt lat="44.064440000000005" lon="5.12821">
    <ele>159.25</ele>
   </trkpt>
   <trkpt lat="44.063620000393726" lon="5.128480003714914">
    <ele>156.94000000000003</ele>
   </trkpt>
   <trkpt lat="44.0628" lon="5.12875">
    <ele>160.09</ele>
   </trkpt>
   <trkpt lat="44.062520000000006" lon="5.1288100000000005">
    <ele>160.09</ele>
   </trkpt>
   <trkpt lat="44.06214000000001" lon="5.128830000000001">
    <ele>160.09</ele>
   </trkpt>
   <trkpt lat="44.06172" lon="5.1288">
    <ele>160.09</ele>
   </trkpt>
   <trkpt lat="44.0615" lon="5.128760000000001">
    <ele>163.04000000000002</ele>
   </trkpt>
   <trkpt lat="44.06105500022593" lon="5.128639999142043">
    <ele>163.04000000000002</ele>
   </trkpt>
   <trkpt lat="44.060610000000004" lon="5.128520000000001">
    <ele>162.59</ele>
   </trkpt>
   <trkpt lat="44.06" lon="5.1284">
    <ele>160.44</ele>
   </trkpt>
   <trkpt lat="44.05973" lon="5.12832">
    <ele>160.44</ele>
   </trkpt>
   <trkpt lat="44.059490000000004" lon="5.12821">
    <ele>160.44</ele>
   </trkpt>
   <trkpt lat="44.059250000000006" lon="5.12805">
    <ele>154.60000000000002</ele>
   </trkpt>
   <trkpt lat="44.058960000000006" lon="5.1279200000000005">
    <ele>154.60000000000002</ele>
   </trkpt>
   <trkpt lat="44.058335000073264" lon="5.127844999214184">
    <ele>153.07000000000002</ele>
   </trkpt>
   <trkpt lat="44.05771" lon="5.127770000000001">
    <ele>153.48</ele>
   </trkpt>
   <trkpt lat="44.05769" lon="5.1282700000000006">
    <ele>154.63000000000002</ele>
   </trkpt>
   <trkpt lat="44.057660000000006" lon="5.12849">
    <ele>154.63000000000002</ele>
   </trkpt>
   <trkpt lat="44.05744500138516" lon="5.12904000182828">
    <ele>155.65</ele>
   </trkpt>
   <trkpt lat="44.057230000000004" lon="5.12959">
    <ele>155.7</ele>
   </trkpt>
   <trkpt lat="44.05706000000001" lon="5.130000000000001">
    <ele>155.65</ele>
   </trkpt>
   <trkpt lat="44.05693" lon="5.13016">
    <ele>155.65</ele>
   </trkpt>
   <trkpt lat="44.05684" lon="5.1302">
    <ele>155.65</ele>
   </trkpt>
   <trkpt lat="44.056540000000005" lon="5.13025">
    <ele>156.63000000000002</ele>
   </trkpt>
   <trkpt lat="44.0563" lon="5.13034">
    <ele>156.63000000000002</ele>
   </trkpt>
   <trkpt lat="44.05624" lon="5.130240000000001">
    <ele>156.63000000000002</ele>
   </trkpt>
   <trkpt lat="44.05604" lon="5.1302200000000004">
    <ele>156.63000000000002</ele>
   </trkpt>
   <trkpt lat="44.055820000000004" lon="5.13016">
    <ele>156.63000000000002</ele>
   </trkpt>
   <trkpt lat="44.055690000000006" lon="5.1301000000000005">
    <ele>151.34</ele>
   </trkpt>
   <trkpt lat="44.05561" lon="5.1300300000000005">
    <ele>151.34</ele>
   </trkpt>
   <trkpt lat="44.05518000000001" lon="5.1294900000000005">
    <ele>148.33</ele>
   </trkpt>
   <trkpt lat="44.05507" lon="5.12941">
    <ele>147.28000000000003</ele>
   </trkpt>
   <trkpt lat="44.05472" lon="5.12938">
    <ele>146.99</ele>
   </trkpt>
   <trkpt lat="44.05451" lon="5.12931">
    <ele>147.16</ele>
   </trkpt>
   <trkpt lat="44.053870001074664" lon="5.12880499451281">
    <ele>147.39000000000001</ele>
   </trkpt>
   <trkpt lat="44.053230000000006" lon="5.1283">
    <ele>148.46</ele>
   </trkpt>
   <trkpt lat="44.05241" lon="5.12779">
    <ele>149.7</ele>
   </trkpt>
   <trkpt lat="44.05199" lon="5.12748">
    <ele>152.36</ele>
   </trkpt>
   <trkpt lat="44.051880000000004" lon="5.12739">
    <ele>152.39000000000001</ele>
   </trkpt>
   <trkpt lat="44.051790000000004" lon="5.12718">
    <ele>152.63000000000002</ele>
   </trkpt>
   <trkpt lat="44.05178" lon="5.12704">
    <ele>152.53</ele>
   </trkpt>
   <trkpt lat="44.051730000000006" lon="5.126950000000001">
    <ele>152.92</ele>
   </trkpt>
   <trkpt lat="44.05165" lon="5.12692">
    <ele>152.92</ele>
   </trkpt>
   <trkpt lat="44.051460000000006" lon="5.1267000000000005">
    <ele>153.26</ele>
   </trkpt>
   <trkpt lat="44.051" lon="5.12593">
    <ele>153.68</ele>
   </trkpt>
   <trkpt lat="44.050790000000006" lon="5.12563">
    <ele>153.61</ele>
   </trkpt>
   <trkpt lat="44.050520000000006" lon="5.125260000000001">
    <ele>153.61</ele>
   </trkpt>
   <trkpt lat="44.050180000000005" lon="5.124890000000001">
    <ele>153.18</ele>
   </trkpt>
   <trkpt lat="44.0494080069771" lon="5.1242579670580835">
    <ele>153.18</ele>
   </trkpt>
   <trkpt lat="44.04863601047021" lon="5.123625950591811">
    <ele>153.68</ele>
   </trkpt>
   <trkpt lat="44.04786401047953" lon="5.122993950600382">
    <ele>154.06</ele>
   </trkpt>
   <trkpt lat="44.04709200700521" lon="5.122361967082999">
    <ele>151.14000000000001</ele>
   </trkpt>
   <trkpt lat="44.04632" lon="5.12173">
    <ele>151.14000000000001</ele>
   </trkpt>
   <trkpt lat="44.04596" lon="5.12138">
    <ele>151.14000000000001</ele>
   </trkpt>
   <trkpt lat="44.04567" lon="5.121040000000001">
    <ele>149.74</ele>
   </trkpt>
   <trkpt lat="44.04534" lon="5.12058">
    <ele>149.74</ele>
   </trkpt>
   <trkpt lat="44.045230000000004" lon="5.120450000000001">
    <ele>149.74</ele>
   </trkpt>
   <trkpt lat="44.045010000000005" lon="5.1202700000000005">
    <ele>149.74</ele>
   </trkpt>
   <trkpt lat="44.044830000000005" lon="5.12019">
    <ele>149.74</ele>
   </trkpt>
   <trkpt lat="44.04473" lon="5.12019">
    <ele>149.74</ele>
   </trkpt>
   <trkpt lat="44.044500000000006" lon="5.120220000000001">
    <ele>149.74</ele>
   </trkpt>
   <trkpt lat="44.04388000014762" lon="5.12035000272105">
    <ele>149.74</ele>
   </trkpt>
   <trkpt lat="44.04326000014782" lon="5.120480002720967">
    <ele>161.18</ele>
   </trkpt>
   <trkpt lat="44.042640000000006" lon="5.12061">
    <ele>161.18</ele>
   </trkpt>
   <trkpt lat="44.04222" lon="5.12072">
    <ele>161.18</ele>
   </trkpt>
   <trkpt lat="44.04177000000001" lon="5.120900000000001">
    <ele>161.18</ele>
   </trkpt>
   <trkpt lat="44.041500000000006" lon="5.12025">
    <ele>165.5</ele>
   </trkpt>
   <trkpt lat="44.04142" lon="5.1201300000000005">
    <ele>165.5</ele>
   </trkpt>
   <trkpt lat="44.0409" lon="5.11978">
    <ele>167.73000000000002</ele>
   </trkpt>
   <trkpt lat="44.040420000654166" lon="5.119359996496636">
    <ele>168.4</ele>
   </trkpt>
   <trkpt lat="44.03994" lon="5.11894">
    <ele>168.01000000000002</ele>
   </trkpt>
   <trkpt lat="44.039205001319" lon="5.118379993016196">
    <ele>168.14000000000001</ele>
   </trkpt>
   <trkpt lat="44.038470000000004" lon="5.11782">
    <ele>168.12</ele>
   </trkpt>
   <trkpt lat="44.03789500101863" lon="5.11732499515351">
    <ele>168.78</ele>
   </trkpt>
   <trkpt lat="44.03732" lon="5.11683">
    <ele>168.46000000000004</ele>
   </trkpt>
   <trkpt lat="44.036590000000004" lon="5.11613">
    <ele>168.06</ele>
   </trkpt>
   <trkpt lat="44.036410000000004" lon="5.11592">
    <ele>168.05</ele>
   </trkpt>
   <trkpt lat="44.036100000000005" lon="5.11552">
    <ele>168.37</ele>
   </trkpt>
   <trkpt lat="44.03561000244307" lon="5.1147849940531716">
    <ele>169.21000000000004</ele>
   </trkpt>
   <trkpt lat="44.035120000000006" lon="5.114050000000001">
    <ele>169.20000000000002</ele>
   </trkpt>
   <trkpt lat="44.03495" lon="5.11383">
    <ele>169.20000000000002</ele>
   </trkpt>
   <trkpt lat="44.03427000000001" lon="5.113040000000001">
    <ele>169.20000000000002</ele>
   </trkpt>
   <trkpt lat="44.03365" lon="5.112360000000001">
    <ele>169.20000000000002</ele>
   </trkpt>
   <trkpt lat="44.033100000000005" lon="5.111890000000001">
    <ele>169.20000000000002</ele>
   </trkpt>
   <trkpt lat="44.032770000000006" lon="5.111770000000001">
    <ele>147.33</ele>
   </trkpt>
   <trkpt lat="44.03211" lon="5.11165">
    <ele>147.33</ele>
   </trkpt>
   <trkpt lat="44.031620000000004" lon="5.111470000000001">
    <ele>147.33</ele>
   </trkpt>
   <trkpt lat="44.03154000000001" lon="5.11139">
    <ele>147.33</ele>
   </trkpt>
   <trkpt lat="44.03108" lon="5.110410000000001">
    <ele>147.33</ele>
   </trkpt>
   <trkpt lat="44.030910000000006" lon="5.11014">
    <ele>147.33</ele>
   </trkpt>
   <trkpt lat="44.03069000000001" lon="5.109940000000001">
    <ele>149.16000000000003</ele>
   </trkpt>
   <trkpt lat="44.030530000000006" lon="5.10974">
    <ele>149.16000000000003</ele>
   </trkpt>
   <trkpt lat="44.030010000000004" lon="5.10888">
    <ele>150.05</ele>
   </trkpt>
   <trkpt lat="44.029920000000004" lon="5.10867">
    <ele>150.05</ele>
   </trkpt>
   <trkpt lat="44.02967" lon="5.10805">
    <ele>147.64000000000001</ele>
   </trkpt>
   <trkpt lat="44.029560000000004" lon="5.10768">
    <ele>147.64000000000001</ele>
   </trkpt>
   <trkpt lat="44.02949" lon="5.107670000000001">
    <ele>147.64000000000001</ele>
   </trkpt>
   <trkpt lat="44.028703333449116" lon="5.107773336073252">
    <ele>147.64000000000001</ele>
   </trkpt>
   <trkpt lat="44.027916666805105" lon="5.10787666940356">
    <ele>147.64000000000001</ele>
   </trkpt>
   <trkpt lat="44.02713000000001" lon="5.10798">
    <ele>134.72</ele>
   </trkpt>
   <trkpt lat="44.02693" lon="5.10799">
    <ele>134.72</ele>
   </trkpt>
   <trkpt lat="44.02675000000001" lon="5.107970000000001">
    <ele>134.72</ele>
   </trkpt>
   <trkpt lat="44.026590000000006" lon="5.10791">
    <ele>134.72</ele>
   </trkpt>
   <trkpt lat="44.02615" lon="5.107620000000001">
    <ele>134.72</ele>
   </trkpt>
   <trkpt lat="44.02539" lon="5.107080000000001">
    <ele>134.72</ele>
   </trkpt>
   <trkpt lat="44.02519" lon="5.10698">
    <ele>134.77</ele>
   </trkpt>
   <trkpt lat="44.02512" lon="5.106800000000001">
    <ele>134.58</ele>
   </trkpt>
   <trkpt lat="44.02507000000001" lon="5.10663">
    <ele>134.58</ele>
   </trkpt>
   <trkpt lat="44.02507000000001" lon="5.106400000000001">
    <ele>134.04000000000002</ele>
   </trkpt>
   <trkpt lat="44.025000000000006" lon="5.10623">
    <ele>133.82000000000002</ele>
   </trkpt>
   <trkpt lat="44.02494" lon="5.10613">
    <ele>133.62</ele>
   </trkpt>
   <trkpt lat="44.0249" lon="5.10611">
    <ele>133.66</ele>
   </trkpt>
   <trkpt lat="44.024840000000005" lon="5.10592">
    <ele>133.66</ele>
   </trkpt>
   <trkpt lat="44.02479" lon="5.10554">
    <ele>133.76000000000002</ele>
   </trkpt>
   <trkpt lat="44.02474" lon="5.105300000000001">
    <ele>133.76000000000002</ele>
   </trkpt>
   <trkpt lat="44.02451000000001" lon="5.1045300000000005">
    <ele>133.76000000000002</ele>
   </trkpt>
   <trkpt lat="44.02434" lon="5.10404">
    <ele>132.32000000000002</ele>
   </trkpt>
   <trkpt lat="44.02390500414541" lon="5.103069992976747">
    <ele>132.32000000000002</ele>
   </trkpt>
   <trkpt lat="44.02347" lon="5.1021">
    <ele>129.88000000000002</ele>
   </trkpt>
   <trkpt lat="44.023320000000005" lon="5.101660000000001">
    <ele>129.67000000000002</ele>
   </trkpt>
   <trkpt lat="44.02300000314656" lon="5.1008099954009625">
    <ele>130.88000000000002</ele>
   </trkpt>
   <trkpt lat="44.02268" lon="5.09996">
    <ele>131.31</ele>
   </trkpt>
   <trkpt lat="44.02248" lon="5.09935">
    <ele>131.31</ele>
   </trkpt>
   <trkpt lat="44.02221000479864" lon="5.098304995382343">
    <ele>131.31</ele>
   </trkpt>
   <trkpt lat="44.02194" lon="5.09726">
    <ele>127.28</ele>
   </trkpt>
   <trkpt lat="44.02181" lon="5.096620000000001">
    <ele>127.28</ele>
   </trkpt>
   <trkpt lat="44.021800000000006" lon="5.09644">
    <ele>127.19</ele>
   </trkpt>
   <trkpt lat="44.02161" lon="5.09546">
    <ele>125.49000000000001</ele>
   </trkpt>
   <trkpt lat="44.02161" lon="5.0953100000000004">
    <ele>125.49000000000001</ele>
   </trkpt>
   <trkpt lat="44.021660000000004" lon="5.095160000000001">
    <ele>125.03</ele>
   </trkpt>
   <trkpt lat="44.021640000000005" lon="5.09503">
    <ele>124.87</ele>
   </trkpt>
   <trkpt lat="44.02159" lon="5.09497">
    <ele>124.87</ele>
   </trkpt>
   <trkpt lat="44.02152" lon="5.09492">
    <ele>124.87</ele>
   </trkpt>
   <trkpt lat="44.02145" lon="5.094650000000001">
    <ele>124.87</ele>
   </trkpt>
   <trkpt lat="44.02135000433835" lon="5.093649998089159">
    <ele>124.94000000000001</ele>
   </trkpt>
   <trkpt lat="44.02125" lon="5.092650000000001">
    <ele>124.50000000000001</ele>
   </trkpt>
   <trkpt lat="44.020990000000005" lon="5.091690000000001">
    <ele>121.9</ele>
   </trkpt>
   <trkpt lat="44.02079000598575" lon="5.090514995831635">
    <ele>121.9</ele>
   </trkpt>
   <trkpt lat="44.020590000000006" lon="5.08934">
    <ele>121.9</ele>
   </trkpt>
   <trkpt lat="44.02036601669137" lon="5.088361985251947">
    <ele>116.56</ele>
   </trkpt>
   <trkpt lat="44.020142025040535" lon="5.087383977893496">
    <ele>116.56</ele>
   </trkpt>
   <trkpt lat="44.019918025047616" lon="5.086405977924807">
    <ele>114.47000000000001</ele>
   </trkpt>
   <trkpt lat="44.01969401671274" lon="5.085427985346041">
    <ele>114.47000000000001</ele>
   </trkpt>
   <trkpt lat="44.019470000000005" lon="5.08445">
    <ele>112.27000000000001</ele>
   </trkpt>
   <trkpt lat="44.01916000390199" lon="5.083504995082646">
    <ele>111.91000000000001</ele>
   </trkpt>
   <trkpt lat="44.01885" lon="5.082560000000001">
    <ele>111.23</ele>
   </trkpt>
   <trkpt lat="44.01879" lon="5.082420000000001">
    <ele>111.23</ele>
   </trkpt>
   <trkpt lat="44.01827168266473" lon="5.0815632958840755">
    <ele>110.42</ele>
   </trkpt>
   <trkpt lat="44.01775335892849" lon="5.080706606745921">
    <ele>110.15</ele>
   </trkpt>
   <trkpt lat="44.01723502879149" lon="5.079849932585189">
    <ele>108.61000000000001</ele>
   </trkpt>
   <trkpt lat="44.01671669225396" lon="5.078993273401532">
    <ele>109.03000000000002</ele>
   </trkpt>
   <trkpt lat="44.01619834931614" lon="5.078136629194601">
    <ele>109.03000000000002</ele>
   </trkpt>
   <trkpt lat="44.01568" lon="5.07728">
    <ele>105.56000000000002</ele>
   </trkpt>
   <trkpt lat="44.01534500122461" lon="5.076774997316726">
    <ele>104.70000000000002</ele>
   </trkpt>
   <trkpt lat="44.015010000000004" lon="5.07627">
    <ele>104.70000000000002</ele>
   </trkpt>
   <trkpt lat="44.014474007876814" lon="5.075597975704328">
    <ele>103.84</ele>
   </trkpt>
   <trkpt lat="44.01393801181493" lon="5.074925963556667">
    <ele>103.84</ele>
   </trkpt>
   <trkpt lat="44.01340201181449" lon="5.074253963556658">
    <ele>101.79</ele>
   </trkpt>
   <trkpt lat="44.012866007875644" lon="5.073581975703944">
    <ele>101.79</ele>
   </trkpt>
   <trkpt lat="44.012330000000006" lon="5.07291">
    <ele>101.79</ele>
   </trkpt>
   <trkpt lat="44.01212" lon="5.07268">
    <ele>101.79</ele>
   </trkpt>
   <trkpt lat="44.01142" lon="5.0720600000000005">
    <ele>100.58</ele>
   </trkpt>
   <trkpt lat="44.01108000000001" lon="5.07169">
    <ele>97.39</ele>
   </trkpt>
   <trkpt lat="44.010830000000006" lon="5.071370000000001">
    <ele>97.39</ele>
   </trkpt>
   <trkpt lat="44.01042" lon="5.07068">
    <ele>97.39</ele>
   </trkpt>
   <trkpt lat="44.00996000000001" lon="5.0696900000000005">
    <ele>97.39</ele>
   </trkpt>
   <trkpt lat="44.00952" lon="5.068860000000001">
    <ele>91.88</ele>
   </trkpt>
   <trkpt lat="44.009185001394115" lon="5.068304996949664">
    <ele>91.88</ele>
   </trkpt>
   <trkpt lat="44.00885" lon="5.06775">
    <ele>91.88</ele>
   </trkpt>
   <trkpt lat="44.00847" lon="5.0672500000000005">
    <ele>91.88</ele>
   </trkpt>
   <trkpt lat="44.00826000000001" lon="5.067010000000001">
    <ele>91.88</ele>
   </trkpt>
   <trkpt lat="44.007725001237944" lon="5.066469995095473">
    <ele>91.24</ele>
   </trkpt>
   <trkpt lat="44.00719" lon="5.065930000000001">
    <ele>91.24</ele>
   </trkpt>
   <trkpt lat="44.006468584569" lon="5.065221376870314">
    <ele>90.56</ele>
   </trkpt>
   <trkpt lat="44.00574716475867" lon="5.064512770976743">
    <ele>90.16</ele>
   </trkpt>
   <trkpt lat="44.00502574056925" lon="5.063804182318543">
    <ele>90.73</ele>
   </trkpt>
   <trkpt lat="44.00430431200095" lon="5.063095610894962">
    <ele>89.81</ele>
   </trkpt>
   <trkpt lat="44.00358287905398" lon="5.062387056705252">
    <ele>86.86</ele>
   </trkpt>
   <trkpt lat="44.00286144172856" lon="5.061678519748665">
    <ele>86.86</ele>
   </trkpt>
   <trkpt lat="44.002140000000004" lon="5.06097">
    <ele>85.53</ele>
   </trkpt>
   <trkpt lat="44.00191" lon="5.06078">
    <ele>84.67</ele>
   </trkpt>
   <trkpt lat="44.001720000000006" lon="5.06066">
    <ele>84.67</ele>
   </trkpt>
   <trkpt lat="44.00173" lon="5.06062">
    <ele>84.67</ele>
   </trkpt>
   <trkpt lat="44.00171" lon="5.06057">
    <ele>84.67</ele>
   </trkpt>
   <trkpt lat="44.001650000000005" lon="5.06055">
    <ele>84.64</ele>
   </trkpt>
   <trkpt lat="44.00128000162481" lon="5.059939996199394">
    <ele>84.77000000000001</ele>
   </trkpt>
   <trkpt lat="44.000910000000005" lon="5.05933">
    <ele>84.54</ele>
   </trkpt>
   <trkpt lat="44.0004440116688" lon="5.058511974296391">
    <ele>84.30000000000001</ele>
   </trkpt>
   <trkpt lat="43.99997801750164" lon="5.057693961442469">
    <ele>83.4</ele>
   </trkpt>
   <trkpt lat="43.999512017498766" lon="5.056875961437984">
    <ele>80.84</ele>
   </trkpt>
   <trkpt lat="43.999046011660326" lon="5.056057974282689">
    <ele>79.42999999999999</ele>
   </trkpt>
   <trkpt lat="43.998580000000004" lon="5.05524">
    <ele>79.37</ele>
   </trkpt>
   <trkpt lat="43.99848" lon="5.05499">
    <ele>79.26</ele>
   </trkpt>
   <trkpt lat="43.998470000000005" lon="5.055020000000001">
    <ele>79.26</ele>
   </trkpt>
   <trkpt lat="43.99842" lon="5.05504">
    <ele>79.26</ele>
   </trkpt>
   <trkpt lat="43.99839" lon="5.055000000000001">
    <ele>79.29</ele>
   </trkpt>
   <trkpt lat="43.998290000000004" lon="5.05504">
    <ele>79.29</ele>
   </trkpt>
   <trkpt lat="43.99776000000001" lon="5.055560000000001">
    <ele>80.58000000000001</ele>
   </trkpt>
   <trkpt lat="43.997620000000005" lon="5.05564">
    <ele>80.58000000000001</ele>
   </trkpt>
   <trkpt lat="43.99757" lon="5.055610000000001">
    <ele>80.58000000000001</ele>
   </trkpt>
   <trkpt lat="43.997490000000006" lon="5.05553">
    <ele>80.58000000000001</ele>
   </trkpt>
   <trkpt lat="43.99705" lon="5.054880000000001">
    <ele>78.74000000000001</ele>
   </trkpt>
   <trkpt lat="43.99664333683233" lon="5.054243324550193">
    <ele>77.42</ele>
   </trkpt>
   <trkpt lat="43.99623667012949" lon="5.053606657826995">
    <ele>75.96</ele>
   </trkpt>
   <trkpt lat="43.995830000000005" lon="5.05297">
    <ele>74.8</ele>
   </trkpt>
   <trkpt lat="43.99568" lon="5.052770000000001">
    <ele>74.68</ele>
   </trkpt>
   <trkpt lat="43.99531000084915" lon="5.05234499742072">
    <ele>74.00000000000001</ele>
   </trkpt>
   <trkpt lat="43.99494000000001" lon="5.051920000000001">
    <ele>72.81</ele>
   </trkpt>
   <trkpt lat="43.99445" lon="5.051410000000001">
    <ele>72.11</ele>
   </trkpt>
   <trkpt lat="43.99394" lon="5.05091">
    <ele>71.46000000000001</ele>
   </trkpt>
   <trkpt lat="43.993443335815044" lon="5.050383324584284">
    <ele>70.73</ele>
   </trkpt>
   <trkpt lat="43.99294666921096" lon="5.049856657984097">
    <ele>70.08</ele>
   </trkpt>
   <trkpt lat="43.992450000000005" lon="5.04933">
    <ele>69.39</ele>
   </trkpt>
   <trkpt lat="43.99233" lon="5.04912">
    <ele>68.63000000000001</ele>
   </trkpt>
   <trkpt lat="43.992270000000005" lon="5.04898">
    <ele>68.27000000000001</ele>
   </trkpt>
   <trkpt lat="43.992230000000006" lon="5.048590000000001">
    <ele>67.94</ele>
   </trkpt>
   <trkpt lat="43.99221000000001" lon="5.04847">
    <ele>67.94</ele>
   </trkpt>
   <trkpt lat="43.99208" lon="5.047490000000001">
    <ele>67.37</ele>
   </trkpt>
   <trkpt lat="43.992000000000004" lon="5.04713">
    <ele>67.14</ele>
   </trkpt>
   <trkpt lat="43.99197" lon="5.04715">
    <ele>67.14</ele>
   </trkpt>
   <trkpt lat="43.9919" lon="5.04715">
    <ele>67.14</ele>
   </trkpt>
   <trkpt lat="43.991245002264684" lon="5.046729986066835">
    <ele>67.14</ele>
   </trkpt>
   <trkpt lat="43.99059000299088" lon="5.046309981404337">
    <ele>64.78</ele>
   </trkpt>
   <trkpt lat="43.989935002178655" lon="5.04588998601211">
    <ele>64.78</ele>
   </trkpt>
   <trkpt lat="43.98928" lon="5.045470000000001">
    <ele>64.78</ele>
   </trkpt>
   <trkpt lat="43.98921000000001" lon="5.0453600000000005">
    <ele>64.78</ele>
   </trkpt>
   <trkpt lat="43.98904" lon="5.04532">
    <ele>64.78</ele>
   </trkpt>
   <trkpt lat="43.98847000000001" lon="5.04495">
    <ele>64.53</ele>
   </trkpt>
   <trkpt lat="43.98904" lon="5.04532">
    <ele>64.78</ele>
   </trkpt>
   <trkpt lat="43.98921000000001" lon="5.0453600000000005">
    <ele>64.78</ele>
   </trkpt>
   <trkpt lat="43.98928" lon="5.045470000000001">
    <ele>64.78</ele>
   </trkpt>
   <trkpt lat="43.98993500235058" lon="5.0458899861223525">
    <ele>64.78</ele>
   </trkpt>
   <trkpt lat="43.990590003162815" lon="5.046309981514581">
    <ele>67.14</ele>
   </trkpt>
   <trkpt lat="43.99124500243662" lon="5.0467299861770805">
    <ele>67.14</ele>
   </trkpt>
   <trkpt lat="43.9919" lon="5.04715">
    <ele>67.14</ele>
   </trkpt>
   <trkpt lat="43.99188" lon="5.0472600000000005">
    <ele>67.14</ele>
   </trkpt>
   <trkpt lat="43.99165000000001" lon="5.047140000000001">
    <ele>67.14</ele>
   </trkpt>
   <trkpt lat="43.99091750691725" lon="5.0466637088519795">
    <ele>67.14</ele>
   </trkpt>
   <trkpt lat="43.990185011856084" lon="5.046187429460457">
    <ele>67.14</ele>
   </trkpt>
   <trkpt lat="43.98945251481663" lon="5.045711161824876">
    <ele>67.14</ele>
   </trkpt>
   <trkpt lat="43.988720015798975" lon="5.0452349059446755">
    <ele>64.39</ele>
   </trkpt>
   <trkpt lat="43.98798751480326" lon="5.044758661819298">
    <ele>64.39</ele>
   </trkpt>
   <trkpt lat="43.98725501182952" lon="5.044282429448183">
    <ele>64.39</ele>
   </trkpt>
   <trkpt lat="43.98652250687789" lon="5.043806208830772">
    <ele>64.39</ele>
   </trkpt>
   <trkpt lat="43.98579" lon="5.04333">
    <ele>64.33000000000001</ele>
   </trkpt>
   <trkpt lat="43.985600000000005" lon="5.043220000000001">
    <ele>64.33000000000001</ele>
   </trkpt>
   <trkpt lat="43.984804010610674" lon="5.0426999372471455">
    <ele>64.33000000000001</ele>
   </trkpt>
   <trkpt lat="43.98400801886266" lon="5.042179888441005">
    <ele>59.96000000000001</ele>
   </trkpt>
   <trkpt lat="43.983212024756035" lon="5.041659853580857">
    <ele>59.96000000000001</ele>
   </trkpt>
   <trkpt lat="43.98241602829097" lon="5.041139832665982">
    <ele>59.96000000000001</ele>
   </trkpt>
   <trkpt lat="43.981620029467585" lon="5.040619825695659">
    <ele>59.96000000000001</ele>
   </trkpt>
   <trkpt lat="43.980824028286" lon="5.04009983266917">
    <ele>59.96000000000001</ele>
   </trkpt>
   <trkpt lat="43.980028024746346" lon="5.039579853585791">
    <ele>53.910000000000004</ele>
   </trkpt>
   <trkpt lat="43.979232018848755" lon="5.039059888444805">
    <ele>53.910000000000004</ele>
   </trkpt>
   <trkpt lat="43.97843601059337" lon="5.03853993724549">
    <ele>53.910000000000004</ele>
   </trkpt>
   <trkpt lat="43.97764" lon="5.03802">
    <ele>53.910000000000004</ele>
   </trkpt>
   <trkpt lat="43.976878004188805" lon="5.0375299748487885">
    <ele>53.910000000000004</ele>
   </trkpt>
   <trkpt lat="43.97611600628352" lon="5.037039962274077">
    <ele>53.910000000000004</ele>
   </trkpt>
   <trkpt lat="43.97535400628426" lon="5.036549962275243">
    <ele>50.230000000000004</ele>
   </trkpt>
   <trkpt lat="43.97459200419112" lon="5.036059974851662">
    <ele>50.230000000000004</ele>
   </trkpt>
   <trkpt lat="43.97383000000001" lon="5.035570000000001">
    <ele>50.230000000000004</ele>
   </trkpt>
   <trkpt lat="43.97374000000001" lon="5.03549">
    <ele>50.230000000000004</ele>
   </trkpt>
   <trkpt lat="43.97293833930717" lon="5.034966631346885">
    <ele>50.230000000000004</ele>
   </trkpt>
   <trkpt lat="43.97213667622556" lon="5.034443276823279">
    <ele>50.230000000000004</ele>
   </trkpt>
   <trkpt lat="43.97133501075532" lon="5.033919936428451">
    <ele>49.31</ele>
   </trkpt>
   <trkpt lat="43.97053334289662" lon="5.033396610161663">
    <ele>49.31</ele>
   </trkpt>
   <trkpt lat="43.96973167264952" lon="5.0328732980221815">
    <ele>49.31</ele>
   </trkpt>
   <trkpt lat="43.96893" lon="5.03235">
    <ele>49.31</ele>
   </trkpt>
   <trkpt lat="43.968292502151286" lon="5.031942486865817">
    <ele>49.31</ele>
   </trkpt>
   <trkpt lat="43.96765500285434" lon="5.031534982479048">
    <ele>49.31</ele>
   </trkpt>
   <trkpt lat="43.96701750210922" lon="5.031127486839333">
    <ele>49.290000000000006</ele>
   </trkpt>
   <trkpt lat="43.96638" lon="5.0307200000000005">
    <ele>49.290000000000006</ele>
   </trkpt>
   <trkpt lat="43.96605" lon="5.03054">
    <ele>49.290000000000006</ele>
   </trkpt>
   <trkpt lat="43.966" lon="5.03049">
    <ele>49.290000000000006</ele>
   </trkpt>
   <trkpt lat="43.96552000045232" lon="5.030154997267232">
    <ele>49.290000000000006</ele>
   </trkpt>
   <trkpt lat="43.96504" lon="5.029820000000001">
    <ele>49.78</ele>
   </trkpt>
   <trkpt lat="43.964405002166075" lon="5.029414987025626">
    <ele>49.78</ele>
   </trkpt>
   <trkpt lat="43.96377000290163" lon="5.02900998270973">
    <ele>49.78</ele>
   </trkpt>
   <trkpt lat="43.96313500220674" lon="5.028604987051956">
    <ele>49.78</ele>
   </trkpt>
   <trkpt lat="43.962500000000006" lon="5.0282">
    <ele>49.78</ele>
   </trkpt>
   <trkpt lat="43.96184666823217" lon="5.027773323934905">
    <ele>51.27</ele>
   </trkpt>
   <trkpt lat="43.96119333487669" lon="5.027346657253931">
    <ele>51.27</ele>
   </trkpt>
   <trkpt lat="43.96054" lon="5.0269200000000005">
    <ele>51.27</ele>
   </trkpt>
   <trkpt lat="43.960570000000004" lon="5.026870000000001">
    <ele>51.27</ele>
   </trkpt>
   <trkpt lat="43.960480000000004" lon="5.026820000000001">
    <ele>51.35000000000001</ele>
   </trkpt>
   <trkpt lat="43.96031000000001" lon="5.026770000000001">
    <ele>51.35000000000001</ele>
   </trkpt>
   <trkpt lat="43.959900000000005" lon="5.02672">
    <ele>51.45</ele>
   </trkpt>
   <trkpt lat="43.959720000000004" lon="5.026750000000001">
    <ele>51.45</ele>
   </trkpt>
   <trkpt lat="43.95966000000001" lon="5.026730000000001">
    <ele>51.45</ele>
   </trkpt>
   <trkpt lat="43.95962" lon="5.026660000000001">
    <ele>51.45</ele>
   </trkpt>
   <trkpt lat="43.95937000000001" lon="5.02669">
    <ele>51.15</ele>
   </trkpt>
   <trkpt lat="43.959360000000004" lon="5.026050000000001">
    <ele>50.61</ele>
   </trkpt>
   <trkpt lat="43.958850000000005" lon="5.02606">
    <ele>50.61</ele>
   </trkpt>
   <trkpt lat="43.95839999999305" lon="5.0260249997339725">
    <ele>51.86</ele>
   </trkpt>
   <trkpt lat="43.957950000000004" lon="5.02599">
    <ele>51.86</ele>
   </trkpt>
   <trkpt lat="43.957240000000006" lon="5.0259">
    <ele>51.86</ele>
   </trkpt>
   <trkpt lat="43.956450000000004" lon="5.02587">
    <ele>51.86</ele>
   </trkpt>
   <trkpt lat="43.95591500011268" lon="5.0257849992476205">
    <ele>50.760000000000005</ele>
   </trkpt>
   <trkpt lat="43.955380000000005" lon="5.0257000000000005">
    <ele>50.760000000000005</ele>
   </trkpt>
   <trkpt lat="43.955270000000006" lon="5.02573">
    <ele>50.760000000000005</ele>
   </trkpt>
   <trkpt lat="43.95515" lon="5.02521">
    <ele>50.97</ele>
   </trkpt>
   <trkpt lat="43.955040000000004" lon="5.0249500000000005">
    <ele>51.2</ele>
   </trkpt>
   <trkpt lat="43.9545" lon="5.0242700000000005">
    <ele>51.72</ele>
   </trkpt>
   <trkpt lat="43.954530000000005" lon="5.02421">
    <ele>51.72</ele>
   </trkpt>
   <trkpt lat="43.953975002139074" lon="5.023504993380099">
    <ele>51.49</ele>
   </trkpt>
   <trkpt lat="43.95342" lon="5.0228">
    <ele>51.43</ele>
   </trkpt>
   <trkpt lat="43.953010001017795" lon="5.022309996584672">
    <ele>51.870000000000005</ele>
   </trkpt>
   <trkpt lat="43.952600000000004" lon="5.021820000000001">
    <ele>52.50000000000001</ele>
   </trkpt>
   <trkpt lat="43.95248" lon="5.02174">
    <ele>52.690000000000005</ele>
   </trkpt>
   <trkpt lat="43.952360000000006" lon="5.02153">
    <ele>52.690000000000005</ele>
   </trkpt>
   <trkpt lat="43.952360000000006" lon="5.02146">
    <ele>52.75000000000001</ele>
   </trkpt>
   <trkpt lat="43.95244" lon="5.02132">
    <ele>52.82000000000001</ele>
   </trkpt>
   <trkpt lat="43.95252000000001" lon="5.021120000000001">
    <ele>52.82000000000001</ele>
   </trkpt>
   <trkpt lat="43.952740000000006" lon="5.02043">
    <ele>52.45</ele>
   </trkpt>
   <trkpt lat="43.952890000000004" lon="5.019920000000001">
    <ele>52.32000000000001</ele>
   </trkpt>
   <trkpt lat="43.95297" lon="5.019430000000001">
    <ele>52.03000000000001</ele>
   </trkpt>
   <trkpt lat="43.952960000000004" lon="5.01907">
    <ele>52.03000000000001</ele>
   </trkpt>
   <trkpt lat="43.952920000000006" lon="5.018560000000001">
    <ele>52.03000000000001</ele>
   </trkpt>
   <trkpt lat="43.95276000308796" lon="5.017719997797496">
    <ele>51.010000000000005</ele>
   </trkpt>
   <trkpt lat="43.952600000000004" lon="5.0168800000000005">
    <ele>51.010000000000005</ele>
   </trkpt>
   <trkpt lat="43.952525001838545" lon="5.0162349993967075">
    <ele>51.010000000000005</ele>
   </trkpt>
   <trkpt lat="43.952450000000006" lon="5.01559">
    <ele>51.010000000000005</ele>
   </trkpt>
   <trkpt lat="43.952400000000004" lon="5.01438">
    <ele>50.870000000000005</ele>
   </trkpt>
   <trkpt lat="43.952290000000005" lon="5.0139000000000005">
    <ele>50.870000000000005</ele>
   </trkpt>
   <trkpt lat="43.95194" lon="5.012860000000001">
    <ele>50.870000000000005</ele>
   </trkpt>
   <trkpt lat="43.95183" lon="5.012440000000001">
    <ele>50.870000000000005</ele>
   </trkpt>
   <trkpt lat="43.9517" lon="5.0114600000000005">
    <ele>50.870000000000005</ele>
   </trkpt>
   <trkpt lat="43.95163000224432" lon="5.010739998986342">
    <ele>50.870000000000005</ele>
   </trkpt>
   <trkpt lat="43.95156" lon="5.010020000000001">
    <ele>50.870000000000005</ele>
   </trkpt>
   <trkpt lat="43.951490007166775" lon="5.009113331170074">
    <ele>49.400000000000006</ele>
   </trkpt>
   <trkpt lat="43.951420007164636" lon="5.00820666447581">
    <ele>49.400000000000006</ele>
   </trkpt>
   <trkpt lat="43.951350000000005" lon="5.007300000000001">
    <ele>49.400000000000006</ele>
   </trkpt>
   <trkpt lat="43.951330000000006" lon="5.0065100000000005">
    <ele>49.400000000000006</ele>
   </trkpt>
   <trkpt lat="43.95139" lon="5.005450000000001">
    <ele>51.800000000000004</ele>
   </trkpt>
   <trkpt lat="43.9513" lon="5.00469">
    <ele>51.800000000000004</ele>
   </trkpt>
   <trkpt lat="43.95135500356101" lon="5.003785001006428">
    <ele>52.94</ele>
   </trkpt>
   <trkpt lat="43.95141" lon="5.00288">
    <ele>52.94</ele>
   </trkpt>
   <trkpt lat="43.95127" lon="5.00222">
    <ele>52.980000000000004</ele>
   </trkpt>
   <trkpt lat="43.950970003874126" lon="5.0012799953218625">
    <ele>52.980000000000004</ele>
   </trkpt>
   <trkpt lat="43.95067" lon="5.0003400000000005">
    <ele>50.84</ele>
   </trkpt>
   <trkpt lat="43.95058" lon="5.0">
    <ele>50.84</ele>
   </trkpt>
   <trkpt lat="43.95058" lon="4.999720000000001">
    <ele>50.84</ele>
   </trkpt>
   <trkpt lat="43.95077000577698" lon="4.998906671832251">
    <ele>50.84</ele>
   </trkpt>
   <trkpt lat="43.95096000578509" lon="4.998093338464239">
    <ele>51.99</ele>
   </trkpt>
   <trkpt lat="43.951150000000005" lon="4.997280000000001">
    <ele>51.99</ele>
   </trkpt>
   <trkpt lat="43.951350000000005" lon="4.996370000000001">
    <ele>52.97</ele>
   </trkpt>
   <trkpt lat="43.95149000000001" lon="4.99589">
    <ele>53.19</ele>
   </trkpt>
   <trkpt lat="43.95158000000001" lon="4.9956700000000005">
    <ele>53.19</ele>
   </trkpt>
   <trkpt lat="43.951660000000004" lon="4.995450000000001">
    <ele>53.19</ele>
   </trkpt>
   <trkpt lat="43.95204500276188" lon="4.9946550051377026">
    <ele>49.6</ele>
   </trkpt>
   <trkpt lat="43.95243000000001" lon="4.993860000000001">
    <ele>49.6</ele>
   </trkpt>
   <trkpt lat="43.95274500233273" lon="4.993125003949156">
    <ele>48.6</ele>
   </trkpt>
   <trkpt lat="43.95306" lon="4.99239">
    <ele>48.550000000000004</ele>
   </trkpt>
   <trkpt lat="43.953520000000005" lon="4.99136">
    <ele>49.0</ele>
   </trkpt>
   <trkpt lat="43.95383" lon="4.990220000000001">
    <ele>48.77</ele>
   </trkpt>
   <trkpt lat="43.95394" lon="4.989590000000001">
    <ele>48.77</ele>
   </trkpt>
   <trkpt lat="43.954010000000004" lon="4.98934">
    <ele>49.35</ele>
   </trkpt>
   <trkpt lat="43.95431000000001" lon="4.98861">
    <ele>49.35</ele>
   </trkpt>
   <trkpt lat="43.95436" lon="4.988370000000001">
    <ele>48.720000000000006</ele>
   </trkpt>
   <trkpt lat="43.954420000000006" lon="4.987920000000001">
    <ele>47.71</ele>
   </trkpt>
   <trkpt lat="43.95447" lon="4.98719">
    <ele>47.010000000000005</ele>
   </trkpt>
   <trkpt lat="43.954530000000005" lon="4.98672">
    <ele>47.010000000000005</ele>
   </trkpt>
   <trkpt lat="43.95467" lon="4.986280000000001">
    <ele>47.010000000000005</ele>
   </trkpt>
   <trkpt lat="43.95479" lon="4.98606">
    <ele>47.010000000000005</ele>
   </trkpt>
   <trkpt lat="43.955360000000006" lon="4.98535">
    <ele>48.550000000000004</ele>
   </trkpt>
   <trkpt lat="43.95546" lon="4.985200000000001">
    <ele>48.550000000000004</ele>
   </trkpt>
   <trkpt lat="43.95548" lon="4.985040000000001">
    <ele>48.550000000000004</ele>
   </trkpt>
   <trkpt lat="43.95571" lon="4.98496">
    <ele>48.330000000000005</ele>
   </trkpt>
   <trkpt lat="43.9557" lon="4.9849000000000006">
    <ele>48.330000000000005</ele>
   </trkpt>
   <trkpt lat="43.95572000000001" lon="4.98482">
    <ele>48.330000000000005</ele>
   </trkpt>
   <trkpt lat="43.956105002933526" lon="4.984000005309457">
    <ele>47.080000000000005</ele>
   </trkpt>
   <trkpt lat="43.95649" lon="4.983180000000001">
    <ele>47.080000000000005</ele>
   </trkpt>
   <trkpt lat="43.956570000000006" lon="4.9828">
    <ele>46.48</ele>
   </trkpt>
   <trkpt lat="43.95669" lon="4.98184">
    <ele>45.540000000000006</ele>
   </trkpt>
   <trkpt lat="43.95679667799968" lon="4.980700004099438">
    <ele>45.7</ele>
   </trkpt>
   <trkpt lat="43.95690334466576" lon="4.979560004105845">
    <ele>45.7</ele>
   </trkpt>
   <trkpt lat="43.957010000000004" lon="4.978420000000001">
    <ele>43.480000000000004</ele>
   </trkpt>
   <trkpt lat="43.95703" lon="4.977760000000001">
    <ele>43.480000000000004</ele>
   </trkpt>
   <trkpt lat="43.957010000000004" lon="4.9766900000000005">
    <ele>43.550000000000004</ele>
   </trkpt>
   <trkpt lat="43.957010002652886" lon="4.975909999645268">
    <ele>43.85000000000001</ele>
   </trkpt>
   <trkpt lat="43.957010000000004" lon="4.97513">
    <ele>42.440000000000005</ele>
   </trkpt>
   <trkpt lat="43.957040000000006" lon="4.974640000000001">
    <ele>42.440000000000005</ele>
   </trkpt>
   <trkpt lat="43.957080000000005" lon="4.97444">
    <ele>42.440000000000005</ele>
   </trkpt>
   <trkpt lat="43.95712" lon="4.974340000000001">
    <ele>42.440000000000005</ele>
   </trkpt>
   <trkpt lat="43.957370007119096" lon="4.973436674257936">
    <ele>42.480000000000004</ele>
   </trkpt>
   <trkpt lat="43.95762000712192" lon="4.972533340914529">
    <ele>43.27</ele>
   </trkpt>
   <trkpt lat="43.95787000000001" lon="4.97163">
    <ele>43.620000000000005</ele>
   </trkpt>
   <trkpt lat="43.95785" lon="4.971500000000001">
    <ele>43.620000000000005</ele>
   </trkpt>
   <trkpt lat="43.95781" lon="4.9714">
    <ele>43.620000000000005</ele>
   </trkpt>
   <trkpt lat="43.95723" lon="4.9704500000000005">
    <ele>43.18</ele>
   </trkpt>
   <trkpt lat="43.95671000010849" lon="4.970550000862632">
    <ele>43.050000000000004</ele>
   </trkpt>
   <trkpt lat="43.95619000000001" lon="4.97065">
    <ele>43.050000000000004</ele>
   </trkpt>
   <trkpt lat="43.95533000015332" lon="4.970790004055073">
    <ele>43.050000000000004</ele>
   </trkpt>
   <trkpt lat="43.95447000013567" lon="4.9709300040578634">
    <ele>44.15</ele>
   </trkpt>
   <trkpt lat="43.953610000000005" lon="4.97107">
    <ele>44.56</ele>
   </trkpt>
   <trkpt lat="43.95360251813703" lon="4.969892499524483">
    <ele>43.120000000000005</ele>
   </trkpt>
   <trkpt lat="43.953595024182576" lon="4.968714999345696">
    <ele>43.120000000000005</ele>
   </trkpt>
   <trkpt lat="43.95358751813664" lon="4.96753749946412">
    <ele>43.120000000000005</ele>
   </trkpt>
   <trkpt lat="43.95358" lon="4.966360000000001">
    <ele>44.21000000000001</ele>
   </trkpt>
   <trkpt lat="43.953540000000004" lon="4.96628">
    <ele>44.21000000000001</ele>
   </trkpt>
   <trkpt lat="43.95337000000001" lon="4.96617">
    <ele>44.21000000000001</ele>
   </trkpt>
   <trkpt lat="43.953340000000004" lon="4.9661100000000005">
    <ele>44.21000000000001</ele>
   </trkpt>
   <trkpt lat="43.95333" lon="4.9655000000000005">
    <ele>44.21000000000001</ele>
   </trkpt>
   <trkpt lat="43.95317" lon="4.96551">
    <ele>44.21000000000001</ele>
   </trkpt>
   <trkpt lat="43.95273" lon="4.96562">
    <ele>42.96</ele>
   </trkpt>
   <trkpt lat="43.95219" lon="4.965800000000001">
    <ele>42.96</ele>
   </trkpt>
   <trkpt lat="43.952050002109694" lon="4.965099998216557">
    <ele>42.96</ele>
   </trkpt>
   <trkpt lat="43.951910000000005" lon="4.9644">
    <ele>43.93</ele>
   </trkpt>
   <trkpt lat="43.951800002198254" lon="4.963694998893929">
    <ele>43.93</ele>
   </trkpt>
   <trkpt lat="43.951690000000006" lon="4.9629900000000005">
    <ele>43.93</ele>
   </trkpt>
   <trkpt lat="43.95157000380956" lon="4.962054998093262">
    <ele>47.220000000000006</ele>
   </trkpt>
   <trkpt lat="43.95145" lon="4.96112">
    <ele>47.220000000000006</ele>
   </trkpt>
   <trkpt lat="43.95140000000001" lon="4.96091">
    <ele>47.220000000000006</ele>
   </trkpt>
   <trkpt lat="43.95129" lon="4.96061">
    <ele>47.220000000000006</ele>
   </trkpt>
   <trkpt lat="43.95089" lon="4.96007">
    <ele>41.89</ele>
   </trkpt>
   <trkpt lat="43.950700000000005" lon="4.95969">
    <ele>41.89</ele>
   </trkpt>
   <trkpt lat="43.95065" lon="4.95964">
    <ele>41.89</ele>
   </trkpt>
   <trkpt lat="43.950520000000004" lon="4.959630000000001">
    <ele>41.89</ele>
   </trkpt>
   <trkpt lat="43.950480000000006" lon="4.95945">
    <ele>41.89</ele>
   </trkpt>
   <trkpt lat="43.95037000000001" lon="4.958740000000001">
    <ele>40.900000000000006</ele>
   </trkpt>
   <trkpt lat="43.95038" lon="4.95858">
    <ele>40.900000000000006</ele>
   </trkpt>
   <trkpt lat="43.95046000000001" lon="4.958220000000001">
    <ele>40.900000000000006</ele>
   </trkpt>
   <trkpt lat="43.95046000000001" lon="4.958130000000001">
    <ele>40.900000000000006</ele>
   </trkpt>
   <trkpt lat="43.950120000000005" lon="4.9570300000000005">
    <ele>40.900000000000006</ele>
   </trkpt>
   <trkpt lat="43.950100000000006" lon="4.956910000000001">
    <ele>40.900000000000006</ele>
   </trkpt>
   <trkpt lat="43.950120000000005" lon="4.956770000000001">
    <ele>40.900000000000006</ele>
   </trkpt>
   <trkpt lat="43.950190000000006" lon="4.9567000000000005">
    <ele>40.900000000000006</ele>
   </trkpt>
   <trkpt lat="43.95027" lon="4.956650000000001">
    <ele>40.900000000000006</ele>
   </trkpt>
   <trkpt lat="43.95074500030869" lon="4.956505001092606">
    <ele>40.900000000000006</ele>
   </trkpt>
   <trkpt lat="43.951220000000006" lon="4.95636">
    <ele>40.900000000000006</ele>
   </trkpt>
   <trkpt lat="43.95127" lon="4.95629">
    <ele>40.900000000000006</ele>
   </trkpt>
   <trkpt lat="43.95129" lon="4.956200000000001">
    <ele>40.900000000000006</ele>
   </trkpt>
   <trkpt lat="43.95121" lon="4.95577">
    <ele>40.900000000000006</ele>
   </trkpt>
   <trkpt lat="43.95107" lon="4.95526">
    <ele>39.99</ele>
   </trkpt>
   <trkpt lat="43.95107" lon="4.95511">
    <ele>39.99</ele>
   </trkpt>
   <trkpt lat="43.95109" lon="4.9549900000000004">
    <ele>39.99</ele>
   </trkpt>
   <trkpt lat="43.95114" lon="4.954910000000001">
    <ele>39.99</ele>
   </trkpt>
   <trkpt lat="43.95125" lon="4.95483">
    <ele>39.99</ele>
   </trkpt>
   <trkpt lat="43.95185" lon="4.95448">
    <ele>39.99</ele>
   </trkpt>
   <trkpt lat="43.9519" lon="4.95439">
    <ele>39.99</ele>
   </trkpt>
   <trkpt lat="43.95192" lon="4.95429">
    <ele>39.99</ele>
   </trkpt>
   <trkpt lat="43.95192" lon="4.95415">
    <ele>39.99</ele>
   </trkpt>
   <trkpt lat="43.951690000000006" lon="4.95338">
    <ele>39.99</ele>
   </trkpt>
   <trkpt lat="43.951660000000004" lon="4.95317">
    <ele>39.99</ele>
   </trkpt>
   <trkpt lat="43.9517" lon="4.9530400000000006">
    <ele>39.99</ele>
   </trkpt>
   <trkpt lat="43.95178000000001" lon="4.952920000000001">
    <ele>39.99</ele>
   </trkpt>
   <trkpt lat="43.95206" lon="4.952640000000001">
    <ele>39.99</ele>
   </trkpt>
   <trkpt lat="43.95219" lon="4.95239">
    <ele>39.99</ele>
   </trkpt>
   <trkpt lat="43.95217" lon="4.95225">
    <ele>39.99</ele>
   </trkpt>
   <trkpt lat="43.95197" lon="4.951370000000001">
    <ele>40.019999999999996</ele>
   </trkpt>
   <trkpt lat="43.95196000000001" lon="4.95122">
    <ele>40.019999999999996</ele>
   </trkpt>
   <trkpt lat="43.95199" lon="4.95108">
    <ele>40.019999999999996</ele>
   </trkpt>
   <trkpt lat="43.952395000663785" lon="4.950675002811402">
    <ele>40.019999999999996</ele>
   </trkpt>
   <trkpt lat="43.9528" lon="4.950270000000001">
    <ele>38.61000000000001</ele>
   </trkpt>
   <trkpt lat="43.952940000000005" lon="4.95009">
    <ele>38.61000000000001</ele>
   </trkpt>
   <trkpt lat="43.95313" lon="4.94977">
    <ele>38.61000000000001</ele>
   </trkpt>
   <trkpt lat="43.953500000000005" lon="4.949070000000001">
    <ele>39.92</ele>
   </trkpt>
   <trkpt lat="43.9536" lon="4.948810000000001">
    <ele>39.99</ele>
   </trkpt>
   <trkpt lat="43.95351" lon="4.948110000000001">
    <ele>40.1</ele>
   </trkpt>
   <trkpt lat="43.9533733406579" lon="4.947193329094712">
    <ele>40.050000000000004</ele>
   </trkpt>
   <trkpt lat="43.953236673987846" lon="4.946276662405425">
    <ele>43.84</ele>
   </trkpt>
   <trkpt lat="43.953100000000006" lon="4.94536">
    <ele>43.660000000000004</ele>
   </trkpt>
   <trkpt lat="43.95287500291281" lon="4.944534996674911">
    <ele>42.550000000000004</ele>
   </trkpt>
   <trkpt lat="43.952650000000006" lon="4.94371">
    <ele>42.35</ele>
   </trkpt>
   <trkpt lat="43.952470000000005" lon="4.943090000000001">
    <ele>41.46</ele>
   </trkpt>
   <trkpt lat="43.95233" lon="4.94294">
    <ele>41.46</ele>
   </trkpt>
   <trkpt lat="43.951730000000005" lon="4.943230000000001">
    <ele>41.56</ele>
   </trkpt>
   <trkpt lat="43.95111000000001" lon="4.943320000000001">
    <ele>41.56</ele>
   </trkpt>
   <trkpt lat="43.95098" lon="4.94331">
    <ele>41.220000000000006</ele>
   </trkpt>
   <trkpt lat="43.95074" lon="4.94322">
    <ele>41.220000000000006</ele>
   </trkpt>
   <trkpt lat="43.95064000000001" lon="4.943160000000001">
    <ele>41.220000000000006</ele>
   </trkpt>
   <trkpt lat="43.950500000000005" lon="4.9430000000000005">
    <ele>41.220000000000006</ele>
   </trkpt>
   <trkpt lat="43.950410000000005" lon="4.942710000000001">
    <ele>41.89</ele>
   </trkpt>
   <trkpt lat="43.95015500500638" lon="4.941639995468693">
    <ele>42.510000000000005</ele>
   </trkpt>
   <trkpt lat="43.94990000000001" lon="4.94057">
    <ele>45.34</ele>
   </trkpt>
   <trkpt lat="43.94984" lon="4.9404">
    <ele>45.67</ele>
   </trkpt>
   <trkpt lat="43.949740000000006" lon="4.9401600000000006">
    <ele>47.300000000000004</ele>
   </trkpt>
   <trkpt lat="43.949560000000005" lon="4.93984">
    <ele>47.580000000000005</ele>
   </trkpt>
   <trkpt lat="43.949490000000004" lon="4.93958">
    <ele>47.93000000000001</ele>
   </trkpt>
   <trkpt lat="43.949490000000004" lon="4.93946">
    <ele>48.11000000000001</ele>
   </trkpt>
   <trkpt lat="43.94944" lon="4.93939">
    <ele>48.150000000000006</ele>
   </trkpt>
   <trkpt lat="43.94939" lon="4.93939">
    <ele>48.730000000000004</ele>
   </trkpt>
   <trkpt lat="43.949220000000004" lon="4.93921">
    <ele>48.910000000000004</ele>
   </trkpt>
   <trkpt lat="43.949040000000004" lon="4.938820000000001">
    <ele>50.11</ele>
   </trkpt>
   <trkpt lat="43.94865601849474" lon="4.937789973358461">
    <ele>54.63</ele>
   </trkpt>
   <trkpt lat="43.948272027737254" lon="4.936759960025351">
    <ele>59.2</ele>
   </trkpt>
   <trkpt lat="43.947888027727785" lon="4.935729960000645">
    <ele>63.64</ele>
   </trkpt>
   <trkpt lat="43.94750401846658" lon="4.934699973284309">
    <ele>67.04</ele>
   </trkpt>
   <trkpt lat="43.947120000000005" lon="4.93367">
    <ele>77.12</ele>
   </trkpt>
   <trkpt lat="43.946960000000004" lon="4.9331000000000005">
    <ele>77.12</ele>
   </trkpt>
   <trkpt lat="43.947230000000005" lon="4.932740000000001">
    <ele>77.54</ele>
   </trkpt>
   <trkpt lat="43.94726000000001" lon="4.93259">
    <ele>77.54</ele>
   </trkpt>
   <trkpt lat="43.947230000000005" lon="4.93208">
    <ele>80.74000000000001</ele>
   </trkpt>
   <trkpt lat="43.94704500182333" lon="4.931444998247182">
    <ele>81.87</ele>
   </trkpt>
   <trkpt lat="43.94686" lon="4.93081">
    <ele>86.17</ele>
   </trkpt>
   <trkpt lat="43.94689" lon="4.92964">
    <ele>91.93</ele>
   </trkpt>
   <trkpt lat="43.94688" lon="4.9293700000000005">
    <ele>92.59</ele>
   </trkpt>
   <trkpt lat="43.94682" lon="4.929150000000001">
    <ele>92.59</ele>
   </trkpt>
   <trkpt lat="43.94675" lon="4.929">
    <ele>92.59</ele>
   </trkpt>
   <trkpt lat="43.94657" lon="4.92877">
    <ele>99.63000000000001</ele>
   </trkpt>
   <trkpt lat="43.946250000000006" lon="4.9285000000000005">
    <ele>99.63000000000001</ele>
   </trkpt>
   <trkpt lat="43.94617" lon="4.92839">
    <ele>102.92000000000002</ele>
   </trkpt>
   <trkpt lat="43.94612" lon="4.92818">
    <ele>102.92000000000002</ele>
   </trkpt>
   <trkpt lat="43.946180000000005" lon="4.92781">
    <ele>104.85000000000001</ele>
   </trkpt>
   <trkpt lat="43.94651" lon="4.926690000000001">
    <ele>109.92</ele>
   </trkpt>
   <trkpt lat="43.946690000000004" lon="4.9259">
    <ele>114.71000000000001</ele>
   </trkpt>
   <trkpt lat="43.946740000000005" lon="4.924950000000001">
    <ele>114.77000000000001</ele>
   </trkpt>
   <trkpt lat="43.94668" lon="4.92419">
    <ele>115.19000000000001</ele>
   </trkpt>
   <trkpt lat="43.946580000000004" lon="4.923660000000001">
    <ele>115.19000000000001</ele>
   </trkpt>
   <trkpt lat="43.94631000393763" lon="4.92270999569339">
    <ele>114.99000000000001</ele>
   </trkpt>
   <trkpt lat="43.94604" lon="4.921760000000001">
    <ele>114.99000000000001</ele>
   </trkpt>
   <trkpt lat="43.94597" lon="4.921340000000001">
    <ele>113.37</ele>
   </trkpt>
   <trkpt lat="43.9459" lon="4.92065">
    <ele>112.11000000000001</ele>
   </trkpt>
   <trkpt lat="43.945910000000005" lon="4.9196">
    <ele>112.11000000000001</ele>
   </trkpt>
   <trkpt lat="43.945930000000004" lon="4.91927">
    <ele>112.11000000000001</ele>
   </trkpt>
   <trkpt lat="43.94604" lon="4.918690000000001">
    <ele>112.11000000000001</ele>
   </trkpt>
   <trkpt lat="43.946090000000005" lon="4.91851">
    <ele>91.88</ele>
   </trkpt>
   <trkpt lat="43.94615" lon="4.9183900000000005">
    <ele>91.88</ele>
   </trkpt>
   <trkpt lat="43.946220000000004" lon="4.91831">
    <ele>91.88</ele>
   </trkpt>
   <trkpt lat="43.94632" lon="4.9182500000000005">
    <ele>91.88</ele>
   </trkpt>
   <trkpt lat="43.94715" lon="4.917890000000001">
    <ele>91.88</ele>
   </trkpt>
   <trkpt lat="43.94731" lon="4.91774">
    <ele>91.88</ele>
   </trkpt>
   <trkpt lat="43.94737000000001" lon="4.9176400000000005">
    <ele>91.88</ele>
   </trkpt>
   <trkpt lat="43.94742" lon="4.91744">
    <ele>91.88</ele>
   </trkpt>
   <trkpt lat="43.94744" lon="4.91725">
    <ele>91.88</ele>
   </trkpt>
   <trkpt lat="43.94737000000001" lon="4.9164">
    <ele>80.53999999999999</ele>
   </trkpt>
   <trkpt lat="43.947390000000006" lon="4.91598">
    <ele>80.53999999999999</ele>
   </trkpt>
   <trkpt lat="43.94755000000001" lon="4.9152000000000005">
    <ele>80.53999999999999</ele>
   </trkpt>
   <trkpt lat="43.94770000901281" lon="4.914183338471656">
    <ele>63.9</ele>
   </trkpt>
   <trkpt lat="43.947850009011816" lon="4.913166671811943">
    <ele>63.9</ele>
   </trkpt>
   <trkpt lat="43.948" lon="4.9121500000000005">
    <ele>59.13</ele>
   </trkpt>
   <trkpt lat="43.948080000000004" lon="4.91187">
    <ele>57.93</ele>
   </trkpt>
   <trkpt lat="43.94823" lon="4.91162">
    <ele>57.93</ele>
   </trkpt>
   <trkpt lat="43.94849000000001" lon="4.91126">
    <ele>57.1</ele>
   </trkpt>
   <trkpt lat="43.948010002792216" lon="4.910459993542253">
    <ele>52.13</ele>
   </trkpt>
   <trkpt lat="43.94753" lon="4.909660000000001">
    <ele>49.260000000000005</ele>
   </trkpt>
   <trkpt lat="43.94731" lon="4.90941">
    <ele>49.260000000000005</ele>
   </trkpt>
   <trkpt lat="43.94718" lon="4.9093100000000005">
    <ele>49.260000000000005</ele>
   </trkpt>
   <trkpt lat="43.94727" lon="4.9091000000000005">
    <ele>49.260000000000005</ele>
   </trkpt>
   <trkpt lat="43.94749" lon="4.90798">
    <ele>45.81</ele>
   </trkpt>
   <trkpt lat="43.94756" lon="4.9074800000000005">
    <ele>43.06</ele>
   </trkpt>
   <trkpt lat="43.94758" lon="4.90713">
    <ele>43.06</ele>
   </trkpt>
   <trkpt lat="43.947660000000006" lon="4.90646">
    <ele>42.800000000000004</ele>
   </trkpt>
   <trkpt lat="43.94780000319648" lon="4.905605001959309">
    <ele>41.81000000000001</ele>
   </trkpt>
   <trkpt lat="43.94794" lon="4.904750000000001">
    <ele>39.67</ele>
   </trkpt>
   <trkpt lat="43.94801000256438" lon="4.903985000763434">
    <ele>36.15</ele>
   </trkpt>
   <trkpt lat="43.948080000000004" lon="4.90322">
    <ele>35.77</ele>
   </trkpt>
   <trkpt lat="43.94816" lon="4.90303">
    <ele>35.2</ele>
   </trkpt>
   <trkpt lat="43.94827" lon="4.902920000000001">
    <ele>34.9</ele>
   </trkpt>
   <trkpt lat="43.9483" lon="4.902830000000001">
    <ele>34.9</ele>
   </trkpt>
   <trkpt lat="43.948310000000006" lon="4.902760000000001">
    <ele>34.15</ele>
   </trkpt>
   <trkpt lat="43.948280000000004" lon="4.902710000000001">
    <ele>34.15</ele>
   </trkpt>
   <trkpt lat="43.94825" lon="4.90256">
    <ele>33.910000000000004</ele>
   </trkpt>
   <trkpt lat="43.948280000000004" lon="4.90223">
    <ele>33.28</ele>
   </trkpt>
   <trkpt lat="43.948520006072776" lon="4.901050004757829">
    <ele>29.650000000000002</ele>
   </trkpt>
   <trkpt lat="43.94876" lon="4.899870000000001">
    <ele>28.41</ele>
   </trkpt>
   <trkpt lat="43.948910000000005" lon="4.8994">
    <ele>27.720000000000002</ele>
   </trkpt>
   <trkpt lat="43.94897" lon="4.899050000000001">
    <ele>27.720000000000002</ele>
   </trkpt>
   <trkpt lat="43.94901" lon="4.89862">
    <ele>28.270000000000003</ele>
   </trkpt>
   <trkpt lat="43.949000000000005" lon="4.8982600000000005">
    <ele>28.270000000000003</ele>
   </trkpt>
   <trkpt lat="43.94908" lon="4.89717">
    <ele>27.92</ele>
   </trkpt>
   <trkpt lat="43.949130000000004" lon="4.8971100000000005">
    <ele>27.92</ele>
   </trkpt>
   <trkpt lat="43.949160000000006" lon="4.897010000000001">
    <ele>27.92</ele>
   </trkpt>
   <trkpt lat="43.94917" lon="4.89656">
    <ele>26.930000000000003</ele>
   </trkpt>
   <trkpt lat="43.94919" lon="4.896470000000001">
    <ele>26.930000000000003</ele>
   </trkpt>
   <trkpt lat="43.949180000000005" lon="4.896330000000001">
    <ele>26.930000000000003</ele>
   </trkpt>
   <trkpt lat="43.94923000000001" lon="4.89569">
    <ele>27.21</ele>
   </trkpt>
   <trkpt lat="43.949200000000005" lon="4.89559">
    <ele>27.340000000000003</ele>
   </trkpt>
   <trkpt lat="43.94921" lon="4.895510000000001">
    <ele>27.410000000000004</ele>
   </trkpt>
   <trkpt lat="43.9492700038078" lon="4.894575001008768">
    <ele>27.500000000000004</ele>
   </trkpt>
   <trkpt lat="43.94933" lon="4.89364">
    <ele>27.26</ele>
   </trkpt>
   <trkpt lat="43.94938601821793" lon="4.892618003842367">
    <ele>26.500000000000004</ele>
   </trkpt>
   <trkpt lat="43.94944202732718" lon="4.8915960057584496">
    <ele>25.67</ele>
   </trkpt>
   <trkpt lat="43.94949802732774" lon="4.890574005748553">
    <ele>25.150000000000002</ele>
   </trkpt>
   <trkpt lat="43.949554018219565" lon="4.889552003812983">
    <ele>26.250000000000004</ele>
   </trkpt>
   <trkpt lat="43.94961000000001" lon="4.88853">
    <ele>26.250000000000004</ele>
   </trkpt>
   <trkpt lat="43.949630000000006" lon="4.8875">
    <ele>26.85</ele>
   </trkpt>
   <trkpt lat="43.9495566756256" lon="4.886486664221966">
    <ele>29.980000000000004</ele>
   </trkpt>
   <trkpt lat="43.94948334229628" lon="4.885473330944317">
    <ele>31.3</ele>
   </trkpt>
   <trkpt lat="43.94941" lon="4.884460000000001">
    <ele>30.67</ele>
   </trkpt>
   <trkpt lat="43.94940500330052" lon="4.883589999951535">
    <ele>30.67</ele>
   </trkpt>
   <trkpt lat="43.949400000000004" lon="4.882720000000001">
    <ele>26.770000000000003</ele>
   </trkpt>
   <trkpt lat="43.949380000000005" lon="4.88241">
    <ele>26.770000000000003</ele>
   </trkpt>
   <trkpt lat="43.94923000000001" lon="4.8817200000000005">
    <ele>26.94</ele>
   </trkpt>
   <trkpt lat="43.949180000000005" lon="4.8815800000000005">
    <ele>26.94</ele>
   </trkpt>
   <trkpt lat="43.9491" lon="4.88147">
    <ele>26.94</ele>
   </trkpt>
   <trkpt lat="43.949130000000004" lon="4.8813">
    <ele>26.94</ele>
   </trkpt>
   <trkpt lat="43.949130000000004" lon="4.8811">
    <ele>26.94</ele>
   </trkpt>
   <trkpt lat="43.94901" lon="4.87994">
    <ele>28.12</ele>
   </trkpt>
   <trkpt lat="43.94898000352871" lon="4.879039999449651">
    <ele>28.12</ele>
   </trkpt>
   <trkpt lat="43.94895" lon="4.87814">
    <ele>30.650000000000002</ele>
   </trkpt>
   <trkpt lat="43.94899" lon="4.877840000000001">
    <ele>30.650000000000002</ele>
   </trkpt>
   <trkpt lat="43.949130000000004" lon="4.877190000000001">
    <ele>30.650000000000002</ele>
   </trkpt>
   <trkpt lat="43.949220000000004" lon="4.8766300000000005">
    <ele>30.650000000000002</ele>
   </trkpt>
   <trkpt lat="43.949310000000004" lon="4.8760200000000005">
    <ele>30.650000000000002</ele>
   </trkpt>
   <trkpt lat="43.94933" lon="4.87563">
    <ele>28.540000000000003</ele>
   </trkpt>
   <trkpt lat="43.949310000000004" lon="4.87471">
    <ele>28.540000000000003</ele>
   </trkpt>
   <trkpt lat="43.94940000319753" lon="4.873855001199883">
    <ele>28.53</ele>
   </trkpt>
   <trkpt lat="43.949490000000004" lon="4.873">
    <ele>28.05</ele>
   </trkpt>
   <trkpt lat="43.9495" lon="4.872660000000001">
    <ele>28.05</ele>
   </trkpt>
   <trkpt lat="43.949470000000005" lon="4.87244">
    <ele>28.05</ele>
   </trkpt>
   <trkpt lat="43.94946" lon="4.8724300000000005">
    <ele>28.05</ele>
   </trkpt>
   <trkpt lat="43.94931000162909" lon="4.871824998606565">
    <ele>28.05</ele>
   </trkpt>
   <trkpt lat="43.949160000000006" lon="4.87122">
    <ele>27.520000000000003</ele>
   </trkpt>
   <trkpt lat="43.94906" lon="4.87093">
    <ele>27.520000000000003</ele>
   </trkpt>
   <trkpt lat="43.948815001229896" lon="4.870384997608375">
    <ele>27.32</ele>
   </trkpt>
   <trkpt lat="43.948570000000004" lon="4.869840000000001">
    <ele>28.240000000000002</ele>
   </trkpt>
   <trkpt lat="43.94843" lon="4.86969">
    <ele>28.360000000000003</ele>
   </trkpt>
   <trkpt lat="43.948150000000005" lon="4.869330000000001">
    <ele>28.93</ele>
   </trkpt>
   <trkpt lat="43.94774" lon="4.86871">
    <ele>28.290000000000003</ele>
   </trkpt>
   <trkpt lat="43.94751" lon="4.86808">
    <ele>28.290000000000003</ele>
   </trkpt>
   <trkpt lat="43.947410000000005" lon="4.86786">
    <ele>28.200000000000003</ele>
   </trkpt>
   <trkpt lat="43.94700000259645" lon="4.867074994412099">
    <ele>28.14</ele>
   </trkpt>
   <trkpt lat="43.94659" lon="4.86629">
    <ele>29.7</ele>
   </trkpt>
   <trkpt lat="43.94615" lon="4.866440000000001">
    <ele>29.7</ele>
   </trkpt>
   <trkpt lat="43.945310000000006" lon="4.866680000000001">
    <ele>26.160000000000004</ele>
   </trkpt>
   <trkpt lat="43.94445" lon="4.86702">
    <ele>26.160000000000004</ele>
   </trkpt>
   <trkpt lat="43.94418" lon="4.86716">
    <ele>26.160000000000004</ele>
   </trkpt>
   <trkpt lat="43.943500000832906" lon="4.867590004901664">
    <ele>25.910000000000004</ele>
   </trkpt>
   <trkpt lat="43.942820000000005" lon="4.8680200000000005">
    <ele>25.910000000000004</ele>
   </trkpt>
   <trkpt lat="43.9429" lon="4.867400000000001">
    <ele>25.910000000000004</ele>
   </trkpt>
   <trkpt lat="43.943000000000005" lon="4.86678">
    <ele>27.790000000000003</ele>
   </trkpt>
   <trkpt lat="43.94321000298304" lon="4.865960002696938">
    <ele>27.790000000000003</ele>
   </trkpt>
   <trkpt lat="43.94342" lon="4.86514">
    <ele>26.98</ele>
   </trkpt>
   <trkpt lat="43.943540000000006" lon="4.864380000000001">
    <ele>26.98</ele>
   </trkpt>
   <trkpt lat="43.94359000513751" lon="4.863295000817389">
    <ele>24.560000000000002</ele>
   </trkpt>
   <trkpt lat="43.94364" lon="4.86221">
    <ele>24.560000000000002</ele>
   </trkpt>
   <trkpt lat="43.943690000000004" lon="4.86164">
    <ele>24.860000000000003</ele>
   </trkpt>
   <trkpt lat="43.943740000000005" lon="4.8611200000000006">
    <ele>25.19</ele>
   </trkpt>
   <trkpt lat="43.94384" lon="4.86045">
    <ele>24.400000000000002</ele>
   </trkpt>
   <trkpt lat="43.94391" lon="4.859640000000001">
    <ele>24.130000000000003</ele>
   </trkpt>
   <trkpt lat="43.943995001716715" lon="4.859010001003947">
    <ele>24.130000000000003</ele>
   </trkpt>
   <trkpt lat="43.94408000000001" lon="4.85838">
    <ele>23.770000000000003</ele>
   </trkpt>
   <trkpt lat="43.944140000000004" lon="4.85752">
    <ele>23.770000000000003</ele>
   </trkpt>
   <trkpt lat="43.94422" lon="4.8571800000000005">
    <ele>23.770000000000003</ele>
   </trkpt>
   <trkpt lat="43.9444" lon="4.8567">
    <ele>23.770000000000003</ele>
   </trkpt>
   <trkpt lat="43.94464000000001" lon="4.85562">
    <ele>24.240000000000002</ele>
   </trkpt>
   <trkpt lat="43.944720000000004" lon="4.8554">
    <ele>25.640000000000004</ele>
   </trkpt>
   <trkpt lat="43.94491" lon="4.855110000000001">
    <ele>25.62</ele>
   </trkpt>
   <trkpt lat="43.945100000000004" lon="4.854920000000001">
    <ele>25.460000000000004</ele>
   </trkpt>
   <trkpt lat="43.945150000000005" lon="4.85491">
    <ele>25.32</ele>
   </trkpt>
   <trkpt lat="43.94520000000001" lon="4.85487">
    <ele>25.32</ele>
   </trkpt>
   <trkpt lat="43.945240000000005" lon="4.8548100000000005">
    <ele>25.210000000000004</ele>
   </trkpt>
   <trkpt lat="43.94527" lon="4.85466">
    <ele>25.210000000000004</ele>
   </trkpt>
   <trkpt lat="43.945220000000006" lon="4.854520000000001">
    <ele>25.300000000000004</ele>
   </trkpt>
   <trkpt lat="43.94512" lon="4.854450000000001">
    <ele>25.42</ele>
   </trkpt>
   <trkpt lat="43.94507" lon="4.85446">
    <ele>25.42</ele>
   </trkpt>
   <trkpt lat="43.945" lon="4.854500000000001">
    <ele>25.460000000000004</ele>
   </trkpt>
   <trkpt lat="43.944840000000006" lon="4.854450000000001">
    <ele>25.52</ele>
   </trkpt>
   <trkpt lat="43.94427666869041" lon="4.853969990915215">
    <ele>25.19</ele>
   </trkpt>
   <trkpt lat="43.94371333537154" lon="4.85348999092766">
    <ele>24.91</ele>
   </trkpt>
   <trkpt lat="43.94315" lon="4.85301">
    <ele>24.8</ele>
   </trkpt>
   <trkpt lat="43.942730000000005" lon="4.85264">
    <ele>24.650000000000002</ele>
   </trkpt>
   <trkpt lat="43.94230500057726" lon="4.85233999798585">
    <ele>24.450000000000003</ele>
   </trkpt>
   <trkpt lat="43.941880000000005" lon="4.852040000000001">
    <ele>24.450000000000003</ele>
   </trkpt>
   <trkpt lat="43.941240000736485" lon="4.8516349956537494">
    <ele>24.34</ele>
   </trkpt>
   <trkpt lat="43.9406" lon="4.85123">
    <ele>24.98</ele>
   </trkpt>
   <trkpt lat="43.93997" lon="4.8508000000000004">
    <ele>24.84</ele>
   </trkpt>
   <trkpt lat="43.939220000000006" lon="4.850490000000001">
    <ele>23.990000000000002</ele>
   </trkpt>
   <trkpt lat="43.9388" lon="4.85027">
    <ele>24.35</ele>
   </trkpt>
   <trkpt lat="43.938700000000004" lon="4.850210000000001">
    <ele>24.5</ele>
   </trkpt>
   <trkpt lat="43.938050000000004" lon="4.84963">
    <ele>25.48</ele>
   </trkpt>
   <trkpt lat="43.937810000000006" lon="4.849430000000001">
    <ele>25.32</ele>
   </trkpt>
   <trkpt lat="43.93730000019887" lon="4.84919499796509">
    <ele>24.790000000000003</ele>
   </trkpt>
   <trkpt lat="43.93679" lon="4.848960000000001">
    <ele>23.96</ele>
   </trkpt>
   <trkpt lat="43.93632500028014" lon="4.84875999848149">
    <ele>23.520000000000003</ele>
   </trkpt>
   <trkpt lat="43.935860000000005" lon="4.84856">
    <ele>23.700000000000003</ele>
   </trkpt>
   <trkpt lat="43.93573000000001" lon="4.84844">
    <ele>23.700000000000003</ele>
   </trkpt>
   <trkpt lat="43.93563" lon="4.84829">
    <ele>24.16</ele>
   </trkpt>
   <trkpt lat="43.935570000000006" lon="4.848120000000001">
    <ele>24.740000000000002</ele>
   </trkpt>
   <trkpt lat="43.935480000000005" lon="4.848050000000001">
    <ele>24.830000000000002</ele>
   </trkpt>
   <trkpt lat="43.93538" lon="4.848050000000001">
    <ele>24.66</ele>
   </trkpt>
   <trkpt lat="43.93529" lon="4.848120000000001">
    <ele>24.66</ele>
   </trkpt>
   <trkpt lat="43.935120000000005" lon="4.84811">
    <ele>24.93</ele>
   </trkpt>
   <trkpt lat="43.934610000000006" lon="4.84795">
    <ele>25.84</ele>
   </trkpt>
   <trkpt lat="43.934070000000006" lon="4.84771">
    <ele>25.66</ele>
   </trkpt>
   <trkpt lat="43.93343" lon="4.8475">
    <ele>26.89</ele>
   </trkpt>
   <trkpt lat="43.932950000000005" lon="4.8474">
    <ele>26.89</ele>
   </trkpt>
   <trkpt lat="43.93278" lon="4.847370000000001">
    <ele>26.88</ele>
   </trkpt>
   <trkpt lat="43.932230000000004" lon="4.8473500000000005">
    <ele>26.36</ele>
   </trkpt>
   <trkpt lat="43.93184" lon="4.8473500000000005">
    <ele>26.060000000000002</ele>
   </trkpt>
   <trkpt lat="43.93148" lon="4.84733">
    <ele>26.080000000000002</ele>
   </trkpt>
   <trkpt lat="43.93128" lon="4.8472800000000005">
    <ele>26.13</ele>
   </trkpt>
   <trkpt lat="43.93086" lon="4.847230000000001">
    <ele>26.3</ele>
   </trkpt>
   <trkpt lat="43.930550000000004" lon="4.847160000000001">
    <ele>26.410000000000004</ele>
   </trkpt>
   <trkpt lat="43.93043" lon="4.84707">
    <ele>26.410000000000004</ele>
   </trkpt>
   <trkpt lat="43.930350000000004" lon="4.8469500000000005">
    <ele>26.36</ele>
   </trkpt>
   <trkpt lat="43.93034" lon="4.84687">
    <ele>26.36</ele>
   </trkpt>
   <trkpt lat="43.93029000000001" lon="4.84679">
    <ele>26.35</ele>
   </trkpt>
   <trkpt lat="43.930220000000006" lon="4.846760000000001">
    <ele>26.35</ele>
   </trkpt>
   <trkpt lat="43.930170000000004" lon="4.84677">
    <ele>26.44</ele>
   </trkpt>
   <trkpt lat="43.930110000000006" lon="4.846850000000001">
    <ele>26.44</ele>
   </trkpt>
   <trkpt lat="43.93005" lon="4.84689">
    <ele>26.44</ele>
   </trkpt>
   <trkpt lat="43.92981" lon="4.846920000000001">
    <ele>26.45</ele>
   </trkpt>
   <trkpt lat="43.92904" lon="4.84666">
    <ele>26.63</ele>
   </trkpt>
   <trkpt lat="43.92887" lon="4.846570000000001">
    <ele>26.650000000000002</ele>
   </trkpt>
   <trkpt lat="43.928760000000004" lon="4.84647">
    <ele>26.650000000000002</ele>
   </trkpt>
   <trkpt lat="43.92871" lon="4.84639">
    <ele>26.650000000000002</ele>
   </trkpt>
   <trkpt lat="43.928650000000005" lon="4.84635">
    <ele>26.62</ele>
   </trkpt>
   <trkpt lat="43.928580000000004" lon="4.846360000000001">
    <ele>26.62</ele>
   </trkpt>
   <trkpt lat="43.928230000000006" lon="4.8463">
    <ele>26.580000000000002</ele>
   </trkpt>
   <trkpt lat="43.928050000000006" lon="4.84621">
    <ele>26.240000000000002</ele>
   </trkpt>
   <trkpt lat="43.92786" lon="4.846080000000001">
    <ele>26.240000000000002</ele>
   </trkpt>
   <trkpt lat="43.927310000000006" lon="4.845630000000001">
    <ele>25.460000000000004</ele>
   </trkpt>
   <trkpt lat="43.927040000000005" lon="4.845300000000001">
    <ele>25.18</ele>
   </trkpt>
   <trkpt lat="43.926950000000005" lon="4.845140000000001">
    <ele>25.200000000000003</ele>
   </trkpt>
   <trkpt lat="43.92692" lon="4.845000000000001">
    <ele>25.200000000000003</ele>
   </trkpt>
   <trkpt lat="43.926880000000004" lon="4.8449100000000005">
    <ele>25.200000000000003</ele>
   </trkpt>
   <trkpt lat="43.926820000000006" lon="4.84485">
    <ele>25.16</ele>
   </trkpt>
   <trkpt lat="43.926750000000006" lon="4.844810000000001">
    <ele>25.16</ele>
   </trkpt>
   <trkpt lat="43.926680000000005" lon="4.8448">
    <ele>25.030000000000005</ele>
   </trkpt>
   <trkpt lat="43.926570000000005" lon="4.8448400000000005">
    <ele>25.0</ele>
   </trkpt>
   <trkpt lat="43.92649" lon="4.84485">
    <ele>25.0</ele>
   </trkpt>
   <trkpt lat="43.926350000000006" lon="4.84483">
    <ele>25.030000000000005</ele>
   </trkpt>
   <trkpt lat="43.926120000000004" lon="4.844720000000001">
    <ele>25.030000000000005</ele>
   </trkpt>
  </trkseg>
 </trk>
</gpx>
