<?xml version="1.0" encoding="UTF-8"?>
<gpx creator="StravaGPX" version="1.1" xmlns="http://www.topografix.com/GPX/1/1" xmlns:xsi="http://www.w3.org/2001/XMLSchema-instance" xsi:schemaLocation="http://www.topografix.com/GPX/1/1 http://www.topografix.com/GPX/1/1/gpx.xsd">
 <metadata>
  <name>KOTR_D4_Luberon Long</name>
  <author>
   <name>Ian Thompson</name>
   <link href="https://www.strava.com/athletes/42632817"/>
  </author>
  <copyright author="OpenStreetMap contributors">
   <year>2020</year>
   <license>https://www.openstreetmap.org/copyright</license>
  </copyright>
  <link href="https://www.strava.com/routes/3477672774875080472"/>
 </metadata>
 <trk>
  <name>KOTR_D4_Luberon Long</name>
  <link href="https://www.strava.com/routes/3477672774875080472"/>
  <type>cycling</type>
  <trkseg>
   <trkpt lat="43.92602" lon="4.84386">
    <ele>25.5</ele>
   </trkpt>
   <trkpt lat="43.926010000000005" lon="4.84402">
    <ele>25.41</ele>
   </trkpt>
   <trkpt lat="43.92598" lon="4.8441">
    <ele>25.41</ele>
   </trkpt>
   <trkpt lat="43.92589" lon="4.84431">
    <ele>25.32</ele>
   </trkpt>
   <trkpt lat="43.92586" lon="4.8445">
    <ele>25.32</ele>
   </trkpt>
   <trkpt lat="43.925450000000005" lon="4.844270000000001">
    <ele>25.460000000000004</ele>
   </trkpt>
   <trkpt lat="43.92504" lon="4.84412">
    <ele>26.650000000000002</ele>
   </trkpt>
   <trkpt lat="43.9245" lon="4.84396">
    <ele>25.86</ele>
   </trkpt>
   <trkpt lat="43.92399" lon="4.84386">
    <ele>25.86</ele>
   </trkpt>
   <trkpt lat="43.923610000000004" lon="4.84375">
    <ele>25.820000000000004</ele>
   </trkpt>
   <trkpt lat="43.922790000000006" lon="4.8435500000000005">
    <ele>24.8</ele>
   </trkpt>
   <trkpt lat="43.92268000000001" lon="4.84349">
    <ele>24.8</ele>
   </trkpt>
   <trkpt lat="43.922560000000004" lon="4.8434800000000005">
    <ele>24.8</ele>
   </trkpt>
   <trkpt lat="43.92248" lon="4.84349">
    <ele>24.8</ele>
   </trkpt>
   <trkpt lat="43.92201" lon="4.8436200000000005">
    <ele>24.8</ele>
   </trkpt>
   <trkpt lat="43.92192" lon="4.84367">
    <ele>24.8</ele>
   </trkpt>
   <trkpt lat="43.92179" lon="4.84382">
    <ele>24.8</ele>
   </trkpt>
   <trkpt lat="43.921440000000004" lon="4.84454">
    <ele>25.7</ele>
   </trkpt>
   <trkpt lat="43.92125" lon="4.844790000000001">
    <ele>25.7</ele>
   </trkpt>
   <trkpt lat="43.921020000000006" lon="4.844950000000001">
    <ele>25.7</ele>
   </trkpt>
   <trkpt lat="43.92078" lon="4.84503">
    <ele>25.7</ele>
   </trkpt>
   <trkpt lat="43.92061" lon="4.84506">
    <ele>25.7</ele>
   </trkpt>
   <trkpt lat="43.92033000000001" lon="4.845160000000001">
    <ele>25.7</ele>
   </trkpt>
   <trkpt lat="43.91973000080748" lon="4.845550003839105">
    <ele>27.37</ele>
   </trkpt>
   <trkpt lat="43.91913" lon="4.845940000000001">
    <ele>27.37</ele>
   </trkpt>
   <trkpt lat="43.91884" lon="4.84621">
    <ele>27.37</ele>
   </trkpt>
   <trkpt lat="43.918400000000005" lon="4.8467">
    <ele>27.64</ele>
   </trkpt>
   <trkpt lat="43.9183" lon="4.84677">
    <ele>27.64</ele>
   </trkpt>
   <trkpt lat="43.91789000000001" lon="4.84691">
    <ele>27.750000000000004</ele>
   </trkpt>
   <trkpt lat="43.91761" lon="4.84707">
    <ele>27.750000000000004</ele>
   </trkpt>
   <trkpt lat="43.917440000000006" lon="4.847090000000001">
    <ele>27.750000000000004</ele>
   </trkpt>
   <trkpt lat="43.917320000000004" lon="4.847060000000001">
    <ele>27.71</ele>
   </trkpt>
   <trkpt lat="43.91657" lon="4.84668">
    <ele>27.71</ele>
   </trkpt>
   <trkpt lat="43.916500000000006" lon="4.84666">
    <ele>27.71</ele>
   </trkpt>
   <trkpt lat="43.916430000000005" lon="4.8466700000000005">
    <ele>27.71</ele>
   </trkpt>
   <trkpt lat="43.915820000000004" lon="4.84686">
    <ele>25.720000000000002</ele>
   </trkpt>
   <trkpt lat="43.915836672771604" lon="4.84769666622593">
    <ele>25.720000000000002</ele>
   </trkpt>
   <trkpt lat="43.91585333943882" lon="4.848533332920619">
    <ele>25.720000000000002</ele>
   </trkpt>
   <trkpt lat="43.915870000000005" lon="4.84937">
    <ele>25.720000000000002</ele>
   </trkpt>
   <trkpt lat="43.91586" lon="4.84949">
    <ele>25.720000000000002</ele>
   </trkpt>
   <trkpt lat="43.91560500322057" lon="4.850335003265527">
    <ele>27.430000000000003</ele>
   </trkpt>
   <trkpt lat="43.915350000000004" lon="4.85118">
    <ele>27.430000000000003</ele>
   </trkpt>
   <trkpt lat="43.915040000000005" lon="4.85193">
    <ele>27.430000000000003</ele>
   </trkpt>
   <trkpt lat="43.91464000979721" lon="4.852990014252759">
    <ele>27.430000000000003</ele>
   </trkpt>
   <trkpt lat="43.914240009796046" lon="4.8540500142555745">
    <ele>27.430000000000003</ele>
   </trkpt>
   <trkpt lat="43.91384" lon="4.855110000000001">
    <ele>28.940000000000005</ele>
   </trkpt>
   <trkpt lat="43.913600011001535" lon="4.856233342405679">
    <ele>28.940000000000005</ele>
   </trkpt>
   <trkpt lat="43.913360010998936" lon="4.857356675750996">
    <ele>28.940000000000005</ele>
   </trkpt>
   <trkpt lat="43.913120000000006" lon="4.85848">
    <ele>28.940000000000005</ele>
   </trkpt>
   <trkpt lat="43.91301000000001" lon="4.858910000000001">
    <ele>31.110000000000003</ele>
   </trkpt>
   <trkpt lat="43.91267000532646" lon="4.860020006490784">
    <ele>31.110000000000003</ele>
   </trkpt>
   <trkpt lat="43.912330000000004" lon="4.86113">
    <ele>31.110000000000003</ele>
   </trkpt>
   <trkpt lat="43.91235" lon="4.8613">
    <ele>31.110000000000003</ele>
   </trkpt>
   <trkpt lat="43.912400000000005" lon="4.86144">
    <ele>31.110000000000003</ele>
   </trkpt>
   <trkpt lat="43.912510000000005" lon="4.861560000000001">
    <ele>31.110000000000003</ele>
   </trkpt>
   <trkpt lat="43.91281" lon="4.86183">
    <ele>31.110000000000003</ele>
   </trkpt>
   <trkpt lat="43.91277" lon="4.8619200000000005">
    <ele>31.110000000000003</ele>
   </trkpt>
   <trkpt lat="43.91240601829086" lon="4.862944025044148">
    <ele>31.110000000000003</ele>
   </trkpt>
   <trkpt lat="43.91204202743741" lon="4.863968037562403">
    <ele>31.110000000000003</ele>
   </trkpt>
   <trkpt lat="43.91167802743989" lon="4.864992037554762">
    <ele>31.110000000000003</ele>
   </trkpt>
   <trkpt lat="43.911314018298555" lon="4.866016025021223">
    <ele>32.220000000000006</ele>
   </trkpt>
   <trkpt lat="43.91095000000001" lon="4.86704">
    <ele>32.220000000000006</ele>
   </trkpt>
   <trkpt lat="43.91072500290211" lon="4.867860003208078">
    <ele>32.220000000000006</ele>
   </trkpt>
   <trkpt lat="43.910500000000006" lon="4.86868">
    <ele>32.220000000000006</ele>
   </trkpt>
   <trkpt lat="43.910410000000006" lon="4.86869">
    <ele>32.220000000000006</ele>
   </trkpt>
   <trkpt lat="43.91038" lon="4.868720000000001">
    <ele>32.220000000000006</ele>
   </trkpt>
   <trkpt lat="43.91031" lon="4.86892">
    <ele>32.220000000000006</ele>
   </trkpt>
   <trkpt lat="43.909840004133116" lon="4.86989000759656">
    <ele>32.220000000000006</ele>
   </trkpt>
   <trkpt lat="43.90937" lon="4.87086">
    <ele>32.150000000000006</ele>
   </trkpt>
   <trkpt lat="43.90905" lon="4.87148">
    <ele>32.150000000000006</ele>
   </trkpt>
   <trkpt lat="43.90869500241316" lon="4.872230004556512">
    <ele>32.150000000000006</ele>
   </trkpt>
   <trkpt lat="43.90834" lon="4.87298">
    <ele>34.59</ele>
   </trkpt>
   <trkpt lat="43.90805000225573" lon="4.8737050036224945">
    <ele>34.59</ele>
   </trkpt>
   <trkpt lat="43.90776" lon="4.87443">
    <ele>35.120000000000005</ele>
   </trkpt>
   <trkpt lat="43.907390010525155" lon="4.875327516763855">
    <ele>35.120000000000005</ele>
   </trkpt>
   <trkpt lat="43.90702001402588" lon="4.876225022370053">
    <ele>31.6</ele>
   </trkpt>
   <trkpt lat="43.90665001050235" lon="4.877122516818664">
    <ele>31.6</ele>
   </trkpt>
   <trkpt lat="43.90628" lon="4.87802">
    <ele>31.6</ele>
   </trkpt>
   <trkpt lat="43.90590500417679" lon="4.878995006059166">
    <ele>32.14</ele>
   </trkpt>
   <trkpt lat="43.905530000000006" lon="4.87997">
    <ele>32.14</ele>
   </trkpt>
   <trkpt lat="43.9052" lon="4.88056">
    <ele>32.14</ele>
   </trkpt>
   <trkpt lat="43.904810000000005" lon="4.881390000000001">
    <ele>34.13</ele>
   </trkpt>
   <trkpt lat="43.90441573642218" lon="4.882310036574882">
    <ele>34.13</ele>
   </trkpt>
   <trkpt lat="43.90402146546303" lon="4.883230060963024">
    <ele>34.13</ele>
   </trkpt>
   <trkpt lat="43.90362718712278" lon="4.88415007316453">
    <ele>34.13</ele>
   </trkpt>
   <trkpt lat="43.90323290140157" lon="4.8850700731795005">
    <ele>34.13</ele>
   </trkpt>
   <trkpt lat="43.90283860829967" lon="4.885990061008036">
    <ele>34.13</ele>
   </trkpt>
   <trkpt lat="43.902444307817234" lon="4.886910036650237">
    <ele>35.33</ele>
   </trkpt>
   <trkpt lat="43.90205" lon="4.88783">
    <ele>35.33</ele>
   </trkpt>
   <trkpt lat="43.9018" lon="4.88876">
    <ele>35.33</ele>
   </trkpt>
   <trkpt lat="43.90147000259613" lon="4.88953500434895">
    <ele>35.33</ele>
   </trkpt>
   <trkpt lat="43.901140000000005" lon="4.89031">
    <ele>35.33</ele>
   </trkpt>
   <trkpt lat="43.90101000000001" lon="4.8908000000000005">
    <ele>35.25</ele>
   </trkpt>
   <trkpt lat="43.900940000000006" lon="4.89088">
    <ele>35.25</ele>
   </trkpt>
   <trkpt lat="43.901" lon="4.89106">
    <ele>35.25</ele>
   </trkpt>
   <trkpt lat="43.901030000000006" lon="4.89132">
    <ele>35.56</ele>
   </trkpt>
   <trkpt lat="43.90101000000001" lon="4.8917">
    <ele>35.56</ele>
   </trkpt>
   <trkpt lat="43.90092001836971" lon="4.892885005348278">
    <ele>35.61</ele>
   </trkpt>
   <trkpt lat="43.90083002449417" lon="4.894070007114399">
    <ele>36.63</ele>
   </trkpt>
   <trkpt lat="43.90074001837348" lon="4.8952550052979">
    <ele>36.63</ele>
   </trkpt>
   <trkpt lat="43.900650000000006" lon="4.89644">
    <ele>37.3</ele>
   </trkpt>
   <trkpt lat="43.900380000000006" lon="4.896400000000001">
    <ele>37.3</ele>
   </trkpt>
   <trkpt lat="43.90026" lon="4.896400000000001">
    <ele>37.3</ele>
   </trkpt>
   <trkpt lat="43.90012" lon="4.89644">
    <ele>37.3</ele>
   </trkpt>
   <trkpt lat="43.8993633368525" lon="4.897076682861749">
    <ele>37.3</ele>
   </trkpt>
   <trkpt lat="43.89860667017023" lon="4.89771334954124">
    <ele>37.3</ele>
   </trkpt>
   <trkpt lat="43.897850000000005" lon="4.898350000000001">
    <ele>37.3</ele>
   </trkpt>
   <trkpt lat="43.897740000000006" lon="4.898540000000001">
    <ele>37.3</ele>
   </trkpt>
   <trkpt lat="43.89763000000001" lon="4.898820000000001">
    <ele>37.3</ele>
   </trkpt>
   <trkpt lat="43.897450000000006" lon="4.899360000000001">
    <ele>37.3</ele>
   </trkpt>
   <trkpt lat="43.89741" lon="4.899640000000001">
    <ele>37.3</ele>
   </trkpt>
   <trkpt lat="43.89744" lon="4.899850000000001">
    <ele>40.21</ele>
   </trkpt>
   <trkpt lat="43.897600000000004" lon="4.9004">
    <ele>40.21</ele>
   </trkpt>
   <trkpt lat="43.89761" lon="4.90054">
    <ele>40.21</ele>
   </trkpt>
   <trkpt lat="43.89759" lon="4.900810000000001">
    <ele>40.21</ele>
   </trkpt>
   <trkpt lat="43.89730601607442" lon="4.901770018310463">
    <ele>40.21</ele>
   </trkpt>
   <trkpt lat="43.89702202411208" lon="4.902730027463699">
    <ele>40.21</ele>
   </trkpt>
   <trkpt lat="43.89673802411316" lon="4.903690027459624">
    <ele>40.21</ele>
   </trkpt>
   <trkpt lat="43.89645401607779" lon="4.9046500182981605">
    <ele>40.21</ele>
   </trkpt>
   <trkpt lat="43.896170000000005" lon="4.90561">
    <ele>40.21</ele>
   </trkpt>
   <trkpt lat="43.89612" lon="4.90591">
    <ele>40.21</ele>
   </trkpt>
   <trkpt lat="43.89616" lon="4.906160000000001">
    <ele>40.21</ele>
   </trkpt>
   <trkpt lat="43.896260000000005" lon="4.90636">
    <ele>40.21</ele>
   </trkpt>
   <trkpt lat="43.896620000000006" lon="4.90697">
    <ele>39.720000000000006</ele>
   </trkpt>
   <trkpt lat="43.89665" lon="4.907170000000001">
    <ele>39.720000000000006</ele>
   </trkpt>
   <trkpt lat="43.896480000000004" lon="4.90747">
    <ele>39.720000000000006</ele>
   </trkpt>
   <trkpt lat="43.89601000482257" lon="4.908213345060597">
    <ele>39.720000000000006</ele>
   </trkpt>
   <trkpt lat="43.89554000482679" lon="4.9089566783870975">
    <ele>41.97</ele>
   </trkpt>
   <trkpt lat="43.895070000000004" lon="4.909700000000001">
    <ele>41.97</ele>
   </trkpt>
   <trkpt lat="43.894580000000005" lon="4.91042">
    <ele>42.25</ele>
   </trkpt>
   <trkpt lat="43.89437" lon="4.9105300000000005">
    <ele>42.230000000000004</ele>
   </trkpt>
   <trkpt lat="43.89415" lon="4.9105300000000005">
    <ele>42.230000000000004</ele>
   </trkpt>
   <trkpt lat="43.893710000000006" lon="4.910360000000001">
    <ele>40.400000000000006</ele>
   </trkpt>
   <trkpt lat="43.893600000000006" lon="4.910360000000001">
    <ele>40.400000000000006</ele>
   </trkpt>
   <trkpt lat="43.89345" lon="4.91042">
    <ele>40.400000000000006</ele>
   </trkpt>
   <trkpt lat="43.893260000000005" lon="4.91061">
    <ele>40.400000000000006</ele>
   </trkpt>
   <trkpt lat="43.89316" lon="4.910850000000001">
    <ele>40.400000000000006</ele>
   </trkpt>
   <trkpt lat="43.893150000000006" lon="4.911180000000001">
    <ele>40.400000000000006</ele>
   </trkpt>
   <trkpt lat="43.893170000000005" lon="4.91136">
    <ele>40.400000000000006</ele>
   </trkpt>
   <trkpt lat="43.893280000000004" lon="4.911720000000001">
    <ele>40.400000000000006</ele>
   </trkpt>
   <trkpt lat="43.89329" lon="4.9119">
    <ele>40.400000000000006</ele>
   </trkpt>
   <trkpt lat="43.89325" lon="4.912240000000001">
    <ele>40.400000000000006</ele>
   </trkpt>
   <trkpt lat="43.89314" lon="4.9126">
    <ele>40.400000000000006</ele>
   </trkpt>
   <trkpt lat="43.89253500321207" lon="4.913455008650732">
    <ele>44.370000000000005</ele>
   </trkpt>
   <trkpt lat="43.89193" lon="4.91431">
    <ele>44.370000000000005</ele>
   </trkpt>
   <trkpt lat="43.8915" lon="4.91518">
    <ele>44.370000000000005</ele>
   </trkpt>
   <trkpt lat="43.891420000000004" lon="4.91526">
    <ele>44.370000000000005</ele>
   </trkpt>
   <trkpt lat="43.891360000000006" lon="4.91526">
    <ele>44.370000000000005</ele>
   </trkpt>
   <trkpt lat="43.890855000657545" lon="4.914849996462375">
    <ele>43.29</ele>
   </trkpt>
   <trkpt lat="43.890350000000005" lon="4.914440000000001">
    <ele>43.29</ele>
   </trkpt>
   <trkpt lat="43.890280000000004" lon="4.9144000000000005">
    <ele>43.29</ele>
   </trkpt>
   <trkpt lat="43.89018" lon="4.9144000000000005">
    <ele>43.230000000000004</ele>
   </trkpt>
   <trkpt lat="43.890170000000005" lon="4.9139800000000005">
    <ele>43.04</ele>
   </trkpt>
   <trkpt lat="43.89007" lon="4.9133000000000004">
    <ele>42.95</ele>
   </trkpt>
   <trkpt lat="43.89009" lon="4.91316">
    <ele>42.550000000000004</ele>
   </trkpt>
   <trkpt lat="43.89007" lon="4.91309">
    <ele>42.550000000000004</ele>
   </trkpt>
   <trkpt lat="43.889990000000004" lon="4.913">
    <ele>42.68</ele>
   </trkpt>
   <trkpt lat="43.88994" lon="4.912990000000001">
    <ele>42.68</ele>
   </trkpt>
   <trkpt lat="43.889900000000004" lon="4.913">
    <ele>42.68</ele>
   </trkpt>
   <trkpt lat="43.88982" lon="4.91307">
    <ele>42.88</ele>
   </trkpt>
   <trkpt lat="43.889790000000005" lon="4.91319">
    <ele>42.88</ele>
   </trkpt>
   <trkpt lat="43.8898" lon="4.913270000000001">
    <ele>43.260000000000005</ele>
   </trkpt>
   <trkpt lat="43.88987" lon="4.91338">
    <ele>43.24</ele>
   </trkpt>
   <trkpt lat="43.88994" lon="4.9134">
    <ele>43.24</ele>
   </trkpt>
   <trkpt lat="43.890060000000005" lon="4.9135800000000005">
    <ele>43.07</ele>
   </trkpt>
   <trkpt lat="43.89009" lon="4.913670000000001">
    <ele>43.07</ele>
   </trkpt>
   <trkpt lat="43.89018" lon="4.91434">
    <ele>43.32</ele>
   </trkpt>
   <trkpt lat="43.89018" lon="4.914490000000001">
    <ele>43.32</ele>
   </trkpt>
   <trkpt lat="43.89014" lon="4.914840000000001">
    <ele>43.32</ele>
   </trkpt>
   <trkpt lat="43.88997000342835" lon="4.915725002456008">
    <ele>43.32</ele>
   </trkpt>
   <trkpt lat="43.8898" lon="4.91661">
    <ele>44.800000000000004</ele>
   </trkpt>
   <trkpt lat="43.88973" lon="4.91725">
    <ele>44.800000000000004</ele>
   </trkpt>
   <trkpt lat="43.88976" lon="4.9175">
    <ele>44.800000000000004</ele>
   </trkpt>
   <trkpt lat="43.88971" lon="4.91755">
    <ele>44.800000000000004</ele>
   </trkpt>
   <trkpt lat="43.88955000000001" lon="4.9183200000000005">
    <ele>42.84</ele>
   </trkpt>
   <trkpt lat="43.889540000000004" lon="4.91849">
    <ele>42.84</ele>
   </trkpt>
   <trkpt lat="43.88943500176459" lon="4.919130001258016">
    <ele>42.370000000000005</ele>
   </trkpt>
   <trkpt lat="43.88933" lon="4.919770000000001">
    <ele>42.370000000000005</ele>
   </trkpt>
   <trkpt lat="43.88922" lon="4.9203600000000005">
    <ele>41.61</ele>
   </trkpt>
   <trkpt lat="43.88922" lon="4.92063">
    <ele>43.79</ele>
   </trkpt>
   <trkpt lat="43.88928000000001" lon="4.92149">
    <ele>44.52</ele>
   </trkpt>
   <trkpt lat="43.88924" lon="4.921880000000001">
    <ele>44.52</ele>
   </trkpt>
   <trkpt lat="43.88931" lon="4.922680000000001">
    <ele>46.61000000000001</ele>
   </trkpt>
   <trkpt lat="43.88929" lon="4.923">
    <ele>46.61000000000001</ele>
   </trkpt>
   <trkpt lat="43.88902" lon="4.922910000000001">
    <ele>44.79</ele>
   </trkpt>
   <trkpt lat="43.889030000000005" lon="4.923430000000001">
    <ele>45.230000000000004</ele>
   </trkpt>
   <trkpt lat="43.888980000000004" lon="4.923850000000001">
    <ele>45.230000000000004</ele>
   </trkpt>
   <trkpt lat="43.88883000335386" lon="4.924730002348479">
    <ele>38.85</ele>
   </trkpt>
   <trkpt lat="43.88868" lon="4.925610000000001">
    <ele>40.49</ele>
   </trkpt>
   <trkpt lat="43.888690000000004" lon="4.9256">
    <ele>40.49</ele>
   </trkpt>
   <trkpt lat="43.88868" lon="4.925890000000001">
    <ele>40.49</ele>
   </trkpt>
   <trkpt lat="43.888690000000004" lon="4.92651">
    <ele>45.33</ele>
   </trkpt>
   <trkpt lat="43.888750001873184" lon="4.927164999368739">
    <ele>49.510000000000005</ele>
   </trkpt>
   <trkpt lat="43.88881000000001" lon="4.9278200000000005">
    <ele>49.27</ele>
   </trkpt>
   <trkpt lat="43.88886" lon="4.92787">
    <ele>49.300000000000004</ele>
   </trkpt>
   <trkpt lat="43.88906" lon="4.927860000000001">
    <ele>52.71000000000001</ele>
   </trkpt>
   <trkpt lat="43.889320000000005" lon="4.92783">
    <ele>54.31</ele>
   </trkpt>
   <trkpt lat="43.8896" lon="4.927840000000001">
    <ele>54.31</ele>
   </trkpt>
   <trkpt lat="43.88987" lon="4.927910000000001">
    <ele>54.31</ele>
   </trkpt>
   <trkpt lat="43.88998" lon="4.92797">
    <ele>54.31</ele>
   </trkpt>
   <trkpt lat="43.89021" lon="4.92818">
    <ele>54.31</ele>
   </trkpt>
   <trkpt lat="43.89041" lon="4.9285000000000005">
    <ele>54.31</ele>
   </trkpt>
   <trkpt lat="43.89059" lon="4.92888">
    <ele>53.51</ele>
   </trkpt>
   <trkpt lat="43.89068" lon="4.929130000000001">
    <ele>53.51</ele>
   </trkpt>
   <trkpt lat="43.89097" lon="4.93018">
    <ele>53.51</ele>
   </trkpt>
   <trkpt lat="43.891267515895635" lon="4.931282483465915">
    <ele>51.47</ele>
   </trkpt>
   <trkpt lat="43.89156502119212" lon="4.932384977946508">
    <ele>51.47</ele>
   </trkpt>
   <trkpt lat="43.891862515889244" lon="4.93348748344161">
    <ele>54.410000000000004</ele>
   </trkpt>
   <trkpt lat="43.892160000000004" lon="4.93459">
    <ele>52.050000000000004</ele>
   </trkpt>
   <trkpt lat="43.892340000000004" lon="4.935320000000001">
    <ele>55.53</ele>
   </trkpt>
   <trkpt lat="43.892390000000006" lon="4.93592">
    <ele>52.27</ele>
   </trkpt>
   <trkpt lat="43.89246146197555" lon="4.937049991868117">
    <ele>49.95</ele>
   </trkpt>
   <trkpt lat="43.89253291281649" lon="4.938179986447863">
    <ele>51.02</ele>
   </trkpt>
   <trkpt lat="43.892604352522795" lon="4.939309983738828">
    <ele>53.22</ele>
   </trkpt>
   <trkpt lat="43.892675781094404" lon="4.940439983740602">
    <ele>52.910000000000004</ele>
   </trkpt>
   <trkpt lat="43.89274719853124" lon="4.9415699864527785">
    <ele>50.95</ele>
   </trkpt>
   <trkpt lat="43.89281860483327" lon="4.942699991874946">
    <ele>50.95</ele>
   </trkpt>
   <trkpt lat="43.89289" lon="4.94383">
    <ele>52.480000000000004</ele>
   </trkpt>
   <trkpt lat="43.892860000000006" lon="4.944100000000001">
    <ele>53.09</ele>
   </trkpt>
   <trkpt lat="43.89275000000001" lon="4.944780000000001">
    <ele>53.28</ele>
   </trkpt>
   <trkpt lat="43.89276" lon="4.944990000000001">
    <ele>53.28</ele>
   </trkpt>
   <trkpt lat="43.892900004412425" lon="4.945994997699467">
    <ele>51.93</ele>
   </trkpt>
   <trkpt lat="43.893040000000006" lon="4.947">
    <ele>50.82</ele>
   </trkpt>
   <trkpt lat="43.893100000000004" lon="4.94721">
    <ele>50.760000000000005</ele>
   </trkpt>
   <trkpt lat="43.893150000000006" lon="4.94732">
    <ele>50.760000000000005</ele>
   </trkpt>
   <trkpt lat="43.893190000000004" lon="4.94751">
    <ele>50.760000000000005</ele>
   </trkpt>
   <trkpt lat="43.89316" lon="4.94803">
    <ele>49.74</ele>
   </trkpt>
   <trkpt lat="43.89307" lon="4.94826">
    <ele>49.550000000000004</ele>
   </trkpt>
   <trkpt lat="43.893040000000006" lon="4.948580000000001">
    <ele>49.57</ele>
   </trkpt>
   <trkpt lat="43.892950000000006" lon="4.9492400000000005">
    <ele>50.04</ele>
   </trkpt>
   <trkpt lat="43.89296" lon="4.949400000000001">
    <ele>50.04</ele>
   </trkpt>
   <trkpt lat="43.89294" lon="4.94944">
    <ele>50.04</ele>
   </trkpt>
   <trkpt lat="43.892950000000006" lon="4.94951">
    <ele>50.06000000000001</ele>
   </trkpt>
   <trkpt lat="43.893010000000004" lon="4.9495000000000005">
    <ele>50.06000000000001</ele>
   </trkpt>
   <trkpt lat="43.89307" lon="4.9496400000000005">
    <ele>50.06000000000001</ele>
   </trkpt>
   <trkpt lat="43.893080000000005" lon="4.949730000000001">
    <ele>50.06000000000001</ele>
   </trkpt>
   <trkpt lat="43.893080000000005" lon="4.9502500000000005">
    <ele>49.93</ele>
   </trkpt>
   <trkpt lat="43.89305500186875" lon="4.95090500032273">
    <ele>50.13</ele>
   </trkpt>
   <trkpt lat="43.89303" lon="4.951560000000001">
    <ele>50.13</ele>
   </trkpt>
   <trkpt lat="43.892970000000005" lon="4.95267">
    <ele>49.17</ele>
   </trkpt>
   <trkpt lat="43.89298" lon="4.95336">
    <ele>49.43</ele>
   </trkpt>
   <trkpt lat="43.893036673838346" lon="4.954266664994697">
    <ele>50.150000000000006</ele>
   </trkpt>
   <trkpt lat="43.89309334050837" lon="4.955173331714931">
    <ele>50.21</ele>
   </trkpt>
   <trkpt lat="43.893150000000006" lon="4.95608">
    <ele>50.800000000000004</ele>
   </trkpt>
   <trkpt lat="43.893303342343096" lon="4.957096661408364">
    <ele>50.32</ele>
   </trkpt>
   <trkpt lat="43.893456675672994" lon="4.95811332805216">
    <ele>50.18</ele>
   </trkpt>
   <trkpt lat="43.89361" lon="4.95913">
    <ele>50.330000000000005</ele>
   </trkpt>
   <trkpt lat="43.893775003237174" lon="4.959989997682161">
    <ele>51.03000000000001</ele>
   </trkpt>
   <trkpt lat="43.89394" lon="4.960850000000001">
    <ele>50.580000000000005</ele>
   </trkpt>
   <trkpt lat="43.89406500269391" lon="4.9616299986201495">
    <ele>50.330000000000005</ele>
   </trkpt>
   <trkpt lat="43.89419" lon="4.96241">
    <ele>51.06</ele>
   </trkpt>
   <trkpt lat="43.89443500322825" lon="4.963269996474309">
    <ele>51.65</ele>
   </trkpt>
   <trkpt lat="43.89468" lon="4.964130000000001">
    <ele>52.38</ele>
   </trkpt>
   <trkpt lat="43.89493000777782" lon="4.965073325480518">
    <ele>50.49000000000001</ele>
   </trkpt>
   <trkpt lat="43.89518000779584" lon="4.966016658881685">
    <ele>50.14</ele>
   </trkpt>
   <trkpt lat="43.895430000000005" lon="4.96696">
    <ele>50.14</ele>
   </trkpt>
   <trkpt lat="43.895520000000005" lon="4.96729">
    <ele>50.14</ele>
   </trkpt>
   <trkpt lat="43.89567" lon="4.96809">
    <ele>50.54</ele>
   </trkpt>
   <trkpt lat="43.89576500277311" lon="4.968884998877467">
    <ele>52.480000000000004</ele>
   </trkpt>
   <trkpt lat="43.895860000000006" lon="4.96968">
    <ele>52.480000000000004</ele>
   </trkpt>
   <trkpt lat="43.895810000000004" lon="4.97069">
    <ele>53.57000000000001</ele>
   </trkpt>
   <trkpt lat="43.89571" lon="4.97142">
    <ele>54.7</ele>
   </trkpt>
   <trkpt lat="43.89564" lon="4.972250000000001">
    <ele>54.7</ele>
   </trkpt>
   <trkpt lat="43.89565" lon="4.972910000000001">
    <ele>54.56</ele>
   </trkpt>
   <trkpt lat="43.89580000175166" lon="4.973534998627677">
    <ele>53.77</ele>
   </trkpt>
   <trkpt lat="43.895950000000006" lon="4.97416">
    <ele>53.26</ele>
   </trkpt>
   <trkpt lat="43.895990000000005" lon="4.97444">
    <ele>53.26</ele>
   </trkpt>
   <trkpt lat="43.89602" lon="4.97492">
    <ele>53.31</ele>
   </trkpt>
   <trkpt lat="43.89605" lon="4.975720000000001">
    <ele>52.85</ele>
   </trkpt>
   <trkpt lat="43.89616000483626" lon="4.976774997891681">
    <ele>54.35</ele>
   </trkpt>
   <trkpt lat="43.89627" lon="4.97783">
    <ele>54.35</ele>
   </trkpt>
   <trkpt lat="43.89637667331525" lon="4.978703330184984">
    <ele>54.37</ele>
   </trkpt>
   <trkpt lat="43.89648333997956" lon="4.979576663498884">
    <ele>54.07000000000001</ele>
   </trkpt>
   <trkpt lat="43.89659" lon="4.98045">
    <ele>54.230000000000004</ele>
   </trkpt>
   <trkpt lat="43.89661" lon="4.980650000000001">
    <ele>54.290000000000006</ele>
   </trkpt>
   <trkpt lat="43.89662000278873" lon="4.981449999726517">
    <ele>54.290000000000006</ele>
   </trkpt>
   <trkpt lat="43.89663" lon="4.9822500000000005">
    <ele>54.38</ele>
   </trkpt>
   <trkpt lat="43.896705002217665" lon="4.982964998991461">
    <ele>54.38</ele>
   </trkpt>
   <trkpt lat="43.89678000000001" lon="4.9836800000000006">
    <ele>54.38</ele>
   </trkpt>
   <trkpt lat="43.89677500318835" lon="4.984534999898074">
    <ele>55.75000000000001</ele>
   </trkpt>
   <trkpt lat="43.896770000000004" lon="4.985390000000001">
    <ele>55.75000000000001</ele>
   </trkpt>
   <trkpt lat="43.896860000000004" lon="4.985930000000001">
    <ele>55.75000000000001</ele>
   </trkpt>
   <trkpt lat="43.89712" lon="4.9870600000000005">
    <ele>55.75000000000001</ele>
   </trkpt>
   <trkpt lat="43.89731000186417" lon="4.987719997772141">
    <ele>56.52</ele>
   </trkpt>
   <trkpt lat="43.8975" lon="4.98838">
    <ele>56.52</ele>
   </trkpt>
   <trkpt lat="43.897830000000006" lon="4.98925">
    <ele>56.52</ele>
   </trkpt>
   <trkpt lat="43.898" lon="4.98977">
    <ele>55.400000000000006</ele>
   </trkpt>
   <trkpt lat="43.89809" lon="4.99016">
    <ele>55.400000000000006</ele>
   </trkpt>
   <trkpt lat="43.89819000000001" lon="4.9908600000000005">
    <ele>55.400000000000006</ele>
   </trkpt>
   <trkpt lat="43.89827333938965" lon="4.991693331006891">
    <ele>55.300000000000004</ele>
   </trkpt>
   <trkpt lat="43.89835667272361" lon="4.992526664346455">
    <ele>55.300000000000004</ele>
   </trkpt>
   <trkpt lat="43.89844" lon="4.99336">
    <ele>55.300000000000004</ele>
   </trkpt>
   <trkpt lat="43.89856000468165" lon="4.994394998008969">
    <ele>55.800000000000004</ele>
   </trkpt>
   <trkpt lat="43.898680000000006" lon="4.995430000000001">
    <ele>55.800000000000004</ele>
   </trkpt>
   <trkpt lat="43.89877000476298" lon="4.9964749984394">
    <ele>56.1</ele>
   </trkpt>
   <trkpt lat="43.898860000000006" lon="4.997520000000001">
    <ele>56.1</ele>
   </trkpt>
   <trkpt lat="43.899053341307194" lon="4.998476660419499">
    <ele>57.25</ele>
   </trkpt>
   <trkpt lat="43.899246674633616" lon="4.999433327051807">
    <ele>57.25</ele>
   </trkpt>
   <trkpt lat="43.899440000000006" lon="5.00039">
    <ele>57.25</ele>
   </trkpt>
   <trkpt lat="43.89965667286183" lon="5.001233327169281">
    <ele>57.25</ele>
   </trkpt>
   <trkpt lat="43.89987333952181" lon="5.002076660476441">
    <ele>56.99</ele>
   </trkpt>
   <trkpt lat="43.900090000000006" lon="5.0029200000000005">
    <ele>56.99</ele>
   </trkpt>
   <trkpt lat="43.900345002983315" lon="5.003734996788169">
    <ele>56.74</ele>
   </trkpt>
   <trkpt lat="43.900600000000004" lon="5.00455">
    <ele>57.02</ele>
   </trkpt>
   <trkpt lat="43.901028019078446" lon="5.005595969913709">
    <ele>57.31</ele>
   </trkpt>
   <trkpt lat="43.90145602861636" lon="5.006641954866583">
    <ele>56.63</ele>
   </trkpt>
   <trkpt lat="43.90188402861347" lon="5.00768795485873">
    <ele>57.120000000000005</ele>
   </trkpt>
   <trkpt lat="43.90231201906949" lon="5.008733969890254">
    <ele>57.75</ele>
   </trkpt>
   <trkpt lat="43.90274" lon="5.00978">
    <ele>57.690000000000005</ele>
   </trkpt>
   <trkpt lat="43.90283" lon="5.010070000000001">
    <ele>57.690000000000005</ele>
   </trkpt>
   <trkpt lat="43.903000000000006" lon="5.01079">
    <ele>57.830000000000005</ele>
   </trkpt>
   <trkpt lat="43.903113339445376" lon="5.01162666353843">
    <ele>57.730000000000004</ele>
   </trkpt>
   <trkpt lat="43.90322667278649" lon="5.012463330262493">
    <ele>57.730000000000004</ele>
   </trkpt>
   <trkpt lat="43.90334000000001" lon="5.0133">
    <ele>58.34</ele>
   </trkpt>
   <trkpt lat="43.90344333972286" lon="5.0141566636092465">
    <ele>58.34</ele>
   </trkpt>
   <trkpt lat="43.90354667304615" lon="5.01501333019252">
    <ele>58.34</ele>
   </trkpt>
   <trkpt lat="43.903650000000006" lon="5.0158700000000005">
    <ele>58.34</ele>
   </trkpt>
   <trkpt lat="43.9037550021232" lon="5.0165749984617864">
    <ele>58.910000000000004</ele>
   </trkpt>
   <trkpt lat="43.90386" lon="5.01728">
    <ele>58.910000000000004</ele>
   </trkpt>
   <trkpt lat="43.90397" lon="5.0177000000000005">
    <ele>58.910000000000004</ele>
   </trkpt>
   <trkpt lat="43.90417" lon="5.018140000000001">
    <ele>58.900000000000006</ele>
   </trkpt>
   <trkpt lat="43.90478" lon="5.0189200000000005">
    <ele>58.900000000000006</ele>
   </trkpt>
   <trkpt lat="43.905060000000006" lon="5.019310000000001">
    <ele>58.67000000000001</ele>
   </trkpt>
   <trkpt lat="43.905390000000004" lon="5.019950000000001">
    <ele>58.67000000000001</ele>
   </trkpt>
   <trkpt lat="43.90575000225636" lon="5.020664995730239">
    <ele>59.24000000000001</ele>
   </trkpt>
   <trkpt lat="43.906110000000005" lon="5.021380000000001">
    <ele>59.84</ele>
   </trkpt>
   <trkpt lat="43.906475002513616" lon="5.022134995428862">
    <ele>58.85000000000001</ele>
   </trkpt>
   <trkpt lat="43.90684" lon="5.02289">
    <ele>58.85000000000001</ele>
   </trkpt>
   <trkpt lat="43.907090000000004" lon="5.02346">
    <ele>59.050000000000004</ele>
   </trkpt>
   <trkpt lat="43.90724" lon="5.02395">
    <ele>59.5</ele>
   </trkpt>
   <trkpt lat="43.90755" lon="5.02512">
    <ele>58.11</ele>
   </trkpt>
   <trkpt lat="43.90766000000001" lon="5.025370000000001">
    <ele>58.11</ele>
   </trkpt>
   <trkpt lat="43.90786000000001" lon="5.02576">
    <ele>58.080000000000005</ele>
   </trkpt>
   <trkpt lat="43.90837000237118" lon="5.026499993635605">
    <ele>59.31</ele>
   </trkpt>
   <trkpt lat="43.90888" lon="5.027240000000001">
    <ele>60.24</ele>
   </trkpt>
   <trkpt lat="43.90907000000001" lon="5.02763">
    <ele>60.24</ele>
   </trkpt>
   <trkpt lat="43.90917" lon="5.02794">
    <ele>59.99</ele>
   </trkpt>
   <trkpt lat="43.909370004450125" lon="5.028944996855329">
    <ele>59.99</ele>
   </trkpt>
   <trkpt lat="43.90957" lon="5.02995">
    <ele>60.22</ele>
   </trkpt>
   <trkpt lat="43.90966" lon="5.030270000000001">
    <ele>60.22</ele>
   </trkpt>
   <trkpt lat="43.90984" lon="5.0307200000000005">
    <ele>60.22</ele>
   </trkpt>
   <trkpt lat="43.910030000000006" lon="5.0310500000000005">
    <ele>60.42</ele>
   </trkpt>
   <trkpt lat="43.91037" lon="5.03153">
    <ele>60.42</ele>
   </trkpt>
   <trkpt lat="43.911010000000005" lon="5.03225">
    <ele>60.83</ele>
   </trkpt>
   <trkpt lat="43.91129" lon="5.03267">
    <ele>61.03000000000001</ele>
   </trkpt>
   <trkpt lat="43.91161" lon="5.03326">
    <ele>60.43000000000001</ele>
   </trkpt>
   <trkpt lat="43.911880000000004" lon="5.03385">
    <ele>60.43000000000001</ele>
   </trkpt>
   <trkpt lat="43.91201" lon="5.034210000000001">
    <ele>60.27</ele>
   </trkpt>
   <trkpt lat="43.91217" lon="5.03481">
    <ele>59.99</ele>
   </trkpt>
   <trkpt lat="43.91232" lon="5.0354">
    <ele>59.99</ele>
   </trkpt>
   <trkpt lat="43.91243" lon="5.03603">
    <ele>59.78000000000001</ele>
   </trkpt>
   <trkpt lat="43.91254000000001" lon="5.03695">
    <ele>59.78000000000001</ele>
   </trkpt>
   <trkpt lat="43.91261" lon="5.037680000000001">
    <ele>59.49000000000001</ele>
   </trkpt>
   <trkpt lat="43.91263" lon="5.038250000000001">
    <ele>59.29</ele>
   </trkpt>
   <trkpt lat="43.91266" lon="5.03943">
    <ele>59.370000000000005</ele>
   </trkpt>
   <trkpt lat="43.912650000000006" lon="5.0399400000000005">
    <ele>59.370000000000005</ele>
   </trkpt>
   <trkpt lat="43.91272" lon="5.04067">
    <ele>59.46000000000001</ele>
   </trkpt>
   <trkpt lat="43.91268" lon="5.040900000000001">
    <ele>59.760000000000005</ele>
   </trkpt>
   <trkpt lat="43.912650000000006" lon="5.04096">
    <ele>59.760000000000005</ele>
   </trkpt>
   <trkpt lat="43.91264" lon="5.04103">
    <ele>59.9</ele>
   </trkpt>
   <trkpt lat="43.91266" lon="5.04114">
    <ele>59.9</ele>
   </trkpt>
   <trkpt lat="43.91272" lon="5.04119">
    <ele>60.0</ele>
   </trkpt>
   <trkpt lat="43.912800000000004" lon="5.04122">
    <ele>60.0</ele>
   </trkpt>
   <trkpt lat="43.912870000000005" lon="5.041320000000001">
    <ele>60.0</ele>
   </trkpt>
   <trkpt lat="43.91299" lon="5.04171">
    <ele>60.83</ele>
   </trkpt>
   <trkpt lat="43.91328" lon="5.04232">
    <ele>60.59</ele>
   </trkpt>
   <trkpt lat="43.913500000000006" lon="5.04283">
    <ele>59.18</ele>
   </trkpt>
   <trkpt lat="43.91364" lon="5.04326">
    <ele>58.74000000000001</ele>
   </trkpt>
   <trkpt lat="43.913900000000005" lon="5.04422">
    <ele>59.830000000000005</ele>
   </trkpt>
   <trkpt lat="43.91395000000001" lon="5.044460000000001">
    <ele>60.33</ele>
   </trkpt>
   <trkpt lat="43.914170000000006" lon="5.04532">
    <ele>59.4</ele>
   </trkpt>
   <trkpt lat="43.914370000000005" lon="5.04589">
    <ele>59.39</ele>
   </trkpt>
   <trkpt lat="43.914440000000006" lon="5.04602">
    <ele>59.39</ele>
   </trkpt>
   <trkpt lat="43.91469" lon="5.0465">
    <ele>59.2</ele>
   </trkpt>
   <trkpt lat="43.915240000000004" lon="5.0471900000000005">
    <ele>59.84</ele>
   </trkpt>
   <trkpt lat="43.9153" lon="5.04729">
    <ele>59.85000000000001</ele>
   </trkpt>
   <trkpt lat="43.915330000000004" lon="5.04738">
    <ele>59.88</ele>
   </trkpt>
   <trkpt lat="43.9153" lon="5.04745">
    <ele>59.93</ele>
   </trkpt>
   <trkpt lat="43.91534" lon="5.0475200000000005">
    <ele>60.06</ele>
   </trkpt>
   <trkpt lat="43.91537" lon="5.0475200000000005">
    <ele>60.06</ele>
   </trkpt>
   <trkpt lat="43.91541" lon="5.047470000000001">
    <ele>60.06</ele>
   </trkpt>
   <trkpt lat="43.91548" lon="5.047490000000001">
    <ele>60.06</ele>
   </trkpt>
   <trkpt lat="43.91622" lon="5.04799">
    <ele>60.95</ele>
   </trkpt>
   <trkpt lat="43.91602" lon="5.0489500000000005">
    <ele>60.76</ele>
   </trkpt>
   <trkpt lat="43.91573" lon="5.04971">
    <ele>60.53000000000001</ele>
   </trkpt>
   <trkpt lat="43.91561" lon="5.05001">
    <ele>59.78000000000001</ele>
   </trkpt>
   <trkpt lat="43.915560000000006" lon="5.05022">
    <ele>59.43</ele>
   </trkpt>
   <trkpt lat="43.91552" lon="5.05051">
    <ele>59.43</ele>
   </trkpt>
   <trkpt lat="43.9155" lon="5.0516000000000005">
    <ele>60.14000000000001</ele>
   </trkpt>
   <trkpt lat="43.915470000000006" lon="5.051690000000001">
    <ele>60.14000000000001</ele>
   </trkpt>
   <trkpt lat="43.91523" lon="5.051950000000001">
    <ele>61.00000000000001</ele>
   </trkpt>
   <trkpt lat="43.91507" lon="5.05205">
    <ele>61.26</ele>
   </trkpt>
   <trkpt lat="43.9151" lon="5.05215">
    <ele>61.26</ele>
   </trkpt>
   <trkpt lat="43.915200000000006" lon="5.052370000000001">
    <ele>61.38</ele>
   </trkpt>
   <trkpt lat="43.91541" lon="5.05224">
    <ele>61.58</ele>
   </trkpt>
   <trkpt lat="43.9155" lon="5.052230000000001">
    <ele>61.58</ele>
   </trkpt>
   <trkpt lat="43.91622000020329" lon="5.052324998872155">
    <ele>61.38</ele>
   </trkpt>
   <trkpt lat="43.916940000000004" lon="5.052420000000001">
    <ele>60.34</ele>
   </trkpt>
   <trkpt lat="43.917390000000005" lon="5.052460000000001">
    <ele>59.75</ele>
   </trkpt>
   <trkpt lat="43.917460000000005" lon="5.052420000000001">
    <ele>59.75</ele>
   </trkpt>
   <trkpt lat="43.91754" lon="5.052350000000001">
    <ele>59.760000000000005</ele>
   </trkpt>
   <trkpt lat="43.917750000000005" lon="5.052560000000001">
    <ele>59.980000000000004</ele>
   </trkpt>
   <trkpt lat="43.91798000000001" lon="5.05283">
    <ele>60.42</ele>
   </trkpt>
   <trkpt lat="43.918020000000006" lon="5.05292">
    <ele>60.42</ele>
   </trkpt>
   <trkpt lat="43.91809000000001" lon="5.0532200000000005">
    <ele>60.9</ele>
   </trkpt>
   <trkpt lat="43.918240000000004" lon="5.053610000000001">
    <ele>60.88</ele>
   </trkpt>
   <trkpt lat="43.91817" lon="5.053680000000001">
    <ele>60.88</ele>
   </trkpt>
   <trkpt lat="43.91787" lon="5.05388">
    <ele>60.21000000000001</ele>
   </trkpt>
   <trkpt lat="43.91778" lon="5.054010000000001">
    <ele>60.21000000000001</ele>
   </trkpt>
   <trkpt lat="43.917660000000005" lon="5.05412">
    <ele>59.9</ele>
   </trkpt>
   <trkpt lat="43.917410000000004" lon="5.054410000000001">
    <ele>59.93</ele>
   </trkpt>
   <trkpt lat="43.917460000000005" lon="5.05461">
    <ele>60.07000000000001</ele>
   </trkpt>
   <trkpt lat="43.91747" lon="5.05515">
    <ele>61.39000000000001</ele>
   </trkpt>
   <trkpt lat="43.917440000000006" lon="5.05538">
    <ele>61.480000000000004</ele>
   </trkpt>
   <trkpt lat="43.917350000000006" lon="5.0556600000000005">
    <ele>61.68000000000001</ele>
   </trkpt>
   <trkpt lat="43.91731" lon="5.055700000000001">
    <ele>61.64000000000001</ele>
   </trkpt>
   <trkpt lat="43.91715000000001" lon="5.05574">
    <ele>61.34</ele>
   </trkpt>
   <trkpt lat="43.916495000105364" lon="5.055694999511294">
    <ele>60.64000000000001</ele>
   </trkpt>
   <trkpt lat="43.91584" lon="5.05565">
    <ele>60.67</ele>
   </trkpt>
   <trkpt lat="43.915560000000006" lon="5.05567">
    <ele>60.76</ele>
   </trkpt>
   <trkpt lat="43.91517" lon="5.05572">
    <ele>60.730000000000004</ele>
   </trkpt>
   <trkpt lat="43.914770000000004" lon="5.055820000000001">
    <ele>60.53000000000001</ele>
   </trkpt>
   <trkpt lat="43.91390000013195" lon="5.055922504496046">
    <ele>61.230000000000004</ele>
   </trkpt>
   <trkpt lat="43.91303000017226" lon="5.056025005995039">
    <ele>61.56</ele>
   </trkpt>
   <trkpt lat="43.91216000012096" lon="5.0561275044971605">
    <ele>61.53000000000001</ele>
   </trkpt>
   <trkpt lat="43.91129" lon="5.05623">
    <ele>61.730000000000004</ele>
   </trkpt>
   <trkpt lat="43.91114" lon="5.056170000000001">
    <ele>61.730000000000004</ele>
   </trkpt>
   <trkpt lat="43.91111" lon="5.056120000000001">
    <ele>61.76</ele>
   </trkpt>
   <trkpt lat="43.91107" lon="5.056100000000001">
    <ele>61.76</ele>
   </trkpt>
   <trkpt lat="43.91102" lon="5.056100000000001">
    <ele>61.790000000000006</ele>
   </trkpt>
   <trkpt lat="43.910970000000006" lon="5.056150000000001">
    <ele>61.790000000000006</ele>
   </trkpt>
   <trkpt lat="43.910940000000004" lon="5.056240000000001">
    <ele>61.76</ele>
   </trkpt>
   <trkpt lat="43.91095000000001" lon="5.056310000000001">
    <ele>61.76</ele>
   </trkpt>
   <trkpt lat="43.91095000000001" lon="5.056520000000001">
    <ele>61.65</ele>
   </trkpt>
   <trkpt lat="43.91087" lon="5.05667">
    <ele>61.65</ele>
   </trkpt>
   <trkpt lat="43.91075" lon="5.056730000000001">
    <ele>61.56</ele>
   </trkpt>
   <trkpt lat="43.91031" lon="5.05689">
    <ele>61.38</ele>
   </trkpt>
   <trkpt lat="43.90973" lon="5.0570200000000005">
    <ele>61.38</ele>
   </trkpt>
   <trkpt lat="43.9088500000834" lon="5.057160002070198">
    <ele>62.19</ele>
   </trkpt>
   <trkpt lat="43.907970000000006" lon="5.057300000000001">
    <ele>62.14000000000001</ele>
   </trkpt>
   <trkpt lat="43.907180000000004" lon="5.0574">
    <ele>62.39000000000001</ele>
   </trkpt>
   <trkpt lat="43.906670000000005" lon="5.05752">
    <ele>62.96</ele>
   </trkpt>
   <trkpt lat="43.906155000002755" lon="5.057680001418089">
    <ele>62.96</ele>
   </trkpt>
   <trkpt lat="43.905640000000005" lon="5.057840000000001">
    <ele>65.08</ele>
   </trkpt>
   <trkpt lat="43.90514500031806" lon="5.058135002489614">
    <ele>65.08</ele>
   </trkpt>
   <trkpt lat="43.904650000000004" lon="5.05843">
    <ele>65.08</ele>
   </trkpt>
   <trkpt lat="43.90408" lon="5.058800000000001">
    <ele>64.24000000000001</ele>
   </trkpt>
   <trkpt lat="43.90364500037807" lon="5.059070001935534">
    <ele>63.95</ele>
   </trkpt>
   <trkpt lat="43.90321" lon="5.059340000000001">
    <ele>63.95</ele>
   </trkpt>
   <trkpt lat="43.90298000000001" lon="5.05944">
    <ele>63.95</ele>
   </trkpt>
   <trkpt lat="43.902750000000005" lon="5.05951">
    <ele>63.95</ele>
   </trkpt>
   <trkpt lat="43.90231000000001" lon="5.05961">
    <ele>63.95</ele>
   </trkpt>
   <trkpt lat="43.90155" lon="5.059830000000001">
    <ele>64.56</ele>
   </trkpt>
   <trkpt lat="43.9014" lon="5.05984">
    <ele>64.56</ele>
   </trkpt>
   <trkpt lat="43.90131" lon="5.05982">
    <ele>64.56</ele>
   </trkpt>
   <trkpt lat="43.90124" lon="5.0597900000000005">
    <ele>64.56</ele>
   </trkpt>
   <trkpt lat="43.901160000000004" lon="5.059710000000001">
    <ele>64.51</ele>
   </trkpt>
   <trkpt lat="43.90124" lon="5.0597900000000005">
    <ele>64.56</ele>
   </trkpt>
   <trkpt lat="43.901250000000005" lon="5.0598600000000005">
    <ele>64.56</ele>
   </trkpt>
   <trkpt lat="43.90128000000001" lon="5.05994">
    <ele>64.56</ele>
   </trkpt>
   <trkpt lat="43.901540000000004" lon="5.06038">
    <ele>64.56</ele>
   </trkpt>
   <trkpt lat="43.902" lon="5.061050000000001">
    <ele>64.56</ele>
   </trkpt>
   <trkpt lat="43.902550002212045" lon="5.061754993544526">
    <ele>64.56</ele>
   </trkpt>
   <trkpt lat="43.9031" lon="5.062460000000001">
    <ele>64.94000000000001</ele>
   </trkpt>
   <trkpt lat="43.90374500238194" lon="5.063209991791882">
    <ele>64.94000000000001</ele>
   </trkpt>
   <trkpt lat="43.90439000000001" lon="5.063960000000001">
    <ele>64.94000000000001</ele>
   </trkpt>
   <trkpt lat="43.90473000096664" lon="5.064444997145803">
    <ele>64.94000000000001</ele>
   </trkpt>
   <trkpt lat="43.90507" lon="5.06493">
    <ele>64.94000000000001</ele>
   </trkpt>
   <trkpt lat="43.90518" lon="5.06512">
    <ele>64.99000000000001</ele>
   </trkpt>
   <trkpt lat="43.90476" lon="5.0662">
    <ele>64.99000000000001</ele>
   </trkpt>
   <trkpt lat="43.90467" lon="5.0665000000000004">
    <ele>64.99000000000001</ele>
   </trkpt>
   <trkpt lat="43.904410000000006" lon="5.06765">
    <ele>68.2</ele>
   </trkpt>
   <trkpt lat="43.90424" lon="5.068180000000001">
    <ele>68.2</ele>
   </trkpt>
   <trkpt lat="43.90388000282608" lon="5.068985004866709">
    <ele>68.2</ele>
   </trkpt>
   <trkpt lat="43.90352" lon="5.06979">
    <ele>68.2</ele>
   </trkpt>
   <trkpt lat="43.903040000000004" lon="5.0705">
    <ele>68.2</ele>
   </trkpt>
   <trkpt lat="43.9027" lon="5.070900000000001">
    <ele>68.85000000000001</ele>
   </trkpt>
   <trkpt lat="43.90209" lon="5.071510000000001">
    <ele>68.85000000000001</ele>
   </trkpt>
   <trkpt lat="43.90175000000001" lon="5.0719">
    <ele>68.85000000000001</ele>
   </trkpt>
   <trkpt lat="43.90153" lon="5.07221">
    <ele>67.9</ele>
   </trkpt>
   <trkpt lat="43.901390000000006" lon="5.072500000000001">
    <ele>67.9</ele>
   </trkpt>
   <trkpt lat="43.90128000000001" lon="5.07289">
    <ele>67.91000000000001</ele>
   </trkpt>
   <trkpt lat="43.90124" lon="5.07341">
    <ele>68.08</ele>
   </trkpt>
   <trkpt lat="43.901250000000005" lon="5.07368">
    <ele>68.08</ele>
   </trkpt>
   <trkpt lat="43.901320000000005" lon="5.07446">
    <ele>69.88000000000001</ele>
   </trkpt>
   <trkpt lat="43.901320000000005" lon="5.074750000000001">
    <ele>70.08</ele>
   </trkpt>
   <trkpt lat="43.901215003338315" lon="5.075630001871786">
    <ele>70.08</ele>
   </trkpt>
   <trkpt lat="43.90111" lon="5.076510000000001">
    <ele>75.13</ele>
   </trkpt>
   <trkpt lat="43.90106" lon="5.07671">
    <ele>75.13</ele>
   </trkpt>
   <trkpt lat="43.900920000000006" lon="5.077100000000001">
    <ele>75.16</ele>
   </trkpt>
   <trkpt lat="43.90085500181215" lon="5.077750001009689">
    <ele>75.16</ele>
   </trkpt>
   <trkpt lat="43.90079" lon="5.0784">
    <ele>74.57000000000001</ele>
   </trkpt>
   <trkpt lat="43.90077" lon="5.0788400000000005">
    <ele>74.57000000000001</ele>
   </trkpt>
   <trkpt lat="43.90081000000001" lon="5.0795900000000005">
    <ele>74.52</ele>
   </trkpt>
   <trkpt lat="43.90084" lon="5.07985">
    <ele>74.52</ele>
   </trkpt>
   <trkpt lat="43.900940000000006" lon="5.08023">
    <ele>74.52</ele>
   </trkpt>
   <trkpt lat="43.901230000000005" lon="5.081060000000001">
    <ele>69.4</ele>
   </trkpt>
   <trkpt lat="43.90148000000001" lon="5.081670000000001">
    <ele>69.4</ele>
   </trkpt>
   <trkpt lat="43.90156" lon="5.081790000000001">
    <ele>69.4</ele>
   </trkpt>
   <trkpt lat="43.901990000000005" lon="5.082730000000001">
    <ele>68.76</ele>
   </trkpt>
   <trkpt lat="43.901920000000004" lon="5.0827800000000005">
    <ele>68.77000000000001</ele>
   </trkpt>
   <trkpt lat="43.90220000138624" lon="5.083364997027386">
    <ele>68.60000000000001</ele>
   </trkpt>
   <trkpt lat="43.902480000000004" lon="5.083950000000001">
    <ele>68.60000000000001</ele>
   </trkpt>
   <trkpt lat="43.9027" lon="5.08445">
    <ele>68.60000000000001</ele>
   </trkpt>
   <trkpt lat="43.902820000000006" lon="5.08481">
    <ele>71.03000000000002</ele>
   </trkpt>
   <trkpt lat="43.902930000000005" lon="5.085240000000001">
    <ele>71.03000000000002</ele>
   </trkpt>
   <trkpt lat="43.90299" lon="5.085610000000001">
    <ele>71.03000000000002</ele>
   </trkpt>
   <trkpt lat="43.90298000000001" lon="5.0858300000000005">
    <ele>71.03000000000002</ele>
   </trkpt>
   <trkpt lat="43.90294" lon="5.08612">
    <ele>71.03000000000002</ele>
   </trkpt>
   <trkpt lat="43.90302500215366" lon="5.086824998881899">
    <ele>71.03000000000002</ele>
   </trkpt>
   <trkpt lat="43.903110000000005" lon="5.08753">
    <ele>71.93</ele>
   </trkpt>
   <trkpt lat="43.90317000234836" lon="5.088264999172267">
    <ele>71.93</ele>
   </trkpt>
   <trkpt lat="43.90323" lon="5.089">
    <ele>71.93</ele>
   </trkpt>
   <trkpt lat="43.90343" lon="5.090210000000001">
    <ele>72.43</ele>
   </trkpt>
   <trkpt lat="43.90345000000001" lon="5.09025">
    <ele>72.43</ele>
   </trkpt>
   <trkpt lat="43.9035" lon="5.09027">
    <ele>72.43</ele>
   </trkpt>
   <trkpt lat="43.90344000228588" lon="5.09099500080205">
    <ele>73.43</ele>
   </trkpt>
   <trkpt lat="43.903380000000006" lon="5.0917200000000005">
    <ele>73.43</ele>
   </trkpt>
   <trkpt lat="43.90329000240843" lon="5.0924650012219415">
    <ele>71.47</ele>
   </trkpt>
   <trkpt lat="43.903200000000005" lon="5.09321">
    <ele>71.47</ele>
   </trkpt>
   <trkpt lat="43.903110000000005" lon="5.09382">
    <ele>71.01</ele>
   </trkpt>
   <trkpt lat="43.90298000000001" lon="5.09436">
    <ele>71.01</ele>
   </trkpt>
   <trkpt lat="43.902910000000006" lon="5.09478">
    <ele>71.01</ele>
   </trkpt>
   <trkpt lat="43.902825003343175" lon="5.0956550011983435">
    <ele>67.59</ele>
   </trkpt>
   <trkpt lat="43.90274" lon="5.0965300000000004">
    <ele>67.59</ele>
   </trkpt>
   <trkpt lat="43.90260000000001" lon="5.0975600000000005">
    <ele>70.21000000000001</ele>
   </trkpt>
   <trkpt lat="43.902480000000004" lon="5.09822">
    <ele>71.17000000000002</ele>
   </trkpt>
   <trkpt lat="43.9024" lon="5.0986">
    <ele>71.64000000000001</ele>
   </trkpt>
   <trkpt lat="43.90234" lon="5.09876">
    <ele>71.74000000000001</ele>
   </trkpt>
   <trkpt lat="43.901845003879494" lon="5.099700007764463">
    <ele>72.81</ele>
   </trkpt>
   <trkpt lat="43.90135" lon="5.10064">
    <ele>74.62</ele>
   </trkpt>
   <trkpt lat="43.901015001865396" lon="5.1012950036956966">
    <ele>74.66</ele>
   </trkpt>
   <trkpt lat="43.90068" lon="5.10195">
    <ele>74.94000000000001</ele>
   </trkpt>
   <trkpt lat="43.900265002313695" lon="5.10268000510557">
    <ele>77.44000000000001</ele>
   </trkpt>
   <trkpt lat="43.89985" lon="5.10341">
    <ele>77.44000000000001</ele>
   </trkpt>
   <trkpt lat="43.89956" lon="5.10397">
    <ele>77.84</ele>
   </trkpt>
   <trkpt lat="43.899370000000005" lon="5.104240000000001">
    <ele>77.84</ele>
   </trkpt>
   <trkpt lat="43.89896" lon="5.1046000000000005">
    <ele>79.46000000000001</ele>
   </trkpt>
   <trkpt lat="43.89885" lon="5.10472">
    <ele>79.46000000000001</ele>
   </trkpt>
   <trkpt lat="43.898790000000005" lon="5.10482">
    <ele>79.46000000000001</ele>
   </trkpt>
   <trkpt lat="43.89871" lon="5.1051400000000005">
    <ele>79.46000000000001</ele>
   </trkpt>
   <trkpt lat="43.8986" lon="5.10609">
    <ele>83.29</ele>
   </trkpt>
   <trkpt lat="43.898520000000005" lon="5.1065000000000005">
    <ele>83.29</ele>
   </trkpt>
   <trkpt lat="43.898070000000004" lon="5.106590000000001">
    <ele>84.23000000000002</ele>
   </trkpt>
   <trkpt lat="43.89781000000001" lon="5.106920000000001">
    <ele>85.76</ele>
   </trkpt>
   <trkpt lat="43.89775" lon="5.107030000000001">
    <ele>85.76</ele>
   </trkpt>
   <trkpt lat="43.89752" lon="5.10775">
    <ele>91.11000000000001</ele>
   </trkpt>
   <trkpt lat="43.89731500333744" lon="5.108625003015667">
    <ele>91.11000000000001</ele>
   </trkpt>
   <trkpt lat="43.897110000000005" lon="5.109500000000001">
    <ele>94.38000000000001</ele>
   </trkpt>
   <trkpt lat="43.89706" lon="5.10967">
    <ele>94.84</ele>
   </trkpt>
   <trkpt lat="43.89696000000001" lon="5.109970000000001">
    <ele>95.21000000000001</ele>
   </trkpt>
   <trkpt lat="43.89683" lon="5.11028">
    <ele>95.21000000000001</ele>
   </trkpt>
   <trkpt lat="43.89649000000001" lon="5.11097">
    <ele>101.05000000000001</ele>
   </trkpt>
   <trkpt lat="43.89634" lon="5.11136">
    <ele>101.05000000000001</ele>
   </trkpt>
   <trkpt lat="43.89625" lon="5.111770000000001">
    <ele>105.63000000000001</ele>
   </trkpt>
   <trkpt lat="43.89622000000001" lon="5.11228">
    <ele>105.63000000000001</ele>
   </trkpt>
   <trkpt lat="43.896150000000006" lon="5.11265">
    <ele>107.06</ele>
   </trkpt>
   <trkpt lat="43.89605" lon="5.11293">
    <ele>109.04</ele>
   </trkpt>
   <trkpt lat="43.89594" lon="5.11305">
    <ele>109.2</ele>
   </trkpt>
   <trkpt lat="43.895590000000006" lon="5.11326">
    <ele>111.2</ele>
   </trkpt>
   <trkpt lat="43.894890000000004" lon="5.113390000000001">
    <ele>114.48</ele>
   </trkpt>
   <trkpt lat="43.89424" lon="5.11371">
    <ele>114.17</ele>
   </trkpt>
   <trkpt lat="43.894180000000006" lon="5.113700000000001">
    <ele>114.17</ele>
   </trkpt>
   <trkpt lat="43.894020000000005" lon="5.11362">
    <ele>113.69000000000001</ele>
   </trkpt>
   <trkpt lat="43.8939" lon="5.113630000000001">
    <ele>113.69000000000001</ele>
   </trkpt>
   <trkpt lat="43.89376" lon="5.113700000000001">
    <ele>115.18</ele>
   </trkpt>
   <trkpt lat="43.893550000000005" lon="5.11388">
    <ele>115.18</ele>
   </trkpt>
   <trkpt lat="43.893330000000006" lon="5.114050000000001">
    <ele>115.18</ele>
   </trkpt>
   <trkpt lat="43.89293000000001" lon="5.114240000000001">
    <ele>116.5</ele>
   </trkpt>
   <trkpt lat="43.89278" lon="5.1142900000000004">
    <ele>116.5</ele>
   </trkpt>
   <trkpt lat="43.892720000000004" lon="5.114380000000001">
    <ele>116.5</ele>
   </trkpt>
   <trkpt lat="43.89332" lon="5.11477">
    <ele>127.39</ele>
   </trkpt>
   <trkpt lat="43.893370000000004" lon="5.114850000000001">
    <ele>127.39</ele>
   </trkpt>
   <trkpt lat="43.893370000000004" lon="5.1150400000000005">
    <ele>131.25</ele>
   </trkpt>
   <trkpt lat="43.89341" lon="5.1153200000000005">
    <ele>132.37</ele>
   </trkpt>
   <trkpt lat="43.8935" lon="5.115430000000001">
    <ele>132.37</ele>
   </trkpt>
   <trkpt lat="43.89359" lon="5.1157">
    <ele>134.26000000000002</ele>
   </trkpt>
   <trkpt lat="43.89383" lon="5.11592">
    <ele>135.51000000000002</ele>
   </trkpt>
   <trkpt lat="43.893890000000006" lon="5.11601">
    <ele>135.51000000000002</ele>
   </trkpt>
   <trkpt lat="43.8941" lon="5.11678">
    <ele>136.54000000000002</ele>
   </trkpt>
   <trkpt lat="43.89434000000001" lon="5.1174800000000005">
    <ele>139.75</ele>
   </trkpt>
   <trkpt lat="43.89432" lon="5.11772">
    <ele>143.18</ele>
   </trkpt>
   <trkpt lat="43.89434000000001" lon="5.117940000000001">
    <ele>143.18</ele>
   </trkpt>
   <trkpt lat="43.89434000000001" lon="5.11803">
    <ele>143.18</ele>
   </trkpt>
   <trkpt lat="43.89432" lon="5.118110000000001">
    <ele>145.06000000000003</ele>
   </trkpt>
   <trkpt lat="43.894090000000006" lon="5.118600000000001">
    <ele>145.06000000000003</ele>
   </trkpt>
   <trkpt lat="43.894020000000005" lon="5.1188400000000005">
    <ele>145.06000000000003</ele>
   </trkpt>
   <trkpt lat="43.89396000000001" lon="5.119210000000001">
    <ele>154.13000000000002</ele>
   </trkpt>
   <trkpt lat="43.89396000000001" lon="5.11937">
    <ele>154.13000000000002</ele>
   </trkpt>
   <trkpt lat="43.89406" lon="5.119770000000001">
    <ele>154.13000000000002</ele>
   </trkpt>
   <trkpt lat="43.894020000000005" lon="5.1204">
    <ele>161.94</ele>
   </trkpt>
   <trkpt lat="43.89403" lon="5.12058">
    <ele>161.94</ele>
   </trkpt>
   <trkpt lat="43.89406" lon="5.12075">
    <ele>161.94</ele>
   </trkpt>
   <trkpt lat="43.894110000000005" lon="5.12091">
    <ele>161.94</ele>
   </trkpt>
   <trkpt lat="43.894330000000004" lon="5.12127">
    <ele>161.94</ele>
   </trkpt>
   <trkpt lat="43.89462" lon="5.12183">
    <ele>180.41000000000003</ele>
   </trkpt>
   <trkpt lat="43.894940000000005" lon="5.12237">
    <ele>180.41000000000003</ele>
   </trkpt>
   <trkpt lat="43.89482500283443" lon="5.123180001748978">
    <ele>187.47000000000003</ele>
   </trkpt>
   <trkpt lat="43.89471" lon="5.12399">
    <ele>190.43</ele>
   </trkpt>
   <trkpt lat="43.89462" lon="5.12445">
    <ele>194.49</ele>
   </trkpt>
   <trkpt lat="43.89438000721628" lon="5.125360007353405">
    <ele>194.49</ele>
   </trkpt>
   <trkpt lat="43.89414000721135" lon="5.126270007371977">
    <ele>206.22</ele>
   </trkpt>
   <trkpt lat="43.8939" lon="5.12718">
    <ele>206.22</ele>
   </trkpt>
   <trkpt lat="43.893860000000004" lon="5.12779">
    <ele>206.22</ele>
   </trkpt>
   <trkpt lat="43.893750000000004" lon="5.12823">
    <ele>222.07000000000002</ele>
   </trkpt>
   <trkpt lat="43.893570000000004" lon="5.1285300000000005">
    <ele>222.07000000000002</ele>
   </trkpt>
   <trkpt lat="43.89323" lon="5.128920000000001">
    <ele>222.07000000000002</ele>
   </trkpt>
   <trkpt lat="43.89309" lon="5.12926">
    <ele>222.07000000000002</ele>
   </trkpt>
   <trkpt lat="43.893060000000006" lon="5.1294900000000005">
    <ele>226.07000000000002</ele>
   </trkpt>
   <trkpt lat="43.893080000000005" lon="5.12976">
    <ele>226.07000000000002</ele>
   </trkpt>
   <trkpt lat="43.89311" lon="5.12994">
    <ele>226.07000000000002</ele>
   </trkpt>
   <trkpt lat="43.89347" lon="5.130890000000001">
    <ele>234.97</ele>
   </trkpt>
   <trkpt lat="43.893530000000005" lon="5.13131">
    <ele>234.97</ele>
   </trkpt>
   <trkpt lat="43.893530000000005" lon="5.13145">
    <ele>234.97</ele>
   </trkpt>
   <trkpt lat="43.89349000000001" lon="5.131670000000001">
    <ele>234.97</ele>
   </trkpt>
   <trkpt lat="43.893440000000005" lon="5.13185">
    <ele>234.97</ele>
   </trkpt>
   <trkpt lat="43.89336" lon="5.13203">
    <ele>234.97</ele>
   </trkpt>
   <trkpt lat="43.89325" lon="5.1322">
    <ele>234.97</ele>
   </trkpt>
   <trkpt lat="43.89314" lon="5.13229">
    <ele>232.58</ele>
   </trkpt>
   <trkpt lat="43.892810000000004" lon="5.1325">
    <ele>232.58</ele>
   </trkpt>
   <trkpt lat="43.89253" lon="5.13262">
    <ele>232.58</ele>
   </trkpt>
   <trkpt lat="43.892450000000004" lon="5.13264">
    <ele>232.32000000000002</ele>
   </trkpt>
   <trkpt lat="43.89231" lon="5.132630000000001">
    <ele>232.32000000000002</ele>
   </trkpt>
   <trkpt lat="43.8922" lon="5.1326">
    <ele>231.75</ele>
   </trkpt>
   <trkpt lat="43.892050000000005" lon="5.132510000000001">
    <ele>231.75</ele>
   </trkpt>
   <trkpt lat="43.89175" lon="5.13229">
    <ele>231.75</ele>
   </trkpt>
   <trkpt lat="43.891490000000005" lon="5.13222">
    <ele>231.75</ele>
   </trkpt>
   <trkpt lat="43.8913" lon="5.132210000000001">
    <ele>220.71</ele>
   </trkpt>
   <trkpt lat="43.89108" lon="5.13225">
    <ele>220.71</ele>
   </trkpt>
   <trkpt lat="43.890570000192795" lon="5.132540002582136">
    <ele>220.71</ele>
   </trkpt>
   <trkpt lat="43.890060000000005" lon="5.13283">
    <ele>218.99</ele>
   </trkpt>
   <trkpt lat="43.88993000000001" lon="5.1329400000000005">
    <ele>218.74</ele>
   </trkpt>
   <trkpt lat="43.8898" lon="5.133170000000001">
    <ele>218.74</ele>
   </trkpt>
   <trkpt lat="43.889700000000005" lon="5.13353">
    <ele>216.73</ele>
   </trkpt>
   <trkpt lat="43.889630000000004" lon="5.133970000000001">
    <ele>216.73</ele>
   </trkpt>
   <trkpt lat="43.88946500432578" lon="5.1349700029779655">
    <ele>216.73</ele>
   </trkpt>
   <trkpt lat="43.889300000000006" lon="5.13597">
    <ele>205.94</ele>
   </trkpt>
   <trkpt lat="43.88928000000001" lon="5.136340000000001">
    <ele>205.94</ele>
   </trkpt>
   <trkpt lat="43.88931" lon="5.13651">
    <ele>205.94</ele>
   </trkpt>
   <trkpt lat="43.88933" lon="5.13658">
    <ele>205.94</ele>
   </trkpt>
   <trkpt lat="43.88946000000001" lon="5.13677">
    <ele>205.94</ele>
   </trkpt>
   <trkpt lat="43.889570000000006" lon="5.13687">
    <ele>205.94</ele>
   </trkpt>
   <trkpt lat="43.890165000454225" lon="5.1372049966335975">
    <ele>205.94</ele>
   </trkpt>
   <trkpt lat="43.89076" lon="5.13754">
    <ele>198.34</ele>
   </trkpt>
   <trkpt lat="43.89087000000001" lon="5.13764">
    <ele>198.34</ele>
   </trkpt>
   <trkpt lat="43.89094" lon="5.13773">
    <ele>198.34</ele>
   </trkpt>
   <trkpt lat="43.890980000000006" lon="5.137860000000001">
    <ele>198.34</ele>
   </trkpt>
   <trkpt lat="43.891000000000005" lon="5.138000000000001">
    <ele>198.34</ele>
   </trkpt>
   <trkpt lat="43.89099" lon="5.13815">
    <ele>198.34</ele>
   </trkpt>
   <trkpt lat="43.89094" lon="5.138280000000001">
    <ele>198.34</ele>
   </trkpt>
   <trkpt lat="43.89079" lon="5.13844">
    <ele>198.34</ele>
   </trkpt>
   <trkpt lat="43.890390000000004" lon="5.13851">
    <ele>198.05</ele>
   </trkpt>
   <trkpt lat="43.88991" lon="5.13855">
    <ele>195.64000000000001</ele>
   </trkpt>
   <trkpt lat="43.889770000000006" lon="5.13858">
    <ele>195.64000000000001</ele>
   </trkpt>
   <trkpt lat="43.889630000000004" lon="5.138660000000001">
    <ele>195.64000000000001</ele>
   </trkpt>
   <trkpt lat="43.88956" lon="5.13876">
    <ele>195.64000000000001</ele>
   </trkpt>
   <trkpt lat="43.889500000000005" lon="5.1389000000000005">
    <ele>195.64000000000001</ele>
   </trkpt>
   <trkpt lat="43.88933" lon="5.139810000000001">
    <ele>189.3</ele>
   </trkpt>
   <trkpt lat="43.889100000000006" lon="5.140910000000001">
    <ele>182.79</ele>
   </trkpt>
   <trkpt lat="43.889030000000005" lon="5.1417">
    <ele>177.27</ele>
   </trkpt>
   <trkpt lat="43.88904" lon="5.14198">
    <ele>176.4</ele>
   </trkpt>
   <trkpt lat="43.88913" lon="5.14275">
    <ele>172.86</ele>
   </trkpt>
   <trkpt lat="43.88911" lon="5.142880000000001">
    <ele>173.75</ele>
   </trkpt>
   <trkpt lat="43.889300000000006" lon="5.14292">
    <ele>173.75</ele>
   </trkpt>
   <trkpt lat="43.889390000000006" lon="5.143070000000001">
    <ele>173.75</ele>
   </trkpt>
   <trkpt lat="43.88951" lon="5.14337">
    <ele>168.09</ele>
   </trkpt>
   <trkpt lat="43.88956" lon="5.143560000000001">
    <ele>168.09</ele>
   </trkpt>
   <trkpt lat="43.889590000000005" lon="5.14376">
    <ele>168.09</ele>
   </trkpt>
   <trkpt lat="43.889610000000005" lon="5.14425">
    <ele>166.81</ele>
   </trkpt>
   <trkpt lat="43.88962500268413" lon="5.145034999663749">
    <ele>166.0</ele>
   </trkpt>
   <trkpt lat="43.88964000000001" lon="5.1458200000000005">
    <ele>168.61</ele>
   </trkpt>
   <trkpt lat="43.88969" lon="5.1469000000000005">
    <ele>170.56</ele>
   </trkpt>
   <trkpt lat="43.88975000000001" lon="5.14742">
    <ele>170.56</ele>
   </trkpt>
   <trkpt lat="43.88984000000001" lon="5.14768">
    <ele>169.19</ele>
   </trkpt>
   <trkpt lat="43.88994" lon="5.14784">
    <ele>169.19</ele>
   </trkpt>
   <trkpt lat="43.890280000000004" lon="5.14822">
    <ele>169.19</ele>
   </trkpt>
   <trkpt lat="43.89034" lon="5.1483300000000005">
    <ele>168.62</ele>
   </trkpt>
   <trkpt lat="43.89043" lon="5.148680000000001">
    <ele>168.62</ele>
   </trkpt>
   <trkpt lat="43.89043" lon="5.14883">
    <ele>168.62</ele>
   </trkpt>
   <trkpt lat="43.89038" lon="5.14895">
    <ele>168.48000000000002</ele>
   </trkpt>
   <trkpt lat="43.890280000000004" lon="5.14906">
    <ele>168.48000000000002</ele>
   </trkpt>
   <trkpt lat="43.89023" lon="5.149220000000001">
    <ele>168.48000000000002</ele>
   </trkpt>
   <trkpt lat="43.89021" lon="5.149570000000001">
    <ele>168.54000000000002</ele>
   </trkpt>
   <trkpt lat="43.89025" lon="5.149920000000001">
    <ele>168.09</ele>
   </trkpt>
   <trkpt lat="43.89041500254068" lon="5.150679997997308">
    <ele>166.72</ele>
   </trkpt>
   <trkpt lat="43.89058000000001" lon="5.15144">
    <ele>165.74</ele>
   </trkpt>
   <trkpt lat="43.89067" lon="5.15205">
    <ele>165.60000000000002</ele>
   </trkpt>
   <trkpt lat="43.89063" lon="5.15209">
    <ele>165.60000000000002</ele>
   </trkpt>
   <trkpt lat="43.890640000000005" lon="5.152150000000001">
    <ele>165.11</ele>
   </trkpt>
   <trkpt lat="43.890660000000004" lon="5.152170000000001">
    <ele>165.11</ele>
   </trkpt>
   <trkpt lat="43.89059" lon="5.1523">
    <ele>165.11</ele>
   </trkpt>
   <trkpt lat="43.89003500188963" lon="5.152965006242846">
    <ele>159.3</ele>
   </trkpt>
   <trkpt lat="43.889480000000006" lon="5.153630000000001">
    <ele>157.78</ele>
   </trkpt>
   <trkpt lat="43.88882" lon="5.154470000000001">
    <ele>153.50000000000003</ele>
   </trkpt>
   <trkpt lat="43.888760000000005" lon="5.1545700000000005">
    <ele>153.50000000000003</ele>
   </trkpt>
   <trkpt lat="43.88859" lon="5.15495">
    <ele>153.45</ele>
   </trkpt>
   <trkpt lat="43.88833000226922" lon="5.1556700031180185">
    <ele>151.08</ele>
   </trkpt>
   <trkpt lat="43.888070000000006" lon="5.15639">
    <ele>148.88</ele>
   </trkpt>
   <trkpt lat="43.887670002797684" lon="5.157200005566882">
    <ele>147.14000000000001</ele>
   </trkpt>
   <trkpt lat="43.88727" lon="5.15801">
    <ele>146.46</ele>
   </trkpt>
   <trkpt lat="43.88702000000001" lon="5.158740000000001">
    <ele>147.74</ele>
   </trkpt>
   <trkpt lat="43.88689" lon="5.15923">
    <ele>147.99</ele>
   </trkpt>
   <trkpt lat="43.88684000000001" lon="5.1595200000000006">
    <ele>147.99</ele>
   </trkpt>
   <trkpt lat="43.88685" lon="5.159890000000001">
    <ele>147.99</ele>
   </trkpt>
   <trkpt lat="43.887060000000005" lon="5.1607400000000005">
    <ele>148.73</ele>
   </trkpt>
   <trkpt lat="43.88716" lon="5.16122">
    <ele>149.31000000000003</ele>
   </trkpt>
   <trkpt lat="43.88725" lon="5.16234">
    <ele>149.31000000000003</ele>
   </trkpt>
   <trkpt lat="43.88723" lon="5.16354">
    <ele>153.79000000000002</ele>
   </trkpt>
   <trkpt lat="43.88714" lon="5.1641">
    <ele>153.79000000000002</ele>
   </trkpt>
   <trkpt lat="43.88699000157318" lon="5.1647050016151015">
    <ele>153.79000000000002</ele>
   </trkpt>
   <trkpt lat="43.88684000000001" lon="5.165310000000001">
    <ele>153.79000000000002</ele>
   </trkpt>
   <trkpt lat="43.88674" lon="5.16553">
    <ele>153.79000000000002</ele>
   </trkpt>
   <trkpt lat="43.88618" lon="5.16647">
    <ele>153.92</ele>
   </trkpt>
   <trkpt lat="43.886120000000005" lon="5.16647">
    <ele>153.95</ele>
   </trkpt>
   <trkpt lat="43.886100000000006" lon="5.1665">
    <ele>153.95</ele>
   </trkpt>
   <trkpt lat="43.88611" lon="5.166600000000001">
    <ele>153.95</ele>
   </trkpt>
   <trkpt lat="43.886140000000005" lon="5.16662">
    <ele>153.95</ele>
   </trkpt>
   <trkpt lat="43.886120000000005" lon="5.166720000000001">
    <ele>153.95</ele>
   </trkpt>
   <trkpt lat="43.88585000245518" lon="5.167490003860476">
    <ele>152.78</ele>
   </trkpt>
   <trkpt lat="43.885580000000004" lon="5.16826">
    <ele>152.78</ele>
   </trkpt>
   <trkpt lat="43.88528" lon="5.16905">
    <ele>152.43</ele>
   </trkpt>
   <trkpt lat="43.885040000000004" lon="5.169250000000001">
    <ele>152.66000000000003</ele>
   </trkpt>
   <trkpt lat="43.88485" lon="5.1693500000000006">
    <ele>152.97000000000003</ele>
   </trkpt>
   <trkpt lat="43.885020000000004" lon="5.1700800000000005">
    <ele>153.35000000000002</ele>
   </trkpt>
   <trkpt lat="43.88501" lon="5.170240000000001">
    <ele>153.58</ele>
   </trkpt>
   <trkpt lat="43.88496000000001" lon="5.1704300000000005">
    <ele>153.58</ele>
   </trkpt>
   <trkpt lat="43.88496000000001" lon="5.170520000000001">
    <ele>153.58</ele>
   </trkpt>
   <trkpt lat="43.884780000000006" lon="5.17156">
    <ele>153.58</ele>
   </trkpt>
   <trkpt lat="43.88465" lon="5.172090000000001">
    <ele>153.58</ele>
   </trkpt>
   <trkpt lat="43.88452" lon="5.172510000000001">
    <ele>155.8</ele>
   </trkpt>
   <trkpt lat="43.88434" lon="5.172960000000001">
    <ele>155.8</ele>
   </trkpt>
   <trkpt lat="43.88394" lon="5.173830000000001">
    <ele>157.01000000000002</ele>
   </trkpt>
   <trkpt lat="43.88363500184543" lon="5.174495003584911">
    <ele>157.01000000000002</ele>
   </trkpt>
   <trkpt lat="43.88333" lon="5.17516">
    <ele>157.01000000000002</ele>
   </trkpt>
   <trkpt lat="43.88318" lon="5.175540000000001">
    <ele>167.70000000000002</ele>
   </trkpt>
   <trkpt lat="43.883100000000006" lon="5.17591">
    <ele>167.70000000000002</ele>
   </trkpt>
   <trkpt lat="43.883070000000004" lon="5.176290000000001">
    <ele>167.70000000000002</ele>
   </trkpt>
   <trkpt lat="43.88306500414482" lon="5.177265000065002">
    <ele>167.88</ele>
   </trkpt>
   <trkpt lat="43.88306" lon="5.178240000000001">
    <ele>167.88</ele>
   </trkpt>
   <trkpt lat="43.883" lon="5.178590000000001">
    <ele>167.88</ele>
   </trkpt>
   <trkpt lat="43.88291" lon="5.178920000000001">
    <ele>167.53</ele>
   </trkpt>
   <trkpt lat="43.88251" lon="5.179970000000001">
    <ele>167.53</ele>
   </trkpt>
   <trkpt lat="43.88242" lon="5.180580000000001">
    <ele>167.53</ele>
   </trkpt>
   <trkpt lat="43.88241" lon="5.1812700000000005">
    <ele>170.81</ele>
   </trkpt>
   <trkpt lat="43.882446673885184" lon="5.182179998817446">
    <ele>170.81</ele>
   </trkpt>
   <trkpt lat="43.882483340549356" lon="5.183089998755145">
    <ele>170.78</ele>
   </trkpt>
   <trkpt lat="43.88252000000001" lon="5.184">
    <ele>171.35</ele>
   </trkpt>
   <trkpt lat="43.882490000000004" lon="5.184290000000001">
    <ele>171.35</ele>
   </trkpt>
   <trkpt lat="43.88241" lon="5.1846000000000005">
    <ele>171.35</ele>
   </trkpt>
   <trkpt lat="43.882340000000006" lon="5.184740000000001">
    <ele>171.35</ele>
   </trkpt>
   <trkpt lat="43.88204" lon="5.1852">
    <ele>171.35</ele>
   </trkpt>
   <trkpt lat="43.88186" lon="5.185530000000001">
    <ele>171.35</ele>
   </trkpt>
   <trkpt lat="43.881820000000005" lon="5.1856800000000005">
    <ele>171.35</ele>
   </trkpt>
   <trkpt lat="43.88179" lon="5.185910000000001">
    <ele>171.35</ele>
   </trkpt>
   <trkpt lat="43.88181" lon="5.18613">
    <ele>171.35</ele>
   </trkpt>
   <trkpt lat="43.88185000000001" lon="5.186310000000001">
    <ele>194.13000000000002</ele>
   </trkpt>
   <trkpt lat="43.881910000000005" lon="5.186450000000001">
    <ele>194.13000000000002</ele>
   </trkpt>
   <trkpt lat="43.88203" lon="5.186640000000001">
    <ele>194.13000000000002</ele>
   </trkpt>
   <trkpt lat="43.88249500176057" lon="5.187284994891702">
    <ele>194.13000000000002</ele>
   </trkpt>
   <trkpt lat="43.882960000000004" lon="5.187930000000001">
    <ele>194.13000000000002</ele>
   </trkpt>
   <trkpt lat="43.88309" lon="5.18817">
    <ele>196.16000000000003</ele>
   </trkpt>
   <trkpt lat="43.883160000000004" lon="5.18846">
    <ele>196.16000000000003</ele>
   </trkpt>
   <trkpt lat="43.883160000000004" lon="5.188700000000001">
    <ele>196.22</ele>
   </trkpt>
   <trkpt lat="43.883140000000004" lon="5.188840000000001">
    <ele>196.22</ele>
   </trkpt>
   <trkpt lat="43.88284" lon="5.189730000000001">
    <ele>198.68</ele>
   </trkpt>
   <trkpt lat="43.882650000000005" lon="5.19038">
    <ele>199.78</ele>
   </trkpt>
   <trkpt lat="43.882650000000005" lon="5.190410000000001">
    <ele>199.78</ele>
   </trkpt>
   <trkpt lat="43.88257" lon="5.19043">
    <ele>199.78</ele>
   </trkpt>
   <trkpt lat="43.88242500205286" lon="5.19113000210701">
    <ele>202.24</ele>
   </trkpt>
   <trkpt lat="43.88228" lon="5.19183">
    <ele>202.24</ele>
   </trkpt>
   <trkpt lat="43.88199500249394" lon="5.192585003588886">
    <ele>208.32</ele>
   </trkpt>
   <trkpt lat="43.881710000000005" lon="5.19334">
    <ele>208.51000000000002</ele>
   </trkpt>
   <trkpt lat="43.88154" lon="5.1938200000000005">
    <ele>208.51000000000002</ele>
   </trkpt>
   <trkpt lat="43.88149000000001" lon="5.1940800000000005">
    <ele>208.51000000000002</ele>
   </trkpt>
   <trkpt lat="43.88143" lon="5.19451">
    <ele>215.95000000000002</ele>
   </trkpt>
   <trkpt lat="43.881400000000006" lon="5.19486">
    <ele>215.95000000000002</ele>
   </trkpt>
   <trkpt lat="43.88141" lon="5.1955">
    <ele>215.95000000000002</ele>
   </trkpt>
   <trkpt lat="43.88157" lon="5.196630000000001">
    <ele>218.29000000000002</ele>
   </trkpt>
   <trkpt lat="43.881600000000006" lon="5.19746">
    <ele>220.15</ele>
   </trkpt>
   <trkpt lat="43.88148" lon="5.198040000000001">
    <ele>220.15</ele>
   </trkpt>
   <trkpt lat="43.88125" lon="5.19901">
    <ele>220.15</ele>
   </trkpt>
   <trkpt lat="43.88120000000001" lon="5.19934">
    <ele>218.63000000000002</ele>
   </trkpt>
   <trkpt lat="43.881135004365255" lon="5.200340001010143">
    <ele>218.63000000000002</ele>
   </trkpt>
   <trkpt lat="43.88107" lon="5.20134">
    <ele>218.97000000000003</ele>
   </trkpt>
   <trkpt lat="43.88107" lon="5.2016">
    <ele>218.97000000000003</ele>
   </trkpt>
   <trkpt lat="43.8811" lon="5.2018200000000006">
    <ele>218.97000000000003</ele>
   </trkpt>
   <trkpt lat="43.88129000000001" lon="5.20249">
    <ele>218.92000000000002</ele>
   </trkpt>
   <trkpt lat="43.88136" lon="5.202920000000001">
    <ele>218.92000000000002</ele>
   </trkpt>
   <trkpt lat="43.881350000000005" lon="5.2031">
    <ele>218.92000000000002</ele>
   </trkpt>
   <trkpt lat="43.88127" lon="5.20357">
    <ele>218.36</ele>
   </trkpt>
   <trkpt lat="43.88091000269208" lon="5.204365004944038">
    <ele>218.36</ele>
   </trkpt>
   <trkpt lat="43.88055000000001" lon="5.20516">
    <ele>218.36</ele>
   </trkpt>
   <trkpt lat="43.880500000000005" lon="5.205360000000001">
    <ele>218.36</ele>
   </trkpt>
   <trkpt lat="43.88047" lon="5.2056000000000004">
    <ele>244.18</ele>
   </trkpt>
   <trkpt lat="43.880500000000005" lon="5.20605">
    <ele>244.18</ele>
   </trkpt>
   <trkpt lat="43.880570000000006" lon="5.206300000000001">
    <ele>244.18</ele>
   </trkpt>
   <trkpt lat="43.88085" lon="5.20711">
    <ele>244.18</ele>
   </trkpt>
   <trkpt lat="43.88094" lon="5.20753">
    <ele>244.18</ele>
   </trkpt>
   <trkpt lat="43.880950000000006" lon="5.208">
    <ele>244.18</ele>
   </trkpt>
   <trkpt lat="43.88089" lon="5.20903">
    <ele>249.10000000000002</ele>
   </trkpt>
   <trkpt lat="43.880660000000006" lon="5.210100000000001">
    <ele>242.42000000000002</ele>
   </trkpt>
   <trkpt lat="43.880680000000005" lon="5.210330000000001">
    <ele>242.42000000000002</ele>
   </trkpt>
   <trkpt lat="43.88100500573807" lon="5.211479993627585">
    <ele>242.42000000000002</ele>
   </trkpt>
   <trkpt lat="43.881330000000005" lon="5.212630000000001">
    <ele>224.96</ele>
   </trkpt>
   <trkpt lat="43.881460000000004" lon="5.213010000000001">
    <ele>224.96</ele>
   </trkpt>
   <trkpt lat="43.88085" lon="5.21279">
    <ele>222.35000000000002</ele>
   </trkpt>
   <trkpt lat="43.88007" lon="5.21239">
    <ele>222.35000000000002</ele>
   </trkpt>
   <trkpt lat="43.880030000000005" lon="5.21239">
    <ele>222.35000000000002</ele>
   </trkpt>
   <trkpt lat="43.879960000000004" lon="5.21243">
    <ele>222.35000000000002</ele>
   </trkpt>
   <trkpt lat="43.8798" lon="5.21257">
    <ele>212.82</ele>
   </trkpt>
   <trkpt lat="43.879690000000004" lon="5.21278">
    <ele>212.82</ele>
   </trkpt>
   <trkpt lat="43.87957" lon="5.213170000000001">
    <ele>210.71</ele>
   </trkpt>
   <trkpt lat="43.87948" lon="5.21342">
    <ele>210.50000000000003</ele>
   </trkpt>
   <trkpt lat="43.87939" lon="5.21382">
    <ele>208.78000000000003</ele>
   </trkpt>
   <trkpt lat="43.87941000000001" lon="5.21394">
    <ele>208.78000000000003</ele>
   </trkpt>
   <trkpt lat="43.879580000000004" lon="5.21459">
    <ele>208.87000000000003</ele>
   </trkpt>
   <trkpt lat="43.87953" lon="5.214670000000001">
    <ele>205.96</ele>
   </trkpt>
   <trkpt lat="43.8795" lon="5.214770000000001">
    <ele>205.96</ele>
   </trkpt>
   <trkpt lat="43.87946" lon="5.21511">
    <ele>205.96</ele>
   </trkpt>
   <trkpt lat="43.879340000000006" lon="5.215470000000001">
    <ele>205.08</ele>
   </trkpt>
   <trkpt lat="43.87897750900011" lon="5.216300015173519">
    <ele>199.84</ele>
   </trkpt>
   <trkpt lat="43.87861501199288" lon="5.2171300202477005">
    <ele>196.04000000000002</ele>
   </trkpt>
   <trkpt lat="43.878252508978456" lon="5.217960015222629">
    <ele>190.11</ele>
   </trkpt>
   <trkpt lat="43.87789" lon="5.21879">
    <ele>190.11</ele>
   </trkpt>
   <trkpt lat="43.87778" lon="5.21902">
    <ele>190.11</ele>
   </trkpt>
   <trkpt lat="43.87767" lon="5.21917">
    <ele>190.11</ele>
   </trkpt>
   <trkpt lat="43.87723500100788" lon="5.219640003382781">
    <ele>182.74</ele>
   </trkpt>
   <trkpt lat="43.8768" lon="5.22011">
    <ele>181.94000000000003</ele>
   </trkpt>
   <trkpt lat="43.87668" lon="5.220300000000001">
    <ele>181.86</ele>
   </trkpt>
   <trkpt lat="43.87653" lon="5.220700000000001">
    <ele>181.86</ele>
   </trkpt>
   <trkpt lat="43.87648" lon="5.221050000000001">
    <ele>181.86</ele>
   </trkpt>
   <trkpt lat="43.876490000000004" lon="5.22132">
    <ele>181.86</ele>
   </trkpt>
   <trkpt lat="43.876580002138496" lon="5.222024998711741">
    <ele>181.86</ele>
   </trkpt>
   <trkpt lat="43.876670000000004" lon="5.22273">
    <ele>176.76000000000002</ele>
   </trkpt>
   <trkpt lat="43.876670000000004" lon="5.222980000000001">
    <ele>176.76000000000002</ele>
   </trkpt>
   <trkpt lat="43.87655" lon="5.22341">
    <ele>176.76000000000002</ele>
   </trkpt>
   <trkpt lat="43.87628" lon="5.22405">
    <ele>176.76000000000002</ele>
   </trkpt>
   <trkpt lat="43.87603" lon="5.22501">
    <ele>176.19</ele>
   </trkpt>
   <trkpt lat="43.87599" lon="5.22524">
    <ele>176.19</ele>
   </trkpt>
   <trkpt lat="43.87601" lon="5.225650000000001">
    <ele>171.70000000000002</ele>
   </trkpt>
   <trkpt lat="43.876090000000005" lon="5.2261500000000005">
    <ele>171.70000000000002</ele>
   </trkpt>
   <trkpt lat="43.87617" lon="5.22635">
    <ele>171.70000000000002</ele>
   </trkpt>
   <trkpt lat="43.87635" lon="5.22653">
    <ele>166.03</ele>
   </trkpt>
   <trkpt lat="43.8766" lon="5.226710000000001">
    <ele>166.03</ele>
   </trkpt>
   <trkpt lat="43.876670000000004" lon="5.226780000000001">
    <ele>166.01000000000002</ele>
   </trkpt>
   <trkpt lat="43.87679000000001" lon="5.226970000000001">
    <ele>166.01000000000002</ele>
   </trkpt>
   <trkpt lat="43.876830000000005" lon="5.2270900000000005">
    <ele>166.01000000000002</ele>
   </trkpt>
   <trkpt lat="43.87686" lon="5.22747">
    <ele>163.65</ele>
   </trkpt>
   <trkpt lat="43.876850000000005" lon="5.2277700000000005">
    <ele>163.65</ele>
   </trkpt>
   <trkpt lat="43.87691" lon="5.22808">
    <ele>163.65</ele>
   </trkpt>
   <trkpt lat="43.87695" lon="5.228190000000001">
    <ele>163.65</ele>
   </trkpt>
   <trkpt lat="43.877100000000006" lon="5.22839">
    <ele>163.65</ele>
   </trkpt>
   <trkpt lat="43.877610000000004" lon="5.228770000000001">
    <ele>158.38000000000002</ele>
   </trkpt>
   <trkpt lat="43.877770000000005" lon="5.22895">
    <ele>158.38000000000002</ele>
   </trkpt>
   <trkpt lat="43.87789" lon="5.22928">
    <ele>158.38000000000002</ele>
   </trkpt>
   <trkpt lat="43.87791000000001" lon="5.229430000000001">
    <ele>158.38000000000002</ele>
   </trkpt>
   <trkpt lat="43.87785000601719" lon="5.230605001228406">
    <ele>154.75000000000003</ele>
   </trkpt>
   <trkpt lat="43.877790000000005" lon="5.2317800000000005">
    <ele>153.45</ele>
   </trkpt>
   <trkpt lat="43.877255000848834" lon="5.2322000037084075">
    <ele>153.45</ele>
   </trkpt>
   <trkpt lat="43.876720000000006" lon="5.232620000000001">
    <ele>153.45</ele>
   </trkpt>
   <trkpt lat="43.87632000000001" lon="5.23289">
    <ele>153.45</ele>
   </trkpt>
   <trkpt lat="43.87604" lon="5.23303">
    <ele>153.45</ele>
   </trkpt>
   <trkpt lat="43.875600000000006" lon="5.233180000000001">
    <ele>150.49</ele>
   </trkpt>
   <trkpt lat="43.8749666668878" lon="5.23334333680809">
    <ele>150.49</ele>
   </trkpt>
   <trkpt lat="43.87433333354296" lon="5.23350667014434">
    <ele>150.49</ele>
   </trkpt>
   <trkpt lat="43.87370000000001" lon="5.23367">
    <ele>150.49</ele>
   </trkpt>
   <trkpt lat="43.87324" lon="5.23369">
    <ele>150.49</ele>
   </trkpt>
   <trkpt lat="43.8727" lon="5.23359">
    <ele>150.49</ele>
   </trkpt>
   <trkpt lat="43.87243" lon="5.233580000000001">
    <ele>150.49</ele>
   </trkpt>
   <trkpt lat="43.87218" lon="5.2336">
    <ele>150.49</ele>
   </trkpt>
   <trkpt lat="43.87169" lon="5.23376">
    <ele>153.51</ele>
   </trkpt>
   <trkpt lat="43.87145" lon="5.2339">
    <ele>153.51</ele>
   </trkpt>
   <trkpt lat="43.87125" lon="5.234050000000001">
    <ele>153.51</ele>
   </trkpt>
   <trkpt lat="43.87088000000001" lon="5.23437">
    <ele>153.51</ele>
   </trkpt>
   <trkpt lat="43.87055" lon="5.23477">
    <ele>153.51</ele>
   </trkpt>
   <trkpt lat="43.87046" lon="5.234920000000001">
    <ele>153.51</ele>
   </trkpt>
   <trkpt lat="43.870160000000006" lon="5.2358">
    <ele>153.51</ele>
   </trkpt>
   <trkpt lat="43.869960000000006" lon="5.236330000000001">
    <ele>162.99</ele>
   </trkpt>
   <trkpt lat="43.86952" lon="5.237100000000001">
    <ele>162.99</ele>
   </trkpt>
   <trkpt lat="43.86912" lon="5.23763">
    <ele>169.49</ele>
   </trkpt>
   <trkpt lat="43.868990000000004" lon="5.23775">
    <ele>169.49</ele>
   </trkpt>
   <trkpt lat="43.86863" lon="5.237970000000001">
    <ele>169.49</ele>
   </trkpt>
   <trkpt lat="43.86804" lon="5.23826">
    <ele>180.29</ele>
   </trkpt>
   <trkpt lat="43.86787" lon="5.23848">
    <ele>180.32</ele>
   </trkpt>
   <trkpt lat="43.86779000000001" lon="5.238700000000001">
    <ele>180.32</ele>
   </trkpt>
   <trkpt lat="43.8676650016733" lon="5.239325001459667">
    <ele>180.32</ele>
   </trkpt>
   <trkpt lat="43.867540000000005" lon="5.23995">
    <ele>198.46</ele>
   </trkpt>
   <trkpt lat="43.86744" lon="5.240220000000001">
    <ele>198.46</ele>
   </trkpt>
   <trkpt lat="43.86732000000001" lon="5.240480000000001">
    <ele>198.46</ele>
   </trkpt>
   <trkpt lat="43.867090000000005" lon="5.240830000000001">
    <ele>198.46</ele>
   </trkpt>
   <trkpt lat="43.86677" lon="5.241180000000001">
    <ele>198.46</ele>
   </trkpt>
   <trkpt lat="43.86663" lon="5.241300000000001">
    <ele>198.46</ele>
   </trkpt>
   <trkpt lat="43.86639" lon="5.24143">
    <ele>220.72000000000003</ele>
   </trkpt>
   <trkpt lat="43.865990000000004" lon="5.24159">
    <ele>220.72000000000003</ele>
   </trkpt>
   <trkpt lat="43.8659" lon="5.241650000000001">
    <ele>220.72000000000003</ele>
   </trkpt>
   <trkpt lat="43.86563" lon="5.241980000000001">
    <ele>220.72000000000003</ele>
   </trkpt>
   <trkpt lat="43.86534" lon="5.24228">
    <ele>224.75</ele>
   </trkpt>
   <trkpt lat="43.864990000000006" lon="5.242570000000001">
    <ele>225.79000000000002</ele>
   </trkpt>
   <trkpt lat="43.86439" lon="5.24295">
    <ele>234.13000000000002</ele>
   </trkpt>
   <trkpt lat="43.86437" lon="5.2432300000000005">
    <ele>234.13000000000002</ele>
   </trkpt>
   <trkpt lat="43.864360000000005" lon="5.244210000000001">
    <ele>220.11</ele>
   </trkpt>
   <trkpt lat="43.86431" lon="5.24451">
    <ele>220.11</ele>
   </trkpt>
   <trkpt lat="43.86421000000001" lon="5.24462">
    <ele>220.11</ele>
   </trkpt>
   <trkpt lat="43.86415" lon="5.24457">
    <ele>221.36</ele>
   </trkpt>
   <trkpt lat="43.863440000000004" lon="5.2443100000000005">
    <ele>227.53</ele>
   </trkpt>
   <trkpt lat="43.863130000000005" lon="5.24415">
    <ele>230.62</ele>
   </trkpt>
   <trkpt lat="43.863060000000004" lon="5.244160000000001">
    <ele>230.62</ele>
   </trkpt>
   <trkpt lat="43.86291000000001" lon="5.2446">
    <ele>229.05000000000004</ele>
   </trkpt>
   <trkpt lat="43.86274500218932" lon="5.245305001855683">
    <ele>228.55000000000004</ele>
   </trkpt>
   <trkpt lat="43.86258" lon="5.24601">
    <ele>220.24</ele>
   </trkpt>
   <trkpt lat="43.86247" lon="5.2462800000000005">
    <ele>220.24</ele>
   </trkpt>
   <trkpt lat="43.8624" lon="5.24638">
    <ele>220.24</ele>
   </trkpt>
   <trkpt lat="43.86231" lon="5.24645">
    <ele>220.24</ele>
   </trkpt>
   <trkpt lat="43.86204" lon="5.246600000000001">
    <ele>219.02</ele>
   </trkpt>
   <trkpt lat="43.86202" lon="5.246560000000001">
    <ele>218.4</ele>
   </trkpt>
   <trkpt lat="43.86196" lon="5.246560000000001">
    <ele>217.93</ele>
   </trkpt>
   <trkpt lat="43.86193" lon="5.24662">
    <ele>217.93</ele>
   </trkpt>
   <trkpt lat="43.8618" lon="5.24661">
    <ele>217.93</ele>
   </trkpt>
   <trkpt lat="43.861650000000004" lon="5.246560000000001">
    <ele>214.13000000000002</ele>
   </trkpt>
   <trkpt lat="43.861560000000004" lon="5.2465">
    <ele>214.13000000000002</ele>
   </trkpt>
   <trkpt lat="43.86144" lon="5.2463500000000005">
    <ele>214.13000000000002</ele>
   </trkpt>
   <trkpt lat="43.86086" lon="5.2455300000000005">
    <ele>212.72000000000003</ele>
   </trkpt>
   <trkpt lat="43.86074000000001" lon="5.245310000000001">
    <ele>211.50000000000003</ele>
   </trkpt>
   <trkpt lat="43.86066" lon="5.24507">
    <ele>211.50000000000003</ele>
   </trkpt>
   <trkpt lat="43.860620000000004" lon="5.24481">
    <ele>211.50000000000003</ele>
   </trkpt>
   <trkpt lat="43.86061" lon="5.24429">
    <ele>205.21</ele>
   </trkpt>
   <trkpt lat="43.860670000000006" lon="5.24382">
    <ele>205.21</ele>
   </trkpt>
   <trkpt lat="43.86079" lon="5.24347">
    <ele>205.12000000000003</ele>
   </trkpt>
   <trkpt lat="43.86086" lon="5.243340000000001">
    <ele>202.41</ele>
   </trkpt>
   <trkpt lat="43.861320000000006" lon="5.24272">
    <ele>203.22</ele>
   </trkpt>
   <trkpt lat="43.86137" lon="5.2426">
    <ele>203.28</ele>
   </trkpt>
   <trkpt lat="43.86142" lon="5.242260000000001">
    <ele>203.28</ele>
   </trkpt>
   <trkpt lat="43.861380000000004" lon="5.2415">
    <ele>201.79000000000002</ele>
   </trkpt>
   <trkpt lat="43.861320000000006" lon="5.2412600000000005">
    <ele>201.79000000000002</ele>
   </trkpt>
   <trkpt lat="43.861140000000006" lon="5.2409300000000005">
    <ele>201.79000000000002</ele>
   </trkpt>
   <trkpt lat="43.86104" lon="5.240830000000001">
    <ele>201.79000000000002</ele>
   </trkpt>
   <trkpt lat="43.86059000036609" lon="5.240559997991082">
    <ele>184.56</ele>
   </trkpt>
   <trkpt lat="43.86014" lon="5.240290000000001">
    <ele>184.56</ele>
   </trkpt>
   <trkpt lat="43.860040000000005" lon="5.240200000000001">
    <ele>184.56</ele>
   </trkpt>
   <trkpt lat="43.85998" lon="5.240080000000001">
    <ele>184.56</ele>
   </trkpt>
   <trkpt lat="43.859950000000005" lon="5.239920000000001">
    <ele>183.22000000000003</ele>
   </trkpt>
   <trkpt lat="43.85996" lon="5.2397800000000005">
    <ele>183.22000000000003</ele>
   </trkpt>
   <trkpt lat="43.86008" lon="5.2391000000000005">
    <ele>183.11</ele>
   </trkpt>
   <trkpt lat="43.86014" lon="5.23843">
    <ele>183.84</ele>
   </trkpt>
   <trkpt lat="43.860130000000005" lon="5.237850000000001">
    <ele>183.46</ele>
   </trkpt>
   <trkpt lat="43.860110000000006" lon="5.2377">
    <ele>184.38000000000002</ele>
   </trkpt>
   <trkpt lat="43.860040000000005" lon="5.237480000000001">
    <ele>184.38000000000002</ele>
   </trkpt>
   <trkpt lat="43.85961" lon="5.236750000000001">
    <ele>184.38000000000002</ele>
   </trkpt>
   <trkpt lat="43.859440000000006" lon="5.23639">
    <ele>161.43</ele>
   </trkpt>
   <trkpt lat="43.85929" lon="5.2359">
    <ele>161.43</ele>
   </trkpt>
   <trkpt lat="43.85927" lon="5.23575">
    <ele>161.43</ele>
   </trkpt>
   <trkpt lat="43.85927" lon="5.235390000000001">
    <ele>161.43</ele>
   </trkpt>
   <trkpt lat="43.859370000000006" lon="5.23503">
    <ele>161.43</ele>
   </trkpt>
   <trkpt lat="43.85943" lon="5.23486">
    <ele>157.79000000000002</ele>
   </trkpt>
   <trkpt lat="43.859700000000004" lon="5.234450000000001">
    <ele>157.79000000000002</ele>
   </trkpt>
   <trkpt lat="43.85987" lon="5.23425">
    <ele>157.79000000000002</ele>
   </trkpt>
   <trkpt lat="43.86007" lon="5.234100000000001">
    <ele>157.07000000000002</ele>
   </trkpt>
   <trkpt lat="43.860220000000005" lon="5.23404">
    <ele>157.07000000000002</ele>
   </trkpt>
   <trkpt lat="43.860600000000005" lon="5.233960000000001">
    <ele>157.07000000000002</ele>
   </trkpt>
   <trkpt lat="43.860780000000005" lon="5.2339">
    <ele>157.07000000000002</ele>
   </trkpt>
   <trkpt lat="43.86084" lon="5.233820000000001">
    <ele>147.20000000000002</ele>
   </trkpt>
   <trkpt lat="43.86088" lon="5.23371">
    <ele>147.20000000000002</ele>
   </trkpt>
   <trkpt lat="43.86088" lon="5.233560000000001">
    <ele>147.20000000000002</ele>
   </trkpt>
   <trkpt lat="43.860850000000006" lon="5.23343">
    <ele>147.23</ele>
   </trkpt>
   <trkpt lat="43.8607" lon="5.233440000000001">
    <ele>146.99</ele>
   </trkpt>
   <trkpt lat="43.86032" lon="5.23343">
    <ele>146.99</ele>
   </trkpt>
   <trkpt lat="43.860110000000006" lon="5.23339">
    <ele>144.84000000000003</ele>
   </trkpt>
   <trkpt lat="43.86001" lon="5.2333300000000005">
    <ele>144.84000000000003</ele>
   </trkpt>
   <trkpt lat="43.859680000000004" lon="5.23299">
    <ele>144.29</ele>
   </trkpt>
   <trkpt lat="43.85953000000001" lon="5.233420000000001">
    <ele>145.70000000000002</ele>
   </trkpt>
   <trkpt lat="43.85916500313026" lon="5.234265005133008">
    <ele>148.83</ele>
   </trkpt>
   <trkpt lat="43.8588" lon="5.235110000000001">
    <ele>148.83</ele>
   </trkpt>
   <trkpt lat="43.85875" lon="5.23526">
    <ele>153.64</ele>
   </trkpt>
   <trkpt lat="43.85871" lon="5.23549">
    <ele>153.64</ele>
   </trkpt>
   <trkpt lat="43.85858" lon="5.236630000000001">
    <ele>153.7</ele>
   </trkpt>
   <trkpt lat="43.85858" lon="5.2371300000000005">
    <ele>154.77</ele>
   </trkpt>
   <trkpt lat="43.858540000000005" lon="5.23719">
    <ele>154.83</ele>
   </trkpt>
   <trkpt lat="43.858430000000006" lon="5.2372000000000005">
    <ele>150.78000000000003</ele>
   </trkpt>
   <trkpt lat="43.85837" lon="5.237150000000001">
    <ele>150.69000000000003</ele>
   </trkpt>
   <trkpt lat="43.858320000000006" lon="5.23716">
    <ele>146.68</ele>
   </trkpt>
   <trkpt lat="43.85828" lon="5.23718">
    <ele>146.68</ele>
   </trkpt>
   <trkpt lat="43.858160000000005" lon="5.237430000000001">
    <ele>147.03000000000003</ele>
   </trkpt>
   <trkpt lat="43.85813" lon="5.237450000000001">
    <ele>147.06000000000003</ele>
   </trkpt>
   <trkpt lat="43.85747750199289" lon="5.237842512898481">
    <ele>141.52</ele>
   </trkpt>
   <trkpt lat="43.8568250026424" lon="5.238235017206605">
    <ele>141.52</ele>
   </trkpt>
   <trkpt lat="43.85617250194857" lon="5.238627512924735">
    <ele>139.90000000000003</ele>
   </trkpt>
   <trkpt lat="43.855520000000006" lon="5.23902">
    <ele>139.90000000000003</ele>
   </trkpt>
   <trkpt lat="43.85502000033677" lon="5.2393000023505305">
    <ele>142.64000000000001</ele>
   </trkpt>
   <trkpt lat="43.85452" lon="5.23958">
    <ele>142.64000000000001</ele>
   </trkpt>
   <trkpt lat="43.854220000000005" lon="5.2397">
    <ele>143.19</ele>
   </trkpt>
   <trkpt lat="43.85412" lon="5.2397800000000005">
    <ele>143.19</ele>
   </trkpt>
   <trkpt lat="43.854000000000006" lon="5.240010000000001">
    <ele>145.83</ele>
   </trkpt>
   <trkpt lat="43.853820000000006" lon="5.240670000000001">
    <ele>145.83</ele>
   </trkpt>
   <trkpt lat="43.85365" lon="5.24115">
    <ele>145.83</ele>
   </trkpt>
   <trkpt lat="43.853500000000004" lon="5.24139">
    <ele>145.83</ele>
   </trkpt>
   <trkpt lat="43.853390000000005" lon="5.241490000000001">
    <ele>145.83</ele>
   </trkpt>
   <trkpt lat="43.85287" lon="5.24185">
    <ele>145.83</ele>
   </trkpt>
   <trkpt lat="43.852560000000004" lon="5.242030000000001">
    <ele>145.83</ele>
   </trkpt>
   <trkpt lat="43.851886667582924" lon="5.242360007467761">
    <ele>176.81000000000003</ele>
   </trkpt>
   <trkpt lat="43.851213334216276" lon="5.2426900074839775">
    <ele>176.81000000000003</ele>
   </trkpt>
   <trkpt lat="43.85054" lon="5.2430200000000005">
    <ele>176.81000000000003</ele>
   </trkpt>
   <trkpt lat="43.84986000000001" lon="5.24335">
    <ele>176.81000000000003</ele>
   </trkpt>
   <trkpt lat="43.8496" lon="5.24349">
    <ele>176.81000000000003</ele>
   </trkpt>
   <trkpt lat="43.84935" lon="5.24366">
    <ele>176.81000000000003</ele>
   </trkpt>
   <trkpt lat="43.848703335617074" lon="5.24417334447526">
    <ele>198.86</ele>
   </trkpt>
   <trkpt lat="43.848056668936394" lon="5.244686677819544">
    <ele>198.86</ele>
   </trkpt>
   <trkpt lat="43.84741" lon="5.2452000000000005">
    <ele>198.86</ele>
   </trkpt>
   <trkpt lat="43.847210000000004" lon="5.245410000000001">
    <ele>200.39000000000001</ele>
   </trkpt>
   <trkpt lat="43.846650000000004" lon="5.2462100000000005">
    <ele>200.39000000000001</ele>
   </trkpt>
   <trkpt lat="43.8464" lon="5.24652">
    <ele>208.84000000000003</ele>
   </trkpt>
   <trkpt lat="43.84574000751236" lon="5.247176029024447">
    <ele>208.84000000000003</ele>
   </trkpt>
   <trkpt lat="43.84508001127213" lon="5.247832043532364">
    <ele>209.18</ele>
   </trkpt>
   <trkpt lat="43.84442001127946" lon="5.248488043524325">
    <ele>211.01000000000002</ele>
   </trkpt>
   <trkpt lat="43.843760007534556" lon="5.2491440290009015">
    <ele>216.29</ele>
   </trkpt>
   <trkpt lat="43.84310000000001" lon="5.2498000000000005">
    <ele>222.01000000000002</ele>
   </trkpt>
   <trkpt lat="43.84297" lon="5.2500800000000005">
    <ele>222.10000000000002</ele>
   </trkpt>
   <trkpt lat="43.84273" lon="5.25077">
    <ele>223.32000000000002</ele>
   </trkpt>
   <trkpt lat="43.84233000468073" lon="5.25181000706338">
    <ele>238.03</ele>
   </trkpt>
   <trkpt lat="43.841930000000005" lon="5.2528500000000005">
    <ele>238.03</ele>
   </trkpt>
   <trkpt lat="43.84154500147548" lon="5.253445003944699">
    <ele>240.83</ele>
   </trkpt>
   <trkpt lat="43.84116" lon="5.254040000000001">
    <ele>241.65000000000003</ele>
   </trkpt>
   <trkpt lat="43.84073333970537" lon="5.254896678973512">
    <ele>243.6</ele>
   </trkpt>
   <trkpt lat="43.84030667301161" lon="5.255753345694406">
    <ele>245.98000000000002</ele>
   </trkpt>
   <trkpt lat="43.83988" lon="5.25661">
    <ele>250.85000000000002</ele>
   </trkpt>
   <trkpt lat="43.83982" lon="5.256760000000001">
    <ele>250.85000000000002</ele>
   </trkpt>
   <trkpt lat="43.83975" lon="5.25701">
    <ele>250.85000000000002</ele>
   </trkpt>
   <trkpt lat="43.83973" lon="5.257230000000001">
    <ele>250.85000000000002</ele>
   </trkpt>
   <trkpt lat="43.83977" lon="5.257560000000001">
    <ele>250.85000000000002</ele>
   </trkpt>
   <trkpt lat="43.839760000000005" lon="5.2579">
    <ele>250.85000000000002</ele>
   </trkpt>
   <trkpt lat="43.83953" lon="5.2584800000000005">
    <ele>256.42</ele>
   </trkpt>
   <trkpt lat="43.83939" lon="5.258990000000001">
    <ele>256.42</ele>
   </trkpt>
   <trkpt lat="43.83928" lon="5.25983">
    <ele>256.42</ele>
   </trkpt>
   <trkpt lat="43.83921" lon="5.26011">
    <ele>258.29</ele>
   </trkpt>
   <trkpt lat="43.83908" lon="5.260330000000001">
    <ele>258.29</ele>
   </trkpt>
   <trkpt lat="43.83878000000001" lon="5.2605900000000005">
    <ele>258.29</ele>
   </trkpt>
   <trkpt lat="43.838730000000005" lon="5.260660000000001">
    <ele>258.29</ele>
   </trkpt>
   <trkpt lat="43.83863" lon="5.26088">
    <ele>258.29</ele>
   </trkpt>
   <trkpt lat="43.8384" lon="5.26158">
    <ele>258.29</ele>
   </trkpt>
   <trkpt lat="43.838280000000005" lon="5.26189">
    <ele>258.29</ele>
   </trkpt>
   <trkpt lat="43.838100000000004" lon="5.262180000000001">
    <ele>266.92</ele>
   </trkpt>
   <trkpt lat="43.83764" lon="5.262720000000001">
    <ele>266.92</ele>
   </trkpt>
   <trkpt lat="43.83749" lon="5.2629600000000005">
    <ele>266.92</ele>
   </trkpt>
   <trkpt lat="43.837430000000005" lon="5.263280000000001">
    <ele>266.92</ele>
   </trkpt>
   <trkpt lat="43.837430000000005" lon="5.263450000000001">
    <ele>266.92</ele>
   </trkpt>
   <trkpt lat="43.83749" lon="5.26433">
    <ele>266.83</ele>
   </trkpt>
   <trkpt lat="43.837480000000006" lon="5.2647">
    <ele>266.83</ele>
   </trkpt>
   <trkpt lat="43.8374" lon="5.265040000000001">
    <ele>268.71</ele>
   </trkpt>
   <trkpt lat="43.837160000000004" lon="5.26548">
    <ele>268.71</ele>
   </trkpt>
   <trkpt lat="43.83661" lon="5.266100000000001">
    <ele>268.71</ele>
   </trkpt>
   <trkpt lat="43.836490000000005" lon="5.26632">
    <ele>268.71</ele>
   </trkpt>
   <trkpt lat="43.836450000000006" lon="5.266450000000001">
    <ele>268.71</ele>
   </trkpt>
   <trkpt lat="43.836450000000006" lon="5.26658">
    <ele>268.71</ele>
   </trkpt>
   <trkpt lat="43.83648" lon="5.2667">
    <ele>277.39000000000004</ele>
   </trkpt>
   <trkpt lat="43.836690000000004" lon="5.26707">
    <ele>277.39000000000004</ele>
   </trkpt>
   <trkpt lat="43.83675" lon="5.26721">
    <ele>277.39000000000004</ele>
   </trkpt>
   <trkpt lat="43.83679" lon="5.2674900000000004">
    <ele>277.39000000000004</ele>
   </trkpt>
   <trkpt lat="43.83679" lon="5.267790000000001">
    <ele>277.39000000000004</ele>
   </trkpt>
   <trkpt lat="43.83672000000001" lon="5.268630000000001">
    <ele>281.44</ele>
   </trkpt>
   <trkpt lat="43.836710000000004" lon="5.269">
    <ele>282.49</ele>
   </trkpt>
   <trkpt lat="43.83675" lon="5.26918">
    <ele>282.49</ele>
   </trkpt>
   <trkpt lat="43.836380000000005" lon="5.26958">
    <ele>286.55</ele>
   </trkpt>
   <trkpt lat="43.836290000000005" lon="5.26972">
    <ele>286.55</ele>
   </trkpt>
   <trkpt lat="43.83623" lon="5.269850000000001">
    <ele>286.55</ele>
   </trkpt>
   <trkpt lat="43.83608" lon="5.2702800000000005">
    <ele>293.87</ele>
   </trkpt>
   <trkpt lat="43.836020000000005" lon="5.27041">
    <ele>293.87</ele>
   </trkpt>
   <trkpt lat="43.83592" lon="5.2705400000000004">
    <ele>293.87</ele>
   </trkpt>
   <trkpt lat="43.83565" lon="5.27083">
    <ele>293.87</ele>
   </trkpt>
   <trkpt lat="43.83516000121485" lon="5.271330003978171">
    <ele>294.96</ele>
   </trkpt>
   <trkpt lat="43.83467" lon="5.2718300000000005">
    <ele>297.25</ele>
   </trkpt>
   <trkpt lat="43.834500000000006" lon="5.27214">
    <ele>297.25</ele>
   </trkpt>
   <trkpt lat="43.834230000000005" lon="5.2727900000000005">
    <ele>299.54</ele>
   </trkpt>
   <trkpt lat="43.833850000000005" lon="5.27346">
    <ele>295.86</ele>
   </trkpt>
   <trkpt lat="43.83363000000001" lon="5.2738000000000005">
    <ele>298.00000000000006</ele>
   </trkpt>
   <trkpt lat="43.83353" lon="5.273890000000001">
    <ele>298.00000000000006</ele>
   </trkpt>
   <trkpt lat="43.83335" lon="5.27399">
    <ele>297.88000000000005</ele>
   </trkpt>
   <trkpt lat="43.83325000000001" lon="5.27404">
    <ele>297.88000000000005</ele>
   </trkpt>
   <trkpt lat="43.83308" lon="5.27409">
    <ele>297.88000000000005</ele>
   </trkpt>
   <trkpt lat="43.832980000000006" lon="5.2740800000000005">
    <ele>296.68</ele>
   </trkpt>
   <trkpt lat="43.832530000000006" lon="5.273960000000001">
    <ele>296.68</ele>
   </trkpt>
   <trkpt lat="43.832530000000006" lon="5.273890000000001">
    <ele>296.68</ele>
   </trkpt>
   <trkpt lat="43.83249000000001" lon="5.273820000000001">
    <ele>296.68</ele>
   </trkpt>
   <trkpt lat="43.832060000000006" lon="5.2736600000000005">
    <ele>305.87</ele>
   </trkpt>
   <trkpt lat="43.83158" lon="5.27336">
    <ele>322.1</ele>
   </trkpt>
   <trkpt lat="43.83126" lon="5.272950000000001">
    <ele>322.1</ele>
   </trkpt>
   <trkpt lat="43.831250000000004" lon="5.2728600000000005">
    <ele>322.1</ele>
   </trkpt>
   <trkpt lat="43.83131" lon="5.272760000000001">
    <ele>322.1</ele>
   </trkpt>
   <trkpt lat="43.83131" lon="5.27271">
    <ele>332.3</ele>
   </trkpt>
   <trkpt lat="43.83129" lon="5.2726500000000005">
    <ele>332.3</ele>
   </trkpt>
   <trkpt lat="43.83122" lon="5.272570000000001">
    <ele>332.3</ele>
   </trkpt>
   <trkpt lat="43.831070000000004" lon="5.27247">
    <ele>326.04</ele>
   </trkpt>
   <trkpt lat="43.83097" lon="5.27235">
    <ele>326.04</ele>
   </trkpt>
   <trkpt lat="43.8308" lon="5.272">
    <ele>326.04</ele>
   </trkpt>
   <trkpt lat="43.83016000000001" lon="5.27113">
    <ele>315.6</ele>
   </trkpt>
   <trkpt lat="43.830110000000005" lon="5.27111">
    <ele>315.6</ele>
   </trkpt>
   <trkpt lat="43.83001" lon="5.2711500000000004">
    <ele>315.6</ele>
   </trkpt>
   <trkpt lat="43.82977" lon="5.271450000000001">
    <ele>315.6</ele>
   </trkpt>
   <trkpt lat="43.82972" lon="5.27149">
    <ele>315.6</ele>
   </trkpt>
   <trkpt lat="43.829570000000004" lon="5.271540000000001">
    <ele>315.6</ele>
   </trkpt>
   <trkpt lat="43.82921" lon="5.27153">
    <ele>315.6</ele>
   </trkpt>
   <trkpt lat="43.82921" lon="5.2714300000000005">
    <ele>315.6</ele>
   </trkpt>
   <trkpt lat="43.829280000000004" lon="5.27137">
    <ele>315.6</ele>
   </trkpt>
   <trkpt lat="43.829550000000005" lon="5.27137">
    <ele>315.6</ele>
   </trkpt>
   <trkpt lat="43.829640000000005" lon="5.271330000000001">
    <ele>315.6</ele>
   </trkpt>
   <trkpt lat="43.82972" lon="5.271260000000001">
    <ele>315.6</ele>
   </trkpt>
   <trkpt lat="43.82979" lon="5.271170000000001">
    <ele>315.6</ele>
   </trkpt>
   <trkpt lat="43.830000000000005" lon="5.2708200000000005">
    <ele>315.6</ele>
   </trkpt>
   <trkpt lat="43.830070000000006" lon="5.27073">
    <ele>315.6</ele>
   </trkpt>
   <trkpt lat="43.83015" lon="5.270670000000001">
    <ele>315.6</ele>
   </trkpt>
   <trkpt lat="43.83024" lon="5.27071">
    <ele>315.6</ele>
   </trkpt>
   <trkpt lat="43.830890000000004" lon="5.27151">
    <ele>339.8</ele>
   </trkpt>
   <trkpt lat="43.831210000000006" lon="5.27184">
    <ele>339.8</ele>
   </trkpt>
   <trkpt lat="43.831250000000004" lon="5.271850000000001">
    <ele>339.8</ele>
   </trkpt>
   <trkpt lat="43.83129" lon="5.27177">
    <ele>339.8</ele>
   </trkpt>
   <trkpt lat="43.83127" lon="5.2717">
    <ele>339.8</ele>
   </trkpt>
   <trkpt lat="43.83102" lon="5.27149">
    <ele>339.8</ele>
   </trkpt>
   <trkpt lat="43.83091" lon="5.271350000000001">
    <ele>339.8</ele>
   </trkpt>
   <trkpt lat="43.83082" lon="5.27116">
    <ele>339.8</ele>
   </trkpt>
   <trkpt lat="43.83075" lon="5.270910000000001">
    <ele>339.8</ele>
   </trkpt>
   <trkpt lat="43.83067801799963" lon="5.2698939950740495">
    <ele>350.91</ele>
   </trkpt>
   <trkpt lat="43.830606026998574" lon="5.268877992598978">
    <ele>350.91</ele>
   </trkpt>
   <trkpt lat="43.830534026996844" lon="5.267861992575081">
    <ele>350.91</ele>
   </trkpt>
   <trkpt lat="43.83046201799453" lon="5.266845995002655">
    <ele>352.57000000000005</ele>
   </trkpt>
   <trkpt lat="43.83039" lon="5.26583">
    <ele>357.41</ele>
   </trkpt>
   <trkpt lat="43.83032" lon="5.265180000000001">
    <ele>357.42</ele>
   </trkpt>
   <trkpt lat="43.830130000000004" lon="5.26405">
    <ele>361.90000000000003</ele>
   </trkpt>
   <trkpt lat="43.830070000000006" lon="5.2636400000000005">
    <ele>362.55</ele>
   </trkpt>
   <trkpt lat="43.830020000000005" lon="5.2627500000000005">
    <ele>364.08</ele>
   </trkpt>
   <trkpt lat="43.82999" lon="5.261570000000001">
    <ele>364.62000000000006</ele>
   </trkpt>
   <trkpt lat="43.82998000541923" lon="5.260454999719682">
    <ele>362.12000000000006</ele>
   </trkpt>
   <trkpt lat="43.82997" lon="5.259340000000001">
    <ele>362.12000000000006</ele>
   </trkpt>
   <trkpt lat="43.82994" lon="5.25875">
    <ele>362.12000000000006</ele>
   </trkpt>
   <trkpt lat="43.829840000000004" lon="5.25759">
    <ele>352.51000000000005</ele>
   </trkpt>
   <trkpt lat="43.82979" lon="5.257210000000001">
    <ele>352.51000000000005</ele>
   </trkpt>
   <trkpt lat="43.82967" lon="5.25668">
    <ele>352.51000000000005</ele>
   </trkpt>
   <trkpt lat="43.829405002995266" lon="5.255854996424135">
    <ele>352.51000000000005</ele>
   </trkpt>
   <trkpt lat="43.82914" lon="5.2550300000000005">
    <ele>352.51000000000005</ele>
   </trkpt>
   <trkpt lat="43.82909" lon="5.2547500000000005">
    <ele>352.51000000000005</ele>
   </trkpt>
   <trkpt lat="43.82907" lon="5.25452">
    <ele>352.51000000000005</ele>
   </trkpt>
   <trkpt lat="43.829040000000006" lon="5.25375">
    <ele>352.51000000000005</ele>
   </trkpt>
   <trkpt lat="43.828920000000004" lon="5.253220000000001">
    <ele>336.23</ele>
   </trkpt>
   <trkpt lat="43.82864" lon="5.25243">
    <ele>336.23</ele>
   </trkpt>
   <trkpt lat="43.82855000000001" lon="5.2519800000000005">
    <ele>336.23</ele>
   </trkpt>
   <trkpt lat="43.82854000393475" lon="5.251029999853905">
    <ele>336.23</ele>
   </trkpt>
   <trkpt lat="43.82853" lon="5.2500800000000005">
    <ele>336.23</ele>
   </trkpt>
   <trkpt lat="43.82851" lon="5.24988">
    <ele>336.23</ele>
   </trkpt>
   <trkpt lat="43.82846000000001" lon="5.249680000000001">
    <ele>336.23</ele>
   </trkpt>
   <trkpt lat="43.828390000000006" lon="5.24952">
    <ele>334.52000000000004</ele>
   </trkpt>
   <trkpt lat="43.82831" lon="5.2494000000000005">
    <ele>334.52000000000004</ele>
   </trkpt>
   <trkpt lat="43.82824" lon="5.2493300000000005">
    <ele>334.52000000000004</ele>
   </trkpt>
   <trkpt lat="43.82811" lon="5.24924">
    <ele>334.52000000000004</ele>
   </trkpt>
   <trkpt lat="43.827980000000004" lon="5.249180000000001">
    <ele>334.52000000000004</ele>
   </trkpt>
   <trkpt lat="43.827780000000004" lon="5.2491200000000005">
    <ele>329.0</ele>
   </trkpt>
   <trkpt lat="43.82757" lon="5.249020000000001">
    <ele>329.0</ele>
   </trkpt>
   <trkpt lat="43.82741" lon="5.24887">
    <ele>329.0</ele>
   </trkpt>
   <trkpt lat="43.82719" lon="5.24856">
    <ele>327.87000000000006</ele>
   </trkpt>
   <trkpt lat="43.82701" lon="5.24823">
    <ele>327.87000000000006</ele>
   </trkpt>
   <trkpt lat="43.826930000000004" lon="5.24802">
    <ele>327.87000000000006</ele>
   </trkpt>
   <trkpt lat="43.82674" lon="5.24732">
    <ele>322.0</ele>
   </trkpt>
   <trkpt lat="43.826690000000006" lon="5.2470300000000005">
    <ele>322.0</ele>
   </trkpt>
   <trkpt lat="43.82668" lon="5.24678">
    <ele>322.0</ele>
   </trkpt>
   <trkpt lat="43.82672" lon="5.2464">
    <ele>322.0</ele>
   </trkpt>
   <trkpt lat="43.82678000000001" lon="5.246130000000001">
    <ele>317.83</ele>
   </trkpt>
   <trkpt lat="43.826890000000006" lon="5.245780000000001">
    <ele>317.84000000000003</ele>
   </trkpt>
   <trkpt lat="43.82729501289664" lon="5.244787520170209">
    <ele>315.57</ele>
   </trkpt>
   <trkpt lat="43.82770001720449" lon="5.243795026872096">
    <ele>315.57</ele>
   </trkpt>
   <trkpt lat="43.828105012923295" lon="5.242802520105578">
    <ele>305.97</ele>
   </trkpt>
   <trkpt lat="43.82851" lon="5.24181">
    <ele>305.96</ele>
   </trkpt>
   <trkpt lat="43.82869" lon="5.24157">
    <ele>305.96</ele>
   </trkpt>
   <trkpt lat="43.82898" lon="5.2413300000000005">
    <ele>305.96</ele>
   </trkpt>
   <trkpt lat="43.82981" lon="5.24089">
    <ele>305.96</ele>
   </trkpt>
   <trkpt lat="43.83015" lon="5.2405800000000005">
    <ele>305.96</ele>
   </trkpt>
   <trkpt lat="43.83078500304455" lon="5.239730009184571">
    <ele>305.96</ele>
   </trkpt>
   <trkpt lat="43.83142" lon="5.238880000000001">
    <ele>267.87</ele>
   </trkpt>
   <trkpt lat="43.83169" lon="5.238580000000001">
    <ele>267.87</ele>
   </trkpt>
   <trkpt lat="43.83196" lon="5.2383500000000005">
    <ele>267.87</ele>
   </trkpt>
   <trkpt lat="43.8322" lon="5.23819">
    <ele>267.87</ele>
   </trkpt>
   <trkpt lat="43.83247" lon="5.2380700000000004">
    <ele>267.87</ele>
   </trkpt>
   <trkpt lat="43.83328" lon="5.2378800000000005">
    <ele>267.87</ele>
   </trkpt>
   <trkpt lat="43.833490000000005" lon="5.237780000000001">
    <ele>267.87</ele>
   </trkpt>
   <trkpt lat="43.83377" lon="5.237520000000001">
    <ele>267.87</ele>
   </trkpt>
   <trkpt lat="43.83391" lon="5.2373">
    <ele>267.87</ele>
   </trkpt>
   <trkpt lat="43.83399000000001" lon="5.23704">
    <ele>267.87</ele>
   </trkpt>
   <trkpt lat="43.834" lon="5.236610000000001">
    <ele>267.87</ele>
   </trkpt>
   <trkpt lat="43.833960000000005" lon="5.2361">
    <ele>267.87</ele>
   </trkpt>
   <trkpt lat="43.83382000529803" lon="5.234994997208127">
    <ele>266.95</ele>
   </trkpt>
   <trkpt lat="43.83368" lon="5.233890000000001">
    <ele>261.58000000000004</ele>
   </trkpt>
   <trkpt lat="43.83364" lon="5.233420000000001">
    <ele>261.58000000000004</ele>
   </trkpt>
   <trkpt lat="43.83363000000001" lon="5.232670000000001">
    <ele>261.58000000000004</ele>
   </trkpt>
   <trkpt lat="43.83364" lon="5.2317800000000005">
    <ele>259.55</ele>
   </trkpt>
   <trkpt lat="43.833670000000005" lon="5.2312">
    <ele>259.55</ele>
   </trkpt>
   <trkpt lat="43.83379" lon="5.2304200000000005">
    <ele>253.14000000000001</ele>
   </trkpt>
   <trkpt lat="43.83390000000001" lon="5.22991">
    <ele>253.14000000000001</ele>
   </trkpt>
   <trkpt lat="43.833960000000005" lon="5.22951">
    <ele>253.14000000000001</ele>
   </trkpt>
   <trkpt lat="43.833960000000005" lon="5.2292700000000005">
    <ele>253.14000000000001</ele>
   </trkpt>
   <trkpt lat="43.833920000000006" lon="5.229">
    <ele>246.36</ele>
   </trkpt>
   <trkpt lat="43.83381000000001" lon="5.22869">
    <ele>246.36</ele>
   </trkpt>
   <trkpt lat="43.83368" lon="5.22853">
    <ele>246.36</ele>
   </trkpt>
   <trkpt lat="43.83335" lon="5.228280000000001">
    <ele>246.36</ele>
   </trkpt>
   <trkpt lat="43.833020000000005" lon="5.22808">
    <ele>246.36</ele>
   </trkpt>
   <trkpt lat="43.832730000000005" lon="5.227810000000001">
    <ele>246.36</ele>
   </trkpt>
   <trkpt lat="43.8325" lon="5.22749">
    <ele>224.51000000000002</ele>
   </trkpt>
   <trkpt lat="43.83225" lon="5.22698">
    <ele>224.51000000000002</ele>
   </trkpt>
   <trkpt lat="43.83213000000001" lon="5.226570000000001">
    <ele>224.51000000000002</ele>
   </trkpt>
   <trkpt lat="43.83209" lon="5.226260000000001">
    <ele>224.51000000000002</ele>
   </trkpt>
   <trkpt lat="43.83205" lon="5.22566">
    <ele>224.51000000000002</ele>
   </trkpt>
   <trkpt lat="43.83207" lon="5.22505">
    <ele>224.51000000000002</ele>
   </trkpt>
   <trkpt lat="43.832150000000006" lon="5.224640000000001">
    <ele>224.51000000000002</ele>
   </trkpt>
   <trkpt lat="43.83229" lon="5.224220000000001">
    <ele>224.51000000000002</ele>
   </trkpt>
   <trkpt lat="43.832370000000004" lon="5.223820000000001">
    <ele>224.51000000000002</ele>
   </trkpt>
   <trkpt lat="43.832370000000004" lon="5.223560000000001">
    <ele>207.18000000000004</ele>
   </trkpt>
   <trkpt lat="43.832300000000004" lon="5.223280000000001">
    <ele>207.18000000000004</ele>
   </trkpt>
   <trkpt lat="43.83216" lon="5.222860000000001">
    <ele>207.18000000000004</ele>
   </trkpt>
   <trkpt lat="43.83196" lon="5.22241">
    <ele>207.18000000000004</ele>
   </trkpt>
   <trkpt lat="43.831880000000005" lon="5.222110000000001">
    <ele>207.18000000000004</ele>
   </trkpt>
   <trkpt lat="43.83187" lon="5.2218800000000005">
    <ele>207.18000000000004</ele>
   </trkpt>
   <trkpt lat="43.83200667646594" lon="5.220820004837919">
    <ele>201.61</ele>
   </trkpt>
   <trkpt lat="43.83214334313482" lon="5.219760004820952">
    <ele>197.43</ele>
   </trkpt>
   <trkpt lat="43.832280000000004" lon="5.2187">
    <ele>195.78</ele>
   </trkpt>
   <trkpt lat="43.832390001757396" lon="5.218060001344517">
    <ele>195.78</ele>
   </trkpt>
   <trkpt lat="43.8325" lon="5.217420000000001">
    <ele>184.29</ele>
   </trkpt>
   <trkpt lat="43.832480000000004" lon="5.21708">
    <ele>184.29</ele>
   </trkpt>
   <trkpt lat="43.83238" lon="5.2167">
    <ele>184.29</ele>
   </trkpt>
   <trkpt lat="43.832100000000004" lon="5.2163200000000005">
    <ele>183.61</ele>
   </trkpt>
   <trkpt lat="43.831710000604225" lon="5.2159249973418085">
    <ele>184.98</ele>
   </trkpt>
   <trkpt lat="43.831320000000005" lon="5.21553">
    <ele>184.98</ele>
   </trkpt>
   <trkpt lat="43.83126" lon="5.215380000000001">
    <ele>187.08</ele>
   </trkpt>
   <trkpt lat="43.8312" lon="5.21511">
    <ele>187.47000000000003</ele>
   </trkpt>
   <trkpt lat="43.83124" lon="5.21502">
    <ele>188.42</ele>
   </trkpt>
   <trkpt lat="43.831210000000006" lon="5.214980000000001">
    <ele>188.42</ele>
   </trkpt>
   <trkpt lat="43.831210000000006" lon="5.21483">
    <ele>188.42</ele>
   </trkpt>
   <trkpt lat="43.831383341369346" lon="5.213870005574958">
    <ele>188.42</ele>
   </trkpt>
   <trkpt lat="43.83155667470294" lon="5.212910005573584">
    <ele>188.42</ele>
   </trkpt>
   <trkpt lat="43.83173" lon="5.211950000000001">
    <ele>188.42</ele>
   </trkpt>
   <trkpt lat="43.83176" lon="5.211690000000001">
    <ele>224.18</ele>
   </trkpt>
   <trkpt lat="43.831680000000006" lon="5.21095">
    <ele>224.18</ele>
   </trkpt>
   <trkpt lat="43.831520000000005" lon="5.210100000000001">
    <ele>224.18</ele>
   </trkpt>
   <trkpt lat="43.83142" lon="5.209840000000001">
    <ele>224.18</ele>
   </trkpt>
   <trkpt lat="43.831050000000005" lon="5.20922">
    <ele>224.18</ele>
   </trkpt>
   <trkpt lat="43.831030000000005" lon="5.2090000000000005">
    <ele>224.18</ele>
   </trkpt>
   <trkpt lat="43.83106" lon="5.20889">
    <ele>224.18</ele>
   </trkpt>
   <trkpt lat="43.83147" lon="5.208030000000001">
    <ele>226.63000000000002</ele>
   </trkpt>
   <trkpt lat="43.831630000000004" lon="5.20776">
    <ele>226.65</ele>
   </trkpt>
   <trkpt lat="43.83176" lon="5.207590000000001">
    <ele>226.74</ele>
   </trkpt>
   <trkpt lat="43.831990000000005" lon="5.20744">
    <ele>226.74</ele>
   </trkpt>
   <trkpt lat="43.832260000000005" lon="5.20725">
    <ele>224.60000000000002</ele>
   </trkpt>
   <trkpt lat="43.832330000000006" lon="5.20708">
    <ele>224.60000000000002</ele>
   </trkpt>
   <trkpt lat="43.832370000000004" lon="5.20694">
    <ele>224.60000000000002</ele>
   </trkpt>
   <trkpt lat="43.832440000000005" lon="5.20655">
    <ele>230.06</ele>
   </trkpt>
   <trkpt lat="43.832420000000006" lon="5.20643">
    <ele>230.06</ele>
   </trkpt>
   <trkpt lat="43.83227" lon="5.20633">
    <ele>229.93</ele>
   </trkpt>
   <trkpt lat="43.83227" lon="5.20614">
    <ele>229.93</ele>
   </trkpt>
   <trkpt lat="43.83229" lon="5.206060000000001">
    <ele>229.93</ele>
   </trkpt>
   <trkpt lat="43.832600000000006" lon="5.20542">
    <ele>227.78</ele>
   </trkpt>
   <trkpt lat="43.83276" lon="5.205170000000001">
    <ele>227.63000000000002</ele>
   </trkpt>
   <trkpt lat="43.83293500154333" lon="5.204590001446486">
    <ele>227.63000000000002</ele>
   </trkpt>
   <trkpt lat="43.833110000000005" lon="5.20401">
    <ele>227.63000000000002</ele>
   </trkpt>
   <trkpt lat="43.833420000000004" lon="5.203290000000001">
    <ele>208.18</ele>
   </trkpt>
   <trkpt lat="43.83343000000001" lon="5.203060000000001">
    <ele>203.06</ele>
   </trkpt>
   <trkpt lat="43.83341" lon="5.202990000000001">
    <ele>203.06</ele>
   </trkpt>
   <trkpt lat="43.83357" lon="5.20274">
    <ele>198.10000000000002</ele>
   </trkpt>
   <trkpt lat="43.833510000000004" lon="5.202660000000001">
    <ele>198.10000000000002</ele>
   </trkpt>
   <trkpt lat="43.833450000000006" lon="5.20263">
    <ele>198.10000000000002</ele>
   </trkpt>
   <trkpt lat="43.833360000000006" lon="5.202710000000001">
    <ele>198.10000000000002</ele>
   </trkpt>
   <trkpt lat="43.83317" lon="5.2029700000000005">
    <ele>198.10000000000002</ele>
   </trkpt>
   <trkpt lat="43.83274" lon="5.20319">
    <ele>201.19</ele>
   </trkpt>
   <trkpt lat="43.832420000000006" lon="5.20342">
    <ele>201.19</ele>
   </trkpt>
   <trkpt lat="43.832260000000005" lon="5.20347">
    <ele>199.67000000000002</ele>
   </trkpt>
   <trkpt lat="43.83222000000001" lon="5.203480000000001">
    <ele>199.67000000000002</ele>
   </trkpt>
   <trkpt lat="43.83214" lon="5.203460000000001">
    <ele>199.67000000000002</ele>
   </trkpt>
   <trkpt lat="43.832060000000006" lon="5.203410000000001">
    <ele>196.46</ele>
   </trkpt>
   <trkpt lat="43.83194" lon="5.20326">
    <ele>196.46</ele>
   </trkpt>
   <trkpt lat="43.8318" lon="5.202680000000001">
    <ele>196.45000000000002</ele>
   </trkpt>
   <trkpt lat="43.831810000000004" lon="5.202570000000001">
    <ele>196.45000000000002</ele>
   </trkpt>
   <trkpt lat="43.83189" lon="5.202380000000001">
    <ele>196.45000000000002</ele>
   </trkpt>
   <trkpt lat="43.83202000000001" lon="5.20221">
    <ele>196.45000000000002</ele>
   </trkpt>
   <trkpt lat="43.83207" lon="5.20211">
    <ele>196.45000000000002</ele>
   </trkpt>
   <trkpt lat="43.83218" lon="5.2016800000000005">
    <ele>196.45000000000002</ele>
   </trkpt>
   <trkpt lat="43.83225" lon="5.2015400000000005">
    <ele>196.45000000000002</ele>
   </trkpt>
   <trkpt lat="43.83267" lon="5.2010000000000005">
    <ele>196.45000000000002</ele>
   </trkpt>
   <trkpt lat="43.83287000000001" lon="5.200570000000001">
    <ele>196.45000000000002</ele>
   </trkpt>
   <trkpt lat="43.833000000000006" lon="5.20037">
    <ele>196.45000000000002</ele>
   </trkpt>
   <trkpt lat="43.83306" lon="5.20023">
    <ele>215.71</ele>
   </trkpt>
   <trkpt lat="43.833110000000005" lon="5.200030000000001">
    <ele>215.71</ele>
   </trkpt>
   <trkpt lat="43.833130000000004" lon="5.19976">
    <ele>215.71</ele>
   </trkpt>
   <trkpt lat="43.83303" lon="5.1992">
    <ele>215.71</ele>
   </trkpt>
   <trkpt lat="43.833020000000005" lon="5.1989">
    <ele>215.71</ele>
   </trkpt>
   <trkpt lat="43.833070000000006" lon="5.19866">
    <ele>215.71</ele>
   </trkpt>
   <trkpt lat="43.83314" lon="5.19845">
    <ele>215.71</ele>
   </trkpt>
   <trkpt lat="43.83343000000001" lon="5.19791">
    <ele>215.71</ele>
   </trkpt>
   <trkpt lat="43.833825000835034" lon="5.197520002411657">
    <ele>215.71</ele>
   </trkpt>
   <trkpt lat="43.83422" lon="5.1971300000000005">
    <ele>224.83</ele>
   </trkpt>
   <trkpt lat="43.83455" lon="5.196840000000001">
    <ele>224.83</ele>
   </trkpt>
   <trkpt lat="43.83458" lon="5.19679">
    <ele>224.83</ele>
   </trkpt>
   <trkpt lat="43.83457000000001" lon="5.196700000000001">
    <ele>224.83</ele>
   </trkpt>
   <trkpt lat="43.834520000000005" lon="5.19664">
    <ele>224.83</ele>
   </trkpt>
   <trkpt lat="43.834300000000006" lon="5.19665">
    <ele>224.83</ele>
   </trkpt>
   <trkpt lat="43.834230000000005" lon="5.19662">
    <ele>224.83</ele>
   </trkpt>
   <trkpt lat="43.834160000000004" lon="5.19655">
    <ele>224.83</ele>
   </trkpt>
   <trkpt lat="43.833760000000005" lon="5.195810000000001">
    <ele>230.62</ele>
   </trkpt>
   <trkpt lat="43.833580000000005" lon="5.19563">
    <ele>230.62</ele>
   </trkpt>
   <trkpt lat="43.83292" lon="5.195150000000001">
    <ele>229.12</ele>
   </trkpt>
   <trkpt lat="43.832840000000004" lon="5.195010000000001">
    <ele>229.12</ele>
   </trkpt>
   <trkpt lat="43.83283" lon="5.194850000000001">
    <ele>229.12</ele>
   </trkpt>
   <trkpt lat="43.83303" lon="5.194400000000001">
    <ele>228.32000000000002</ele>
   </trkpt>
   <trkpt lat="43.833070000000006" lon="5.194240000000001">
    <ele>228.32000000000002</ele>
   </trkpt>
   <trkpt lat="43.8331350051711" lon="5.193150001332491">
    <ele>229.32000000000002</ele>
   </trkpt>
   <trkpt lat="43.833200000000005" lon="5.192060000000001">
    <ele>222.05</ele>
   </trkpt>
   <trkpt lat="43.83317" lon="5.1916400000000005">
    <ele>222.05</ele>
   </trkpt>
   <trkpt lat="43.833110000000005" lon="5.19144">
    <ele>222.05</ele>
   </trkpt>
   <trkpt lat="43.83288" lon="5.190790000000001">
    <ele>222.05</ele>
   </trkpt>
   <trkpt lat="43.8325950015276" lon="5.190199997203099">
    <ele>217.95</ele>
   </trkpt>
   <trkpt lat="43.83231000000001" lon="5.18961">
    <ele>217.95</ele>
   </trkpt>
   <trkpt lat="43.832280000000004" lon="5.18951">
    <ele>217.95</ele>
   </trkpt>
   <trkpt lat="43.832280000000004" lon="5.1894">
    <ele>217.95</ele>
   </trkpt>
   <trkpt lat="43.832280000000004" lon="5.1894100000000005">
    <ele>217.95</ele>
   </trkpt>
   <trkpt lat="43.832300000000004" lon="5.18935">
    <ele>217.95</ele>
   </trkpt>
   <trkpt lat="43.832390000000004" lon="5.189240000000001">
    <ele>217.95</ele>
   </trkpt>
   <trkpt lat="43.832620000000006" lon="5.1890600000000004">
    <ele>217.95</ele>
   </trkpt>
   <trkpt lat="43.83328" lon="5.188610000000001">
    <ele>217.95</ele>
   </trkpt>
   <trkpt lat="43.83355" lon="5.18848">
    <ele>203.6</ele>
   </trkpt>
   <trkpt lat="43.833850000000005" lon="5.188300000000001">
    <ele>203.6</ele>
   </trkpt>
   <trkpt lat="43.83410000000001" lon="5.1881">
    <ele>203.6</ele>
   </trkpt>
   <trkpt lat="43.83442" lon="5.18775">
    <ele>203.6</ele>
   </trkpt>
   <trkpt lat="43.83458" lon="5.18752">
    <ele>203.6</ele>
   </trkpt>
   <trkpt lat="43.834790000000005" lon="5.187150000000001">
    <ele>203.6</ele>
   </trkpt>
   <trkpt lat="43.835330000000006" lon="5.186590000000001">
    <ele>203.6</ele>
   </trkpt>
   <trkpt lat="43.835640000000005" lon="5.1864300000000005">
    <ele>180.97000000000003</ele>
   </trkpt>
   <trkpt lat="43.83585" lon="5.18639">
    <ele>180.97000000000003</ele>
   </trkpt>
   <trkpt lat="43.83614" lon="5.186260000000001">
    <ele>180.97000000000003</ele>
   </trkpt>
   <trkpt lat="43.83621" lon="5.18618">
    <ele>180.97000000000003</ele>
   </trkpt>
   <trkpt lat="43.83626" lon="5.18606">
    <ele>180.97000000000003</ele>
   </trkpt>
   <trkpt lat="43.836330000000004" lon="5.18585">
    <ele>180.97000000000003</ele>
   </trkpt>
   <trkpt lat="43.836380000000005" lon="5.185420000000001">
    <ele>180.97000000000003</ele>
   </trkpt>
   <trkpt lat="43.83643000000001" lon="5.184550000000001">
    <ele>173.86</ele>
   </trkpt>
   <trkpt lat="43.83641" lon="5.18435">
    <ele>173.86</ele>
   </trkpt>
   <trkpt lat="43.83622000175121" lon="5.183709997845856">
    <ele>173.86</ele>
   </trkpt>
   <trkpt lat="43.83603" lon="5.183070000000001">
    <ele>173.81</ele>
   </trkpt>
   <trkpt lat="43.83583000820223" lon="5.182099993488673">
    <ele>172.06</ele>
   </trkpt>
   <trkpt lat="43.8356300082003" lon="5.181129993479366">
    <ele>169.56</ele>
   </trkpt>
   <trkpt lat="43.83543" lon="5.180160000000001">
    <ele>170.89000000000001</ele>
   </trkpt>
   <trkpt lat="43.83541" lon="5.17987">
    <ele>172.35</ele>
   </trkpt>
   <trkpt lat="43.835447511865446" lon="5.178917501813455">
    <ele>172.83</ele>
   </trkpt>
   <trkpt lat="43.83548501582015" lon="5.177965002429521">
    <ele>172.04000000000002</ele>
   </trkpt>
   <trkpt lat="43.83552251186408" lon="5.177012501848446">
    <ele>170.70000000000002</ele>
   </trkpt>
   <trkpt lat="43.83556" lon="5.1760600000000005">
    <ele>170.70000000000002</ele>
   </trkpt>
   <trkpt lat="43.83560000000001" lon="5.1756">
    <ele>170.73000000000002</ele>
   </trkpt>
   <trkpt lat="43.83567" lon="5.17515">
    <ele>170.73000000000002</ele>
   </trkpt>
   <trkpt lat="43.83579" lon="5.174600000000001">
    <ele>170.8</ele>
   </trkpt>
   <trkpt lat="43.83601" lon="5.17394">
    <ele>170.8</ele>
   </trkpt>
   <trkpt lat="43.836200000000005" lon="5.173450000000001">
    <ele>167.14000000000001</ele>
   </trkpt>
   <trkpt lat="43.836565001338265" lon="5.1728900034698455">
    <ele>167.14000000000001</ele>
   </trkpt>
   <trkpt lat="43.83693" lon="5.1723300000000005">
    <ele>165.15</ele>
   </trkpt>
   <trkpt lat="43.837360000000004" lon="5.17159">
    <ele>162.51000000000002</ele>
   </trkpt>
   <trkpt lat="43.83755" lon="5.17135">
    <ele>161.79999999999998</ele>
   </trkpt>
   <trkpt lat="43.838" lon="5.1709000000000005">
    <ele>159.87</ele>
   </trkpt>
   <trkpt lat="43.8383600007116" lon="5.1705100023005075">
    <ele>154.29000000000002</ele>
   </trkpt>
   <trkpt lat="43.83872" lon="5.170120000000001">
    <ele>154.29000000000002</ele>
   </trkpt>
   <trkpt lat="43.839270000000006" lon="5.169300000000001">
    <ele>147.22000000000003</ele>
   </trkpt>
   <trkpt lat="43.83972000000001" lon="5.1685300000000005">
    <ele>147.02</ele>
   </trkpt>
   <trkpt lat="43.840220002032254" lon="5.167870005355255">
    <ele>144.12</ele>
   </trkpt>
   <trkpt lat="43.840720000000005" lon="5.167210000000001">
    <ele>140.05</ele>
   </trkpt>
   <trkpt lat="43.84087" lon="5.16697">
    <ele>140.01000000000002</ele>
   </trkpt>
   <trkpt lat="43.84098" lon="5.166720000000001">
    <ele>139.74</ele>
   </trkpt>
   <trkpt lat="43.841120000000004" lon="5.166460000000001">
    <ele>139.70000000000002</ele>
   </trkpt>
   <trkpt lat="43.84123" lon="5.166370000000001">
    <ele>139.47</ele>
   </trkpt>
   <trkpt lat="43.84127" lon="5.16622">
    <ele>139.42000000000002</ele>
   </trkpt>
   <trkpt lat="43.84123" lon="5.1661">
    <ele>139.44</ele>
   </trkpt>
   <trkpt lat="43.84123" lon="5.165940000000001">
    <ele>139.29000000000002</ele>
   </trkpt>
   <trkpt lat="43.84129" lon="5.16577">
    <ele>139.29000000000002</ele>
   </trkpt>
   <trkpt lat="43.84151000000001" lon="5.16551">
    <ele>138.51000000000002</ele>
   </trkpt>
   <trkpt lat="43.8417" lon="5.165190000000001">
    <ele>138.51000000000002</ele>
   </trkpt>
   <trkpt lat="43.841840000000005" lon="5.16478">
    <ele>138.51000000000002</ele>
   </trkpt>
   <trkpt lat="43.84196" lon="5.164230000000001">
    <ele>138.54000000000002</ele>
   </trkpt>
   <trkpt lat="43.84211667281397" lon="5.16339000443943">
    <ele>138.47</ele>
   </trkpt>
   <trkpt lat="43.842273339475504" lon="5.162550004467091">
    <ele>138.47</ele>
   </trkpt>
   <trkpt lat="43.84243" lon="5.16171">
    <ele>135.59</ele>
   </trkpt>
   <trkpt lat="43.842470000000006" lon="5.16098">
    <ele>135.87</ele>
   </trkpt>
   <trkpt lat="43.84254000000001" lon="5.16054">
    <ele>135.99</ele>
   </trkpt>
   <trkpt lat="43.842760000000006" lon="5.159610000000001">
    <ele>134.13</ele>
   </trkpt>
   <trkpt lat="43.84281" lon="5.1593">
    <ele>134.13</ele>
   </trkpt>
   <trkpt lat="43.842830000000006" lon="5.15901">
    <ele>134.13</ele>
   </trkpt>
   <trkpt lat="43.84283500213405" lon="5.158310000371265">
    <ele>134.13</ele>
   </trkpt>
   <trkpt lat="43.84284" lon="5.15761">
    <ele>134.06</ele>
   </trkpt>
   <trkpt lat="43.842830000000006" lon="5.15735">
    <ele>134.06</ele>
   </trkpt>
   <trkpt lat="43.842780000000005" lon="5.15688">
    <ele>134.06</ele>
   </trkpt>
   <trkpt lat="43.84279" lon="5.156610000000001">
    <ele>134.02</ele>
   </trkpt>
   <trkpt lat="43.84286" lon="5.1562600000000005">
    <ele>134.02</ele>
   </trkpt>
   <trkpt lat="43.842980000000004" lon="5.15589">
    <ele>134.02</ele>
   </trkpt>
   <trkpt lat="43.84330000344862" lon="5.155010004521169">
    <ele>136.37</ele>
   </trkpt>
   <trkpt lat="43.84362" lon="5.15413">
    <ele>136.37</ele>
   </trkpt>
   <trkpt lat="43.843810000000005" lon="5.15352">
    <ele>136.37</ele>
   </trkpt>
   <trkpt lat="43.84407" lon="5.152570000000001">
    <ele>135.48000000000002</ele>
   </trkpt>
   <trkpt lat="43.844190000000005" lon="5.1519900000000005">
    <ele>135.48000000000002</ele>
   </trkpt>
   <trkpt lat="43.844350000000006" lon="5.150880000000001">
    <ele>134.47</ele>
   </trkpt>
   <trkpt lat="43.844460000000005" lon="5.150060000000001">
    <ele>135.78</ele>
   </trkpt>
   <trkpt lat="43.8447" lon="5.14914">
    <ele>135.44</ele>
   </trkpt>
   <trkpt lat="43.844840000000005" lon="5.14831">
    <ele>134.75</ele>
   </trkpt>
   <trkpt lat="43.84501500216043" lon="5.147600002234293">
    <ele>134.79000000000002</ele>
   </trkpt>
   <trkpt lat="43.84519" lon="5.146890000000001">
    <ele>133.4</ele>
   </trkpt>
   <trkpt lat="43.8453" lon="5.14634">
    <ele>133.39000000000001</ele>
   </trkpt>
   <trkpt lat="43.84534" lon="5.14583">
    <ele>133.14000000000001</ele>
   </trkpt>
   <trkpt lat="43.845380000000006" lon="5.1446000000000005">
    <ele>132.69</ele>
   </trkpt>
   <trkpt lat="43.84545000000001" lon="5.14369">
    <ele>132.44</ele>
   </trkpt>
   <trkpt lat="43.84548" lon="5.1429">
    <ele>135.45000000000002</ele>
   </trkpt>
   <trkpt lat="43.84624" lon="5.1423700000000006">
    <ele>134.65</ele>
   </trkpt>
   <trkpt lat="43.846360000000004" lon="5.14231">
    <ele>134.65</ele>
   </trkpt>
   <trkpt lat="43.84677000078284" lon="5.141925002518005">
    <ele>132.87</ele>
   </trkpt>
   <trkpt lat="43.84718" lon="5.14154">
    <ele>132.87</ele>
   </trkpt>
   <trkpt lat="43.84781" lon="5.1409">
    <ele>133.32000000000002</ele>
   </trkpt>
   <trkpt lat="43.84803" lon="5.140720000000001">
    <ele>133.15</ele>
   </trkpt>
   <trkpt lat="43.84827000000001" lon="5.14057">
    <ele>133.15</ele>
   </trkpt>
   <trkpt lat="43.8487" lon="5.14038">
    <ele>129.91</ele>
   </trkpt>
   <trkpt lat="43.84904" lon="5.1402">
    <ele>129.91</ele>
   </trkpt>
   <trkpt lat="43.849560000000004" lon="5.13977">
    <ele>129.91</ele>
   </trkpt>
   <trkpt lat="43.85015000125792" lon="5.139210005643404">
    <ele>123.77</ele>
   </trkpt>
   <trkpt lat="43.85074" lon="5.13865">
    <ele>122.21000000000001</ele>
   </trkpt>
   <trkpt lat="43.85132000145628" lon="5.138065005725164">
    <ele>120.62</ele>
   </trkpt>
   <trkpt lat="43.8519" lon="5.13748">
    <ele>117.84000000000002</ele>
   </trkpt>
   <trkpt lat="43.85236000093573" lon="5.137000003774078">
    <ele>116.64</ele>
   </trkpt>
   <trkpt lat="43.85282" lon="5.136520000000001">
    <ele>116.83</ele>
   </trkpt>
   <trkpt lat="43.85351000321462" lon="5.135913347367155">
    <ele>116.09</ele>
   </trkpt>
   <trkpt lat="43.85420000322011" lon="5.135306680695915">
    <ele>114.88000000000001</ele>
   </trkpt>
   <trkpt lat="43.854890000000005" lon="5.1347000000000005">
    <ele>114.88000000000001</ele>
   </trkpt>
   <trkpt lat="43.8551" lon="5.134410000000001">
    <ele>114.88000000000001</ele>
   </trkpt>
   <trkpt lat="43.855340000000005" lon="5.134550000000001">
    <ele>117.32000000000001</ele>
   </trkpt>
   <trkpt lat="43.855380000000004" lon="5.134480000000001">
    <ele>117.32000000000001</ele>
   </trkpt>
   <trkpt lat="43.855450000000005" lon="5.134460000000001">
    <ele>117.32000000000001</ele>
   </trkpt>
   <trkpt lat="43.85582" lon="5.1345">
    <ele>117.32000000000001</ele>
   </trkpt>
   <trkpt lat="43.85630666982618" lon="5.133893343297873">
    <ele>109.83000000000001</ele>
   </trkpt>
   <trkpt lat="43.856793336443175" lon="5.133286676693261">
    <ele>109.83000000000001</ele>
   </trkpt>
   <trkpt lat="43.85728" lon="5.132680000000001">
    <ele>109.83000000000001</ele>
   </trkpt>
   <trkpt lat="43.857670000000006" lon="5.1329400000000005">
    <ele>109.83000000000001</ele>
   </trkpt>
   <trkpt lat="43.857910000000004" lon="5.13307">
    <ele>102.18</ele>
   </trkpt>
   <trkpt lat="43.858726667494025" lon="5.133379991503972">
    <ele>100.14</ele>
   </trkpt>
   <trkpt lat="43.8595433341501" lon="5.13368999149979">
    <ele>98.89</ele>
   </trkpt>
   <trkpt lat="43.86036000000001" lon="5.134">
    <ele>98.89</ele>
   </trkpt>
   <trkpt lat="43.86083000000001" lon="5.13419">
    <ele>98.66000000000001</ele>
   </trkpt>
   <trkpt lat="43.8609" lon="5.133730000000001">
    <ele>98.87</ele>
   </trkpt>
   <trkpt lat="43.86097" lon="5.132560000000001">
    <ele>99.74000000000001</ele>
   </trkpt>
   <trkpt lat="43.861110000000004" lon="5.1318600000000005">
    <ele>99.93</ele>
   </trkpt>
   <trkpt lat="43.86135" lon="5.130920000000001">
    <ele>99.93</ele>
   </trkpt>
   <trkpt lat="43.861520000000006" lon="5.13046">
    <ele>99.93</ele>
   </trkpt>
   <trkpt lat="43.86187000261308" lon="5.12969000445858">
    <ele>98.21000000000001</ele>
   </trkpt>
   <trkpt lat="43.86222" lon="5.128920000000001">
    <ele>98.21000000000001</ele>
   </trkpt>
   <trkpt lat="43.862525001550644" lon="5.128305003344689">
    <ele>96.91000000000001</ele>
   </trkpt>
   <trkpt lat="43.86283" lon="5.12769">
    <ele>96.91000000000001</ele>
   </trkpt>
   <trkpt lat="43.86308500152566" lon="5.1271000025051965">
    <ele>96.91000000000001</ele>
   </trkpt>
   <trkpt lat="43.86334" lon="5.126510000000001">
    <ele>96.91000000000001</ele>
   </trkpt>
   <trkpt lat="43.863590001889285" lon="5.1258800022416615">
    <ele>96.91000000000001</ele>
   </trkpt>
   <trkpt lat="43.86384" lon="5.12525">
    <ele>95.97000000000001</ele>
   </trkpt>
   <trkpt lat="43.86426" lon="5.124350000000001">
    <ele>95.97000000000001</ele>
   </trkpt>
   <trkpt lat="43.864470000000004" lon="5.12396">
    <ele>95.97000000000001</ele>
   </trkpt>
   <trkpt lat="43.864520000000006" lon="5.12375">
    <ele>95.97000000000001</ele>
   </trkpt>
   <trkpt lat="43.864520000000006" lon="5.123430000000001">
    <ele>95.67999999999999</ele>
   </trkpt>
   <trkpt lat="43.86478" lon="5.123290000000001">
    <ele>95.5</ele>
   </trkpt>
   <trkpt lat="43.865120000000005" lon="5.122920000000001">
    <ele>95.5</ele>
   </trkpt>
   <trkpt lat="43.865660000000005" lon="5.12222">
    <ele>94.55000000000001</ele>
   </trkpt>
   <trkpt lat="43.86619500227082" lon="5.121500006447735">
    <ele>93.86000000000001</ele>
   </trkpt>
   <trkpt lat="43.866730000000004" lon="5.120780000000001">
    <ele>94.03</ele>
   </trkpt>
   <trkpt lat="43.86737" lon="5.11995">
    <ele>93.79</ele>
   </trkpt>
   <trkpt lat="43.86712000526705" lon="5.119173326840705">
    <ele>93.79</ele>
   </trkpt>
   <trkpt lat="43.86687000527417" lon="5.118396660196203">
    <ele>93.79</ele>
   </trkpt>
   <trkpt lat="43.866620000000005" lon="5.1176200000000005">
    <ele>93.00000000000001</ele>
   </trkpt>
   <trkpt lat="43.86636000219011" lon="5.116924997193559">
    <ele>93.00000000000001</ele>
   </trkpt>
   <trkpt lat="43.8661" lon="5.116230000000001">
    <ele>93.00000000000001</ele>
   </trkpt>
   <trkpt lat="43.86590000151239" lon="5.115654998274636">
    <ele>93.00000000000001</ele>
   </trkpt>
   <trkpt lat="43.865700000000004" lon="5.115080000000001">
    <ele>92.29</ele>
   </trkpt>
   <trkpt lat="43.865400003973974" lon="5.114129995343064">
    <ele>92.27</ele>
   </trkpt>
   <trkpt lat="43.865100000000005" lon="5.113180000000001">
    <ele>92.22000000000001</ele>
   </trkpt>
   <trkpt lat="43.864740000000005" lon="5.11209">
    <ele>92.55000000000001</ele>
   </trkpt>
   <trkpt lat="43.864520000000006" lon="5.1115">
    <ele>92.19000000000001</ele>
   </trkpt>
   <trkpt lat="43.86426" lon="5.110650000000001">
    <ele>91.62</ele>
   </trkpt>
   <trkpt lat="43.86409000159028" lon="5.110029997919516">
    <ele>90.71000000000001</ele>
   </trkpt>
   <trkpt lat="43.86392" lon="5.1094100000000005">
    <ele>90.71000000000001</ele>
   </trkpt>
   <trkpt lat="43.86374667257533" lon="5.1085866618680065">
    <ele>90.12</ele>
   </trkpt>
   <trkpt lat="43.86357333923969" lon="5.107763328523739">
    <ele>89.97000000000001</ele>
   </trkpt>
   <trkpt lat="43.863400000000006" lon="5.106940000000001">
    <ele>89.97000000000001</ele>
   </trkpt>
   <trkpt lat="43.863185002031834" lon="5.106249997370633">
    <ele>89.22</ele>
   </trkpt>
   <trkpt lat="43.862970000000004" lon="5.1055600000000005">
    <ele>89.22</ele>
   </trkpt>
   <trkpt lat="43.8626900053828" lon="5.104449994830272">
    <ele>88.82000000000001</ele>
   </trkpt>
   <trkpt lat="43.862410000000004" lon="5.10334">
    <ele>91.48</ele>
   </trkpt>
   <trkpt lat="43.86207000535148" lon="5.10223499378907">
    <ele>90.65</ele>
   </trkpt>
   <trkpt lat="43.86173" lon="5.10113">
    <ele>89.00000000000001</ele>
   </trkpt>
   <trkpt lat="43.861430000000006" lon="5.10022">
    <ele>89.09</ele>
   </trkpt>
   <trkpt lat="43.86107334181708" lon="5.0992333215142835">
    <ele>89.09</ele>
   </trkpt>
   <trkpt lat="43.860716675145284" lon="5.098246654833606">
    <ele>88.28000000000002</ele>
   </trkpt>
   <trkpt lat="43.86036000000001" lon="5.09726">
    <ele>88.28000000000002</ele>
   </trkpt>
   <trkpt lat="43.860205001524214" lon="5.0966649983791505">
    <ele>87.95</ele>
   </trkpt>
   <trkpt lat="43.86005" lon="5.09607">
    <ele>87.63000000000001</ele>
   </trkpt>
   <trkpt lat="43.85985" lon="5.095260000000001">
    <ele>87.01</ele>
   </trkpt>
   <trkpt lat="43.85971000000001" lon="5.094810000000001">
    <ele>86.79</ele>
   </trkpt>
   <trkpt lat="43.859450001949554" lon="5.094134996960703">
    <ele>86.79</ele>
   </trkpt>
   <trkpt lat="43.859190000000005" lon="5.09346">
    <ele>86.60000000000001</ele>
   </trkpt>
   <trkpt lat="43.85887" lon="5.0925400000000005">
    <ele>86.60000000000001</ele>
   </trkpt>
   <trkpt lat="43.858850000000004" lon="5.092210000000001">
    <ele>86.25</ele>
   </trkpt>
   <trkpt lat="43.8588" lon="5.09212">
    <ele>86.01</ele>
   </trkpt>
   <trkpt lat="43.85873" lon="5.0921">
    <ele>85.76</ele>
   </trkpt>
   <trkpt lat="43.858650000000004" lon="5.09189">
    <ele>85.51</ele>
   </trkpt>
   <trkpt lat="43.858320000000006" lon="5.090920000000001">
    <ele>84.86</ele>
   </trkpt>
   <trkpt lat="43.85803000000001" lon="5.09013">
    <ele>84.65</ele>
   </trkpt>
   <trkpt lat="43.85774000000001" lon="5.08938">
    <ele>83.9</ele>
   </trkpt>
   <trkpt lat="43.85737" lon="5.0882700000000005">
    <ele>83.01</ele>
   </trkpt>
   <trkpt lat="43.85703" lon="5.0871900000000005">
    <ele>82.9</ele>
   </trkpt>
   <trkpt lat="43.85674" lon="5.086040000000001">
    <ele>81.98</ele>
   </trkpt>
   <trkpt lat="43.856595002112776" lon="5.085339998184128">
    <ele>81.98</ele>
   </trkpt>
   <trkpt lat="43.85645" lon="5.08464">
    <ele>82.11</ele>
   </trkpt>
   <trkpt lat="43.85625" lon="5.083430000000001">
    <ele>82.11</ele>
   </trkpt>
   <trkpt lat="43.856165002012446" lon="5.08274999900234">
    <ele>82.11</ele>
   </trkpt>
   <trkpt lat="43.856080000000006" lon="5.082070000000001">
    <ele>82.11</ele>
   </trkpt>
   <trkpt lat="43.855970000000006" lon="5.08152">
    <ele>82.11</ele>
   </trkpt>
   <trkpt lat="43.8558" lon="5.080990000000001">
    <ele>80.12</ele>
   </trkpt>
   <trkpt lat="43.85547500353616" lon="5.080094995242796">
    <ele>80.12</ele>
   </trkpt>
   <trkpt lat="43.85515" lon="5.0792">
    <ele>80.03</ele>
   </trkpt>
   <trkpt lat="43.85531" lon="5.0780400000000006">
    <ele>79.78</ele>
   </trkpt>
   <trkpt lat="43.855340000000005" lon="5.07758">
    <ele>79.78</ele>
   </trkpt>
   <trkpt lat="43.85533667448101" lon="5.07663333321349">
    <ele>79.78</ele>
   </trkpt>
   <trkpt lat="43.85533334114762" lon="5.0756866665326905">
    <ele>80.08000000000001</ele>
   </trkpt>
   <trkpt lat="43.85533" lon="5.07474">
    <ele>79.41000000000001</ele>
   </trkpt>
   <trkpt lat="43.855340000000005" lon="5.074380000000001">
    <ele>79.41000000000001</ele>
   </trkpt>
   <trkpt lat="43.85539000000001" lon="5.074070000000001">
    <ele>79.41000000000001</ele>
   </trkpt>
   <trkpt lat="43.855380000000004" lon="5.07408">
    <ele>79.41000000000001</ele>
   </trkpt>
   <trkpt lat="43.85559000000001" lon="5.073370000000001">
    <ele>78.76</ele>
   </trkpt>
   <trkpt lat="43.855720000000005" lon="5.072970000000001">
    <ele>78.76</ele>
   </trkpt>
   <trkpt lat="43.855990006679384" lon="5.0720966744822285">
    <ele>78.76</ele>
   </trkpt>
   <trkpt lat="43.856260006708226" lon="5.071223341055719">
    <ele>78.34</ele>
   </trkpt>
   <trkpt lat="43.85653000000001" lon="5.07035">
    <ele>78.34</ele>
   </trkpt>
   <trkpt lat="43.856820000000006" lon="5.069660000000001">
    <ele>78.34</ele>
   </trkpt>
   <trkpt lat="43.856880000000004" lon="5.06946">
    <ele>78.34</ele>
   </trkpt>
   <trkpt lat="43.85711000573523" lon="5.06831500432015">
    <ele>76.36000000000001</ele>
   </trkpt>
   <trkpt lat="43.85734" lon="5.067170000000001">
    <ele>76.17</ele>
   </trkpt>
   <trkpt lat="43.85768000256096" lon="5.066420004037143">
    <ele>76.17</ele>
   </trkpt>
   <trkpt lat="43.85802" lon="5.065670000000001">
    <ele>75.87</ele>
   </trkpt>
   <trkpt lat="43.85831" lon="5.065">
    <ele>75.87</ele>
   </trkpt>
   <trkpt lat="43.85866500541811" lon="5.063885006645437">
    <ele>74.46000000000001</ele>
   </trkpt>
   <trkpt lat="43.85902" lon="5.06277">
    <ele>75.21000000000001</ele>
   </trkpt>
   <trkpt lat="43.85931" lon="5.061800000000001">
    <ele>74.3</ele>
   </trkpt>
   <trkpt lat="43.85952" lon="5.06104">
    <ele>74.12</ele>
   </trkpt>
   <trkpt lat="43.859660000000005" lon="5.06043">
    <ele>73.60000000000001</ele>
   </trkpt>
   <trkpt lat="43.85972" lon="5.060040000000001">
    <ele>73.60000000000001</ele>
   </trkpt>
   <trkpt lat="43.859790000000004" lon="5.05893">
    <ele>72.8</ele>
   </trkpt>
   <trkpt lat="43.859840000000005" lon="5.058730000000001">
    <ele>72.9</ele>
   </trkpt>
   <trkpt lat="43.85996" lon="5.05855">
    <ele>72.94</ele>
   </trkpt>
   <trkpt lat="43.859750000000005" lon="5.058280000000001">
    <ele>72.84</ele>
   </trkpt>
   <trkpt lat="43.85985" lon="5.058070000000001">
    <ele>72.84</ele>
   </trkpt>
   <trkpt lat="43.86001000319666" lon="5.05721500224371">
    <ele>72.84</ele>
   </trkpt>
   <trkpt lat="43.860170000000004" lon="5.056360000000001">
    <ele>73.12</ele>
   </trkpt>
   <trkpt lat="43.86027000000001" lon="5.056010000000001">
    <ele>73.12</ele>
   </trkpt>
   <trkpt lat="43.860640000000004" lon="5.05504">
    <ele>73.12</ele>
   </trkpt>
   <trkpt lat="43.86102000486753" lon="5.053980006843201">
    <ele>71.32000000000001</ele>
   </trkpt>
   <trkpt lat="43.8614" lon="5.05292">
    <ele>71.44</ele>
   </trkpt>
   <trkpt lat="43.86155" lon="5.05233">
    <ele>71.44</ele>
   </trkpt>
   <trkpt lat="43.861880000000006" lon="5.05189">
    <ele>71.44</ele>
   </trkpt>
   <trkpt lat="43.86227" lon="5.05109">
    <ele>70.65</ele>
   </trkpt>
   <trkpt lat="43.86272000468705" lon="5.050050007916259">
    <ele>70.65</ele>
   </trkpt>
   <trkpt lat="43.863170000000004" lon="5.04901">
    <ele>71.27</ele>
   </trkpt>
   <trkpt lat="43.86341" lon="5.048190000000001">
    <ele>71.27</ele>
   </trkpt>
   <trkpt lat="43.86354000199619" lon="5.047525001101614">
    <ele>71.27</ele>
   </trkpt>
   <trkpt lat="43.863670000000006" lon="5.046860000000001">
    <ele>71.0</ele>
   </trkpt>
   <trkpt lat="43.863820000000004" lon="5.04593">
    <ele>71.0</ele>
   </trkpt>
   <trkpt lat="43.863850000000006" lon="5.04548">
    <ele>71.0</ele>
   </trkpt>
   <trkpt lat="43.863845003074985" lon="5.044639999700717">
    <ele>69.59</ele>
   </trkpt>
   <trkpt lat="43.86384" lon="5.0438">
    <ele>69.05</ele>
   </trkpt>
   <trkpt lat="43.86386" lon="5.04318">
    <ele>69.16</ele>
   </trkpt>
   <trkpt lat="43.86381" lon="5.04316">
    <ele>69.16</ele>
   </trkpt>
   <trkpt lat="43.86395333958527" lon="5.042313337397504">
    <ele>68.59000000000002</ele>
   </trkpt>
   <trkpt lat="43.86409667291985" lon="5.041466670723559">
    <ele>68.59000000000002</ele>
   </trkpt>
   <trkpt lat="43.86424" lon="5.0406200000000005">
    <ele>68.8</ele>
   </trkpt>
   <trkpt lat="43.86440334394791" lon="5.039516672715401">
    <ele>68.8</ele>
   </trkpt>
   <trkpt lat="43.8645666772809" lon="5.038413339384609">
    <ele>68.99000000000001</ele>
   </trkpt>
   <trkpt lat="43.86473" lon="5.037310000000001">
    <ele>68.99000000000001</ele>
   </trkpt>
   <trkpt lat="43.864843343073495" lon="5.036253337312684">
    <ele>68.94</ele>
   </trkpt>
   <trkpt lat="43.86495667641098" lon="5.035196670607388">
    <ele>68.31</ele>
   </trkpt>
   <trkpt lat="43.86507" lon="5.034140000000001">
    <ele>68.02000000000001</ele>
   </trkpt>
   <trkpt lat="43.86520500424006" lon="5.033155002157919">
    <ele>69.46000000000001</ele>
   </trkpt>
   <trkpt lat="43.86534" lon="5.032170000000001">
    <ele>69.46000000000001</ele>
   </trkpt>
   <trkpt lat="43.86542" lon="5.0319">
    <ele>69.46000000000001</ele>
   </trkpt>
   <trkpt lat="43.86564500138844" lon="5.031325002305935">
    <ele>69.46000000000001</ele>
   </trkpt>
   <trkpt lat="43.86587" lon="5.03075">
    <ele>69.93</ele>
   </trkpt>
   <trkpt lat="43.86601" lon="5.030460000000001">
    <ele>69.93</ele>
   </trkpt>
   <trkpt lat="43.86614" lon="5.03024">
    <ele>69.93</ele>
   </trkpt>
   <trkpt lat="43.86609000000001" lon="5.03019">
    <ele>69.93</ele>
   </trkpt>
   <trkpt lat="43.865990000000004" lon="5.02998">
    <ele>70.75</ele>
   </trkpt>
   <trkpt lat="43.865950000000005" lon="5.02986">
    <ele>70.75</ele>
   </trkpt>
   <trkpt lat="43.86594" lon="5.029730000000001">
    <ele>70.75</ele>
   </trkpt>
   <trkpt lat="43.865970000000004" lon="5.0296">
    <ele>70.75</ele>
   </trkpt>
   <trkpt lat="43.86624000116695" lon="5.029085002312472">
    <ele>67.95</ele>
   </trkpt>
   <trkpt lat="43.866510000000005" lon="5.02857">
    <ele>67.95</ele>
   </trkpt>
   <trkpt lat="43.866760000000006" lon="5.02745">
    <ele>67.15</ele>
   </trkpt>
   <trkpt lat="43.86697" lon="5.02644">
    <ele>67.0</ele>
   </trkpt>
   <trkpt lat="43.86699" lon="5.026210000000001">
    <ele>67.0</ele>
   </trkpt>
   <trkpt lat="43.86703000000001" lon="5.0254">
    <ele>66.7</ele>
   </trkpt>
   <trkpt lat="43.867050000000006" lon="5.02461">
    <ele>66.7</ele>
   </trkpt>
   <trkpt lat="43.86722500356743" lon="5.023700002895297">
    <ele>66.38000000000001</ele>
   </trkpt>
   <trkpt lat="43.8674" lon="5.0227900000000005">
    <ele>64.82000000000001</ele>
   </trkpt>
   <trkpt lat="43.867620004844454" lon="5.021735003933413">
    <ele>65.08</ele>
   </trkpt>
   <trkpt lat="43.86784" lon="5.0206800000000005">
    <ele>65.08</ele>
   </trkpt>
   <trkpt lat="43.86800000513026" lon="5.0195950029283845">
    <ele>65.02000000000001</ele>
   </trkpt>
   <trkpt lat="43.86816" lon="5.01851">
    <ele>65.02000000000001</ele>
   </trkpt>
   <trkpt lat="43.86829" lon="5.01804">
    <ele>64.53999999999999</ele>
   </trkpt>
   <trkpt lat="43.8685750031109" lon="5.017190004181076">
    <ele>64.53999999999999</ele>
   </trkpt>
   <trkpt lat="43.868860000000005" lon="5.0163400000000005">
    <ele>63.910000000000004</ele>
   </trkpt>
   <trkpt lat="43.869170003951986" lon="5.015385005042116">
    <ele>64.74000000000001</ele>
   </trkpt>
   <trkpt lat="43.86948" lon="5.014430000000001">
    <ele>64.24000000000001</ele>
   </trkpt>
   <trkpt lat="43.86947000000001" lon="5.0141800000000005">
    <ele>64.24000000000001</ele>
   </trkpt>
   <trkpt lat="43.869420000000005" lon="5.0139700000000005">
    <ele>64.13000000000001</ele>
   </trkpt>
   <trkpt lat="43.86988500035367" lon="5.013730001819506">
    <ele>63.34</ele>
   </trkpt>
   <trkpt lat="43.87035" lon="5.01349">
    <ele>63.34</ele>
   </trkpt>
   <trkpt lat="43.8703" lon="5.013260000000001">
    <ele>63.34</ele>
   </trkpt>
   <trkpt lat="43.8703" lon="5.01308">
    <ele>63.34</ele>
   </trkpt>
   <trkpt lat="43.8705050014648" lon="5.0125000020002854">
    <ele>63.62000000000001</ele>
   </trkpt>
   <trkpt lat="43.87071" lon="5.011920000000001">
    <ele>63.62000000000001</ele>
   </trkpt>
   <trkpt lat="43.87101667407869" lon="5.010996676235038">
    <ele>63.62000000000001</ele>
   </trkpt>
   <trkpt lat="43.871323340723364" lon="5.010073342968057">
    <ele>63.62000000000001</ele>
   </trkpt>
   <trkpt lat="43.87163" lon="5.00915">
    <ele>61.730000000000004</ele>
   </trkpt>
   <trkpt lat="43.871785001949" lon="5.008495001371875">
    <ele>61.730000000000004</ele>
   </trkpt>
   <trkpt lat="43.87194" lon="5.007840000000001">
    <ele>61.65</ele>
   </trkpt>
   <trkpt lat="43.872130000000006" lon="5.00736">
    <ele>61.65</ele>
   </trkpt>
   <trkpt lat="43.87244000154353" lon="5.006775002945876">
    <ele>61.65</ele>
   </trkpt>
   <trkpt lat="43.87275" lon="5.00619">
    <ele>61.65</ele>
   </trkpt>
   <trkpt lat="43.87325500267717" lon="5.005400006763006">
    <ele>60.620000000000005</ele>
   </trkpt>
   <trkpt lat="43.873760000000004" lon="5.0046100000000004">
    <ele>60.620000000000005</ele>
   </trkpt>
   <trkpt lat="43.87398" lon="5.00424">
    <ele>60.620000000000005</ele>
   </trkpt>
   <trkpt lat="43.87444667621952" lon="5.00319334972598">
    <ele>60.800000000000004</ele>
   </trkpt>
   <trkpt lat="43.87491334288644" lon="5.002146683059047">
    <ele>60.800000000000004</ele>
   </trkpt>
   <trkpt lat="43.87538000000001" lon="5.0011">
    <ele>57.11000000000001</ele>
   </trkpt>
   <trkpt lat="43.875670004933056" lon="5.00004000503357">
    <ele>57.11000000000001</ele>
   </trkpt>
   <trkpt lat="43.875960000000006" lon="4.99898">
    <ele>59.5</ele>
   </trkpt>
   <trkpt lat="43.87606" lon="4.99844">
    <ele>59.5</ele>
   </trkpt>
   <trkpt lat="43.87619" lon="4.99722">
    <ele>58.09</ele>
   </trkpt>
   <trkpt lat="43.87622" lon="4.99648">
    <ele>58.09</ele>
   </trkpt>
   <trkpt lat="43.876250007011734" lon="4.995583334212187">
    <ele>57.660000000000004</ele>
   </trkpt>
   <trkpt lat="43.87628000701255" lon="4.99468666752141">
    <ele>57.660000000000004</ele>
   </trkpt>
   <trkpt lat="43.876310000000004" lon="4.993790000000001">
    <ele>57.660000000000004</ele>
   </trkpt>
   <trkpt lat="43.87631251186678" lon="4.992837500140048">
    <ele>57.57</ele>
   </trkpt>
   <trkpt lat="43.87631501582234" lon="4.991885000199921">
    <ele>57.57</ele>
   </trkpt>
   <trkpt lat="43.876317511866674" lon="4.990932500179871">
    <ele>57.57</ele>
   </trkpt>
   <trkpt lat="43.87632000000001" lon="4.98998">
    <ele>57.82</ele>
   </trkpt>
   <trkpt lat="43.87634667609817" lon="4.988940000930157">
    <ele>57.82</ele>
   </trkpt>
   <trkpt lat="43.876373342764865" lon="4.9879000009293195">
    <ele>56.910000000000004</ele>
   </trkpt>
   <trkpt lat="43.876400000000004" lon="4.98686">
    <ele>56.910000000000004</ele>
   </trkpt>
   <trkpt lat="43.87646" lon="4.98641">
    <ele>56.910000000000004</ele>
   </trkpt>
   <trkpt lat="43.87657" lon="4.98575">
    <ele>56.910000000000004</ele>
   </trkpt>
   <trkpt lat="43.87669000161178" lon="4.985145001138097">
    <ele>57.75</ele>
   </trkpt>
   <trkpt lat="43.876810000000006" lon="4.98454">
    <ele>57.75</ele>
   </trkpt>
   <trkpt lat="43.87715000259366" lon="4.9837750042703775">
    <ele>56.71</ele>
   </trkpt>
   <trkpt lat="43.87749" lon="4.98301">
    <ele>55.68000000000001</ele>
   </trkpt>
   <trkpt lat="43.87763" lon="4.982760000000001">
    <ele>55.68000000000001</ele>
   </trkpt>
   <trkpt lat="43.87793000138134" lon="4.982215002587168">
    <ele>55.68000000000001</ele>
   </trkpt>
   <trkpt lat="43.87823" lon="4.98167">
    <ele>55.68000000000001</ele>
   </trkpt>
   <trkpt lat="43.878662509496706" lon="4.980817518582387">
    <ele>56.5</ele>
   </trkpt>
   <trkpt lat="43.87909501265629" lon="4.979965024788656">
    <ele>56.5</ele>
   </trkpt>
   <trkpt lat="43.8795275094786" lon="4.979112518618625">
    <ele>56.5</ele>
   </trkpt>
   <trkpt lat="43.879960000000004" lon="4.978260000000001">
    <ele>52.64000000000001</ele>
   </trkpt>
   <trkpt lat="43.87998" lon="4.97817">
    <ele>52.64000000000001</ele>
   </trkpt>
   <trkpt lat="43.87997" lon="4.97801">
    <ele>52.64000000000001</ele>
   </trkpt>
   <trkpt lat="43.87933" lon="4.978370000000001">
    <ele>54.53</ele>
   </trkpt>
   <trkpt lat="43.8791" lon="4.9785200000000005">
    <ele>54.53</ele>
   </trkpt>
   <trkpt lat="43.87868" lon="4.978840000000001">
    <ele>54.53</ele>
   </trkpt>
   <trkpt lat="43.87866" lon="4.97864">
    <ele>54.53</ele>
   </trkpt>
   <trkpt lat="43.878840000000004" lon="4.977930000000001">
    <ele>52.57000000000001</ele>
   </trkpt>
   <trkpt lat="43.87908" lon="4.97695">
    <ele>52.57000000000001</ele>
   </trkpt>
   <trkpt lat="43.879220000000004" lon="4.976">
    <ele>51.870000000000005</ele>
   </trkpt>
   <trkpt lat="43.87939" lon="4.9752">
    <ele>51.870000000000005</ele>
   </trkpt>
   <trkpt lat="43.87970000000001" lon="4.974060000000001">
    <ele>51.21000000000001</ele>
   </trkpt>
   <trkpt lat="43.879910003197736" lon="4.973200003141408">
    <ele>51.21000000000001</ele>
   </trkpt>
   <trkpt lat="43.880120000000005" lon="4.97234">
    <ele>50.82</ele>
   </trkpt>
   <trkpt lat="43.88018" lon="4.971990000000001">
    <ele>50.82</ele>
   </trkpt>
   <trkpt lat="43.880280003371716" lon="4.971110001518028">
    <ele>50.82</ele>
   </trkpt>
   <trkpt lat="43.88038" lon="4.970230000000001">
    <ele>50.82</ele>
   </trkpt>
   <trkpt lat="43.880480000000006" lon="4.96985">
    <ele>50.82</ele>
   </trkpt>
   <trkpt lat="43.880750000000006" lon="4.968990000000001">
    <ele>49.85</ele>
   </trkpt>
   <trkpt lat="43.88096500249675" lon="4.968230002818858">
    <ele>49.85</ele>
   </trkpt>
   <trkpt lat="43.88118" lon="4.9674700000000005">
    <ele>49.85</ele>
   </trkpt>
   <trkpt lat="43.881495005525935" lon="4.966345005920241">
    <ele>49.660000000000004</ele>
   </trkpt>
   <trkpt lat="43.88181" lon="4.96522">
    <ele>49.660000000000004</ele>
   </trkpt>
   <trkpt lat="43.8822999999459" lon="4.965135000713959">
    <ele>48.85</ele>
   </trkpt>
   <trkpt lat="43.88279000000001" lon="4.965050000000001">
    <ele>48.85</ele>
   </trkpt>
   <trkpt lat="43.882830000000006" lon="4.9650300000000005">
    <ele>48.85</ele>
   </trkpt>
   <trkpt lat="43.883050000000004" lon="4.96487">
    <ele>48.95</ele>
   </trkpt>
   <trkpt lat="43.88299000000001" lon="4.96455">
    <ele>49.160000000000004</ele>
   </trkpt>
   <trkpt lat="43.882870000000004" lon="4.964460000000001">
    <ele>49.160000000000004</ele>
   </trkpt>
   <trkpt lat="43.88279000000001" lon="4.964370000000001">
    <ele>49.160000000000004</ele>
   </trkpt>
   <trkpt lat="43.88273" lon="4.964250000000001">
    <ele>49.160000000000004</ele>
   </trkpt>
   <trkpt lat="43.882515002533" lon="4.963484997173126">
    <ele>49.160000000000004</ele>
   </trkpt>
   <trkpt lat="43.8823" lon="4.96272">
    <ele>49.160000000000004</ele>
   </trkpt>
   <trkpt lat="43.88211500147862" lon="4.962144998329733">
    <ele>49.160000000000004</ele>
   </trkpt>
   <trkpt lat="43.881930000000004" lon="4.96157">
    <ele>49.160000000000004</ele>
   </trkpt>
   <trkpt lat="43.881690000000006" lon="4.96065">
    <ele>48.32</ele>
   </trkpt>
   <trkpt lat="43.88167000000001" lon="4.960310000000001">
    <ele>48.32</ele>
   </trkpt>
   <trkpt lat="43.881690000000006" lon="4.960120000000001">
    <ele>48.32</ele>
   </trkpt>
   <trkpt lat="43.88192" lon="4.959210000000001">
    <ele>48.32</ele>
   </trkpt>
   <trkpt lat="43.88196000000001" lon="4.95882">
    <ele>48.32</ele>
   </trkpt>
   <trkpt lat="43.88226000287094" lon="4.958005004172169">
    <ele>48.32</ele>
   </trkpt>
   <trkpt lat="43.882560000000005" lon="4.957190000000001">
    <ele>48.32</ele>
   </trkpt>
   <trkpt lat="43.882780000000004" lon="4.95675">
    <ele>48.32</ele>
   </trkpt>
   <trkpt lat="43.88332000311253" lon="4.955910007557909">
    <ele>48.230000000000004</ele>
   </trkpt>
   <trkpt lat="43.883860000000006" lon="4.95507">
    <ele>48.690000000000005</ele>
   </trkpt>
   <trkpt lat="43.88403" lon="4.95474">
    <ele>48.690000000000005</ele>
   </trkpt>
   <trkpt lat="43.884040000000006" lon="4.954610000000001">
    <ele>48.690000000000005</ele>
   </trkpt>
   <trkpt lat="43.88403" lon="4.95448">
    <ele>48.690000000000005</ele>
   </trkpt>
   <trkpt lat="43.883990000000004" lon="4.95427">
    <ele>48.690000000000005</ele>
   </trkpt>
   <trkpt lat="43.88401" lon="4.954070000000001">
    <ele>48.690000000000005</ele>
   </trkpt>
   <trkpt lat="43.884080000000004" lon="4.95394">
    <ele>48.510000000000005</ele>
   </trkpt>
   <trkpt lat="43.88444500109084" lon="4.953445003002373">
    <ele>48.510000000000005</ele>
   </trkpt>
   <trkpt lat="43.88481" lon="4.95295">
    <ele>48.510000000000005</ele>
   </trkpt>
   <trkpt lat="43.885310001651206" lon="4.952325005310874">
    <ele>48.2</ele>
   </trkpt>
   <trkpt lat="43.885810000000006" lon="4.951700000000001">
    <ele>48.2</ele>
   </trkpt>
   <trkpt lat="43.88588" lon="4.9515400000000005">
    <ele>48.2</ele>
   </trkpt>
   <trkpt lat="43.886010000000006" lon="4.951040000000001">
    <ele>46.330000000000005</ele>
   </trkpt>
   <trkpt lat="43.886250000000004" lon="4.95026">
    <ele>46.330000000000005</ele>
   </trkpt>
   <trkpt lat="43.88662" lon="4.94925">
    <ele>46.330000000000005</ele>
   </trkpt>
   <trkpt lat="43.886947511985014" lon="4.9482925158133595">
    <ele>46.330000000000005</ele>
   </trkpt>
   <trkpt lat="43.88727501597559" lon="4.947335021097762">
    <ele>45.910000000000004</ele>
   </trkpt>
   <trkpt lat="43.88760251197155" lon="4.946377515853225">
    <ele>45.910000000000004</ele>
   </trkpt>
   <trkpt lat="43.887930000000004" lon="4.94542">
    <ele>45.910000000000004</ele>
   </trkpt>
   <trkpt lat="43.88819" lon="4.94484">
    <ele>45.910000000000004</ele>
   </trkpt>
   <trkpt lat="43.88855" lon="4.944380000000001">
    <ele>45.910000000000004</ele>
   </trkpt>
   <trkpt lat="43.88923000544935" lon="4.943586684826693">
    <ele>45.02</ele>
   </trkpt>
   <trkpt lat="43.88991000541058" lon="4.9427933515389215">
    <ele>45.02</ele>
   </trkpt>
   <trkpt lat="43.89059" lon="4.942">
    <ele>46.540000000000006</ele>
   </trkpt>
   <trkpt lat="43.89081" lon="4.94169">
    <ele>46.540000000000006</ele>
   </trkpt>
   <trkpt lat="43.89126000128822" lon="4.941170003802721">
    <ele>45.67</ele>
   </trkpt>
   <trkpt lat="43.89171" lon="4.940650000000001">
    <ele>46.92</ele>
   </trkpt>
   <trkpt lat="43.89208000000001" lon="4.94019">
    <ele>51.190000000000005</ele>
   </trkpt>
   <trkpt lat="43.89217" lon="4.94015">
    <ele>51.190000000000005</ele>
   </trkpt>
   <trkpt lat="43.8922" lon="4.94017">
    <ele>51.190000000000005</ele>
   </trkpt>
   <trkpt lat="43.89222" lon="4.9400200000000005">
    <ele>51.190000000000005</ele>
   </trkpt>
   <trkpt lat="43.8922" lon="4.939830000000001">
    <ele>51.190000000000005</ele>
   </trkpt>
   <trkpt lat="43.892" lon="4.93876">
    <ele>51.190000000000005</ele>
   </trkpt>
   <trkpt lat="43.89202" lon="4.93777">
    <ele>47.650000000000006</ele>
   </trkpt>
   <trkpt lat="43.892010000000006" lon="4.93696">
    <ele>47.650000000000006</ele>
   </trkpt>
   <trkpt lat="43.891980000000004" lon="4.9366">
    <ele>47.650000000000006</ele>
   </trkpt>
   <trkpt lat="43.891830000000006" lon="4.93562">
    <ele>47.650000000000006</ele>
   </trkpt>
   <trkpt lat="43.89175" lon="4.93519">
    <ele>46.86000000000001</ele>
   </trkpt>
   <trkpt lat="43.89168" lon="4.93499">
    <ele>46.86000000000001</ele>
   </trkpt>
   <trkpt lat="43.891760000000005" lon="4.93482">
    <ele>49.150000000000006</ele>
   </trkpt>
   <trkpt lat="43.891850000000005" lon="4.93477">
    <ele>50.080000000000005</ele>
   </trkpt>
   <trkpt lat="43.89191" lon="4.934780000000001">
    <ele>50.080000000000005</ele>
   </trkpt>
   <trkpt lat="43.892160000000004" lon="4.93459">
    <ele>52.050000000000004</ele>
   </trkpt>
   <trkpt lat="43.89186251590244" lon="4.933487483490557">
    <ele>54.410000000000004</ele>
   </trkpt>
   <trkpt lat="43.89156502120531" lon="4.932384977995455">
    <ele>51.47</ele>
   </trkpt>
   <trkpt lat="43.89126751590884" lon="4.931282483514861">
    <ele>51.47</ele>
   </trkpt>
   <trkpt lat="43.89097" lon="4.93018">
    <ele>53.51</ele>
   </trkpt>
   <trkpt lat="43.89068" lon="4.929130000000001">
    <ele>53.51</ele>
   </trkpt>
   <trkpt lat="43.89059" lon="4.92888">
    <ele>53.51</ele>
   </trkpt>
   <trkpt lat="43.89041" lon="4.9285000000000005">
    <ele>54.31</ele>
   </trkpt>
   <trkpt lat="43.89021" lon="4.92818">
    <ele>54.31</ele>
   </trkpt>
   <trkpt lat="43.88998" lon="4.92797">
    <ele>54.31</ele>
   </trkpt>
   <trkpt lat="43.88987" lon="4.927910000000001">
    <ele>54.31</ele>
   </trkpt>
   <trkpt lat="43.8896" lon="4.927840000000001">
    <ele>54.31</ele>
   </trkpt>
   <trkpt lat="43.889320000000005" lon="4.92783">
    <ele>54.31</ele>
   </trkpt>
   <trkpt lat="43.88904" lon="4.9278">
    <ele>52.72</ele>
   </trkpt>
   <trkpt lat="43.888960000000004" lon="4.927770000000001">
    <ele>52.72</ele>
   </trkpt>
   <trkpt lat="43.88890000000001" lon="4.92769">
    <ele>49.27</ele>
   </trkpt>
   <trkpt lat="43.888850000000005" lon="4.9276">
    <ele>49.27</ele>
   </trkpt>
   <trkpt lat="43.88878500228318" lon="4.926874999113167">
    <ele>49.27</ele>
   </trkpt>
   <trkpt lat="43.888720000000006" lon="4.926150000000001">
    <ele>38.85</ele>
   </trkpt>
   <trkpt lat="43.88873" lon="4.9253100000000005">
    <ele>38.85</ele>
   </trkpt>
   <trkpt lat="43.88885500234829" lon="4.92458000138704">
    <ele>38.85</ele>
   </trkpt>
   <trkpt lat="43.888980000000004" lon="4.923850000000001">
    <ele>45.230000000000004</ele>
   </trkpt>
   <trkpt lat="43.889030000000005" lon="4.923430000000001">
    <ele>45.230000000000004</ele>
   </trkpt>
   <trkpt lat="43.88902" lon="4.922910000000001">
    <ele>44.79</ele>
   </trkpt>
   <trkpt lat="43.88929" lon="4.923">
    <ele>46.61000000000001</ele>
   </trkpt>
   <trkpt lat="43.88931" lon="4.922680000000001">
    <ele>46.61000000000001</ele>
   </trkpt>
   <trkpt lat="43.88924" lon="4.921880000000001">
    <ele>44.52</ele>
   </trkpt>
   <trkpt lat="43.88928000000001" lon="4.92149">
    <ele>44.52</ele>
   </trkpt>
   <trkpt lat="43.88922" lon="4.92063">
    <ele>41.61</ele>
   </trkpt>
   <trkpt lat="43.88922" lon="4.9203600000000005">
    <ele>41.61</ele>
   </trkpt>
   <trkpt lat="43.88933" lon="4.919770000000001">
    <ele>42.370000000000005</ele>
   </trkpt>
   <trkpt lat="43.889435001807165" lon="4.919130000998492">
    <ele>42.84</ele>
   </trkpt>
   <trkpt lat="43.889540000000004" lon="4.91849">
    <ele>42.84</ele>
   </trkpt>
   <trkpt lat="43.88955000000001" lon="4.9183200000000005">
    <ele>42.84</ele>
   </trkpt>
   <trkpt lat="43.88971" lon="4.91755">
    <ele>44.800000000000004</ele>
   </trkpt>
   <trkpt lat="43.88976" lon="4.9175">
    <ele>44.800000000000004</ele>
   </trkpt>
   <trkpt lat="43.88973" lon="4.91725">
    <ele>44.800000000000004</ele>
   </trkpt>
   <trkpt lat="43.8898" lon="4.91661">
    <ele>44.800000000000004</ele>
   </trkpt>
   <trkpt lat="43.88997000340145" lon="4.915725002596043">
    <ele>43.32</ele>
   </trkpt>
   <trkpt lat="43.89014" lon="4.914840000000001">
    <ele>43.32</ele>
   </trkpt>
   <trkpt lat="43.89018" lon="4.9144000000000005">
    <ele>43.29</ele>
   </trkpt>
   <trkpt lat="43.890280000000004" lon="4.9144000000000005">
    <ele>43.29</ele>
   </trkpt>
   <trkpt lat="43.890350000000005" lon="4.914440000000001">
    <ele>43.29</ele>
   </trkpt>
   <trkpt lat="43.890855000808294" lon="4.914849996584757">
    <ele>44.370000000000005</ele>
   </trkpt>
   <trkpt lat="43.891360000000006" lon="4.91526">
    <ele>44.370000000000005</ele>
   </trkpt>
   <trkpt lat="43.891420000000004" lon="4.91526">
    <ele>44.370000000000005</ele>
   </trkpt>
   <trkpt lat="43.8915" lon="4.91518">
    <ele>44.370000000000005</ele>
   </trkpt>
   <trkpt lat="43.89193" lon="4.91431">
    <ele>44.370000000000005</ele>
   </trkpt>
   <trkpt lat="43.89253500316256" lon="4.913455008720708">
    <ele>44.370000000000005</ele>
   </trkpt>
   <trkpt lat="43.89314" lon="4.9126">
    <ele>40.400000000000006</ele>
   </trkpt>
   <trkpt lat="43.89325" lon="4.912240000000001">
    <ele>40.400000000000006</ele>
   </trkpt>
   <trkpt lat="43.89329" lon="4.9119">
    <ele>40.400000000000006</ele>
   </trkpt>
   <trkpt lat="43.893280000000004" lon="4.911720000000001">
    <ele>40.400000000000006</ele>
   </trkpt>
   <trkpt lat="43.893170000000005" lon="4.91136">
    <ele>40.400000000000006</ele>
   </trkpt>
   <trkpt lat="43.893150000000006" lon="4.911180000000001">
    <ele>40.400000000000006</ele>
   </trkpt>
   <trkpt lat="43.89316" lon="4.910850000000001">
    <ele>40.400000000000006</ele>
   </trkpt>
   <trkpt lat="43.893260000000005" lon="4.91061">
    <ele>40.400000000000006</ele>
   </trkpt>
   <trkpt lat="43.89345" lon="4.91042">
    <ele>40.400000000000006</ele>
   </trkpt>
   <trkpt lat="43.893600000000006" lon="4.910360000000001">
    <ele>40.400000000000006</ele>
   </trkpt>
   <trkpt lat="43.893710000000006" lon="4.910360000000001">
    <ele>40.400000000000006</ele>
   </trkpt>
   <trkpt lat="43.89415" lon="4.9105300000000005">
    <ele>42.230000000000004</ele>
   </trkpt>
   <trkpt lat="43.89437" lon="4.9105300000000005">
    <ele>42.230000000000004</ele>
   </trkpt>
   <trkpt lat="43.894580000000005" lon="4.91042">
    <ele>42.25</ele>
   </trkpt>
   <trkpt lat="43.895070000000004" lon="4.909700000000001">
    <ele>41.97</ele>
   </trkpt>
   <trkpt lat="43.895540004813995" lon="4.908956678407342">
    <ele>41.97</ele>
   </trkpt>
   <trkpt lat="43.896010004809774" lon="4.908213345080842">
    <ele>39.720000000000006</ele>
   </trkpt>
   <trkpt lat="43.896480000000004" lon="4.90747">
    <ele>39.720000000000006</ele>
   </trkpt>
   <trkpt lat="43.89665" lon="4.907170000000001">
    <ele>39.720000000000006</ele>
   </trkpt>
   <trkpt lat="43.896620000000006" lon="4.90697">
    <ele>39.720000000000006</ele>
   </trkpt>
   <trkpt lat="43.896260000000005" lon="4.90636">
    <ele>40.21</ele>
   </trkpt>
   <trkpt lat="43.89616" lon="4.906160000000001">
    <ele>40.21</ele>
   </trkpt>
   <trkpt lat="43.89612" lon="4.90591">
    <ele>40.21</ele>
   </trkpt>
   <trkpt lat="43.896170000000005" lon="4.90561">
    <ele>40.21</ele>
   </trkpt>
   <trkpt lat="43.89645401607165" lon="4.904650018318935">
    <ele>40.21</ele>
   </trkpt>
   <trkpt lat="43.89673802410701" lon="4.903690027480399">
    <ele>40.21</ele>
   </trkpt>
   <trkpt lat="43.89702202410594" lon="4.902730027484473">
    <ele>40.21</ele>
   </trkpt>
   <trkpt lat="43.89730601606827" lon="4.90177001833124">
    <ele>40.21</ele>
   </trkpt>
   <trkpt lat="43.89759" lon="4.900810000000001">
    <ele>40.21</ele>
   </trkpt>
   <trkpt lat="43.89761" lon="4.90054">
    <ele>40.21</ele>
   </trkpt>
   <trkpt lat="43.897600000000004" lon="4.9004">
    <ele>40.21</ele>
   </trkpt>
   <trkpt lat="43.89744" lon="4.899850000000001">
    <ele>37.3</ele>
   </trkpt>
   <trkpt lat="43.89741" lon="4.899640000000001">
    <ele>37.3</ele>
   </trkpt>
   <trkpt lat="43.897450000000006" lon="4.899360000000001">
    <ele>37.3</ele>
   </trkpt>
   <trkpt lat="43.89763000000001" lon="4.898820000000001">
    <ele>37.3</ele>
   </trkpt>
   <trkpt lat="43.897740000000006" lon="4.898540000000001">
    <ele>37.3</ele>
   </trkpt>
   <trkpt lat="43.897850000000005" lon="4.898350000000001">
    <ele>37.3</ele>
   </trkpt>
   <trkpt lat="43.89860667021687" lon="4.897713349502005">
    <ele>37.3</ele>
   </trkpt>
   <trkpt lat="43.89936333689914" lon="4.897076682822513">
    <ele>37.3</ele>
   </trkpt>
   <trkpt lat="43.90012" lon="4.89644">
    <ele>37.3</ele>
   </trkpt>
   <trkpt lat="43.90026" lon="4.896400000000001">
    <ele>37.3</ele>
   </trkpt>
   <trkpt lat="43.900380000000006" lon="4.896400000000001">
    <ele>37.3</ele>
   </trkpt>
   <trkpt lat="43.900650000000006" lon="4.89644">
    <ele>37.3</ele>
   </trkpt>
   <trkpt lat="43.90074001836577" lon="4.895255005399588">
    <ele>36.63</ele>
   </trkpt>
   <trkpt lat="43.90083002448645" lon="4.894070007216089">
    <ele>36.63</ele>
   </trkpt>
   <trkpt lat="43.90092001836199" lon="4.892885005449967">
    <ele>35.61</ele>
   </trkpt>
   <trkpt lat="43.90101000000001" lon="4.8917">
    <ele>35.56</ele>
   </trkpt>
   <trkpt lat="43.901030000000006" lon="4.89132">
    <ele>35.56</ele>
   </trkpt>
   <trkpt lat="43.901" lon="4.89106">
    <ele>35.25</ele>
   </trkpt>
   <trkpt lat="43.900940000000006" lon="4.89088">
    <ele>35.25</ele>
   </trkpt>
   <trkpt lat="43.90101000000001" lon="4.8908000000000005">
    <ele>35.25</ele>
   </trkpt>
   <trkpt lat="43.901140000000005" lon="4.89031">
    <ele>35.33</ele>
   </trkpt>
   <trkpt lat="43.90147000264146" lon="4.889535004242479">
    <ele>35.33</ele>
   </trkpt>
   <trkpt lat="43.9018" lon="4.88876">
    <ele>35.33</ele>
   </trkpt>
   <trkpt lat="43.90205" lon="4.88783">
    <ele>35.33</ele>
   </trkpt>
   <trkpt lat="43.90244430786276" lon="4.886910036544031">
    <ele>35.33</ele>
   </trkpt>
   <trkpt lat="43.90283860834519" lon="4.885990060901828">
    <ele>34.13</ele>
   </trkpt>
   <trkpt lat="43.9032329014471" lon="4.885070073073291">
    <ele>34.13</ele>
   </trkpt>
   <trkpt lat="43.90362718716829" lon="4.884150073058321">
    <ele>34.13</ele>
   </trkpt>
   <trkpt lat="43.904021465508556" lon="4.883230060856814">
    <ele>34.13</ele>
   </trkpt>
   <trkpt lat="43.9044157364677" lon="4.882310036468669">
    <ele>34.13</ele>
   </trkpt>
   <trkpt lat="43.904810000000005" lon="4.881390000000001">
    <ele>32.14</ele>
   </trkpt>
   <trkpt lat="43.9052" lon="4.88056">
    <ele>32.14</ele>
   </trkpt>
   <trkpt lat="43.905530000000006" lon="4.87997">
    <ele>32.14</ele>
   </trkpt>
   <trkpt lat="43.90590500411294" lon="4.878995006225208">
    <ele>31.6</ele>
   </trkpt>
   <trkpt lat="43.90628" lon="4.87802">
    <ele>31.6</ele>
   </trkpt>
   <trkpt lat="43.906650010547594" lon="4.877122516708903">
    <ele>31.6</ele>
   </trkpt>
   <trkpt lat="43.907020014071136" lon="4.87622502226029">
    <ele>35.120000000000005</ele>
   </trkpt>
   <trkpt lat="43.90739001057042" lon="4.8753275166540915">
    <ele>35.120000000000005</ele>
   </trkpt>
   <trkpt lat="43.90776" lon="4.87443">
    <ele>35.120000000000005</ele>
   </trkpt>
   <trkpt lat="43.90805000232789" lon="4.873705003442076">
    <ele>34.59</ele>
   </trkpt>
   <trkpt lat="43.90834" lon="4.87298">
    <ele>34.59</ele>
   </trkpt>
   <trkpt lat="43.908695002492024" lon="4.8722300043899045">
    <ele>32.150000000000006</ele>
   </trkpt>
   <trkpt lat="43.90905" lon="4.87148">
    <ele>32.150000000000006</ele>
   </trkpt>
   <trkpt lat="43.90937" lon="4.87086">
    <ele>32.150000000000006</ele>
   </trkpt>
   <trkpt lat="43.90984000407184" lon="4.869890007723005">
    <ele>32.220000000000006</ele>
   </trkpt>
   <trkpt lat="43.91031" lon="4.86892">
    <ele>32.220000000000006</ele>
   </trkpt>
   <trkpt lat="43.91038" lon="4.868720000000001">
    <ele>32.220000000000006</ele>
   </trkpt>
   <trkpt lat="43.910410000000006" lon="4.86869">
    <ele>32.220000000000006</ele>
   </trkpt>
   <trkpt lat="43.910500000000006" lon="4.86868">
    <ele>32.220000000000006</ele>
   </trkpt>
   <trkpt lat="43.91072500296144" lon="4.8678600029918515">
    <ele>32.220000000000006</ele>
   </trkpt>
   <trkpt lat="43.91095000000001" lon="4.86704">
    <ele>32.220000000000006</ele>
   </trkpt>
   <trkpt lat="43.911314018284955" lon="4.866016025059437">
    <ele>32.220000000000006</ele>
   </trkpt>
   <trkpt lat="43.91167802742631" lon="4.864992037592975">
    <ele>31.110000000000003</ele>
   </trkpt>
   <trkpt lat="43.912042027423816" lon="4.863968037600617">
    <ele>31.110000000000003</ele>
   </trkpt>
   <trkpt lat="43.91240601827727" lon="4.862944025082362">
    <ele>31.110000000000003</ele>
   </trkpt>
   <trkpt lat="43.91277" lon="4.8619200000000005">
    <ele>31.110000000000003</ele>
   </trkpt>
   <trkpt lat="43.91281" lon="4.86183">
    <ele>31.110000000000003</ele>
   </trkpt>
   <trkpt lat="43.912510000000005" lon="4.861560000000001">
    <ele>31.110000000000003</ele>
   </trkpt>
   <trkpt lat="43.912400000000005" lon="4.86144">
    <ele>31.110000000000003</ele>
   </trkpt>
   <trkpt lat="43.91235" lon="4.8613">
    <ele>31.110000000000003</ele>
   </trkpt>
   <trkpt lat="43.912330000000004" lon="4.86113">
    <ele>31.110000000000003</ele>
   </trkpt>
   <trkpt lat="43.912670005417894" lon="4.860020006192206">
    <ele>31.110000000000003</ele>
   </trkpt>
   <trkpt lat="43.91301000000001" lon="4.858910000000001">
    <ele>28.940000000000005</ele>
   </trkpt>
   <trkpt lat="43.913120000000006" lon="4.85848">
    <ele>28.940000000000005</ele>
   </trkpt>
   <trkpt lat="43.91336001100656" lon="4.857356675715313">
    <ele>28.940000000000005</ele>
   </trkpt>
   <trkpt lat="43.913600011009166" lon="4.856233342369996">
    <ele>28.940000000000005</ele>
   </trkpt>
   <trkpt lat="43.91384" lon="4.855110000000001">
    <ele>28.940000000000005</ele>
   </trkpt>
   <trkpt lat="43.91424000979925" lon="4.854050014247087">
    <ele>27.430000000000003</ele>
   </trkpt>
   <trkpt lat="43.91464000980041" lon="4.852990014244273">
    <ele>27.430000000000003</ele>
   </trkpt>
   <trkpt lat="43.915040000000005" lon="4.85193">
    <ele>27.430000000000003</ele>
   </trkpt>
   <trkpt lat="43.915350000000004" lon="4.85118">
    <ele>27.430000000000003</ele>
   </trkpt>
   <trkpt lat="43.915605003006014" lon="4.850335003976518">
    <ele>27.430000000000003</ele>
   </trkpt>
   <trkpt lat="43.91586" lon="4.84949">
    <ele>25.720000000000002</ele>
   </trkpt>
   <trkpt lat="43.915870000000005" lon="4.84937">
    <ele>25.720000000000002</ele>
   </trkpt>
   <trkpt lat="43.91585333943715" lon="4.848533332836726">
    <ele>25.720000000000002</ele>
   </trkpt>
   <trkpt lat="43.915836672769935" lon="4.8476966661420375">
    <ele>25.720000000000002</ele>
   </trkpt>
   <trkpt lat="43.915820000000004" lon="4.84686">
    <ele>25.720000000000002</ele>
   </trkpt>
   <trkpt lat="43.916430000000005" lon="4.8466700000000005">
    <ele>27.71</ele>
   </trkpt>
   <trkpt lat="43.916500000000006" lon="4.84666">
    <ele>27.71</ele>
   </trkpt>
   <trkpt lat="43.91657" lon="4.84668">
    <ele>27.71</ele>
   </trkpt>
   <trkpt lat="43.917320000000004" lon="4.847060000000001">
    <ele>27.750000000000004</ele>
   </trkpt>
   <trkpt lat="43.917440000000006" lon="4.847090000000001">
    <ele>27.750000000000004</ele>
   </trkpt>
   <trkpt lat="43.91761" lon="4.84707">
    <ele>27.750000000000004</ele>
   </trkpt>
   <trkpt lat="43.91789000000001" lon="4.84691">
    <ele>27.64</ele>
   </trkpt>
   <trkpt lat="43.9183" lon="4.84677">
    <ele>27.64</ele>
   </trkpt>
   <trkpt lat="43.918400000000005" lon="4.8467">
    <ele>27.64</ele>
   </trkpt>
   <trkpt lat="43.91884" lon="4.84621">
    <ele>27.37</ele>
   </trkpt>
   <trkpt lat="43.91913" lon="4.845940000000001">
    <ele>27.37</ele>
   </trkpt>
   <trkpt lat="43.919730000518896" lon="4.845550004026693">
    <ele>27.37</ele>
   </trkpt>
   <trkpt lat="43.92033000000001" lon="4.845160000000001">
    <ele>25.7</ele>
   </trkpt>
   <trkpt lat="43.92061" lon="4.84506">
    <ele>25.7</ele>
   </trkpt>
   <trkpt lat="43.92078" lon="4.84503">
    <ele>25.7</ele>
   </trkpt>
   <trkpt lat="43.921020000000006" lon="4.844950000000001">
    <ele>25.7</ele>
   </trkpt>
   <trkpt lat="43.92125" lon="4.844790000000001">
    <ele>25.7</ele>
   </trkpt>
   <trkpt lat="43.921440000000004" lon="4.84454">
    <ele>25.7</ele>
   </trkpt>
   <trkpt lat="43.92179" lon="4.84382">
    <ele>24.8</ele>
   </trkpt>
   <trkpt lat="43.92192" lon="4.84367">
    <ele>24.8</ele>
   </trkpt>
   <trkpt lat="43.92201" lon="4.8436200000000005">
    <ele>24.8</ele>
   </trkpt>
   <trkpt lat="43.92248" lon="4.84349">
    <ele>24.8</ele>
   </trkpt>
   <trkpt lat="43.922560000000004" lon="4.8434800000000005">
    <ele>24.8</ele>
   </trkpt>
   <trkpt lat="43.92268000000001" lon="4.84349">
    <ele>24.8</ele>
   </trkpt>
   <trkpt lat="43.922790000000006" lon="4.8435500000000005">
    <ele>24.8</ele>
   </trkpt>
   <trkpt lat="43.923610000000004" lon="4.84375">
    <ele>25.820000000000004</ele>
   </trkpt>
   <trkpt lat="43.92399" lon="4.84386">
    <ele>25.86</ele>
   </trkpt>
   <trkpt lat="43.9245" lon="4.84396">
    <ele>26.650000000000002</ele>
   </trkpt>
   <trkpt lat="43.92504" lon="4.84412">
    <ele>26.650000000000002</ele>
   </trkpt>
   <trkpt lat="43.925450000000005" lon="4.844270000000001">
    <ele>25.460000000000004</ele>
   </trkpt>
   <trkpt lat="43.92586" lon="4.8445">
    <ele>25.32</ele>
   </trkpt>
   <trkpt lat="43.92589" lon="4.84431">
    <ele>25.41</ele>
   </trkpt>
   <trkpt lat="43.92598" lon="4.8441">
    <ele>25.41</ele>
   </trkpt>
   <trkpt lat="43.926010000000005" lon="4.84402">
    <ele>25.5</ele>
   </trkpt>
   <trkpt lat="43.92602" lon="4.84386">
    <ele>25.5</ele>
   </trkpt>
  </trkseg>
 </trk>
</gpx>
