<?xml version="1.0" encoding="UTF-8"?>
<gpx creator="StravaGPX" version="1.1" xmlns="http://www.topografix.com/GPX/1/1" xmlns:xsi="http://www.w3.org/2001/XMLSchema-instance" xsi:schemaLocation="http://www.topografix.com/GPX/1/1 http://www.topografix.com/GPX/1/1/gpx.xsd">
 <metadata>
  <name>KOTR_D2_NW_Long</name>
  <author>
   <name>Ian Thompson</name>
   <link href="https://www.strava.com/athletes/42632817"/>
  </author>
  <copyright author="OpenStreetMap contributors">
   <year>2020</year>
   <license>https://www.openstreetmap.org/copyright</license>
  </copyright>
  <link href="https://www.strava.com/routes/3477679341012358418"/>
 </metadata>
 <trk>
  <name>KOTR_D2_NW_Long</name>
  <link href="https://www.strava.com/routes/3477679341012358418"/>
  <type>cycling</type>
  <trkseg>
   <trkpt lat="43.926010000000005" lon="4.8439700000000006">
    <ele>25.460000000000004</ele>
   </trkpt>
   <trkpt lat="43.92598" lon="4.8441">
    <ele>25.460000000000004</ele>
   </trkpt>
   <trkpt lat="43.92589" lon="4.84431">
    <ele>25.35</ele>
   </trkpt>
   <trkpt lat="43.925740000000005" lon="4.84443">
    <ele>25.460000000000004</ele>
   </trkpt>
   <trkpt lat="43.925450000000005" lon="4.844270000000001">
    <ele>25.460000000000004</ele>
   </trkpt>
   <trkpt lat="43.92504" lon="4.84412">
    <ele>26.650000000000002</ele>
   </trkpt>
   <trkpt lat="43.9245" lon="4.84396">
    <ele>25.86</ele>
   </trkpt>
   <trkpt lat="43.92399" lon="4.84386">
    <ele>25.86</ele>
   </trkpt>
   <trkpt lat="43.923610000000004" lon="4.84375">
    <ele>25.820000000000004</ele>
   </trkpt>
   <trkpt lat="43.922790000000006" lon="4.8435500000000005">
    <ele>24.8</ele>
   </trkpt>
   <trkpt lat="43.92268000000001" lon="4.84349">
    <ele>24.8</ele>
   </trkpt>
   <trkpt lat="43.92291" lon="4.84262">
    <ele>23.950000000000003</ele>
   </trkpt>
   <trkpt lat="43.922850000000004" lon="4.8426100000000005">
    <ele>23.950000000000003</ele>
   </trkpt>
   <trkpt lat="43.922790000000006" lon="4.842630000000001">
    <ele>23.950000000000003</ele>
   </trkpt>
   <trkpt lat="43.92262" lon="4.8428">
    <ele>23.950000000000003</ele>
   </trkpt>
   <trkpt lat="43.92258" lon="4.84281">
    <ele>23.950000000000003</ele>
   </trkpt>
   <trkpt lat="43.92255" lon="4.842790000000001">
    <ele>23.950000000000003</ele>
   </trkpt>
   <trkpt lat="43.92249" lon="4.84266">
    <ele>23.950000000000003</ele>
   </trkpt>
   <trkpt lat="43.922430000000006" lon="4.842580000000001">
    <ele>23.950000000000003</ele>
   </trkpt>
   <trkpt lat="43.922000000673634" lon="4.842159996871081">
    <ele>23.950000000000003</ele>
   </trkpt>
   <trkpt lat="43.92157" lon="4.841740000000001">
    <ele>25.45</ele>
   </trkpt>
   <trkpt lat="43.921380000000006" lon="4.841500000000001">
    <ele>25.45</ele>
   </trkpt>
   <trkpt lat="43.921200000000006" lon="4.84102">
    <ele>25.45</ele>
   </trkpt>
   <trkpt lat="43.92099" lon="4.840680000000001">
    <ele>25.45</ele>
   </trkpt>
   <trkpt lat="43.920970000000004" lon="4.84051">
    <ele>25.45</ele>
   </trkpt>
   <trkpt lat="43.92116" lon="4.839370000000001">
    <ele>25.45</ele>
   </trkpt>
   <trkpt lat="43.92128" lon="4.839110000000001">
    <ele>23.810000000000002</ele>
   </trkpt>
   <trkpt lat="43.92166" lon="4.838570000000001">
    <ele>23.810000000000002</ele>
   </trkpt>
   <trkpt lat="43.921800000000005" lon="4.8382700000000005">
    <ele>23.810000000000002</ele>
   </trkpt>
   <trkpt lat="43.921960000000006" lon="4.83758">
    <ele>23.810000000000002</ele>
   </trkpt>
   <trkpt lat="43.92201" lon="4.83744">
    <ele>23.810000000000002</ele>
   </trkpt>
   <trkpt lat="43.92212000000001" lon="4.83724">
    <ele>25.59</ele>
   </trkpt>
   <trkpt lat="43.92228" lon="4.837020000000001">
    <ele>25.59</ele>
   </trkpt>
   <trkpt lat="43.922430000000006" lon="4.83671">
    <ele>25.59</ele>
   </trkpt>
   <trkpt lat="43.922520000000006" lon="4.8365">
    <ele>25.59</ele>
   </trkpt>
   <trkpt lat="43.92257" lon="4.8364400000000005">
    <ele>25.59</ele>
   </trkpt>
   <trkpt lat="43.92266" lon="4.836390000000001">
    <ele>25.59</ele>
   </trkpt>
   <trkpt lat="43.92316" lon="4.83628">
    <ele>25.51</ele>
   </trkpt>
   <trkpt lat="43.924040000000005" lon="4.836040000000001">
    <ele>24.900000000000002</ele>
   </trkpt>
   <trkpt lat="43.924240000000005" lon="4.83595">
    <ele>24.900000000000002</ele>
   </trkpt>
   <trkpt lat="43.924420000000005" lon="4.83584">
    <ele>24.900000000000002</ele>
   </trkpt>
   <trkpt lat="43.9249" lon="4.835380000000001">
    <ele>24.900000000000002</ele>
   </trkpt>
   <trkpt lat="43.925305000920986" lon="4.834945002858581">
    <ele>24.900000000000002</ele>
   </trkpt>
   <trkpt lat="43.92571" lon="4.834510000000001">
    <ele>24.610000000000003</ele>
   </trkpt>
   <trkpt lat="43.926105002053696" lon="4.833840004285563">
    <ele>24.610000000000003</ele>
   </trkpt>
   <trkpt lat="43.926500000000004" lon="4.83317">
    <ele>24.610000000000003</ele>
   </trkpt>
   <trkpt lat="43.925990000000006" lon="4.832540000000001">
    <ele>24.96</ele>
   </trkpt>
   <trkpt lat="43.925990000000006" lon="4.8324300000000004">
    <ele>24.96</ele>
   </trkpt>
   <trkpt lat="43.92555" lon="4.83175">
    <ele>26.390000000000004</ele>
   </trkpt>
   <trkpt lat="43.92528" lon="4.8312100000000004">
    <ele>26.390000000000004</ele>
   </trkpt>
   <trkpt lat="43.925250000000005" lon="4.8311">
    <ele>26.390000000000004</ele>
   </trkpt>
   <trkpt lat="43.925200000000004" lon="4.83105">
    <ele>26.390000000000004</ele>
   </trkpt>
   <trkpt lat="43.9255950037228" lon="4.830125006160854">
    <ele>25.380000000000003</ele>
   </trkpt>
   <trkpt lat="43.925990000000006" lon="4.8292">
    <ele>25.130000000000003</ele>
   </trkpt>
   <trkpt lat="43.926120000000004" lon="4.82887">
    <ele>25.130000000000003</ele>
   </trkpt>
   <trkpt lat="43.926190000000005" lon="4.8283700000000005">
    <ele>23.650000000000002</ele>
   </trkpt>
   <trkpt lat="43.92618" lon="4.8282300000000005">
    <ele>23.650000000000002</ele>
   </trkpt>
   <trkpt lat="43.92609" lon="4.828010000000001">
    <ele>23.650000000000002</ele>
   </trkpt>
   <trkpt lat="43.926860000000005" lon="4.82746">
    <ele>23.48</ele>
   </trkpt>
   <trkpt lat="43.927080000000004" lon="4.827260000000001">
    <ele>23.48</ele>
   </trkpt>
   <trkpt lat="43.927600001238595" lon="4.826720004754905">
    <ele>25.640000000000004</ele>
   </trkpt>
   <trkpt lat="43.92812000000001" lon="4.826180000000001">
    <ele>26.240000000000002</ele>
   </trkpt>
   <trkpt lat="43.92822" lon="4.826110000000001">
    <ele>26.53</ele>
   </trkpt>
   <trkpt lat="43.92862" lon="4.825900000000001">
    <ele>28.23</ele>
   </trkpt>
   <trkpt lat="43.92891" lon="4.825740000000001">
    <ele>28.650000000000002</ele>
   </trkpt>
   <trkpt lat="43.929050000000004" lon="4.825690000000001">
    <ele>28.650000000000002</ele>
   </trkpt>
   <trkpt lat="43.929080000000006" lon="4.825900000000001">
    <ele>28.650000000000002</ele>
   </trkpt>
   <trkpt lat="43.92924" lon="4.826300000000001">
    <ele>26.55</ele>
   </trkpt>
   <trkpt lat="43.92967" lon="4.82592">
    <ele>26.54</ele>
   </trkpt>
   <trkpt lat="43.93018000000001" lon="4.8257200000000005">
    <ele>26.390000000000004</ele>
   </trkpt>
   <trkpt lat="43.93027" lon="4.82559">
    <ele>26.36</ele>
   </trkpt>
   <trkpt lat="43.93034" lon="4.825670000000001">
    <ele>26.35</ele>
   </trkpt>
   <trkpt lat="43.930350000000004" lon="4.82575">
    <ele>26.35</ele>
   </trkpt>
   <trkpt lat="43.93061" lon="4.825740000000001">
    <ele>26.1</ele>
   </trkpt>
   <trkpt lat="43.930710000000005" lon="4.82568">
    <ele>26.050000000000004</ele>
   </trkpt>
   <trkpt lat="43.930820000000004" lon="4.82554">
    <ele>25.86</ele>
   </trkpt>
   <trkpt lat="43.930870000000006" lon="4.82544">
    <ele>25.86</ele>
   </trkpt>
   <trkpt lat="43.9309" lon="4.825270000000001">
    <ele>25.62</ele>
   </trkpt>
   <trkpt lat="43.93088" lon="4.82517">
    <ele>25.43</ele>
   </trkpt>
   <trkpt lat="43.930930000000004" lon="4.8247800000000005">
    <ele>24.810000000000002</ele>
   </trkpt>
   <trkpt lat="43.93088" lon="4.824120000000001">
    <ele>23.41</ele>
   </trkpt>
   <trkpt lat="43.930910000000004" lon="4.8239600000000005">
    <ele>23.41</ele>
   </trkpt>
   <trkpt lat="43.93099" lon="4.823810000000001">
    <ele>23.41</ele>
   </trkpt>
   <trkpt lat="43.931380000000004" lon="4.8232800000000005">
    <ele>23.450000000000003</ele>
   </trkpt>
   <trkpt lat="43.93153" lon="4.82287">
    <ele>23.450000000000003</ele>
   </trkpt>
   <trkpt lat="43.93166500226801" lon="4.822150001593615">
    <ele>24.400000000000002</ele>
   </trkpt>
   <trkpt lat="43.9318" lon="4.82143">
    <ele>23.62</ele>
   </trkpt>
   <trkpt lat="43.93189" lon="4.821160000000001">
    <ele>23.090000000000003</ele>
   </trkpt>
   <trkpt lat="43.932120000000005" lon="4.820620000000001">
    <ele>22.570000000000004</ele>
   </trkpt>
   <trkpt lat="43.932570000000005" lon="4.81984">
    <ele>21.980000000000004</ele>
   </trkpt>
   <trkpt lat="43.932860000000005" lon="4.81909">
    <ele>20.42</ele>
   </trkpt>
   <trkpt lat="43.933330000000005" lon="4.8181">
    <ele>20.64</ele>
   </trkpt>
   <trkpt lat="43.93343" lon="4.81794">
    <ele>20.950000000000003</ele>
   </trkpt>
   <trkpt lat="43.9337" lon="4.8176000000000005">
    <ele>21.060000000000002</ele>
   </trkpt>
   <trkpt lat="43.9339" lon="4.81744">
    <ele>21.060000000000002</ele>
   </trkpt>
   <trkpt lat="43.93394000000001" lon="4.817340000000001">
    <ele>20.96</ele>
   </trkpt>
   <trkpt lat="43.93395" lon="4.817200000000001">
    <ele>20.96</ele>
   </trkpt>
   <trkpt lat="43.934200000000004" lon="4.816660000000001">
    <ele>20.86</ele>
   </trkpt>
   <trkpt lat="43.93433" lon="4.81646">
    <ele>21.09</ele>
   </trkpt>
   <trkpt lat="43.93446" lon="4.81632">
    <ele>21.16</ele>
   </trkpt>
   <trkpt lat="43.93471" lon="4.8161700000000005">
    <ele>21.550000000000004</ele>
   </trkpt>
   <trkpt lat="43.93493" lon="4.816070000000001">
    <ele>21.910000000000004</ele>
   </trkpt>
   <trkpt lat="43.935320000000004" lon="4.8160300000000005">
    <ele>21.830000000000002</ele>
   </trkpt>
   <trkpt lat="43.93576" lon="4.8160300000000005">
    <ele>21.7</ele>
   </trkpt>
   <trkpt lat="43.935860000000005" lon="4.81602">
    <ele>21.730000000000004</ele>
   </trkpt>
   <trkpt lat="43.936020000000006" lon="4.8159600000000005">
    <ele>21.810000000000002</ele>
   </trkpt>
   <trkpt lat="43.936460000000004" lon="4.81557">
    <ele>22.250000000000004</ele>
   </trkpt>
   <trkpt lat="43.936840000000004" lon="4.815200000000001">
    <ele>22.44</ele>
   </trkpt>
   <trkpt lat="43.937290000000004" lon="4.814640000000001">
    <ele>21.75</ele>
   </trkpt>
   <trkpt lat="43.93777000081767" lon="4.814225003292439">
    <ele>21.890000000000004</ele>
   </trkpt>
   <trkpt lat="43.938250000000004" lon="4.81381">
    <ele>21.900000000000002</ele>
   </trkpt>
   <trkpt lat="43.93871000077887" lon="4.813375003409065">
    <ele>21.54</ele>
   </trkpt>
   <trkpt lat="43.939170000000004" lon="4.81294">
    <ele>22.0</ele>
   </trkpt>
   <trkpt lat="43.939510000000006" lon="4.81257">
    <ele>22.520000000000003</ele>
   </trkpt>
   <trkpt lat="43.94012" lon="4.811850000000001">
    <ele>22.650000000000002</ele>
   </trkpt>
   <trkpt lat="43.94042" lon="4.811590000000001">
    <ele>22.88</ele>
   </trkpt>
   <trkpt lat="43.94102" lon="4.811240000000001">
    <ele>22.54</ele>
   </trkpt>
   <trkpt lat="43.941230000000004" lon="4.81106">
    <ele>22.53</ele>
   </trkpt>
   <trkpt lat="43.94136" lon="4.810930000000001">
    <ele>22.81</ele>
   </trkpt>
   <trkpt lat="43.94185" lon="4.81053">
    <ele>23.13</ele>
   </trkpt>
   <trkpt lat="43.94263" lon="4.810040000000001">
    <ele>23.3</ele>
   </trkpt>
   <trkpt lat="43.94261" lon="4.809970000000001">
    <ele>23.270000000000003</ele>
   </trkpt>
   <trkpt lat="43.94263" lon="4.80989">
    <ele>23.26</ele>
   </trkpt>
   <trkpt lat="43.942840000000004" lon="4.809810000000001">
    <ele>23.32</ele>
   </trkpt>
   <trkpt lat="43.94258000000001" lon="4.8086400000000005">
    <ele>25.550000000000004</ele>
   </trkpt>
   <trkpt lat="43.94256" lon="4.808420000000001">
    <ele>25.550000000000004</ele>
   </trkpt>
   <trkpt lat="43.942530000000005" lon="4.807860000000001">
    <ele>24.87</ele>
   </trkpt>
   <trkpt lat="43.94263251931127" lon="4.806645006276057">
    <ele>24.990000000000002</ele>
   </trkpt>
   <trkpt lat="43.9427350257489" lon="4.805430008361983">
    <ele>24.150000000000002</ele>
   </trkpt>
   <trkpt lat="43.94283751931281" lon="4.804215006258277">
    <ele>24.1</ele>
   </trkpt>
   <trkpt lat="43.94294" lon="4.803000000000001">
    <ele>24.200000000000003</ele>
   </trkpt>
   <trkpt lat="43.94301000532405" lon="4.80189500130203">
    <ele>24.200000000000003</ele>
   </trkpt>
   <trkpt lat="43.94308" lon="4.80079">
    <ele>20.23</ele>
   </trkpt>
   <trkpt lat="43.94312" lon="4.800560000000001">
    <ele>20.23</ele>
   </trkpt>
   <trkpt lat="43.943220000000004" lon="4.8002400000000005">
    <ele>20.23</ele>
   </trkpt>
   <trkpt lat="43.94359" lon="4.79929">
    <ele>21.37</ele>
   </trkpt>
   <trkpt lat="43.943830001286564" lon="4.798730002449422">
    <ele>22.820000000000004</ele>
   </trkpt>
   <trkpt lat="43.94407" lon="4.798170000000001">
    <ele>22.820000000000004</ele>
   </trkpt>
   <trkpt lat="43.944160000000004" lon="4.798100000000001">
    <ele>22.820000000000004</ele>
   </trkpt>
   <trkpt lat="43.944720000000004" lon="4.79807">
    <ele>22.94</ele>
   </trkpt>
   <trkpt lat="43.94474" lon="4.79802">
    <ele>22.94</ele>
   </trkpt>
   <trkpt lat="43.944770000000005" lon="4.798">
    <ele>22.94</ele>
   </trkpt>
   <trkpt lat="43.94489" lon="4.798">
    <ele>22.94</ele>
   </trkpt>
   <trkpt lat="43.945240000000005" lon="4.79806">
    <ele>22.94</ele>
   </trkpt>
   <trkpt lat="43.9455" lon="4.79816">
    <ele>22.94</ele>
   </trkpt>
   <trkpt lat="43.94585" lon="4.7983400000000005">
    <ele>22.94</ele>
   </trkpt>
   <trkpt lat="43.946000000000005" lon="4.798450000000001">
    <ele>22.94</ele>
   </trkpt>
   <trkpt lat="43.946290000000005" lon="4.79875">
    <ele>23.94</ele>
   </trkpt>
   <trkpt lat="43.946740000000005" lon="4.799270000000001">
    <ele>23.94</ele>
   </trkpt>
   <trkpt lat="43.94726000000001" lon="4.799930000000001">
    <ele>23.990000000000002</ele>
   </trkpt>
   <trkpt lat="43.94727" lon="4.79999">
    <ele>23.840000000000003</ele>
   </trkpt>
   <trkpt lat="43.94735" lon="4.8000300000000005">
    <ele>23.94</ele>
   </trkpt>
   <trkpt lat="43.94738" lon="4.80006">
    <ele>23.94</ele>
   </trkpt>
   <trkpt lat="43.947410000000005" lon="4.800140000000001">
    <ele>23.94</ele>
   </trkpt>
   <trkpt lat="43.947480000000006" lon="4.80015">
    <ele>23.94</ele>
   </trkpt>
   <trkpt lat="43.94802000000001" lon="4.80063">
    <ele>22.03</ele>
   </trkpt>
   <trkpt lat="43.94820000000001" lon="4.8007">
    <ele>22.03</ele>
   </trkpt>
   <trkpt lat="43.94843" lon="4.8009200000000005">
    <ele>22.03</ele>
   </trkpt>
   <trkpt lat="43.94849000000001" lon="4.80102">
    <ele>22.03</ele>
   </trkpt>
   <trkpt lat="43.94863" lon="4.80114">
    <ele>22.03</ele>
   </trkpt>
   <trkpt lat="43.94917" lon="4.80152">
    <ele>21.51</ele>
   </trkpt>
   <trkpt lat="43.949200000000005" lon="4.80175">
    <ele>22.26</ele>
   </trkpt>
   <trkpt lat="43.949360000000006" lon="4.8019300000000005">
    <ele>21.800000000000004</ele>
   </trkpt>
   <trkpt lat="43.94944" lon="4.801900000000001">
    <ele>21.800000000000004</ele>
   </trkpt>
   <trkpt lat="43.949560000000005" lon="4.80182">
    <ele>21.800000000000004</ele>
   </trkpt>
   <trkpt lat="43.949580000000005" lon="4.80175">
    <ele>21.730000000000004</ele>
   </trkpt>
   <trkpt lat="43.94989" lon="4.80198">
    <ele>21.5</ele>
   </trkpt>
   <trkpt lat="43.950190000000006" lon="4.80213">
    <ele>22.21</ele>
   </trkpt>
   <trkpt lat="43.950230000000005" lon="4.80219">
    <ele>22.400000000000002</ele>
   </trkpt>
   <trkpt lat="43.950230000000005" lon="4.8024000000000004">
    <ele>23.180000000000003</ele>
   </trkpt>
   <trkpt lat="43.950390000000006" lon="4.80245">
    <ele>23.23</ele>
   </trkpt>
   <trkpt lat="43.95051" lon="4.802390000000001">
    <ele>22.96</ele>
   </trkpt>
   <trkpt lat="43.95067" lon="4.8025">
    <ele>22.860000000000003</ele>
   </trkpt>
   <trkpt lat="43.950700000000005" lon="4.8025">
    <ele>22.860000000000003</ele>
   </trkpt>
   <trkpt lat="43.95089" lon="4.802250000000001">
    <ele>20.360000000000003</ele>
   </trkpt>
   <trkpt lat="43.95089" lon="4.8020700000000005">
    <ele>20.360000000000003</ele>
   </trkpt>
   <trkpt lat="43.95092" lon="4.80198">
    <ele>20.360000000000003</ele>
   </trkpt>
   <trkpt lat="43.951187511256784" lon="4.801052512511173">
    <ele>20.360000000000003</ele>
   </trkpt>
   <trkpt lat="43.95145501501157" lon="4.800125016673045">
    <ele>22.94</ele>
   </trkpt>
   <trkpt lat="43.951722511264244" lon="4.799197512485699">
    <ele>22.94</ele>
   </trkpt>
   <trkpt lat="43.95199" lon="4.7982700000000005">
    <ele>22.96</ele>
   </trkpt>
   <trkpt lat="43.952180001545514" lon="4.7976750018965255">
    <ele>22.3</ele>
   </trkpt>
   <trkpt lat="43.95237" lon="4.79708">
    <ele>22.2</ele>
   </trkpt>
   <trkpt lat="43.95246" lon="4.79696">
    <ele>21.78</ele>
   </trkpt>
   <trkpt lat="43.952490000000004" lon="4.79696">
    <ele>21.78</ele>
   </trkpt>
   <trkpt lat="43.952650000000006" lon="4.7964400000000005">
    <ele>21.490000000000002</ele>
   </trkpt>
   <trkpt lat="43.95262" lon="4.79636">
    <ele>21.490000000000002</ele>
   </trkpt>
   <trkpt lat="43.952630000000006" lon="4.79623">
    <ele>21.490000000000002</ele>
   </trkpt>
   <trkpt lat="43.952780000000004" lon="4.795680000000001">
    <ele>21.87</ele>
   </trkpt>
   <trkpt lat="43.952990001336715" lon="4.79511000223124">
    <ele>16.42</ele>
   </trkpt>
   <trkpt lat="43.9532" lon="4.7945400000000005">
    <ele>16.42</ele>
   </trkpt>
   <trkpt lat="43.9535000053641" lon="4.793756674541697">
    <ele>16.42</ele>
   </trkpt>
   <trkpt lat="43.95380000537706" lon="4.792973341174626">
    <ele>17.79</ele>
   </trkpt>
   <trkpt lat="43.954100000000004" lon="4.792190000000001">
    <ele>21.37</ele>
   </trkpt>
   <trkpt lat="43.954170000000005" lon="4.79208">
    <ele>21.380000000000003</ele>
   </trkpt>
   <trkpt lat="43.95421" lon="4.79204">
    <ele>21.54</ele>
   </trkpt>
   <trkpt lat="43.954170000000005" lon="4.791980000000001">
    <ele>21.54</ele>
   </trkpt>
   <trkpt lat="43.95440000000001" lon="4.79164">
    <ele>25.66</ele>
   </trkpt>
   <trkpt lat="43.95454" lon="4.791320000000001">
    <ele>28.470000000000002</ele>
   </trkpt>
   <trkpt lat="43.95403" lon="4.7910200000000005">
    <ele>31.89</ele>
   </trkpt>
   <trkpt lat="43.95335000040625" lon="4.790764997128215">
    <ele>31.970000000000006</ele>
   </trkpt>
   <trkpt lat="43.952670000000005" lon="4.79051">
    <ele>39.43</ele>
   </trkpt>
   <trkpt lat="43.952540000000006" lon="4.79049">
    <ele>39.43</ele>
   </trkpt>
   <trkpt lat="43.95243000000001" lon="4.79051">
    <ele>39.43</ele>
   </trkpt>
   <trkpt lat="43.95226" lon="4.79049">
    <ele>39.43</ele>
   </trkpt>
   <trkpt lat="43.952000000000005" lon="4.79028">
    <ele>39.43</ele>
   </trkpt>
   <trkpt lat="43.951840000000004" lon="4.79026">
    <ele>39.43</ele>
   </trkpt>
   <trkpt lat="43.951080000000005" lon="4.789840000000001">
    <ele>29.990000000000002</ele>
   </trkpt>
   <trkpt lat="43.95071" lon="4.78957">
    <ele>29.990000000000002</ele>
   </trkpt>
   <trkpt lat="43.950540000000004" lon="4.7893300000000005">
    <ele>29.990000000000002</ele>
   </trkpt>
   <trkpt lat="43.95031500474783" lon="4.788284995979731">
    <ele>29.42</ele>
   </trkpt>
   <trkpt lat="43.95009" lon="4.787240000000001">
    <ele>27.92</ele>
   </trkpt>
   <trkpt lat="43.95006" lon="4.786910000000001">
    <ele>27.92</ele>
   </trkpt>
   <trkpt lat="43.95002" lon="4.78692">
    <ele>25.640000000000004</ele>
   </trkpt>
   <trkpt lat="43.95" lon="4.7868900000000005">
    <ele>25.640000000000004</ele>
   </trkpt>
   <trkpt lat="43.94989" lon="4.7868900000000005">
    <ele>24.830000000000002</ele>
   </trkpt>
   <trkpt lat="43.95" lon="4.7868900000000005">
    <ele>24.830000000000002</ele>
   </trkpt>
   <trkpt lat="43.95002" lon="4.78692">
    <ele>24.830000000000002</ele>
   </trkpt>
   <trkpt lat="43.95006" lon="4.786910000000001">
    <ele>25.640000000000004</ele>
   </trkpt>
   <trkpt lat="43.95009" lon="4.786860000000001">
    <ele>25.640000000000004</ele>
   </trkpt>
   <trkpt lat="43.950070000000004" lon="4.7868">
    <ele>25.640000000000004</ele>
   </trkpt>
   <trkpt lat="43.95016000199208" lon="4.7861250009818805">
    <ele>27.87</ele>
   </trkpt>
   <trkpt lat="43.950250000000004" lon="4.78545">
    <ele>29.42</ele>
   </trkpt>
   <trkpt lat="43.95024" lon="4.78531">
    <ele>29.42</ele>
   </trkpt>
   <trkpt lat="43.95006" lon="4.7847">
    <ele>29.42</ele>
   </trkpt>
   <trkpt lat="43.94982" lon="4.78411">
    <ele>26.070000000000004</ele>
   </trkpt>
   <trkpt lat="43.949780000000004" lon="4.78387">
    <ele>26.070000000000004</ele>
   </trkpt>
   <trkpt lat="43.94977" lon="4.78371">
    <ele>26.070000000000004</ele>
   </trkpt>
   <trkpt lat="43.9498" lon="4.78364">
    <ele>26.070000000000004</ele>
   </trkpt>
   <trkpt lat="43.94997" lon="4.783510000000001">
    <ele>25.11</ele>
   </trkpt>
   <trkpt lat="43.950010000000006" lon="4.7834">
    <ele>25.11</ele>
   </trkpt>
   <trkpt lat="43.94999000000001" lon="4.783200000000001">
    <ele>25.0</ele>
   </trkpt>
   <trkpt lat="43.94989" lon="4.7828100000000004">
    <ele>25.0</ele>
   </trkpt>
   <trkpt lat="43.94975000255764" lon="4.782039998034252">
    <ele>23.58</ele>
   </trkpt>
   <trkpt lat="43.94961000000001" lon="4.78127">
    <ele>23.540000000000003</ele>
   </trkpt>
   <trkpt lat="43.94943000000001" lon="4.7807200000000005">
    <ele>28.630000000000003</ele>
   </trkpt>
   <trkpt lat="43.949110000000005" lon="4.77989">
    <ele>28.630000000000003</ele>
   </trkpt>
   <trkpt lat="43.94903" lon="4.77977">
    <ele>28.630000000000003</ele>
   </trkpt>
   <trkpt lat="43.948710000000005" lon="4.7791500000000005">
    <ele>28.630000000000003</ele>
   </trkpt>
   <trkpt lat="43.94856" lon="4.77881">
    <ele>28.630000000000003</ele>
   </trkpt>
   <trkpt lat="43.9485" lon="4.778510000000001">
    <ele>28.630000000000003</ele>
   </trkpt>
   <trkpt lat="43.9484850019799" lon="4.777834999523816">
    <ele>27.470000000000002</ele>
   </trkpt>
   <trkpt lat="43.94847" lon="4.77716">
    <ele>27.470000000000002</ele>
   </trkpt>
   <trkpt lat="43.94849000000001" lon="4.77697">
    <ele>27.470000000000002</ele>
   </trkpt>
   <trkpt lat="43.94854" lon="4.77683">
    <ele>27.470000000000002</ele>
   </trkpt>
   <trkpt lat="43.9487" lon="4.7765200000000005">
    <ele>27.470000000000002</ele>
   </trkpt>
   <trkpt lat="43.94879" lon="4.776140000000001">
    <ele>27.470000000000002</ele>
   </trkpt>
   <trkpt lat="43.94886" lon="4.7751600000000005">
    <ele>26.21</ele>
   </trkpt>
   <trkpt lat="43.948980000000006" lon="4.77409">
    <ele>24.25</ele>
   </trkpt>
   <trkpt lat="43.949226675671355" lon="4.773073341809722">
    <ele>23.67</ele>
   </trkpt>
   <trkpt lat="43.949473342328886" lon="4.772056675180862">
    <ele>25.79</ele>
   </trkpt>
   <trkpt lat="43.949720000000006" lon="4.77104">
    <ele>25.79</ele>
   </trkpt>
   <trkpt lat="43.94971" lon="4.77066">
    <ele>24.830000000000002</ele>
   </trkpt>
   <trkpt lat="43.94984" lon="4.77059">
    <ele>23.67</ele>
   </trkpt>
   <trkpt lat="43.94990000000001" lon="4.770510000000001">
    <ele>23.67</ele>
   </trkpt>
   <trkpt lat="43.9502" lon="4.7699300000000004">
    <ele>26.220000000000002</ele>
   </trkpt>
   <trkpt lat="43.950390000000006" lon="4.7694">
    <ele>26.220000000000002</ele>
   </trkpt>
   <trkpt lat="43.95055000000001" lon="4.76869">
    <ele>28.540000000000003</ele>
   </trkpt>
   <trkpt lat="43.95064000000001" lon="4.76841">
    <ele>28.540000000000003</ele>
   </trkpt>
   <trkpt lat="43.95118" lon="4.767460000000001">
    <ele>28.540000000000003</ele>
   </trkpt>
   <trkpt lat="43.95140000000001" lon="4.7670200000000005">
    <ele>33.330000000000005</ele>
   </trkpt>
   <trkpt lat="43.951710000000006" lon="4.7659400000000005">
    <ele>33.330000000000005</ele>
   </trkpt>
   <trkpt lat="43.95178000000001" lon="4.765560000000001">
    <ele>41.84</ele>
   </trkpt>
   <trkpt lat="43.95188" lon="4.765300000000001">
    <ele>41.84</ele>
   </trkpt>
   <trkpt lat="43.95197" lon="4.76478">
    <ele>41.84</ele>
   </trkpt>
   <trkpt lat="43.951930000000004" lon="4.7644">
    <ele>41.84</ele>
   </trkpt>
   <trkpt lat="43.95176" lon="4.76379">
    <ele>41.84</ele>
   </trkpt>
   <trkpt lat="43.95139" lon="4.762790000000001">
    <ele>29.960000000000004</ele>
   </trkpt>
   <trkpt lat="43.95129" lon="4.76234">
    <ele>29.960000000000004</ele>
   </trkpt>
   <trkpt lat="43.95114" lon="4.76144">
    <ele>29.960000000000004</ele>
   </trkpt>
   <trkpt lat="43.95105" lon="4.76083">
    <ele>29.41</ele>
   </trkpt>
   <trkpt lat="43.95093000000001" lon="4.759720000000001">
    <ele>28.0</ele>
   </trkpt>
   <trkpt lat="43.950790000000005" lon="4.759410000000001">
    <ele>26.88</ele>
   </trkpt>
   <trkpt lat="43.95062" lon="4.75893">
    <ele>26.88</ele>
   </trkpt>
   <trkpt lat="43.95029" lon="4.75821">
    <ele>31.060000000000002</ele>
   </trkpt>
   <trkpt lat="43.95015" lon="4.75786">
    <ele>31.060000000000002</ele>
   </trkpt>
   <trkpt lat="43.95009" lon="4.7578000000000005">
    <ele>31.060000000000002</ele>
   </trkpt>
   <trkpt lat="43.949980000000004" lon="4.7578000000000005">
    <ele>31.060000000000002</ele>
   </trkpt>
   <trkpt lat="43.94971" lon="4.75792">
    <ele>31.060000000000002</ele>
   </trkpt>
   <trkpt lat="43.94921499998328" lon="4.758065001239337">
    <ele>31.060000000000002</ele>
   </trkpt>
   <trkpt lat="43.94872" lon="4.75821">
    <ele>31.060000000000002</ele>
   </trkpt>
   <trkpt lat="43.94841" lon="4.75839">
    <ele>31.060000000000002</ele>
   </trkpt>
   <trkpt lat="43.948130000000006" lon="4.758380000000001">
    <ele>24.07</ele>
   </trkpt>
   <trkpt lat="43.947680000000005" lon="4.75816">
    <ele>24.07</ele>
   </trkpt>
   <trkpt lat="43.94711" lon="4.75753">
    <ele>24.07</ele>
   </trkpt>
   <trkpt lat="43.9468" lon="4.75706">
    <ele>24.07</ele>
   </trkpt>
   <trkpt lat="43.94644" lon="4.7567200000000005">
    <ele>24.07</ele>
   </trkpt>
   <trkpt lat="43.946220000000004" lon="4.75654">
    <ele>26.770000000000003</ele>
   </trkpt>
   <trkpt lat="43.94561" lon="4.756340000000001">
    <ele>26.770000000000003</ele>
   </trkpt>
   <trkpt lat="43.945510000000006" lon="4.75633">
    <ele>26.770000000000003</ele>
   </trkpt>
   <trkpt lat="43.945310000000006" lon="4.75638">
    <ele>26.770000000000003</ele>
   </trkpt>
   <trkpt lat="43.945220000000006" lon="4.75637">
    <ele>26.770000000000003</ele>
   </trkpt>
   <trkpt lat="43.944860000000006" lon="4.756130000000001">
    <ele>26.770000000000003</ele>
   </trkpt>
   <trkpt lat="43.94458" lon="4.75598">
    <ele>22.240000000000002</ele>
   </trkpt>
   <trkpt lat="43.94411" lon="4.755780000000001">
    <ele>22.240000000000002</ele>
   </trkpt>
   <trkpt lat="43.944" lon="4.755750000000001">
    <ele>22.240000000000002</ele>
   </trkpt>
   <trkpt lat="43.94389" lon="4.755780000000001">
    <ele>22.240000000000002</ele>
   </trkpt>
   <trkpt lat="43.94373" lon="4.75589">
    <ele>22.240000000000002</ele>
   </trkpt>
   <trkpt lat="43.9436" lon="4.755940000000001">
    <ele>22.240000000000002</ele>
   </trkpt>
   <trkpt lat="43.943430000000006" lon="4.75591">
    <ele>22.240000000000002</ele>
   </trkpt>
   <trkpt lat="43.94321" lon="4.7558300000000004">
    <ele>21.400000000000002</ele>
   </trkpt>
   <trkpt lat="43.943090000000005" lon="4.75574">
    <ele>21.400000000000002</ele>
   </trkpt>
   <trkpt lat="43.94299" lon="4.755470000000001">
    <ele>21.400000000000002</ele>
   </trkpt>
   <trkpt lat="43.94297" lon="4.75495">
    <ele>21.400000000000002</ele>
   </trkpt>
   <trkpt lat="43.94294" lon="4.754840000000001">
    <ele>21.400000000000002</ele>
   </trkpt>
   <trkpt lat="43.942820000000005" lon="4.754530000000001">
    <ele>21.400000000000002</ele>
   </trkpt>
   <trkpt lat="43.942690000000006" lon="4.75429">
    <ele>23.98</ele>
   </trkpt>
   <trkpt lat="43.94249000000001" lon="4.7540700000000005">
    <ele>23.98</ele>
   </trkpt>
   <trkpt lat="43.942030000191615" lon="4.753759997448157">
    <ele>23.98</ele>
   </trkpt>
   <trkpt lat="43.941570000000006" lon="4.75345">
    <ele>24.0</ele>
   </trkpt>
   <trkpt lat="43.9412" lon="4.75323">
    <ele>24.0</ele>
   </trkpt>
   <trkpt lat="43.940780000000004" lon="4.753100000000001">
    <ele>24.0</ele>
   </trkpt>
   <trkpt lat="43.94013000008353" lon="4.753003331220027">
    <ele>24.0</ele>
   </trkpt>
   <trkpt lat="43.93948000008556" lon="4.752906664553694">
    <ele>24.0</ele>
   </trkpt>
   <trkpt lat="43.93883" lon="4.75281">
    <ele>29.370000000000005</ele>
   </trkpt>
   <trkpt lat="43.93838" lon="4.75297">
    <ele>29.370000000000005</ele>
   </trkpt>
   <trkpt lat="43.93824" lon="4.75293">
    <ele>29.370000000000005</ele>
   </trkpt>
   <trkpt lat="43.93811" lon="4.752750000000001">
    <ele>29.370000000000005</ele>
   </trkpt>
   <trkpt lat="43.937920000000005" lon="4.75236">
    <ele>29.370000000000005</ele>
   </trkpt>
   <trkpt lat="43.937870000000004" lon="4.75229">
    <ele>29.370000000000005</ele>
   </trkpt>
   <trkpt lat="43.93779000000001" lon="4.75225">
    <ele>29.370000000000005</ele>
   </trkpt>
   <trkpt lat="43.93775" lon="4.75225">
    <ele>29.370000000000005</ele>
   </trkpt>
   <trkpt lat="43.937310000511516" lon="4.75260500265756">
    <ele>27.540000000000003</ele>
   </trkpt>
   <trkpt lat="43.936870000000006" lon="4.752960000000001">
    <ele>24.25</ele>
   </trkpt>
   <trkpt lat="43.93667000138427" lon="4.752389997990488">
    <ele>23.3</ele>
   </trkpt>
   <trkpt lat="43.93647000000001" lon="4.75182">
    <ele>23.3</ele>
   </trkpt>
   <trkpt lat="43.93622500169036" lon="4.751189997300803">
    <ele>21.57</ele>
   </trkpt>
   <trkpt lat="43.93598" lon="4.75056">
    <ele>21.57</ele>
   </trkpt>
   <trkpt lat="43.935570003617585" lon="4.7496449936176655">
    <ele>20.76</ele>
   </trkpt>
   <trkpt lat="43.93516" lon="4.74873">
    <ele>20.76</ele>
   </trkpt>
   <trkpt lat="43.93502" lon="4.748430000000001">
    <ele>20.75</ele>
   </trkpt>
   <trkpt lat="43.9345233406957" lon="4.7475099845977216">
    <ele>21.240000000000002</ele>
   </trkpt>
   <trkpt lat="43.93402667401014" lon="4.7465899845629895">
    <ele>21.240000000000002</ele>
   </trkpt>
   <trkpt lat="43.933530000000005" lon="4.7456700000000005">
    <ele>21.240000000000002</ele>
   </trkpt>
   <trkpt lat="43.933170000000004" lon="4.745150000000001">
    <ele>21.240000000000002</ele>
   </trkpt>
   <trkpt lat="43.93265" lon="4.74455">
    <ele>29.6</ele>
   </trkpt>
   <trkpt lat="43.932010000924684" lon="4.744074994844537">
    <ele>29.6</ele>
   </trkpt>
   <trkpt lat="43.93137" lon="4.743600000000001">
    <ele>29.6</ele>
   </trkpt>
   <trkpt lat="43.930780000000006" lon="4.743130000000001">
    <ele>29.6</ele>
   </trkpt>
   <trkpt lat="43.93012" lon="4.74253">
    <ele>29.6</ele>
   </trkpt>
   <trkpt lat="43.92961500130284" lon="4.741964995103175">
    <ele>29.6</ele>
   </trkpt>
   <trkpt lat="43.92911" lon="4.7414000000000005">
    <ele>29.6</ele>
   </trkpt>
   <trkpt lat="43.928540000000005" lon="4.740620000000001">
    <ele>27.82</ele>
   </trkpt>
   <trkpt lat="43.928200000000004" lon="4.740080000000001">
    <ele>27.82</ele>
   </trkpt>
   <trkpt lat="43.927670004107355" lon="4.73910499124322">
    <ele>27.82</ele>
   </trkpt>
   <trkpt lat="43.92714" lon="4.73813">
    <ele>27.82</ele>
   </trkpt>
   <trkpt lat="43.926930000000006" lon="4.73779">
    <ele>27.82</ele>
   </trkpt>
   <trkpt lat="43.92662000000001" lon="4.73735">
    <ele>27.82</ele>
   </trkpt>
   <trkpt lat="43.92636" lon="4.73704">
    <ele>27.82</ele>
   </trkpt>
   <trkpt lat="43.926280000000006" lon="4.7367300000000006">
    <ele>27.17</ele>
   </trkpt>
   <trkpt lat="43.926230000000004" lon="4.736610000000001">
    <ele>27.21</ele>
   </trkpt>
   <trkpt lat="43.925795002216425" lon="4.735889994662126">
    <ele>27.21</ele>
   </trkpt>
   <trkpt lat="43.925360000000005" lon="4.73517">
    <ele>27.21</ele>
   </trkpt>
   <trkpt lat="43.924800000000005" lon="4.7342">
    <ele>27.21</ele>
   </trkpt>
   <trkpt lat="43.924440001383104" lon="4.733624996426872">
    <ele>27.21</ele>
   </trkpt>
   <trkpt lat="43.924080000000004" lon="4.73305">
    <ele>26.38</ele>
   </trkpt>
   <trkpt lat="43.92376" lon="4.732600000000001">
    <ele>26.38</ele>
   </trkpt>
   <trkpt lat="43.92356" lon="4.73235">
    <ele>26.38</ele>
   </trkpt>
   <trkpt lat="43.92334" lon="4.7321800000000005">
    <ele>26.38</ele>
   </trkpt>
   <trkpt lat="43.923030000000004" lon="4.731990000000001">
    <ele>26.38</ele>
   </trkpt>
   <trkpt lat="43.922880000000006" lon="4.731820000000001">
    <ele>26.38</ele>
   </trkpt>
   <trkpt lat="43.922760000000004" lon="4.73155">
    <ele>26.38</ele>
   </trkpt>
   <trkpt lat="43.922540000000005" lon="4.7308900000000005">
    <ele>26.38</ele>
   </trkpt>
   <trkpt lat="43.922470000000004" lon="4.73074">
    <ele>26.38</ele>
   </trkpt>
   <trkpt lat="43.92239" lon="4.73062">
    <ele>26.38</ele>
   </trkpt>
   <trkpt lat="43.92212000000001" lon="4.730300000000001">
    <ele>26.38</ele>
   </trkpt>
   <trkpt lat="43.922000000000004" lon="4.73013">
    <ele>26.38</ele>
   </trkpt>
   <trkpt lat="43.92174000181366" lon="4.729479997088026">
    <ele>26.38</ele>
   </trkpt>
   <trkpt lat="43.92148" lon="4.72883">
    <ele>22.840000000000003</ele>
   </trkpt>
   <trkpt lat="43.921310000000005" lon="4.72803">
    <ele>22.840000000000003</ele>
   </trkpt>
   <trkpt lat="43.92123" lon="4.72776">
    <ele>22.840000000000003</ele>
   </trkpt>
   <trkpt lat="43.92096500185827" lon="4.727094996862541">
    <ele>22.840000000000003</ele>
   </trkpt>
   <trkpt lat="43.920700000000004" lon="4.726430000000001">
    <ele>22.840000000000003</ele>
   </trkpt>
   <trkpt lat="43.920570000000005" lon="4.72616">
    <ele>20.880000000000003</ele>
   </trkpt>
   <trkpt lat="43.920280000000005" lon="4.725650000000001">
    <ele>20.880000000000003</ele>
   </trkpt>
   <trkpt lat="43.91986501199253" lon="4.724692479964387">
    <ele>20.880000000000003</ele>
   </trkpt>
   <trkpt lat="43.91945001598988" lon="4.723734973285913">
    <ele>17.380000000000003</ele>
   </trkpt>
   <trkpt lat="43.919035011992285" lon="4.722777479964456">
    <ele>17.380000000000003</ele>
   </trkpt>
   <trkpt lat="43.918620000000004" lon="4.72182">
    <ele>17.380000000000003</ele>
   </trkpt>
   <trkpt lat="43.918470000000006" lon="4.721570000000001">
    <ele>17.380000000000003</ele>
   </trkpt>
   <trkpt lat="43.91811000103936" lon="4.721104997311358">
    <ele>20.42</ele>
   </trkpt>
   <trkpt lat="43.917750000000005" lon="4.72064">
    <ele>20.42</ele>
   </trkpt>
   <trkpt lat="43.917320000000004" lon="4.71996">
    <ele>20.42</ele>
   </trkpt>
   <trkpt lat="43.91714" lon="4.71971">
    <ele>20.42</ele>
   </trkpt>
   <trkpt lat="43.91672000090665" lon="4.719249996735676">
    <ele>20.560000000000002</ele>
   </trkpt>
   <trkpt lat="43.91630000000001" lon="4.71879">
    <ele>20.1</ele>
   </trkpt>
   <trkpt lat="43.91594000061738" lon="4.7183799973879585">
    <ele>20.1</ele>
   </trkpt>
   <trkpt lat="43.915580000000006" lon="4.71797">
    <ele>20.1</ele>
   </trkpt>
   <trkpt lat="43.915240000000004" lon="4.71753">
    <ele>20.1</ele>
   </trkpt>
   <trkpt lat="43.91488500139924" lon="4.716984996908656">
    <ele>20.1</ele>
   </trkpt>
   <trkpt lat="43.914530000000006" lon="4.71644">
    <ele>20.1</ele>
   </trkpt>
   <trkpt lat="43.914050014827595" lon="4.715517970255902">
    <ele>20.1</ele>
   </trkpt>
   <trkpt lat="43.91357002224175" lon="4.714595955385307">
    <ele>20.1</ele>
   </trkpt>
   <trkpt lat="43.913090022242756" lon="4.713673955387957">
    <ele>23.21</ele>
   </trkpt>
   <trkpt lat="43.91261001483084" lon="4.712751970263593">
    <ele>23.21</ele>
   </trkpt>
   <trkpt lat="43.912130000000005" lon="4.71183">
    <ele>23.21</ele>
   </trkpt>
   <trkpt lat="43.91192" lon="4.711480000000001">
    <ele>23.21</ele>
   </trkpt>
   <trkpt lat="43.91152" lon="4.71089">
    <ele>23.21</ele>
   </trkpt>
   <trkpt lat="43.91131" lon="4.7106200000000005">
    <ele>23.21</ele>
   </trkpt>
   <trkpt lat="43.910970000000006" lon="4.71028">
    <ele>23.21</ele>
   </trkpt>
   <trkpt lat="43.910650000000004" lon="4.70988">
    <ele>23.21</ele>
   </trkpt>
   <trkpt lat="43.91006" lon="4.7091">
    <ele>23.49</ele>
   </trkpt>
   <trkpt lat="43.90988" lon="4.70891">
    <ele>23.49</ele>
   </trkpt>
   <trkpt lat="43.90937500100648" lon="4.70843999605256">
    <ele>22.770000000000003</ele>
   </trkpt>
   <trkpt lat="43.90887" lon="4.70797">
    <ele>22.770000000000003</ele>
   </trkpt>
   <trkpt lat="43.908730000000006" lon="4.707870000000001">
    <ele>22.770000000000003</ele>
   </trkpt>
   <trkpt lat="43.90818" lon="4.707730000000001">
    <ele>22.770000000000003</ele>
   </trkpt>
   <trkpt lat="43.907900000000005" lon="4.7077">
    <ele>22.770000000000003</ele>
   </trkpt>
   <trkpt lat="43.9078" lon="4.707660000000001">
    <ele>22.770000000000003</ele>
   </trkpt>
   <trkpt lat="43.90775" lon="4.707610000000001">
    <ele>22.770000000000003</ele>
   </trkpt>
   <trkpt lat="43.90767" lon="4.707470000000001">
    <ele>22.770000000000003</ele>
   </trkpt>
   <trkpt lat="43.90751" lon="4.7076400000000005">
    <ele>22.770000000000003</ele>
   </trkpt>
   <trkpt lat="43.90715" lon="4.707870000000001">
    <ele>20.78</ele>
   </trkpt>
   <trkpt lat="43.90697" lon="4.70793">
    <ele>20.78</ele>
   </trkpt>
   <trkpt lat="43.90682" lon="4.70795">
    <ele>20.78</ele>
   </trkpt>
   <trkpt lat="43.90659" lon="4.70793">
    <ele>19.669999999999998</ele>
   </trkpt>
   <trkpt lat="43.90645000000001" lon="4.707890000000001">
    <ele>19.669999999999998</ele>
   </trkpt>
   <trkpt lat="43.90632" lon="4.70783">
    <ele>19.669999999999998</ele>
   </trkpt>
   <trkpt lat="43.906040000000004" lon="4.707660000000001">
    <ele>19.669999999999998</ele>
   </trkpt>
   <trkpt lat="43.905260000000006" lon="4.707070000000001">
    <ele>19.669999999999998</ele>
   </trkpt>
   <trkpt lat="43.90485" lon="4.706670000000001">
    <ele>17.990000000000002</ele>
   </trkpt>
   <trkpt lat="43.904510001039135" lon="4.706194997364441">
    <ele>17.990000000000002</ele>
   </trkpt>
   <trkpt lat="43.90417" lon="4.70572">
    <ele>17.990000000000002</ele>
   </trkpt>
   <trkpt lat="43.90399" lon="4.70532">
    <ele>17.990000000000002</ele>
   </trkpt>
   <trkpt lat="43.903870000000005" lon="4.70485">
    <ele>17.990000000000002</ele>
   </trkpt>
   <trkpt lat="43.90384" lon="4.704490000000001">
    <ele>18.29</ele>
   </trkpt>
   <trkpt lat="43.9039" lon="4.70434">
    <ele>19.080000000000002</ele>
   </trkpt>
   <trkpt lat="43.903850000000006" lon="4.70418">
    <ele>18.930000000000003</ele>
   </trkpt>
   <trkpt lat="43.90377" lon="4.70413">
    <ele>18.930000000000003</ele>
   </trkpt>
   <trkpt lat="43.903360000000006" lon="4.70328">
    <ele>19.75</ele>
   </trkpt>
   <trkpt lat="43.90287000241819" lon="4.702529993774331">
    <ele>19.75</ele>
   </trkpt>
   <trkpt lat="43.90238" lon="4.70178">
    <ele>19.75</ele>
   </trkpt>
   <trkpt lat="43.90203333775549" lon="4.701066658328266">
    <ele>23.32</ele>
   </trkpt>
   <trkpt lat="43.90168667107369" lon="4.700353324963887">
    <ele>23.32</ele>
   </trkpt>
   <trkpt lat="43.901340000000005" lon="4.6996400000000005">
    <ele>23.32</ele>
   </trkpt>
   <trkpt lat="43.90124" lon="4.69946">
    <ele>23.32</ele>
   </trkpt>
   <trkpt lat="43.901030000000006" lon="4.6993100000000005">
    <ele>22.67</ele>
   </trkpt>
   <trkpt lat="43.90095" lon="4.69929">
    <ele>22.67</ele>
   </trkpt>
   <trkpt lat="43.90090000000001" lon="4.69923">
    <ele>21.51</ele>
   </trkpt>
   <trkpt lat="43.900830000000006" lon="4.6992">
    <ele>21.51</ele>
   </trkpt>
   <trkpt lat="43.90075" lon="4.6992">
    <ele>21.51</ele>
   </trkpt>
   <trkpt lat="43.900600000000004" lon="4.699120000000001">
    <ele>21.18</ele>
   </trkpt>
   <trkpt lat="43.90025000000001" lon="4.69848">
    <ele>21.18</ele>
   </trkpt>
   <trkpt lat="43.89986500138246" lon="4.697924996468037">
    <ele>16.77</ele>
   </trkpt>
   <trkpt lat="43.899480000000004" lon="4.69737">
    <ele>16.77</ele>
   </trkpt>
   <trkpt lat="43.899026669790885" lon="4.696776657702749">
    <ele>16.77</ele>
   </trkpt>
   <trkpt lat="43.89857333651181" lon="4.696183324440555">
    <ele>16.290000000000003</ele>
   </trkpt>
   <trkpt lat="43.898120000000006" lon="4.69559">
    <ele>16.290000000000003</ele>
   </trkpt>
   <trkpt lat="43.897780000000004" lon="4.69507">
    <ele>16.290000000000003</ele>
   </trkpt>
   <trkpt lat="43.89753" lon="4.694730000000001">
    <ele>14.75</ele>
   </trkpt>
   <trkpt lat="43.89726" lon="4.694330000000001">
    <ele>14.75</ele>
   </trkpt>
   <trkpt lat="43.89725000000001" lon="4.694120000000001">
    <ele>15.030000000000001</ele>
   </trkpt>
   <trkpt lat="43.897270000000006" lon="4.694030000000001">
    <ele>15.81</ele>
   </trkpt>
   <trkpt lat="43.89719000191916" lon="4.69336499903178">
    <ele>16.71</ele>
   </trkpt>
   <trkpt lat="43.897110000000005" lon="4.6927">
    <ele>17.09</ele>
   </trkpt>
   <trkpt lat="43.89701" lon="4.692220000000001">
    <ele>16.790000000000003</ele>
   </trkpt>
   <trkpt lat="43.896890000000006" lon="4.69186">
    <ele>15.97</ele>
   </trkpt>
   <trkpt lat="43.89669000000001" lon="4.691400000000001">
    <ele>15.57</ele>
   </trkpt>
   <trkpt lat="43.896370000000005" lon="4.69082">
    <ele>15.520000000000001</ele>
   </trkpt>
   <trkpt lat="43.89627" lon="4.690600000000001">
    <ele>15.690000000000003</ele>
   </trkpt>
   <trkpt lat="43.89623" lon="4.6904900000000005">
    <ele>15.9</ele>
   </trkpt>
   <trkpt lat="43.896240000000006" lon="4.69041">
    <ele>16.0</ele>
   </trkpt>
   <trkpt lat="43.89622000000001" lon="4.690370000000001">
    <ele>16.0</ele>
   </trkpt>
   <trkpt lat="43.896170000000005" lon="4.690320000000001">
    <ele>15.98</ele>
   </trkpt>
   <trkpt lat="43.896100000000004" lon="4.690320000000001">
    <ele>15.98</ele>
   </trkpt>
   <trkpt lat="43.896" lon="4.690300000000001">
    <ele>15.98</ele>
   </trkpt>
   <trkpt lat="43.895860000000006" lon="4.69022">
    <ele>15.98</ele>
   </trkpt>
   <trkpt lat="43.89582" lon="4.690130000000001">
    <ele>15.98</ele>
   </trkpt>
   <trkpt lat="43.895770000000006" lon="4.689780000000001">
    <ele>15.98</ele>
   </trkpt>
   <trkpt lat="43.89571" lon="4.68958">
    <ele>15.98</ele>
   </trkpt>
   <trkpt lat="43.8956" lon="4.68937">
    <ele>16.720000000000002</ele>
   </trkpt>
   <trkpt lat="43.89501500141175" lon="4.688774994020784">
    <ele>16.720000000000002</ele>
   </trkpt>
   <trkpt lat="43.89443000000001" lon="4.68818">
    <ele>15.64</ele>
   </trkpt>
   <trkpt lat="43.89405000000001" lon="4.68764">
    <ele>15.64</ele>
   </trkpt>
   <trkpt lat="43.893480000000004" lon="4.68693">
    <ele>14.100000000000001</ele>
   </trkpt>
   <trkpt lat="43.89343" lon="4.68689">
    <ele>14.100000000000001</ele>
   </trkpt>
   <trkpt lat="43.89302000000001" lon="4.686190000000001">
    <ele>14.020000000000001</ele>
   </trkpt>
   <trkpt lat="43.89264" lon="4.68539">
    <ele>14.190000000000001</ele>
   </trkpt>
   <trkpt lat="43.89229" lon="4.68472">
    <ele>15.260000000000002</ele>
   </trkpt>
   <trkpt lat="43.89215" lon="4.68456">
    <ele>15.260000000000002</ele>
   </trkpt>
   <trkpt lat="43.89161000000001" lon="4.68428">
    <ele>15.3</ele>
   </trkpt>
   <trkpt lat="43.89128" lon="4.68428">
    <ele>15.66</ele>
   </trkpt>
   <trkpt lat="43.890890000000006" lon="4.68416">
    <ele>15.66</ele>
   </trkpt>
   <trkpt lat="43.89052" lon="4.68391">
    <ele>16.18</ele>
   </trkpt>
   <trkpt lat="43.89025" lon="4.683610000000001">
    <ele>16.53</ele>
   </trkpt>
   <trkpt lat="43.890010000000004" lon="4.683260000000001">
    <ele>16.59</ele>
   </trkpt>
   <trkpt lat="43.889880000000005" lon="4.6829600000000005">
    <ele>16.630000000000003</ele>
   </trkpt>
   <trkpt lat="43.8896400067559" lon="4.682079992919214">
    <ele>16.630000000000003</ele>
   </trkpt>
   <trkpt lat="43.88940000675888" lon="4.681199992930284">
    <ele>15.63</ele>
   </trkpt>
   <trkpt lat="43.889160000000004" lon="4.68032">
    <ele>15.63</ele>
   </trkpt>
   <trkpt lat="43.8892" lon="4.68027">
    <ele>15.64</ele>
   </trkpt>
   <trkpt lat="43.889210000000006" lon="4.680210000000001">
    <ele>15.67</ele>
   </trkpt>
   <trkpt lat="43.88927" lon="4.68022">
    <ele>15.67</ele>
   </trkpt>
   <trkpt lat="43.88946000000001" lon="4.68018">
    <ele>16.03</ele>
   </trkpt>
   <trkpt lat="43.889990000000004" lon="4.680160000000001">
    <ele>16.650000000000002</ele>
   </trkpt>
   <trkpt lat="43.890010000000004" lon="4.679270000000001">
    <ele>16.080000000000002</ele>
   </trkpt>
   <trkpt lat="43.88998" lon="4.67889">
    <ele>15.9</ele>
   </trkpt>
   <trkpt lat="43.88989" lon="4.6782900000000005">
    <ele>15.1</ele>
   </trkpt>
   <trkpt lat="43.8898" lon="4.67781">
    <ele>14.68</ele>
   </trkpt>
   <trkpt lat="43.88978" lon="4.67759">
    <ele>14.68</ele>
   </trkpt>
   <trkpt lat="43.88978" lon="4.676690000000001">
    <ele>12.690000000000001</ele>
   </trkpt>
   <trkpt lat="43.88984000204375" lon="4.676005000713963">
    <ele>12.730000000000002</ele>
   </trkpt>
   <trkpt lat="43.889900000000004" lon="4.67532">
    <ele>12.47</ele>
   </trkpt>
   <trkpt lat="43.889860000000006" lon="4.675190000000001">
    <ele>12.47</ele>
   </trkpt>
   <trkpt lat="43.88985" lon="4.67403">
    <ele>12.42</ele>
   </trkpt>
   <trkpt lat="43.88982" lon="4.67309">
    <ele>12.370000000000001</ele>
   </trkpt>
   <trkpt lat="43.88997000465123" lon="4.6720550027402314">
    <ele>12.280000000000001</ele>
   </trkpt>
   <trkpt lat="43.89012" lon="4.67102">
    <ele>12.280000000000001</ele>
   </trkpt>
   <trkpt lat="43.89023" lon="4.67007">
    <ele>12.280000000000001</ele>
   </trkpt>
   <trkpt lat="43.89027" lon="4.66919">
    <ele>11.09</ele>
   </trkpt>
   <trkpt lat="43.89025" lon="4.66861">
    <ele>11.09</ele>
   </trkpt>
   <trkpt lat="43.890350000000005" lon="4.667540000000001">
    <ele>11.09</ele>
   </trkpt>
   <trkpt lat="43.89045" lon="4.66699">
    <ele>11.09</ele>
   </trkpt>
   <trkpt lat="43.890480000000004" lon="4.666740000000001">
    <ele>11.47</ele>
   </trkpt>
   <trkpt lat="43.89054" lon="4.66554">
    <ele>11.47</ele>
   </trkpt>
   <trkpt lat="43.89062500303991" lon="4.664705001191983">
    <ele>12.07</ele>
   </trkpt>
   <trkpt lat="43.890710000000006" lon="4.66387">
    <ele>12.07</ele>
   </trkpt>
   <trkpt lat="43.89083" lon="4.662940000000001">
    <ele>12.07</ele>
   </trkpt>
   <trkpt lat="43.89105500302853" lon="4.662100003352351">
    <ele>12.07</ele>
   </trkpt>
   <trkpt lat="43.89128" lon="4.66126">
    <ele>12.07</ele>
   </trkpt>
   <trkpt lat="43.89134000000001" lon="4.66091">
    <ele>12.07</ele>
   </trkpt>
   <trkpt lat="43.891380000000005" lon="4.66">
    <ele>12.07</ele>
   </trkpt>
   <trkpt lat="43.89135" lon="4.65908">
    <ele>12.07</ele>
   </trkpt>
   <trkpt lat="43.89125000000001" lon="4.6581">
    <ele>12.07</ele>
   </trkpt>
   <trkpt lat="43.89108" lon="4.657100000000001">
    <ele>12.180000000000001</ele>
   </trkpt>
   <trkpt lat="43.891040000000004" lon="4.65665">
    <ele>12.180000000000001</ele>
   </trkpt>
   <trkpt lat="43.89112000517665" lon="4.655560001512322">
    <ele>12.180000000000001</ele>
   </trkpt>
   <trkpt lat="43.891200000000005" lon="4.654470000000001">
    <ele>12.180000000000001</ele>
   </trkpt>
   <trkpt lat="43.89126500508162" lon="4.653390001244279">
    <ele>12.180000000000001</ele>
   </trkpt>
   <trkpt lat="43.89133" lon="4.65231">
    <ele>12.180000000000001</ele>
   </trkpt>
   <trkpt lat="43.891450000000006" lon="4.6517800000000005">
    <ele>12.180000000000001</ele>
   </trkpt>
   <trkpt lat="43.89151500230738" lon="4.651055000617034">
    <ele>12.180000000000001</ele>
   </trkpt>
   <trkpt lat="43.891580000000005" lon="4.65033">
    <ele>10.790000000000001</ele>
   </trkpt>
   <trkpt lat="43.89162" lon="4.6497">
    <ele>10.790000000000001</ele>
   </trkpt>
   <trkpt lat="43.89162" lon="4.649360000000001">
    <ele>10.790000000000001</ele>
   </trkpt>
   <trkpt lat="43.891580000000005" lon="4.648980000000001">
    <ele>10.790000000000001</ele>
   </trkpt>
   <trkpt lat="43.891540000000006" lon="4.64883">
    <ele>10.790000000000001</ele>
   </trkpt>
   <trkpt lat="43.89144" lon="4.64852">
    <ele>10.790000000000001</ele>
   </trkpt>
   <trkpt lat="43.89114500576174" lon="4.647369994286579">
    <ele>10.790000000000001</ele>
   </trkpt>
   <trkpt lat="43.89085" lon="4.6462200000000005">
    <ele>10.51</ele>
   </trkpt>
   <trkpt lat="43.89079" lon="4.6458">
    <ele>10.51</ele>
   </trkpt>
   <trkpt lat="43.89068" lon="4.64573">
    <ele>10.51</ele>
   </trkpt>
   <trkpt lat="43.8905" lon="4.6457500000000005">
    <ele>10.51</ele>
   </trkpt>
   <trkpt lat="43.890170000000005" lon="4.64583">
    <ele>10.51</ele>
   </trkpt>
   <trkpt lat="43.88953250124943" lon="4.646137509867666">
    <ele>10.51</ele>
   </trkpt>
   <trkpt lat="43.88889500167427" lon="4.646445013152651">
    <ele>10.190000000000001</ele>
   </trkpt>
   <trkpt lat="43.88825750127459" lon="4.646752509855236">
    <ele>10.190000000000001</ele>
   </trkpt>
   <trkpt lat="43.887620000000005" lon="4.647060000000001">
    <ele>10.190000000000001</ele>
   </trkpt>
   <trkpt lat="43.88743000378279" lon="4.646129997091187">
    <ele>10.190000000000001</ele>
   </trkpt>
   <trkpt lat="43.887240000000006" lon="4.6452">
    <ele>10.81</ele>
   </trkpt>
   <trkpt lat="43.88716" lon="4.64491">
    <ele>10.81</ele>
   </trkpt>
   <trkpt lat="43.88703" lon="4.64458">
    <ele>10.81</ele>
   </trkpt>
   <trkpt lat="43.88685" lon="4.644290000000001">
    <ele>10.81</ele>
   </trkpt>
   <trkpt lat="43.886570000000006" lon="4.6439900000000005">
    <ele>10.81</ele>
   </trkpt>
   <trkpt lat="43.88596000074538" lon="4.643554995488652">
    <ele>10.81</ele>
   </trkpt>
   <trkpt lat="43.88535" lon="4.643120000000001">
    <ele>11.030000000000001</ele>
   </trkpt>
   <trkpt lat="43.885130000000004" lon="4.6429100000000005">
    <ele>11.030000000000001</ele>
   </trkpt>
   <trkpt lat="43.8849" lon="4.642530000000001">
    <ele>11.030000000000001</ele>
   </trkpt>
   <trkpt lat="43.8847" lon="4.64208">
    <ele>11.030000000000001</ele>
   </trkpt>
   <trkpt lat="43.88458000000001" lon="4.64172">
    <ele>10.780000000000001</ele>
   </trkpt>
   <trkpt lat="43.884440000000005" lon="4.641170000000001">
    <ele>10.780000000000001</ele>
   </trkpt>
   <trkpt lat="43.88438000211309" lon="4.640469999022973">
    <ele>10.780000000000001</ele>
   </trkpt>
   <trkpt lat="43.88432" lon="4.63977">
    <ele>10.780000000000001</ele>
   </trkpt>
   <trkpt lat="43.88420000000001" lon="4.639290000000001">
    <ele>10.780000000000001</ele>
   </trkpt>
   <trkpt lat="43.8838" lon="4.63821">
    <ele>10.870000000000001</ele>
   </trkpt>
   <trkpt lat="43.883473339109905" lon="4.637396657767339">
    <ele>10.870000000000001</ele>
   </trkpt>
   <trkpt lat="43.88314667245136" lon="4.636583324454349">
    <ele>10.870000000000001</ele>
   </trkpt>
   <trkpt lat="43.88282" lon="4.63577">
    <ele>10.870000000000001</ele>
   </trkpt>
   <trkpt lat="43.8825400053633" lon="4.634986659338724">
    <ele>10.370000000000001</ele>
   </trkpt>
   <trkpt lat="43.88226000537587" lon="4.634203326040622">
    <ele>10.370000000000001</ele>
   </trkpt>
   <trkpt lat="43.881980000000006" lon="4.63342">
    <ele>10.370000000000001</ele>
   </trkpt>
   <trkpt lat="43.88157801729937" lon="4.632423973114332">
    <ele>10.370000000000001</ele>
   </trkpt>
   <trkpt lat="43.88117602594797" lon="4.631427959669562">
    <ele>10.370000000000001</ele>
   </trkpt>
   <trkpt lat="43.88077402594611" lon="4.630431959665606">
    <ele>11.46</ele>
   </trkpt>
   <trkpt lat="43.880372017293986" lon="4.629435973102386">
    <ele>11.46</ele>
   </trkpt>
   <trkpt lat="43.87997" lon="4.62844">
    <ele>11.46</ele>
   </trkpt>
   <trkpt lat="43.87973" lon="4.62845">
    <ele>11.46</ele>
   </trkpt>
   <trkpt lat="43.87952000000001" lon="4.6284">
    <ele>11.46</ele>
   </trkpt>
   <trkpt lat="43.879220000000004" lon="4.62825">
    <ele>11.46</ele>
   </trkpt>
   <trkpt lat="43.87874" lon="4.627960000000001">
    <ele>12.180000000000001</ele>
   </trkpt>
   <trkpt lat="43.878160000776155" lon="4.6275749963386135">
    <ele>12.180000000000001</ele>
   </trkpt>
   <trkpt lat="43.87758" lon="4.627190000000001">
    <ele>12.180000000000001</ele>
   </trkpt>
   <trkpt lat="43.87678000218418" lon="4.626696653458285">
    <ele>12.180000000000001</ele>
   </trkpt>
   <trkpt lat="43.87598000224607" lon="4.626203320163366">
    <ele>12.180000000000001</ele>
   </trkpt>
   <trkpt lat="43.87518" lon="4.625710000000001">
    <ele>12.180000000000001</ele>
   </trkpt>
   <trkpt lat="43.8744900018014" lon="4.625253322746855">
    <ele>12.180000000000001</ele>
   </trkpt>
   <trkpt lat="43.87380000178428" lon="4.624796656069027">
    <ele>12.860000000000001</ele>
   </trkpt>
   <trkpt lat="43.873110000000004" lon="4.62434">
    <ele>12.860000000000001</ele>
   </trkpt>
   <trkpt lat="43.87297" lon="4.624230000000001">
    <ele>12.860000000000001</ele>
   </trkpt>
   <trkpt lat="43.872440000000005" lon="4.6235100000000005">
    <ele>12.860000000000001</ele>
   </trkpt>
   <trkpt lat="43.872330000000005" lon="4.62342">
    <ele>12.860000000000001</ele>
   </trkpt>
   <trkpt lat="43.87161000055438" lon="4.6230649957137">
    <ele>12.860000000000001</ele>
   </trkpt>
   <trkpt lat="43.87089" lon="4.6227100000000005">
    <ele>12.860000000000001</ele>
   </trkpt>
   <trkpt lat="43.87077" lon="4.6227">
    <ele>12.860000000000001</ele>
   </trkpt>
   <trkpt lat="43.870670000000004" lon="4.62274">
    <ele>12.860000000000001</ele>
   </trkpt>
   <trkpt lat="43.870380000000004" lon="4.62293">
    <ele>12.860000000000001</ele>
   </trkpt>
   <trkpt lat="43.87032000000001" lon="4.62293">
    <ele>12.860000000000001</ele>
   </trkpt>
   <trkpt lat="43.870270000000005" lon="4.62288">
    <ele>12.860000000000001</ele>
   </trkpt>
   <trkpt lat="43.87023000000001" lon="4.62281">
    <ele>12.860000000000001</ele>
   </trkpt>
   <trkpt lat="43.869910000000004" lon="4.62201">
    <ele>12.860000000000001</ele>
   </trkpt>
   <trkpt lat="43.86954" lon="4.62131">
    <ele>11.45</ele>
   </trkpt>
   <trkpt lat="43.869310000000006" lon="4.620950000000001">
    <ele>11.45</ele>
   </trkpt>
   <trkpt lat="43.869020000000006" lon="4.62065">
    <ele>11.45</ele>
   </trkpt>
   <trkpt lat="43.86881" lon="4.62047">
    <ele>11.45</ele>
   </trkpt>
   <trkpt lat="43.86835000000001" lon="4.62014">
    <ele>11.45</ele>
   </trkpt>
   <trkpt lat="43.86844000000001" lon="4.61993">
    <ele>11.45</ele>
   </trkpt>
   <trkpt lat="43.868590000000005" lon="4.61944">
    <ele>12.22</ele>
   </trkpt>
   <trkpt lat="43.868660000000006" lon="4.619280000000001">
    <ele>12.22</ele>
   </trkpt>
   <trkpt lat="43.86878" lon="4.619140000000001">
    <ele>12.22</ele>
   </trkpt>
   <trkpt lat="43.86896" lon="4.61906">
    <ele>12.22</ele>
   </trkpt>
   <trkpt lat="43.86905" lon="4.618950000000001">
    <ele>12.22</ele>
   </trkpt>
   <trkpt lat="43.86912" lon="4.618720000000001">
    <ele>12.270000000000001</ele>
   </trkpt>
   <trkpt lat="43.86916" lon="4.61849">
    <ele>12.270000000000001</ele>
   </trkpt>
   <trkpt lat="43.86914" lon="4.61835">
    <ele>12.270000000000001</ele>
   </trkpt>
   <trkpt lat="43.86928501287723" lon="4.617357507291963">
    <ele>12.270000000000001</ele>
   </trkpt>
   <trkpt lat="43.86943001716499" lon="4.616365009754632">
    <ele>12.270000000000001</ele>
   </trkpt>
   <trkpt lat="43.86957501286321" lon="4.615372507388245">
    <ele>12.270000000000001</ele>
   </trkpt>
   <trkpt lat="43.86972" lon="4.614380000000001">
    <ele>12.4</ele>
   </trkpt>
   <trkpt lat="43.86981" lon="4.6138900000000005">
    <ele>12.4</ele>
   </trkpt>
   <trkpt lat="43.87008" lon="4.613250000000001">
    <ele>12.4</ele>
   </trkpt>
   <trkpt lat="43.87022500369762" lon="4.612330002191452">
    <ele>12.4</ele>
   </trkpt>
   <trkpt lat="43.87037" lon="4.61141">
    <ele>12.4</ele>
   </trkpt>
   <trkpt lat="43.87041000000001" lon="4.61129">
    <ele>12.4</ele>
   </trkpt>
   <trkpt lat="43.87075" lon="4.61108">
    <ele>12.190000000000001</ele>
   </trkpt>
   <trkpt lat="43.87091" lon="4.6109">
    <ele>12.190000000000001</ele>
   </trkpt>
   <trkpt lat="43.870990000000006" lon="4.6107700000000005">
    <ele>12.190000000000001</ele>
   </trkpt>
   <trkpt lat="43.871050000000004" lon="4.610600000000001">
    <ele>12.190000000000001</ele>
   </trkpt>
   <trkpt lat="43.871075003179214" lon="4.609745000632438">
    <ele>12.15</ele>
   </trkpt>
   <trkpt lat="43.871100000000006" lon="4.608890000000001">
    <ele>12.15</ele>
   </trkpt>
   <trkpt lat="43.87109" lon="4.60857">
    <ele>12.46</ele>
   </trkpt>
   <trkpt lat="43.87124" lon="4.60761">
    <ele>12.88</ele>
   </trkpt>
   <trkpt lat="43.87060333981892" lon="4.606749981675664">
    <ele>12.88</ele>
   </trkpt>
   <trkpt lat="43.869966673188486" lon="4.605889981724939">
    <ele>12.88</ele>
   </trkpt>
   <trkpt lat="43.869330000000005" lon="4.60503">
    <ele>11.8</ele>
   </trkpt>
   <trkpt lat="43.86872000326131" lon="4.604174991353636">
    <ele>11.8</ele>
   </trkpt>
   <trkpt lat="43.86811" lon="4.60332">
    <ele>11.8</ele>
   </trkpt>
   <trkpt lat="43.86802" lon="4.60306">
    <ele>11.8</ele>
   </trkpt>
   <trkpt lat="43.867610000000006" lon="4.60238">
    <ele>12.040000000000001</ele>
   </trkpt>
   <trkpt lat="43.867560000000005" lon="4.602250000000001">
    <ele>12.040000000000001</ele>
   </trkpt>
   <trkpt lat="43.867450000000005" lon="4.60154">
    <ele>12.040000000000001</ele>
   </trkpt>
   <trkpt lat="43.86742" lon="4.60067">
    <ele>12.040000000000001</ele>
   </trkpt>
   <trkpt lat="43.867430000000006" lon="4.60038">
    <ele>12.040000000000001</ele>
   </trkpt>
   <trkpt lat="43.86748" lon="4.60003">
    <ele>11.250000000000002</ele>
   </trkpt>
   <trkpt lat="43.867670000000004" lon="4.5991100000000005">
    <ele>11.250000000000002</ele>
   </trkpt>
   <trkpt lat="43.86788000000001" lon="4.598310000000001">
    <ele>11.250000000000002</ele>
   </trkpt>
   <trkpt lat="43.867920000000005" lon="4.597460000000001">
    <ele>11.250000000000002</ele>
   </trkpt>
   <trkpt lat="43.867990000000006" lon="4.59686">
    <ele>11.080000000000002</ele>
   </trkpt>
   <trkpt lat="43.868080000000006" lon="4.596550000000001">
    <ele>11.080000000000002</ele>
   </trkpt>
   <trkpt lat="43.86827" lon="4.59612">
    <ele>11.080000000000002</ele>
   </trkpt>
   <trkpt lat="43.86834" lon="4.59602">
    <ele>11.080000000000002</ele>
   </trkpt>
   <trkpt lat="43.868700000000004" lon="4.59574">
    <ele>11.080000000000002</ele>
   </trkpt>
   <trkpt lat="43.86891000000001" lon="4.5955200000000005">
    <ele>11.080000000000002</ele>
   </trkpt>
   <trkpt lat="43.86933000093558" lon="4.595025003644511">
    <ele>11.080000000000002</ele>
   </trkpt>
   <trkpt lat="43.86975" lon="4.594530000000001">
    <ele>13.09</ele>
   </trkpt>
   <trkpt lat="43.87029000312182" lon="4.593690007539924">
    <ele>13.09</ele>
   </trkpt>
   <trkpt lat="43.870830000000005" lon="4.59285">
    <ele>13.09</ele>
   </trkpt>
   <trkpt lat="43.870960000000004" lon="4.5927500000000006">
    <ele>13.09</ele>
   </trkpt>
   <trkpt lat="43.871100000000006" lon="4.59267">
    <ele>13.09</ele>
   </trkpt>
   <trkpt lat="43.871500000000005" lon="4.59205">
    <ele>13.510000000000002</ele>
   </trkpt>
   <trkpt lat="43.87191000000001" lon="4.5915300000000006">
    <ele>13.510000000000002</ele>
   </trkpt>
   <trkpt lat="43.871970000000005" lon="4.591480000000001">
    <ele>13.510000000000002</ele>
   </trkpt>
   <trkpt lat="43.872150000000005" lon="4.591430000000001">
    <ele>13.510000000000002</ele>
   </trkpt>
   <trkpt lat="43.872310000000006" lon="4.591410000000001">
    <ele>13.510000000000002</ele>
   </trkpt>
   <trkpt lat="43.87277" lon="4.59145">
    <ele>13.1</ele>
   </trkpt>
   <trkpt lat="43.872890000000005" lon="4.59144">
    <ele>13.1</ele>
   </trkpt>
   <trkpt lat="43.87295" lon="4.591410000000001">
    <ele>13.1</ele>
   </trkpt>
   <trkpt lat="43.87303000000001" lon="4.59131">
    <ele>13.1</ele>
   </trkpt>
   <trkpt lat="43.8733" lon="4.59081">
    <ele>15.93</ele>
   </trkpt>
   <trkpt lat="43.87265" lon="4.590750000000001">
    <ele>15.93</ele>
   </trkpt>
   <trkpt lat="43.87247000000001" lon="4.5907100000000005">
    <ele>13.620000000000001</ele>
   </trkpt>
   <trkpt lat="43.8723" lon="4.59062">
    <ele>13.620000000000001</ele>
   </trkpt>
   <trkpt lat="43.87216" lon="4.59049">
    <ele>13.620000000000001</ele>
   </trkpt>
   <trkpt lat="43.87205" lon="4.590330000000001">
    <ele>13.620000000000001</ele>
   </trkpt>
   <trkpt lat="43.87196" lon="4.59016">
    <ele>13.620000000000001</ele>
   </trkpt>
   <trkpt lat="43.87181" lon="4.589740000000001">
    <ele>13.620000000000001</ele>
   </trkpt>
   <trkpt lat="43.87156000271695" lon="4.588949996673204">
    <ele>11.500000000000002</ele>
   </trkpt>
   <trkpt lat="43.87131" lon="4.58816">
    <ele>11.500000000000002</ele>
   </trkpt>
   <trkpt lat="43.871120000000005" lon="4.58764">
    <ele>15.91</ele>
   </trkpt>
   <trkpt lat="43.87104" lon="4.58757">
    <ele>15.91</ele>
   </trkpt>
   <trkpt lat="43.87073" lon="4.58755">
    <ele>15.91</ele>
   </trkpt>
   <trkpt lat="43.869890000000005" lon="4.5875900000000005">
    <ele>15.05</ele>
   </trkpt>
   <trkpt lat="43.869150000000005" lon="4.58748">
    <ele>14.980000000000002</ele>
   </trkpt>
   <trkpt lat="43.868900000000004" lon="4.58741">
    <ele>14.980000000000002</ele>
   </trkpt>
   <trkpt lat="43.86869" lon="4.587330000000001">
    <ele>14.93</ele>
   </trkpt>
   <trkpt lat="43.868170000000006" lon="4.5871">
    <ele>14.66</ele>
   </trkpt>
   <trkpt lat="43.86786" lon="4.58704">
    <ele>14.72</ele>
   </trkpt>
   <trkpt lat="43.867760000000004" lon="4.58696">
    <ele>14.700000000000001</ele>
   </trkpt>
   <trkpt lat="43.86771" lon="4.58682">
    <ele>14.700000000000001</ele>
   </trkpt>
   <trkpt lat="43.86766" lon="4.586720000000001">
    <ele>14.66</ele>
   </trkpt>
   <trkpt lat="43.867580000000004" lon="4.58668">
    <ele>14.66</ele>
   </trkpt>
   <trkpt lat="43.867520000000006" lon="4.58668">
    <ele>14.66</ele>
   </trkpt>
   <trkpt lat="43.867380000000004" lon="4.58659">
    <ele>14.34</ele>
   </trkpt>
   <trkpt lat="43.867250000000006" lon="4.58629">
    <ele>14.34</ele>
   </trkpt>
   <trkpt lat="43.86704" lon="4.58541">
    <ele>14.14</ele>
   </trkpt>
   <trkpt lat="43.86672" lon="4.58459">
    <ele>15.320000000000002</ele>
   </trkpt>
   <trkpt lat="43.86641" lon="4.58391">
    <ele>15.450000000000001</ele>
   </trkpt>
   <trkpt lat="43.86598" lon="4.58314">
    <ele>15.450000000000001</ele>
   </trkpt>
   <trkpt lat="43.86544000265003" lon="4.582374993209627">
    <ele>22.12</ele>
   </trkpt>
   <trkpt lat="43.864900000000006" lon="4.58161">
    <ele>22.12</ele>
   </trkpt>
   <trkpt lat="43.864830000000005" lon="4.58154">
    <ele>22.12</ele>
   </trkpt>
   <trkpt lat="43.86473" lon="4.5815">
    <ele>22.12</ele>
   </trkpt>
   <trkpt lat="43.864540000000005" lon="4.581390000000001">
    <ele>22.12</ele>
   </trkpt>
   <trkpt lat="43.864450000000005" lon="4.58129">
    <ele>22.12</ele>
   </trkpt>
   <trkpt lat="43.86435" lon="4.58112">
    <ele>22.18</ele>
   </trkpt>
   <trkpt lat="43.8644" lon="4.58122">
    <ele>22.12</ele>
   </trkpt>
   <trkpt lat="43.8651400085407" lon="4.580520034763132">
    <ele>22.12</ele>
   </trkpt>
   <trkpt lat="43.86588001280899" lon="4.579820052147612">
    <ele>22.12</ele>
   </trkpt>
   <trkpt lat="43.866620012804695" lon="4.579120052152664">
    <ele>23.71</ele>
   </trkpt>
   <trkpt lat="43.86736000852758" lon="4.578420034777506">
    <ele>23.71</ele>
   </trkpt>
   <trkpt lat="43.868100000000005" lon="4.57772">
    <ele>23.71</ele>
   </trkpt>
   <trkpt lat="43.868550000000006" lon="4.5773600000000005">
    <ele>23.71</ele>
   </trkpt>
   <trkpt lat="43.86937" lon="4.5769">
    <ele>23.71</ele>
   </trkpt>
   <trkpt lat="43.86983" lon="4.576720000000001">
    <ele>23.71</ele>
   </trkpt>
   <trkpt lat="43.87041000000001" lon="4.576560000000001">
    <ele>23.71</ele>
   </trkpt>
   <trkpt lat="43.87094000023652" lon="4.57649000059407">
    <ele>23.71</ele>
   </trkpt>
   <trkpt lat="43.87147" lon="4.576420000000001">
    <ele>23.44</ele>
   </trkpt>
   <trkpt lat="43.871660000000006" lon="4.576350000000001">
    <ele>23.44</ele>
   </trkpt>
   <trkpt lat="43.87181" lon="4.57626">
    <ele>23.44</ele>
   </trkpt>
   <trkpt lat="43.87265" lon="4.57613">
    <ele>23.44</ele>
   </trkpt>
   <trkpt lat="43.87272" lon="4.57613">
    <ele>23.44</ele>
   </trkpt>
   <trkpt lat="43.872890000000005" lon="4.57617">
    <ele>23.44</ele>
   </trkpt>
   <trkpt lat="43.873616666763155" lon="4.576060002683976">
    <ele>23.44</ele>
   </trkpt>
   <trkpt lat="43.87434333342077" lon="4.5759500026853885">
    <ele>23.44</ele>
   </trkpt>
   <trkpt lat="43.87507" lon="4.57584">
    <ele>23.44</ele>
   </trkpt>
   <trkpt lat="43.875540000146174" lon="4.57571000100529">
    <ele>23.44</ele>
   </trkpt>
   <trkpt lat="43.87601" lon="4.57558">
    <ele>23.44</ele>
   </trkpt>
   <trkpt lat="43.87646500002028" lon="4.575400001422297">
    <ele>23.44</ele>
   </trkpt>
   <trkpt lat="43.876920000000005" lon="4.575220000000001">
    <ele>23.44</ele>
   </trkpt>
   <trkpt lat="43.877434999988424" lon="4.574985002146251">
    <ele>23.340000000000003</ele>
   </trkpt>
   <trkpt lat="43.877950000000006" lon="4.574750000000001">
    <ele>23.340000000000003</ele>
   </trkpt>
   <trkpt lat="43.87868" lon="4.5743100000000005">
    <ele>23.340000000000003</ele>
   </trkpt>
   <trkpt lat="43.879215000706104" lon="4.573930003357731">
    <ele>23.340000000000003</ele>
   </trkpt>
   <trkpt lat="43.87975" lon="4.57355">
    <ele>23.340000000000003</ele>
   </trkpt>
   <trkpt lat="43.880507505538716" lon="4.572900024781953">
    <ele>23.340000000000003</ele>
   </trkpt>
   <trkpt lat="43.88126500739344" lon="4.572250033035961">
    <ele>23.340000000000003</ele>
   </trkpt>
   <trkpt lat="43.88202250556395" lon="4.571600024761244">
    <ele>21.490000000000002</ele>
   </trkpt>
   <trkpt lat="43.882780000000004" lon="4.570950000000001">
    <ele>21.490000000000002</ele>
   </trkpt>
   <trkpt lat="43.88264" lon="4.570110000000001">
    <ele>22.820000000000004</ele>
   </trkpt>
   <trkpt lat="43.88297" lon="4.56975">
    <ele>23.05</ele>
   </trkpt>
   <trkpt lat="43.88313" lon="4.569470000000001">
    <ele>23.05</ele>
   </trkpt>
   <trkpt lat="43.8832" lon="4.5692200000000005">
    <ele>23.05</ele>
   </trkpt>
   <trkpt lat="43.88322" lon="4.568960000000001">
    <ele>23.05</ele>
   </trkpt>
   <trkpt lat="43.88319500356918" lon="4.568054999556103">
    <ele>23.05</ele>
   </trkpt>
   <trkpt lat="43.88317000000001" lon="4.567150000000001">
    <ele>26.67</ele>
   </trkpt>
   <trkpt lat="43.883115002226184" lon="4.566434999303948">
    <ele>26.67</ele>
   </trkpt>
   <trkpt lat="43.88306" lon="4.565720000000001">
    <ele>26.67</ele>
   </trkpt>
   <trkpt lat="43.882970004010595" lon="4.564759998468709">
    <ele>29.41</ele>
   </trkpt>
   <trkpt lat="43.88288" lon="4.5638000000000005">
    <ele>29.41</ele>
   </trkpt>
   <trkpt lat="43.882940000000005" lon="4.563070000000001">
    <ele>34.260000000000005</ele>
   </trkpt>
   <trkpt lat="43.883010000000006" lon="4.56256">
    <ele>35.63</ele>
   </trkpt>
   <trkpt lat="43.883230000000005" lon="4.562390000000001">
    <ele>35.72</ele>
   </trkpt>
   <trkpt lat="43.88329" lon="4.5623000000000005">
    <ele>35.78000000000001</ele>
   </trkpt>
   <trkpt lat="43.8834" lon="4.562180000000001">
    <ele>35.63</ele>
   </trkpt>
   <trkpt lat="43.88382" lon="4.56195">
    <ele>33.77</ele>
   </trkpt>
   <trkpt lat="43.884240000000005" lon="4.56174">
    <ele>33.77</ele>
   </trkpt>
   <trkpt lat="43.88463500294554" lon="4.560910005625539">
    <ele>33.870000000000005</ele>
   </trkpt>
   <trkpt lat="43.88503" lon="4.56008">
    <ele>38.88</ele>
   </trkpt>
   <trkpt lat="43.88543000000001" lon="4.5593900000000005">
    <ele>39.16</ele>
   </trkpt>
   <trkpt lat="43.88552000000001" lon="4.5591800000000005">
    <ele>39.16</ele>
   </trkpt>
   <trkpt lat="43.885650000000005" lon="4.55853">
    <ele>44.64000000000001</ele>
   </trkpt>
   <trkpt lat="43.885760000000005" lon="4.55837">
    <ele>44.64000000000001</ele>
   </trkpt>
   <trkpt lat="43.88647" lon="4.557670000000001">
    <ele>44.64000000000001</ele>
   </trkpt>
   <trkpt lat="43.887150000000005" lon="4.55707">
    <ele>69.16</ele>
   </trkpt>
   <trkpt lat="43.88734" lon="4.556780000000001">
    <ele>69.16</ele>
   </trkpt>
   <trkpt lat="43.88745" lon="4.556570000000001">
    <ele>69.16</ele>
   </trkpt>
   <trkpt lat="43.88758000000001" lon="4.55619">
    <ele>69.16</ele>
   </trkpt>
   <trkpt lat="43.887600000000006" lon="4.555980000000001">
    <ele>69.16</ele>
   </trkpt>
   <trkpt lat="43.887510000000006" lon="4.55485">
    <ele>74.09</ele>
   </trkpt>
   <trkpt lat="43.887530000000005" lon="4.55459">
    <ele>74.09</ele>
   </trkpt>
   <trkpt lat="43.88758000000001" lon="4.55433">
    <ele>74.09</ele>
   </trkpt>
   <trkpt lat="43.88785" lon="4.55358">
    <ele>74.9</ele>
   </trkpt>
   <trkpt lat="43.887930000000004" lon="4.55323">
    <ele>74.9</ele>
   </trkpt>
   <trkpt lat="43.88812" lon="4.55212">
    <ele>74.86000000000001</ele>
   </trkpt>
   <trkpt lat="43.888400000000004" lon="4.55123">
    <ele>74.02</ele>
   </trkpt>
   <trkpt lat="43.8885" lon="4.55076">
    <ele>74.02</ele>
   </trkpt>
   <trkpt lat="43.88855751354057" lon="4.549742502970995">
    <ele>74.02</ele>
   </trkpt>
   <trkpt lat="43.88861501805318" lon="4.5487250039771645">
    <ele>73.00000000000001</ele>
   </trkpt>
   <trkpt lat="43.88867251353786" lon="4.547707503018813">
    <ele>73.00000000000001</ele>
   </trkpt>
   <trkpt lat="43.88873" lon="4.546690000000001">
    <ele>73.00000000000001</ele>
   </trkpt>
   <trkpt lat="43.88893334269202" lon="4.545653340475515">
    <ele>73.00000000000001</ele>
   </trkpt>
   <trkpt lat="43.8891366760128" lon="4.544616673872942">
    <ele>74.18</ele>
   </trkpt>
   <trkpt lat="43.889340000000004" lon="4.54358">
    <ele>74.18</ele>
   </trkpt>
   <trkpt lat="43.88945500420145" lon="4.542595002148271">
    <ele>74.18</ele>
   </trkpt>
   <trkpt lat="43.889570000000006" lon="4.54161">
    <ele>74.18</ele>
   </trkpt>
   <trkpt lat="43.8896700124826" lon="4.540413337407595">
    <ele>74.18</ele>
   </trkpt>
   <trkpt lat="43.889770012477946" lon="4.539216670796629">
    <ele>70.12</ele>
   </trkpt>
   <trkpt lat="43.88987" lon="4.53802">
    <ele>70.12</ele>
   </trkpt>
   <trkpt lat="43.88990334019108" lon="4.537133334267201">
    <ele>70.12</ele>
   </trkpt>
   <trkpt lat="43.88993667352662" lon="4.536246667541838">
    <ele>70.12</ele>
   </trkpt>
   <trkpt lat="43.889970000000005" lon="4.535360000000001">
    <ele>70.12</ele>
   </trkpt>
   <trkpt lat="43.890132516189475" lon="4.5342475091006085">
    <ele>70.12</ele>
   </trkpt>
   <trkpt lat="43.89029502158659" lon="4.533135012130252">
    <ele>70.12</ele>
   </trkpt>
   <trkpt lat="43.89045751619121" lon="4.532022509089266">
    <ele>70.37</ele>
   </trkpt>
   <trkpt lat="43.890620000000006" lon="4.53091">
    <ele>70.37</ele>
   </trkpt>
   <trkpt lat="43.89083" lon="4.529710000000001">
    <ele>70.37</ele>
   </trkpt>
   <trkpt lat="43.890930013545145" lon="4.528692505092893">
    <ele>70.78</ele>
   </trkpt>
   <trkpt lat="43.89103001806235" lon="4.527675006768651">
    <ele>70.78</ele>
   </trkpt>
   <trkpt lat="43.891130013551596" lon="4.526657505027559">
    <ele>70.78</ele>
   </trkpt>
   <trkpt lat="43.89123" lon="4.52564">
    <ele>70.78</ele>
   </trkpt>
   <trkpt lat="43.89132000259452" lon="4.524870001082725">
    <ele>70.78</ele>
   </trkpt>
   <trkpt lat="43.89141" lon="4.524100000000001">
    <ele>72.89000000000001</ele>
   </trkpt>
   <trkpt lat="43.89159" lon="4.523000000000001">
    <ele>72.89000000000001</ele>
   </trkpt>
   <trkpt lat="43.89168000495228" lon="4.521935001526679">
    <ele>72.89000000000001</ele>
   </trkpt>
   <trkpt lat="43.89177" lon="4.52087">
    <ele>71.95</ele>
   </trkpt>
   <trkpt lat="43.89228500273892" lon="4.521664993099439">
    <ele>71.95</ele>
   </trkpt>
   <trkpt lat="43.8928" lon="4.522460000000001">
    <ele>71.95</ele>
   </trkpt>
   <trkpt lat="43.89324000454158" lon="4.523183322610497">
    <ele>73.4</ele>
   </trkpt>
   <trkpt lat="43.89368000452077" lon="4.523906655909454">
    <ele>73.4</ele>
   </trkpt>
   <trkpt lat="43.89412" lon="4.52463">
    <ele>73.4</ele>
   </trkpt>
   <trkpt lat="43.894570001287086" lon="4.525169995938236">
    <ele>73.4</ele>
   </trkpt>
   <trkpt lat="43.89502" lon="4.52571">
    <ele>73.4</ele>
   </trkpt>
   <trkpt lat="43.89540500193888" lon="4.526374995719129">
    <ele>74.44</ele>
   </trkpt>
   <trkpt lat="43.895790000000005" lon="4.52704">
    <ele>74.44</ele>
   </trkpt>
   <trkpt lat="43.89631000000001" lon="4.528020000000001">
    <ele>74.51</ele>
   </trkpt>
   <trkpt lat="43.89659" lon="4.5286100000000005">
    <ele>74.68</ele>
   </trkpt>
   <trkpt lat="43.89689500159782" lon="4.527990003334678">
    <ele>74.68</ele>
   </trkpt>
   <trkpt lat="43.897200000000005" lon="4.52737">
    <ele>74.68</ele>
   </trkpt>
   <trkpt lat="43.89756667598062" lon="4.526336679385251">
    <ele>74.68</ele>
   </trkpt>
   <trkpt lat="43.89793334265014" lon="4.525303346044108">
    <ele>74.68</ele>
   </trkpt>
   <trkpt lat="43.898300000000006" lon="4.5242700000000005">
    <ele>86.95000000000002</ele>
   </trkpt>
   <trkpt lat="43.89871" lon="4.523510000000001">
    <ele>86.95000000000002</ele>
   </trkpt>
   <trkpt lat="43.89922000000001" lon="4.52273">
    <ele>86.95000000000002</ele>
   </trkpt>
   <trkpt lat="43.899750000000004" lon="4.522060000000001">
    <ele>86.95000000000002</ele>
   </trkpt>
   <trkpt lat="43.89999" lon="4.521870000000001">
    <ele>86.95000000000002</ele>
   </trkpt>
   <trkpt lat="43.90049000071946" lon="4.5215250027589615">
    <ele>86.64</ele>
   </trkpt>
   <trkpt lat="43.90099" lon="4.52118">
    <ele>86.64</ele>
   </trkpt>
   <trkpt lat="43.90128000000001" lon="4.52092">
    <ele>86.64</ele>
   </trkpt>
   <trkpt lat="43.90175000172995" lon="4.520305004749313">
    <ele>84.12</ele>
   </trkpt>
   <trkpt lat="43.90222000000001" lon="4.519690000000001">
    <ele>84.12</ele>
   </trkpt>
   <trkpt lat="43.90261" lon="4.51928">
    <ele>84.95</ele>
   </trkpt>
   <trkpt lat="43.90281" lon="4.51912">
    <ele>85.49000000000001</ele>
   </trkpt>
   <trkpt lat="43.90283" lon="4.51905">
    <ele>85.49000000000001</ele>
   </trkpt>
   <trkpt lat="43.90319" lon="4.5186">
    <ele>86.64</ele>
   </trkpt>
   <trkpt lat="43.90387000196456" lon="4.517930007645957">
    <ele>90.76</ele>
   </trkpt>
   <trkpt lat="43.90455" lon="4.51726">
    <ele>90.57000000000001</ele>
   </trkpt>
   <trkpt lat="43.90525" lon="4.51665">
    <ele>90.57000000000001</ele>
   </trkpt>
   <trkpt lat="43.90599333454097" lon="4.51627334275554">
    <ele>90.57000000000001</ele>
   </trkpt>
   <trkpt lat="43.90673666784475" lon="4.515896676104014">
    <ele>101.03</ele>
   </trkpt>
   <trkpt lat="43.90748000000001" lon="4.51552">
    <ele>101.03</ele>
   </trkpt>
   <trkpt lat="43.90823000039216" lon="4.515326671521772">
    <ele>101.03</ele>
   </trkpt>
   <trkpt lat="43.90898000045836" lon="4.515133338171457">
    <ele>101.03</ele>
   </trkpt>
   <trkpt lat="43.90973" lon="4.51494">
    <ele>105.37</ele>
   </trkpt>
   <trkpt lat="43.909870000000005" lon="4.514880000000001">
    <ele>105.37</ele>
   </trkpt>
   <trkpt lat="43.909940000000006" lon="4.51482">
    <ele>105.37</ele>
   </trkpt>
   <trkpt lat="43.91004" lon="4.514670000000001">
    <ele>105.37</ele>
   </trkpt>
   <trkpt lat="43.91019" lon="4.514200000000001">
    <ele>105.46000000000001</ele>
   </trkpt>
   <trkpt lat="43.91037" lon="4.51395">
    <ele>105.46000000000001</ele>
   </trkpt>
   <trkpt lat="43.910775000728776" lon="4.513530002899872">
    <ele>110.2</ele>
   </trkpt>
   <trkpt lat="43.91118" lon="4.51311">
    <ele>110.2</ele>
   </trkpt>
   <trkpt lat="43.911390000000004" lon="4.51295">
    <ele>110.2</ele>
   </trkpt>
   <trkpt lat="43.911550000000005" lon="4.51287">
    <ele>110.2</ele>
   </trkpt>
   <trkpt lat="43.91198000032865" lon="4.512685001259459">
    <ele>110.2</ele>
   </trkpt>
   <trkpt lat="43.91241" lon="4.5125">
    <ele>111.00000000000001</ele>
   </trkpt>
   <trkpt lat="43.913090000000004" lon="4.51234">
    <ele>111.00000000000001</ele>
   </trkpt>
   <trkpt lat="43.91346" lon="4.51222">
    <ele>111.00000000000001</ele>
   </trkpt>
   <trkpt lat="43.91371" lon="4.51208">
    <ele>111.00000000000001</ele>
   </trkpt>
   <trkpt lat="43.914280001941" lon="4.51142500619293">
    <ele>111.99000000000001</ele>
   </trkpt>
   <trkpt lat="43.91485" lon="4.51077">
    <ele>116.61</ele>
   </trkpt>
   <trkpt lat="43.914970000000004" lon="4.51065">
    <ele>116.61</ele>
   </trkpt>
   <trkpt lat="43.91492" lon="4.5105">
    <ele>116.61</ele>
   </trkpt>
   <trkpt lat="43.914860000000004" lon="4.5098">
    <ele>119.11</ele>
   </trkpt>
   <trkpt lat="43.914820000000006" lon="4.50948">
    <ele>119.11</ele>
   </trkpt>
   <trkpt lat="43.91480000000001" lon="4.50908">
    <ele>122.06000000000002</ele>
   </trkpt>
   <trkpt lat="43.91467" lon="4.50898">
    <ele>121.71000000000001</ele>
   </trkpt>
   <trkpt lat="43.914530000000006" lon="4.50882">
    <ele>122.96000000000001</ele>
   </trkpt>
   <trkpt lat="43.91438" lon="4.50856">
    <ele>122.74000000000001</ele>
   </trkpt>
   <trkpt lat="43.91405" lon="4.50792">
    <ele>126.47</ele>
   </trkpt>
   <trkpt lat="43.91373" lon="4.5075">
    <ele>126.53</ele>
   </trkpt>
   <trkpt lat="43.91329" lon="4.50717">
    <ele>127.28</ele>
   </trkpt>
   <trkpt lat="43.912570000726355" lon="4.506754994965083">
    <ele>128.52</ele>
   </trkpt>
   <trkpt lat="43.91185" lon="4.506340000000001">
    <ele>128.52</ele>
   </trkpt>
   <trkpt lat="43.91118" lon="4.505800000000001">
    <ele>128.79999999999998</ele>
   </trkpt>
   <trkpt lat="43.910610000000005" lon="4.505450000000001">
    <ele>128.44</ele>
   </trkpt>
   <trkpt lat="43.90997000102449" lon="4.504944994500734">
    <ele>122.71000000000001</ele>
   </trkpt>
   <trkpt lat="43.909330000000004" lon="4.504440000000001">
    <ele>122.71000000000001</ele>
   </trkpt>
   <trkpt lat="43.9091" lon="4.50429">
    <ele>122.71000000000001</ele>
   </trkpt>
   <trkpt lat="43.908435000358146" lon="4.503989996632819">
    <ele>122.62</ele>
   </trkpt>
   <trkpt lat="43.907770000000006" lon="4.503690000000001">
    <ele>122.62</ele>
   </trkpt>
   <trkpt lat="43.9073100001714" lon="4.503489998453096">
    <ele>122.62</ele>
   </trkpt>
   <trkpt lat="43.906850000000006" lon="4.503290000000001">
    <ele>122.62</ele>
   </trkpt>
   <trkpt lat="43.90626" lon="4.50318">
    <ele>122.29</ele>
   </trkpt>
   <trkpt lat="43.90575000024059" lon="4.502904997595859">
    <ele>122.29</ele>
   </trkpt>
   <trkpt lat="43.905240000000006" lon="4.502630000000001">
    <ele>122.29</ele>
   </trkpt>
   <trkpt lat="43.904410000000006" lon="4.5022400000000005">
    <ele>122.29</ele>
   </trkpt>
   <trkpt lat="43.90397" lon="4.50199">
    <ele>124.71000000000001</ele>
   </trkpt>
   <trkpt lat="43.903510000000004" lon="4.5017700000000005">
    <ele>124.71000000000001</ele>
   </trkpt>
   <trkpt lat="43.903220000000005" lon="4.5014400000000006">
    <ele>124.71000000000001</ele>
   </trkpt>
   <trkpt lat="43.903040000000004" lon="4.501040000000001">
    <ele>126.17</ele>
   </trkpt>
   <trkpt lat="43.902770000000004" lon="4.50032">
    <ele>126.97</ele>
   </trkpt>
   <trkpt lat="43.902730000000005" lon="4.499960000000001">
    <ele>126.97</ele>
   </trkpt>
   <trkpt lat="43.902770000000004" lon="4.49932">
    <ele>126.97</ele>
   </trkpt>
   <trkpt lat="43.902840000000005" lon="4.4988">
    <ele>136.57000000000002</ele>
   </trkpt>
   <trkpt lat="43.902930000000005" lon="4.49788">
    <ele>136.57000000000002</ele>
   </trkpt>
   <trkpt lat="43.90306" lon="4.496910000000001">
    <ele>136.57000000000002</ele>
   </trkpt>
   <trkpt lat="43.903090000000006" lon="4.49652">
    <ele>136.57000000000002</ele>
   </trkpt>
   <trkpt lat="43.903040000000004" lon="4.49605">
    <ele>138.78</ele>
   </trkpt>
   <trkpt lat="43.9029" lon="4.495500000000001">
    <ele>139.0</ele>
   </trkpt>
   <trkpt lat="43.90272" lon="4.49462">
    <ele>137.12</ele>
   </trkpt>
   <trkpt lat="43.902710000000006" lon="4.49417">
    <ele>137.12</ele>
   </trkpt>
   <trkpt lat="43.902730000000005" lon="4.4939">
    <ele>137.12</ele>
   </trkpt>
   <trkpt lat="43.902840000000005" lon="4.493200000000001">
    <ele>127.37</ele>
   </trkpt>
   <trkpt lat="43.90303" lon="4.49256">
    <ele>127.37</ele>
   </trkpt>
   <trkpt lat="43.90312" lon="4.49214">
    <ele>127.37</ele>
   </trkpt>
   <trkpt lat="43.903130000000004" lon="4.49181">
    <ele>127.37</ele>
   </trkpt>
   <trkpt lat="43.903275006238" lon="4.4906150028148">
    <ele>127.37</ele>
   </trkpt>
   <trkpt lat="43.903420000000004" lon="4.48942">
    <ele>132.73000000000002</ele>
   </trkpt>
   <trkpt lat="43.90352" lon="4.48906">
    <ele>132.73000000000002</ele>
   </trkpt>
   <trkpt lat="43.9037" lon="4.4885600000000005">
    <ele>132.73000000000002</ele>
   </trkpt>
   <trkpt lat="43.903780000000005" lon="4.4882800000000005">
    <ele>132.73000000000002</ele>
   </trkpt>
   <trkpt lat="43.903830000000006" lon="4.48725">
    <ele>133.61</ele>
   </trkpt>
   <trkpt lat="43.90386" lon="4.48601">
    <ele>133.4</ele>
   </trkpt>
   <trkpt lat="43.90392000000001" lon="4.485460000000001">
    <ele>133.4</ele>
   </trkpt>
   <trkpt lat="43.90397" lon="4.48442">
    <ele>134.25</ele>
   </trkpt>
   <trkpt lat="43.90391" lon="4.483960000000001">
    <ele>134.25</ele>
   </trkpt>
   <trkpt lat="43.90377500176813" lon="4.483329998746767">
    <ele>134.25</ele>
   </trkpt>
   <trkpt lat="43.90364" lon="4.4827">
    <ele>134.25</ele>
   </trkpt>
   <trkpt lat="43.90364" lon="4.482410000000001">
    <ele>134.25</ele>
   </trkpt>
   <trkpt lat="43.903670000000005" lon="4.48219">
    <ele>134.25</ele>
   </trkpt>
   <trkpt lat="43.90381000000001" lon="4.48151">
    <ele>134.25</ele>
   </trkpt>
   <trkpt lat="43.903830000000006" lon="4.481120000000001">
    <ele>130.60000000000002</ele>
   </trkpt>
   <trkpt lat="43.90382" lon="4.48059">
    <ele>130.60000000000002</ele>
   </trkpt>
   <trkpt lat="43.903890000000004" lon="4.4802">
    <ele>130.60000000000002</ele>
   </trkpt>
   <trkpt lat="43.90411" lon="4.47947">
    <ele>130.60000000000002</ele>
   </trkpt>
   <trkpt lat="43.904230000000005" lon="4.47879">
    <ele>130.60000000000002</ele>
   </trkpt>
   <trkpt lat="43.90422" lon="4.4784500000000005">
    <ele>130.60000000000002</ele>
   </trkpt>
   <trkpt lat="43.904050000000005" lon="4.47754">
    <ele>131.84</ele>
   </trkpt>
   <trkpt lat="43.90397" lon="4.47701">
    <ele>131.84</ele>
   </trkpt>
   <trkpt lat="43.90397" lon="4.476780000000001">
    <ele>131.09</ele>
   </trkpt>
   <trkpt lat="43.904080001906124" lon="4.476130000823085">
    <ele>131.09</ele>
   </trkpt>
   <trkpt lat="43.90419000000001" lon="4.47548">
    <ele>131.09</ele>
   </trkpt>
   <trkpt lat="43.90419000000001" lon="4.47538">
    <ele>133.78</ele>
   </trkpt>
   <trkpt lat="43.904070000000004" lon="4.47508">
    <ele>133.78</ele>
   </trkpt>
   <trkpt lat="43.90404" lon="4.474950000000001">
    <ele>133.78</ele>
   </trkpt>
   <trkpt lat="43.90402" lon="4.47475">
    <ele>133.78</ele>
   </trkpt>
   <trkpt lat="43.90410000000001" lon="4.47445">
    <ele>133.78</ele>
   </trkpt>
   <trkpt lat="43.904250000000005" lon="4.47355">
    <ele>138.51000000000002</ele>
   </trkpt>
   <trkpt lat="43.904320000000006" lon="4.47339">
    <ele>141.46</ele>
   </trkpt>
   <trkpt lat="43.90447" lon="4.4734300000000005">
    <ele>141.46</ele>
   </trkpt>
   <trkpt lat="43.90495000000001" lon="4.47309">
    <ele>147.03000000000003</ele>
   </trkpt>
   <trkpt lat="43.905010000000004" lon="4.47274">
    <ele>147.42000000000002</ele>
   </trkpt>
   <trkpt lat="43.90505" lon="4.472650000000001">
    <ele>148.57</ele>
   </trkpt>
   <trkpt lat="43.90514" lon="4.472510000000001">
    <ele>148.57</ele>
   </trkpt>
   <trkpt lat="43.90513000000001" lon="4.47252">
    <ele>148.57</ele>
   </trkpt>
   <trkpt lat="43.9055" lon="4.47233">
    <ele>150.78000000000003</ele>
   </trkpt>
   <trkpt lat="43.905800000000006" lon="4.47227">
    <ele>156.99</ele>
   </trkpt>
   <trkpt lat="43.90587" lon="4.47231">
    <ele>156.99</ele>
   </trkpt>
   <trkpt lat="43.90592" lon="4.47241">
    <ele>156.99</ele>
   </trkpt>
   <trkpt lat="43.90599" lon="4.4724200000000005">
    <ele>156.99</ele>
   </trkpt>
   <trkpt lat="43.90603" lon="4.4726300000000005">
    <ele>157.32000000000002</ele>
   </trkpt>
   <trkpt lat="43.906530000000004" lon="4.473520000000001">
    <ele>159.46</ele>
   </trkpt>
   <trkpt lat="43.906760000000006" lon="4.47386">
    <ele>159.46</ele>
   </trkpt>
   <trkpt lat="43.90688" lon="4.47395">
    <ele>159.46</ele>
   </trkpt>
   <trkpt lat="43.906980000000004" lon="4.47393">
    <ele>159.46</ele>
   </trkpt>
   <trkpt lat="43.90704" lon="4.47389">
    <ele>159.46</ele>
   </trkpt>
   <trkpt lat="43.90762000087758" lon="4.473420004649069">
    <ele>159.46</ele>
   </trkpt>
   <trkpt lat="43.9082" lon="4.47295">
    <ele>182.83</ele>
   </trkpt>
   <trkpt lat="43.908620000000006" lon="4.47248">
    <ele>182.83</ele>
   </trkpt>
   <trkpt lat="43.908820000000006" lon="4.4720200000000006">
    <ele>182.83</ele>
   </trkpt>
   <trkpt lat="43.909180000000006" lon="4.471620000000001">
    <ele>182.83</ele>
   </trkpt>
   <trkpt lat="43.90934" lon="4.47166">
    <ele>182.83</ele>
   </trkpt>
   <trkpt lat="43.909560000000006" lon="4.47187">
    <ele>182.83</ele>
   </trkpt>
   <trkpt lat="43.909760000000006" lon="4.471990000000001">
    <ele>182.83</ele>
   </trkpt>
   <trkpt lat="43.91028" lon="4.47201">
    <ele>182.83</ele>
   </trkpt>
   <trkpt lat="43.91049" lon="4.47198">
    <ele>182.83</ele>
   </trkpt>
   <trkpt lat="43.91104000000001" lon="4.47168">
    <ele>203.93000000000004</ele>
   </trkpt>
   <trkpt lat="43.91165" lon="4.471500000000001">
    <ele>203.93000000000004</ele>
   </trkpt>
   <trkpt lat="43.91241" lon="4.47161">
    <ele>203.93000000000004</ele>
   </trkpt>
   <trkpt lat="43.91254000000001" lon="4.471710000000001">
    <ele>203.93000000000004</ele>
   </trkpt>
   <trkpt lat="43.91268" lon="4.47215">
    <ele>203.93000000000004</ele>
   </trkpt>
   <trkpt lat="43.91281" lon="4.47245">
    <ele>203.93000000000004</ele>
   </trkpt>
   <trkpt lat="43.913380000837336" lon="4.47290499558984">
    <ele>204.17000000000002</ele>
   </trkpt>
   <trkpt lat="43.91395000000001" lon="4.4733600000000004">
    <ele>201.87</ele>
   </trkpt>
   <trkpt lat="43.914190000000005" lon="4.47358">
    <ele>201.87</ele>
   </trkpt>
   <trkpt lat="43.91443" lon="4.47369">
    <ele>201.87</ele>
   </trkpt>
   <trkpt lat="43.91478" lon="4.47377">
    <ele>201.87</ele>
   </trkpt>
   <trkpt lat="43.91554000000001" lon="4.47403">
    <ele>200.9</ele>
   </trkpt>
   <trkpt lat="43.9159" lon="4.4741100000000005">
    <ele>200.9</ele>
   </trkpt>
   <trkpt lat="43.91656499995091" lon="4.474050000676383">
    <ele>198.92000000000002</ele>
   </trkpt>
   <trkpt lat="43.91723" lon="4.473990000000001">
    <ele>198.83</ele>
   </trkpt>
   <trkpt lat="43.91761" lon="4.47393">
    <ele>198.83</ele>
   </trkpt>
   <trkpt lat="43.91824000019621" lon="4.473796669481435">
    <ele>198.83</ele>
   </trkpt>
   <trkpt lat="43.91887000023738" lon="4.473663336139427">
    <ele>198.83</ele>
   </trkpt>
   <trkpt lat="43.919500000000006" lon="4.47353">
    <ele>198.83</ele>
   </trkpt>
   <trkpt lat="43.92004" lon="4.47348">
    <ele>198.83</ele>
   </trkpt>
   <trkpt lat="43.92076250007087" lon="4.473552497358938">
    <ele>191.95000000000002</ele>
   </trkpt>
   <trkpt lat="43.92148500009589" lon="4.473624996478667">
    <ele>191.95000000000002</ele>
   </trkpt>
   <trkpt lat="43.922207500075096" lon="4.473697497359274">
    <ele>191.95000000000002</ele>
   </trkpt>
   <trkpt lat="43.92293" lon="4.47377">
    <ele>191.95000000000002</ele>
   </trkpt>
   <trkpt lat="43.92351" lon="4.47381">
    <ele>191.95000000000002</ele>
   </trkpt>
   <trkpt lat="43.923750000000005" lon="4.473680000000001">
    <ele>191.95000000000002</ele>
   </trkpt>
   <trkpt lat="43.923930000000006" lon="4.47337">
    <ele>187.35000000000002</ele>
   </trkpt>
   <trkpt lat="43.923970000000004" lon="4.473210000000001">
    <ele>187.35000000000002</ele>
   </trkpt>
   <trkpt lat="43.92404500263019" lon="4.472435000860157">
    <ele>187.35000000000002</ele>
   </trkpt>
   <trkpt lat="43.92412" lon="4.47166">
    <ele>186.75000000000003</ele>
   </trkpt>
   <trkpt lat="43.92425" lon="4.47152">
    <ele>186.75000000000003</ele>
   </trkpt>
   <trkpt lat="43.92443" lon="4.471550000000001">
    <ele>186.75000000000003</ele>
   </trkpt>
   <trkpt lat="43.92459" lon="4.471710000000001">
    <ele>186.75000000000003</ele>
   </trkpt>
   <trkpt lat="43.924800000000005" lon="4.47187">
    <ele>186.75000000000003</ele>
   </trkpt>
   <trkpt lat="43.925230000000006" lon="4.47208">
    <ele>186.75000000000003</ele>
   </trkpt>
   <trkpt lat="43.92559000000001" lon="4.471990000000001">
    <ele>186.75000000000003</ele>
   </trkpt>
   <trkpt lat="43.925920000000005" lon="4.4718100000000005">
    <ele>183.01</ele>
   </trkpt>
   <trkpt lat="43.926280000000006" lon="4.47172">
    <ele>183.01</ele>
   </trkpt>
   <trkpt lat="43.926820000000006" lon="4.4717">
    <ele>183.01</ele>
   </trkpt>
   <trkpt lat="43.927580000000006" lon="4.47179">
    <ele>183.01</ele>
   </trkpt>
   <trkpt lat="43.92808" lon="4.47193">
    <ele>182.97000000000003</ele>
   </trkpt>
   <trkpt lat="43.928790000000006" lon="4.47219">
    <ele>182.97000000000003</ele>
   </trkpt>
   <trkpt lat="43.92887" lon="4.472370000000001">
    <ele>182.97000000000003</ele>
   </trkpt>
   <trkpt lat="43.92897000000001" lon="4.47294">
    <ele>182.97000000000003</ele>
   </trkpt>
   <trkpt lat="43.92907" lon="4.47311">
    <ele>172.38</ele>
   </trkpt>
   <trkpt lat="43.92953000000001" lon="4.47341">
    <ele>172.38</ele>
   </trkpt>
   <trkpt lat="43.92999500024084" lon="4.4736749978909245">
    <ele>172.38</ele>
   </trkpt>
   <trkpt lat="43.930460000000004" lon="4.473940000000001">
    <ele>172.38</ele>
   </trkpt>
   <trkpt lat="43.93101" lon="4.47431">
    <ele>172.72</ele>
   </trkpt>
   <trkpt lat="43.931110000000004" lon="4.4744">
    <ele>172.72</ele>
   </trkpt>
   <trkpt lat="43.931490000000004" lon="4.47494">
    <ele>165.36</ele>
   </trkpt>
   <trkpt lat="43.931610000000006" lon="4.474970000000001">
    <ele>165.36</ele>
   </trkpt>
   <trkpt lat="43.93173" lon="4.47491">
    <ele>165.36</ele>
   </trkpt>
   <trkpt lat="43.931920000000005" lon="4.47466">
    <ele>165.36</ele>
   </trkpt>
   <trkpt lat="43.932030000000005" lon="4.4745800000000004">
    <ele>165.36</ele>
   </trkpt>
   <trkpt lat="43.93218" lon="4.4745800000000004">
    <ele>165.36</ele>
   </trkpt>
   <trkpt lat="43.93262000000001" lon="4.47478">
    <ele>165.36</ele>
   </trkpt>
   <trkpt lat="43.93281" lon="4.47477">
    <ele>165.36</ele>
   </trkpt>
   <trkpt lat="43.932880000000004" lon="4.47471">
    <ele>165.36</ele>
   </trkpt>
   <trkpt lat="43.93292" lon="4.47459">
    <ele>165.36</ele>
   </trkpt>
   <trkpt lat="43.93298" lon="4.473660000000001">
    <ele>165.36</ele>
   </trkpt>
   <trkpt lat="43.93307" lon="4.473520000000001">
    <ele>165.36</ele>
   </trkpt>
   <trkpt lat="43.93321" lon="4.473450000000001">
    <ele>146.39000000000001</ele>
   </trkpt>
   <trkpt lat="43.933370000000004" lon="4.47349">
    <ele>146.39000000000001</ele>
   </trkpt>
   <trkpt lat="43.9337" lon="4.473920000000001">
    <ele>146.39000000000001</ele>
   </trkpt>
   <trkpt lat="43.933800000000005" lon="4.473990000000001">
    <ele>146.39000000000001</ele>
   </trkpt>
   <trkpt lat="43.93392" lon="4.4740400000000005">
    <ele>146.39000000000001</ele>
   </trkpt>
   <trkpt lat="43.934020000000004" lon="4.47398">
    <ele>146.39000000000001</ele>
   </trkpt>
   <trkpt lat="43.934360000000005" lon="4.47356">
    <ele>146.39000000000001</ele>
   </trkpt>
   <trkpt lat="43.934940000000005" lon="4.47302">
    <ele>146.39000000000001</ele>
   </trkpt>
   <trkpt lat="43.935" lon="4.472930000000001">
    <ele>146.39000000000001</ele>
   </trkpt>
   <trkpt lat="43.93502" lon="4.47281">
    <ele>146.39000000000001</ele>
   </trkpt>
   <trkpt lat="43.93491" lon="4.4725">
    <ele>146.39000000000001</ele>
   </trkpt>
   <trkpt lat="43.93489" lon="4.47238">
    <ele>146.39000000000001</ele>
   </trkpt>
   <trkpt lat="43.93493" lon="4.472180000000001">
    <ele>146.39000000000001</ele>
   </trkpt>
   <trkpt lat="43.935050000000004" lon="4.47213">
    <ele>146.39000000000001</ele>
   </trkpt>
   <trkpt lat="43.93525" lon="4.47217">
    <ele>146.39000000000001</ele>
   </trkpt>
   <trkpt lat="43.93576" lon="4.47262">
    <ele>150.81</ele>
   </trkpt>
   <trkpt lat="43.936020000000006" lon="4.47294">
    <ele>150.81</ele>
   </trkpt>
   <trkpt lat="43.93609" lon="4.473470000000001">
    <ele>150.81</ele>
   </trkpt>
   <trkpt lat="43.93614" lon="4.47362">
    <ele>150.81</ele>
   </trkpt>
   <trkpt lat="43.93623" lon="4.4737800000000005">
    <ele>150.81</ele>
   </trkpt>
   <trkpt lat="43.93661000115161" lon="4.474274996945089">
    <ele>150.81</ele>
   </trkpt>
   <trkpt lat="43.93699" lon="4.47477">
    <ele>150.81</ele>
   </trkpt>
   <trkpt lat="43.93703000000001" lon="4.47491">
    <ele>150.81</ele>
   </trkpt>
   <trkpt lat="43.93692" lon="4.47557">
    <ele>150.81</ele>
   </trkpt>
   <trkpt lat="43.936910000000005" lon="4.47573">
    <ele>150.81</ele>
   </trkpt>
   <trkpt lat="43.93697" lon="4.475910000000001">
    <ele>150.81</ele>
   </trkpt>
   <trkpt lat="43.937200000000004" lon="4.476240000000001">
    <ele>150.81</ele>
   </trkpt>
   <trkpt lat="43.937250000000006" lon="4.476360000000001">
    <ele>150.81</ele>
   </trkpt>
   <trkpt lat="43.93732000000001" lon="4.476730000000001">
    <ele>150.81</ele>
   </trkpt>
   <trkpt lat="43.937310000000004" lon="4.476850000000001">
    <ele>150.81</ele>
   </trkpt>
   <trkpt lat="43.93719" lon="4.47731">
    <ele>150.81</ele>
   </trkpt>
   <trkpt lat="43.937200000000004" lon="4.47742">
    <ele>150.81</ele>
   </trkpt>
   <trkpt lat="43.937430000000006" lon="4.47799">
    <ele>150.81</ele>
   </trkpt>
   <trkpt lat="43.937490000000004" lon="4.47806">
    <ele>108.34</ele>
   </trkpt>
   <trkpt lat="43.938010000000006" lon="4.47829">
    <ele>108.34</ele>
   </trkpt>
   <trkpt lat="43.938140000000004" lon="4.4783100000000005">
    <ele>108.34</ele>
   </trkpt>
   <trkpt lat="43.938970000000005" lon="4.478090000000001">
    <ele>108.34</ele>
   </trkpt>
   <trkpt lat="43.939130000000006" lon="4.478070000000001">
    <ele>108.34</ele>
   </trkpt>
   <trkpt lat="43.9399033334734" lon="4.47821332959746">
    <ele>108.34</ele>
   </trkpt>
   <trkpt lat="43.94067666676763" lon="4.478356662923481">
    <ele>108.34</ele>
   </trkpt>
   <trkpt lat="43.94145" lon="4.4785">
    <ele>108.34</ele>
   </trkpt>
   <trkpt lat="43.94162" lon="4.47864">
    <ele>108.34</ele>
   </trkpt>
   <trkpt lat="43.94173000000001" lon="4.47878">
    <ele>108.34</ele>
   </trkpt>
   <trkpt lat="43.941840000000006" lon="4.47902">
    <ele>108.34</ele>
   </trkpt>
   <trkpt lat="43.941880000000005" lon="4.47942">
    <ele>105.54</ele>
   </trkpt>
   <trkpt lat="43.941950000000006" lon="4.479780000000001">
    <ele>105.54</ele>
   </trkpt>
   <trkpt lat="43.94209" lon="4.479990000000001">
    <ele>105.54</ele>
   </trkpt>
   <trkpt lat="43.94227" lon="4.48022">
    <ele>105.54</ele>
   </trkpt>
   <trkpt lat="43.94300500037575" lon="4.480494996617282">
    <ele>103.36</ele>
   </trkpt>
   <trkpt lat="43.943740000000005" lon="4.480770000000001">
    <ele>96.78</ele>
   </trkpt>
   <trkpt lat="43.943850000000005" lon="4.480770000000001">
    <ele>96.78</ele>
   </trkpt>
   <trkpt lat="43.944250000000004" lon="4.48062">
    <ele>85.42</ele>
   </trkpt>
   <trkpt lat="43.944390000000006" lon="4.48069">
    <ele>85.42</ele>
   </trkpt>
   <trkpt lat="43.94445" lon="4.4808200000000005">
    <ele>85.42</ele>
   </trkpt>
   <trkpt lat="43.94458" lon="4.48149">
    <ele>85.42</ele>
   </trkpt>
   <trkpt lat="43.944660000000006" lon="4.48167">
    <ele>85.42</ele>
   </trkpt>
   <trkpt lat="43.94478" lon="4.48177">
    <ele>85.42</ele>
   </trkpt>
   <trkpt lat="43.94501" lon="4.481680000000001">
    <ele>85.42</ele>
   </trkpt>
   <trkpt lat="43.94521" lon="4.481450000000001">
    <ele>85.42</ele>
   </trkpt>
   <trkpt lat="43.945310000000006" lon="4.4813600000000005">
    <ele>85.42</ele>
   </trkpt>
   <trkpt lat="43.945420000000006" lon="4.4813600000000005">
    <ele>85.42</ele>
   </trkpt>
   <trkpt lat="43.945600000000006" lon="4.48149">
    <ele>85.42</ele>
   </trkpt>
   <trkpt lat="43.946220000000004" lon="4.48217">
    <ele>85.42</ele>
   </trkpt>
   <trkpt lat="43.94633" lon="4.482360000000001">
    <ele>85.42</ele>
   </trkpt>
   <trkpt lat="43.94641" lon="4.482600000000001">
    <ele>85.42</ele>
   </trkpt>
   <trkpt lat="43.946450000000006" lon="4.4827900000000005">
    <ele>85.42</ele>
   </trkpt>
   <trkpt lat="43.94639" lon="4.48322">
    <ele>85.42</ele>
   </trkpt>
   <trkpt lat="43.94643000000001" lon="4.48345">
    <ele>85.42</ele>
   </trkpt>
   <trkpt lat="43.94664" lon="4.48378">
    <ele>85.42</ele>
   </trkpt>
   <trkpt lat="43.94675" lon="4.483820000000001">
    <ele>85.42</ele>
   </trkpt>
   <trkpt lat="43.947230000000005" lon="4.48383">
    <ele>85.42</ele>
   </trkpt>
   <trkpt lat="43.94733" lon="4.48385">
    <ele>85.42</ele>
   </trkpt>
   <trkpt lat="43.94745" lon="4.48395">
    <ele>85.42</ele>
   </trkpt>
   <trkpt lat="43.94771" lon="4.48447">
    <ele>52.550000000000004</ele>
   </trkpt>
   <trkpt lat="43.9478" lon="4.48454">
    <ele>52.550000000000004</ele>
   </trkpt>
   <trkpt lat="43.947900000000004" lon="4.48456">
    <ele>52.550000000000004</ele>
   </trkpt>
   <trkpt lat="43.948570000000004" lon="4.48458">
    <ele>52.550000000000004</ele>
   </trkpt>
   <trkpt lat="43.949360000000006" lon="4.48503">
    <ele>52.550000000000004</ele>
   </trkpt>
   <trkpt lat="43.94953" lon="4.4850900000000005">
    <ele>52.550000000000004</ele>
   </trkpt>
   <trkpt lat="43.9501850001621" lon="4.485224998529267">
    <ele>52.550000000000004</ele>
   </trkpt>
   <trkpt lat="43.95084000000001" lon="4.48536">
    <ele>52.550000000000004</ele>
   </trkpt>
   <trkpt lat="43.95127000056036" lon="4.485719997391401">
    <ele>52.550000000000004</ele>
   </trkpt>
   <trkpt lat="43.9517" lon="4.48608">
    <ele>52.550000000000004</ele>
   </trkpt>
   <trkpt lat="43.951840000000004" lon="4.48617">
    <ele>52.550000000000004</ele>
   </trkpt>
   <trkpt lat="43.95201" lon="4.4862400000000004">
    <ele>52.550000000000004</ele>
   </trkpt>
   <trkpt lat="43.95223" lon="4.486210000000001">
    <ele>52.550000000000004</ele>
   </trkpt>
   <trkpt lat="43.952380000000005" lon="4.486070000000001">
    <ele>52.550000000000004</ele>
   </trkpt>
   <trkpt lat="43.9525" lon="4.4857700000000005">
    <ele>52.550000000000004</ele>
   </trkpt>
   <trkpt lat="43.95274000586685" lon="4.4846100046870365">
    <ele>46.61000000000001</ele>
   </trkpt>
   <trkpt lat="43.952980000000004" lon="4.48345">
    <ele>37.660000000000004</ele>
   </trkpt>
   <trkpt lat="43.95318251321129" lon="4.482445010278727">
    <ele>30.590000000000003</ele>
   </trkpt>
   <trkpt lat="43.95338501761444" lon="4.481440013708229">
    <ele>41.53</ele>
   </trkpt>
   <trkpt lat="43.95358751320936" lon="4.480435010288712">
    <ele>47.00000000000001</ele>
   </trkpt>
   <trkpt lat="43.953790000000005" lon="4.479430000000001">
    <ele>49.79</ele>
   </trkpt>
   <trkpt lat="43.95382" lon="4.479360000000001">
    <ele>51.49</ele>
   </trkpt>
   <trkpt lat="43.953920000000004" lon="4.479220000000001">
    <ele>51.7</ele>
   </trkpt>
   <trkpt lat="43.95414" lon="4.47921">
    <ele>52.29</ele>
   </trkpt>
   <trkpt lat="43.954440000000005" lon="4.479480000000001">
    <ele>51.86</ele>
   </trkpt>
   <trkpt lat="43.95494" lon="4.48006">
    <ele>48.74</ele>
   </trkpt>
   <trkpt lat="43.9555" lon="4.48066">
    <ele>46.73</ele>
   </trkpt>
   <trkpt lat="43.95559" lon="4.480720000000001">
    <ele>43.440000000000005</ele>
   </trkpt>
   <trkpt lat="43.955960000000005" lon="4.480860000000001">
    <ele>43.440000000000005</ele>
   </trkpt>
   <trkpt lat="43.9562" lon="4.480980000000001">
    <ele>40.010000000000005</ele>
   </trkpt>
   <trkpt lat="43.95631" lon="4.4811000000000005">
    <ele>40.010000000000005</ele>
   </trkpt>
   <trkpt lat="43.95644" lon="4.481330000000001">
    <ele>39.85</ele>
   </trkpt>
   <trkpt lat="43.956540000000004" lon="4.48153">
    <ele>36.25000000000001</ele>
   </trkpt>
   <trkpt lat="43.956920000000004" lon="4.482480000000001">
    <ele>36.38</ele>
   </trkpt>
   <trkpt lat="43.957080000000005" lon="4.4827900000000005">
    <ele>37.87</ele>
   </trkpt>
   <trkpt lat="43.95722000000001" lon="4.48296">
    <ele>37.87</ele>
   </trkpt>
   <trkpt lat="43.957640000000005" lon="4.483420000000001">
    <ele>37.14000000000001</ele>
   </trkpt>
   <trkpt lat="43.957840000000004" lon="4.483750000000001">
    <ele>37.14000000000001</ele>
   </trkpt>
   <trkpt lat="43.95825000000001" lon="4.4844800000000005">
    <ele>39.13</ele>
   </trkpt>
   <trkpt lat="43.958380000000005" lon="4.48467">
    <ele>39.900000000000006</ele>
   </trkpt>
   <trkpt lat="43.958510000000004" lon="4.48482">
    <ele>39.900000000000006</ele>
   </trkpt>
   <trkpt lat="43.95864" lon="4.4849000000000006">
    <ele>39.27</ele>
   </trkpt>
   <trkpt lat="43.95877" lon="4.48493">
    <ele>39.27</ele>
   </trkpt>
   <trkpt lat="43.95895" lon="4.48493">
    <ele>39.27</ele>
   </trkpt>
   <trkpt lat="43.95969" lon="4.48479">
    <ele>39.190000000000005</ele>
   </trkpt>
   <trkpt lat="43.959700000000005" lon="4.484780000000001">
    <ele>39.190000000000005</ele>
   </trkpt>
   <trkpt lat="43.959970000000006" lon="4.4846900000000005">
    <ele>39.190000000000005</ele>
   </trkpt>
   <trkpt lat="43.96013000000001" lon="4.48458">
    <ele>39.190000000000005</ele>
   </trkpt>
   <trkpt lat="43.96079" lon="4.48402">
    <ele>39.190000000000005</ele>
   </trkpt>
   <trkpt lat="43.96101" lon="4.4839">
    <ele>39.190000000000005</ele>
   </trkpt>
   <trkpt lat="43.96128" lon="4.4838000000000005">
    <ele>39.190000000000005</ele>
   </trkpt>
   <trkpt lat="43.96210500015235" lon="4.48363500228455">
    <ele>38.74</ele>
   </trkpt>
   <trkpt lat="43.96293" lon="4.4834700000000005">
    <ele>38.74</ele>
   </trkpt>
   <trkpt lat="43.96367" lon="4.48343">
    <ele>38.74</ele>
   </trkpt>
   <trkpt lat="43.964270000000006" lon="4.483440000000001">
    <ele>38.940000000000005</ele>
   </trkpt>
   <trkpt lat="43.96441" lon="4.48341">
    <ele>38.940000000000005</ele>
   </trkpt>
   <trkpt lat="43.96457" lon="4.4833300000000005">
    <ele>39.150000000000006</ele>
   </trkpt>
   <trkpt lat="43.96511" lon="4.48284">
    <ele>38.56</ele>
   </trkpt>
   <trkpt lat="43.96535" lon="4.4826500000000005">
    <ele>38.56</ele>
   </trkpt>
   <trkpt lat="43.965540000000004" lon="4.482530000000001">
    <ele>38.56</ele>
   </trkpt>
   <trkpt lat="43.965720000000005" lon="4.48245">
    <ele>38.56</ele>
   </trkpt>
   <trkpt lat="43.966350000000006" lon="4.4823">
    <ele>38.09</ele>
   </trkpt>
   <trkpt lat="43.96656" lon="4.482270000000001">
    <ele>38.09</ele>
   </trkpt>
   <trkpt lat="43.966590000000004" lon="4.482220000000001">
    <ele>38.05</ele>
   </trkpt>
   <trkpt lat="43.96661" lon="4.4821100000000005">
    <ele>38.05</ele>
   </trkpt>
   <trkpt lat="43.96660000000001" lon="4.48172">
    <ele>38.05</ele>
   </trkpt>
   <trkpt lat="43.9665" lon="4.480980000000001">
    <ele>38.05</ele>
   </trkpt>
   <trkpt lat="43.966530000000006" lon="4.48073">
    <ele>38.05</ele>
   </trkpt>
   <trkpt lat="43.96665" lon="4.480510000000001">
    <ele>38.05</ele>
   </trkpt>
   <trkpt lat="43.966950000000004" lon="4.48027">
    <ele>38.05</ele>
   </trkpt>
   <trkpt lat="43.967310000000005" lon="4.480090000000001">
    <ele>38.05</ele>
   </trkpt>
   <trkpt lat="43.967650000000006" lon="4.479970000000001">
    <ele>37.18000000000001</ele>
   </trkpt>
   <trkpt lat="43.96805500093489" lon="4.479495003296175">
    <ele>37.18000000000001</ele>
   </trkpt>
   <trkpt lat="43.96846" lon="4.47902">
    <ele>37.18000000000001</ele>
   </trkpt>
   <trkpt lat="43.96929" lon="4.47858">
    <ele>37.18000000000001</ele>
   </trkpt>
   <trkpt lat="43.96945" lon="4.47855">
    <ele>37.18000000000001</ele>
   </trkpt>
   <trkpt lat="43.97016333341541" lon="4.478643331092196">
    <ele>37.18000000000001</ele>
   </trkpt>
   <trkpt lat="43.97087666675483" lon="4.478736664426291">
    <ele>41.230000000000004</ele>
   </trkpt>
   <trkpt lat="43.971590000000006" lon="4.47883">
    <ele>41.230000000000004</ele>
   </trkpt>
   <trkpt lat="43.97175" lon="4.478800000000001">
    <ele>41.230000000000004</ele>
   </trkpt>
   <trkpt lat="43.97191" lon="4.478680000000001">
    <ele>41.230000000000004</ele>
   </trkpt>
   <trkpt lat="43.972150000000006" lon="4.47846">
    <ele>41.230000000000004</ele>
   </trkpt>
   <trkpt lat="43.97232" lon="4.47839">
    <ele>41.230000000000004</ele>
   </trkpt>
   <trkpt lat="43.97295000006269" lon="4.478280001165177">
    <ele>49.510000000000005</ele>
   </trkpt>
   <trkpt lat="43.973580000000005" lon="4.47817">
    <ele>49.510000000000005</ele>
   </trkpt>
   <trkpt lat="43.97413" lon="4.478020000000001">
    <ele>49.510000000000005</ele>
   </trkpt>
   <trkpt lat="43.9747799997722" lon="4.478015000056484">
    <ele>49.510000000000005</ele>
   </trkpt>
   <trkpt lat="43.97543" lon="4.47801">
    <ele>49.510000000000005</ele>
   </trkpt>
   <trkpt lat="43.97625" lon="4.47782">
    <ele>55.11000000000001</ele>
   </trkpt>
   <trkpt lat="43.976420000000005" lon="4.477810000000001">
    <ele>55.11000000000001</ele>
   </trkpt>
   <trkpt lat="43.977160000000005" lon="4.47787">
    <ele>55.160000000000004</ele>
   </trkpt>
   <trkpt lat="43.97737000485486" lon="4.476815003723774">
    <ele>55.160000000000004</ele>
   </trkpt>
   <trkpt lat="43.97758" lon="4.47576">
    <ele>55.160000000000004</ele>
   </trkpt>
   <trkpt lat="43.97791" lon="4.4747200000000005">
    <ele>55.160000000000004</ele>
   </trkpt>
   <trkpt lat="43.978180002476634" lon="4.473950003811457">
    <ele>55.160000000000004</ele>
   </trkpt>
   <trkpt lat="43.97845" lon="4.47318">
    <ele>54.580000000000005</ele>
   </trkpt>
   <trkpt lat="43.97867500201301" lon="4.472490002808093">
    <ele>54.580000000000005</ele>
   </trkpt>
   <trkpt lat="43.9789" lon="4.4718">
    <ele>54.580000000000005</ele>
   </trkpt>
   <trkpt lat="43.979250004456325" lon="4.470800005621149">
    <ele>54.580000000000005</ele>
   </trkpt>
   <trkpt lat="43.979600000000005" lon="4.4698">
    <ele>54.59</ele>
   </trkpt>
   <trkpt lat="43.97989000647836" lon="4.468940008317416">
    <ele>54.59</ele>
   </trkpt>
   <trkpt lat="43.98018000650663" lon="4.468080008233683">
    <ele>54.59</ele>
   </trkpt>
   <trkpt lat="43.980470000000004" lon="4.46722">
    <ele>55.510000000000005</ele>
   </trkpt>
   <trkpt lat="43.980680002106666" lon="4.46651500269719">
    <ele>55.510000000000005</ele>
   </trkpt>
   <trkpt lat="43.98089" lon="4.46581">
    <ele>55.510000000000005</ele>
   </trkpt>
   <trkpt lat="43.981100000000005" lon="4.46475">
    <ele>55.510000000000005</ele>
   </trkpt>
   <trkpt lat="43.981260017601585" lon="4.463590009386517">
    <ele>55.510000000000005</ele>
   </trkpt>
   <trkpt lat="43.981420023468154" lon="4.462430012520332">
    <ele>55.510000000000005</ele>
   </trkpt>
   <trkpt lat="43.981580017599555" lon="4.461270009401835">
    <ele>55.510000000000005</ele>
   </trkpt>
   <trkpt lat="43.98174" lon="4.46011">
    <ele>60.95</ele>
   </trkpt>
   <trkpt lat="43.981890008893494" lon="4.459100005123395">
    <ele>60.95</ele>
   </trkpt>
   <trkpt lat="43.9820400088906" lon="4.458090005142983">
    <ele>60.95</ele>
   </trkpt>
   <trkpt lat="43.98219" lon="4.45708">
    <ele>60.95</ele>
   </trkpt>
   <trkpt lat="43.98227500202585" lon="4.456405000656184">
    <ele>60.95</ele>
   </trkpt>
   <trkpt lat="43.98236000000001" lon="4.45573">
    <ele>60.95</ele>
   </trkpt>
   <trkpt lat="43.982470000000006" lon="4.45512">
    <ele>60.95</ele>
   </trkpt>
   <trkpt lat="43.98264001126552" lon="4.45398333985844">
    <ele>60.95</ele>
   </trkpt>
   <trkpt lat="43.982810011263275" lon="4.45284667320695">
    <ele>60.95</ele>
   </trkpt>
   <trkpt lat="43.982980000000005" lon="4.45171">
    <ele>61.22</ele>
   </trkpt>
   <trkpt lat="43.983140000000006" lon="4.45084">
    <ele>61.22</ele>
   </trkpt>
   <trkpt lat="43.983250000000005" lon="4.450340000000001">
    <ele>61.22</ele>
   </trkpt>
   <trkpt lat="43.9836" lon="4.449260000000001">
    <ele>61.22</ele>
   </trkpt>
   <trkpt lat="43.983850000000004" lon="4.449350000000001">
    <ele>61.88</ele>
   </trkpt>
   <trkpt lat="43.98424000000001" lon="4.449380000000001">
    <ele>62.96</ele>
   </trkpt>
   <trkpt lat="43.98478" lon="4.44932">
    <ele>62.96</ele>
   </trkpt>
   <trkpt lat="43.985285000010904" lon="4.449339999830221">
    <ele>62.96</ele>
   </trkpt>
   <trkpt lat="43.98579" lon="4.44936">
    <ele>65.78</ele>
   </trkpt>
   <trkpt lat="43.986580000000004" lon="4.44958">
    <ele>65.78</ele>
   </trkpt>
   <trkpt lat="43.98666" lon="4.4496400000000005">
    <ele>66.97</ele>
   </trkpt>
   <trkpt lat="43.98671" lon="4.44972">
    <ele>66.97</ele>
   </trkpt>
   <trkpt lat="43.986740000000005" lon="4.449820000000001">
    <ele>66.97</ele>
   </trkpt>
   <trkpt lat="43.98675" lon="4.449940000000001">
    <ele>67.32000000000001</ele>
   </trkpt>
   <trkpt lat="43.98678" lon="4.45002">
    <ele>67.32000000000001</ele>
   </trkpt>
   <trkpt lat="43.98684" lon="4.45009">
    <ele>67.32000000000001</ele>
   </trkpt>
   <trkpt lat="43.98696" lon="4.45012">
    <ele>67.59</ele>
   </trkpt>
   <trkpt lat="43.987" lon="4.4501">
    <ele>67.59</ele>
   </trkpt>
   <trkpt lat="43.98706000000001" lon="4.45004">
    <ele>67.61</ele>
   </trkpt>
   <trkpt lat="43.987210000000005" lon="4.45005">
    <ele>68.09</ele>
   </trkpt>
   <trkpt lat="43.98736" lon="4.45014">
    <ele>68.09</ele>
   </trkpt>
   <trkpt lat="43.98802333503908" lon="4.450589989901155">
    <ele>68.09</ele>
   </trkpt>
   <trkpt lat="43.98868666831214" lon="4.4510399898601065">
    <ele>82.88000000000001</ele>
   </trkpt>
   <trkpt lat="43.98935" lon="4.451490000000001">
    <ele>82.88000000000001</ele>
   </trkpt>
   <trkpt lat="43.989670000000004" lon="4.45169">
    <ele>82.88000000000001</ele>
   </trkpt>
   <trkpt lat="43.98984" lon="4.4517500000000005">
    <ele>82.88000000000001</ele>
   </trkpt>
   <trkpt lat="43.989940000000004" lon="4.45174">
    <ele>83.87</ele>
   </trkpt>
   <trkpt lat="43.990080000000006" lon="4.45167">
    <ele>83.87</ele>
   </trkpt>
   <trkpt lat="43.990770002567956" lon="4.451225015535152">
    <ele>89.11000000000001</ele>
   </trkpt>
   <trkpt lat="43.99146000340895" lon="4.4507800207235375">
    <ele>99.42</ele>
   </trkpt>
   <trkpt lat="43.99215000252295" lon="4.4503350155646935">
    <ele>99.42</ele>
   </trkpt>
   <trkpt lat="43.99284" lon="4.449890000000001">
    <ele>111.42</ele>
   </trkpt>
   <trkpt lat="43.993165000820554" lon="4.449440002550876">
    <ele>111.42</ele>
   </trkpt>
   <trkpt lat="43.99349" lon="4.44899">
    <ele>111.42</ele>
   </trkpt>
   <trkpt lat="43.99363" lon="4.4489600000000005">
    <ele>113.65</ele>
   </trkpt>
   <trkpt lat="43.99382000000001" lon="4.449000000000001">
    <ele>116.73000000000002</ele>
   </trkpt>
   <trkpt lat="43.994220000000006" lon="4.44915">
    <ele>116.73000000000002</ele>
   </trkpt>
   <trkpt lat="43.99432" lon="4.44911">
    <ele>116.73000000000002</ele>
   </trkpt>
   <trkpt lat="43.99465000000001" lon="4.4489">
    <ele>116.73000000000002</ele>
   </trkpt>
   <trkpt lat="43.99499" lon="4.44855">
    <ele>131.99</ele>
   </trkpt>
   <trkpt lat="43.995070000000005" lon="4.448530000000001">
    <ele>131.99</ele>
   </trkpt>
   <trkpt lat="43.99515" lon="4.4485600000000005">
    <ele>131.99</ele>
   </trkpt>
   <trkpt lat="43.99539" lon="4.4487000000000005">
    <ele>131.99</ele>
   </trkpt>
   <trkpt lat="43.99586" lon="4.4491000000000005">
    <ele>135.64000000000001</ele>
   </trkpt>
   <trkpt lat="43.996460000000006" lon="4.44967">
    <ele>135.83</ele>
   </trkpt>
   <trkpt lat="43.99681" lon="4.4498500000000005">
    <ele>135.83</ele>
   </trkpt>
   <trkpt lat="43.997393333896795" lon="4.450096661830635">
    <ele>151.24</ele>
   </trkpt>
   <trkpt lat="43.99797666726297" lon="4.450343328511119">
    <ele>151.24</ele>
   </trkpt>
   <trkpt lat="43.998560000000005" lon="4.45059">
    <ele>151.24</ele>
   </trkpt>
   <trkpt lat="43.999100000000006" lon="4.45091">
    <ele>165.60000000000002</ele>
   </trkpt>
   <trkpt lat="43.99965" lon="4.451180000000001">
    <ele>165.60000000000002</ele>
   </trkpt>
   <trkpt lat="44.00021" lon="4.45139">
    <ele>166.07000000000002</ele>
   </trkpt>
   <trkpt lat="44.00029000000001" lon="4.45139">
    <ele>166.07000000000002</ele>
   </trkpt>
   <trkpt lat="44.000490000000006" lon="4.451350000000001">
    <ele>166.07000000000002</ele>
   </trkpt>
   <trkpt lat="44.00097000041546" lon="4.4510550023645745">
    <ele>167.97</ele>
   </trkpt>
   <trkpt lat="44.001450000000006" lon="4.450760000000001">
    <ele>167.97</ele>
   </trkpt>
   <trkpt lat="44.002210000000005" lon="4.450430000000001">
    <ele>171.56</ele>
   </trkpt>
   <trkpt lat="44.002810000000004" lon="4.45003">
    <ele>171.83</ele>
   </trkpt>
   <trkpt lat="44.002880000000005" lon="4.450010000000001">
    <ele>171.83</ele>
   </trkpt>
   <trkpt lat="44.003170000000004" lon="4.45002">
    <ele>173.17000000000002</ele>
   </trkpt>
   <trkpt lat="44.003715000189075" lon="4.450169998647002">
    <ele>173.17000000000002</ele>
   </trkpt>
   <trkpt lat="44.00426" lon="4.4503200000000005">
    <ele>174.44</ele>
   </trkpt>
   <trkpt lat="44.00477" lon="4.45044">
    <ele>174.44</ele>
   </trkpt>
   <trkpt lat="44.00515" lon="4.450480000000001">
    <ele>174.44</ele>
   </trkpt>
   <trkpt lat="44.00555000000001" lon="4.450670000000001">
    <ele>174.44</ele>
   </trkpt>
   <trkpt lat="44.006215001294" lon="4.4512099939644605">
    <ele>175.15000000000003</ele>
   </trkpt>
   <trkpt lat="44.00688" lon="4.4517500000000005">
    <ele>175.15000000000003</ele>
   </trkpt>
   <trkpt lat="44.007000000000005" lon="4.45199">
    <ele>175.36</ele>
   </trkpt>
   <trkpt lat="44.00724" lon="4.4526200000000005">
    <ele>175.36</ele>
   </trkpt>
   <trkpt lat="44.007310000000004" lon="4.45308">
    <ele>175.36</ele>
   </trkpt>
   <trkpt lat="44.007270000000005" lon="4.45347">
    <ele>175.36</ele>
   </trkpt>
   <trkpt lat="44.00715" lon="4.4539800000000005">
    <ele>175.36</ele>
   </trkpt>
   <trkpt lat="44.006930000000004" lon="4.454680000000001">
    <ele>176.78000000000003</ele>
   </trkpt>
   <trkpt lat="44.00685000000001" lon="4.4552000000000005">
    <ele>177.21</ele>
   </trkpt>
   <trkpt lat="44.00686" lon="4.45556">
    <ele>177.21</ele>
   </trkpt>
   <trkpt lat="44.006930000000004" lon="4.45575">
    <ele>177.21</ele>
   </trkpt>
   <trkpt lat="44.007110000000004" lon="4.45601">
    <ele>177.21</ele>
   </trkpt>
   <trkpt lat="44.007730001648135" lon="4.456634993411411">
    <ele>178.14000000000001</ele>
   </trkpt>
   <trkpt lat="44.00835" lon="4.457260000000001">
    <ele>178.14000000000001</ele>
   </trkpt>
   <trkpt lat="44.00883000097311" lon="4.457729996206091">
    <ele>178.14000000000001</ele>
   </trkpt>
   <trkpt lat="44.009310000000006" lon="4.458200000000001">
    <ele>178.14000000000001</ele>
   </trkpt>
   <trkpt lat="44.00989500107542" lon="4.458709994918478">
    <ele>180.45000000000002</ele>
   </trkpt>
   <trkpt lat="44.01048" lon="4.45922">
    <ele>180.45000000000002</ele>
   </trkpt>
   <trkpt lat="44.010810000000006" lon="4.459580000000001">
    <ele>180.51</ele>
   </trkpt>
   <trkpt lat="44.0112" lon="4.46027">
    <ele>181.15</ele>
   </trkpt>
   <trkpt lat="44.011190000000006" lon="4.460400000000001">
    <ele>181.03000000000003</ele>
   </trkpt>
   <trkpt lat="44.011230000000005" lon="4.46047">
    <ele>181.01</ele>
   </trkpt>
   <trkpt lat="44.011320000000005" lon="4.46049">
    <ele>181.18</ele>
   </trkpt>
   <trkpt lat="44.011340000000004" lon="4.46061">
    <ele>181.18</ele>
   </trkpt>
   <trkpt lat="44.01162" lon="4.46171">
    <ele>181.73</ele>
   </trkpt>
   <trkpt lat="44.01184000000001" lon="4.46225">
    <ele>181.73</ele>
   </trkpt>
   <trkpt lat="44.012080000000005" lon="4.46278">
    <ele>181.73</ele>
   </trkpt>
   <trkpt lat="44.01251000302704" lon="4.463619993812043">
    <ele>187.41000000000003</ele>
   </trkpt>
   <trkpt lat="44.01294" lon="4.464460000000001">
    <ele>187.27</ele>
   </trkpt>
   <trkpt lat="44.0131" lon="4.4648">
    <ele>187.27</ele>
   </trkpt>
   <trkpt lat="44.01315" lon="4.465050000000001">
    <ele>186.02</ele>
   </trkpt>
   <trkpt lat="44.01313000255194" lon="4.465815000261053">
    <ele>186.02</ele>
   </trkpt>
   <trkpt lat="44.013110000000005" lon="4.46658">
    <ele>182.88000000000002</ele>
   </trkpt>
   <trkpt lat="44.01314000000001" lon="4.4668">
    <ele>182.88000000000002</ele>
   </trkpt>
   <trkpt lat="44.0131" lon="4.46684">
    <ele>182.88000000000002</ele>
   </trkpt>
   <trkpt lat="44.01308" lon="4.466900000000001">
    <ele>182.66000000000003</ele>
   </trkpt>
   <trkpt lat="44.013090000000005" lon="4.466970000000001">
    <ele>182.66000000000003</ele>
   </trkpt>
   <trkpt lat="44.01312" lon="4.467020000000001">
    <ele>182.66000000000003</ele>
   </trkpt>
   <trkpt lat="44.013200000000005" lon="4.467020000000001">
    <ele>182.66000000000003</ele>
   </trkpt>
   <trkpt lat="44.01324" lon="4.4669300000000005">
    <ele>182.76</ele>
   </trkpt>
   <trkpt lat="44.013400000000004" lon="4.466950000000001">
    <ele>182.32</ele>
   </trkpt>
   <trkpt lat="44.01371" lon="4.4668600000000005">
    <ele>180.87</ele>
   </trkpt>
   <trkpt lat="44.013830000000006" lon="4.4668">
    <ele>180.87</ele>
   </trkpt>
   <trkpt lat="44.01402" lon="4.4665300000000006">
    <ele>180.87</ele>
   </trkpt>
   <trkpt lat="44.014190000000006" lon="4.46637">
    <ele>180.87</ele>
   </trkpt>
   <trkpt lat="44.01451" lon="4.46612">
    <ele>178.08</ele>
   </trkpt>
   <trkpt lat="44.01465" lon="4.4660400000000005">
    <ele>178.08</ele>
   </trkpt>
   <trkpt lat="44.01476" lon="4.46602">
    <ele>178.08</ele>
   </trkpt>
   <trkpt lat="44.015260000000005" lon="4.46605">
    <ele>167.46</ele>
   </trkpt>
   <trkpt lat="44.015570000000004" lon="4.4661">
    <ele>167.46</ele>
   </trkpt>
   <trkpt lat="44.015640000000005" lon="4.46616">
    <ele>167.46</ele>
   </trkpt>
   <trkpt lat="44.01581" lon="4.46671">
    <ele>167.46</ele>
   </trkpt>
   <trkpt lat="44.01581" lon="4.46687">
    <ele>167.46</ele>
   </trkpt>
   <trkpt lat="44.015750000000004" lon="4.46696">
    <ele>167.46</ele>
   </trkpt>
   <trkpt lat="44.015370000000004" lon="4.467210000000001">
    <ele>167.46</ele>
   </trkpt>
   <trkpt lat="44.015260000000005" lon="4.467300000000001">
    <ele>153.95</ele>
   </trkpt>
   <trkpt lat="44.01522000000001" lon="4.46741">
    <ele>153.95</ele>
   </trkpt>
   <trkpt lat="44.015240000000006" lon="4.467490000000001">
    <ele>153.95</ele>
   </trkpt>
   <trkpt lat="44.01529" lon="4.4675400000000005">
    <ele>153.95</ele>
   </trkpt>
   <trkpt lat="44.01543" lon="4.467560000000001">
    <ele>153.95</ele>
   </trkpt>
   <trkpt lat="44.01578000000001" lon="4.4675">
    <ele>153.95</ele>
   </trkpt>
   <trkpt lat="44.01594" lon="4.46743">
    <ele>153.95</ele>
   </trkpt>
   <trkpt lat="44.01633" lon="4.467350000000001">
    <ele>153.95</ele>
   </trkpt>
   <trkpt lat="44.01644" lon="4.46739">
    <ele>153.95</ele>
   </trkpt>
   <trkpt lat="44.01668" lon="4.46753">
    <ele>149.56</ele>
   </trkpt>
   <trkpt lat="44.01681000000001" lon="4.46757">
    <ele>149.56</ele>
   </trkpt>
   <trkpt lat="44.01695" lon="4.467560000000001">
    <ele>147.84</ele>
   </trkpt>
   <trkpt lat="44.01729" lon="4.46757">
    <ele>147.9</ele>
   </trkpt>
   <trkpt lat="44.01749" lon="4.46764">
    <ele>147.9</ele>
   </trkpt>
   <trkpt lat="44.01756" lon="4.46769">
    <ele>147.9</ele>
   </trkpt>
   <trkpt lat="44.01762" lon="4.46781">
    <ele>147.9</ele>
   </trkpt>
   <trkpt lat="44.017770000000006" lon="4.467960000000001">
    <ele>133.04000000000002</ele>
   </trkpt>
   <trkpt lat="44.01793000000001" lon="4.468030000000001">
    <ele>133.04000000000002</ele>
   </trkpt>
   <trkpt lat="44.018150000000006" lon="4.46809">
    <ele>133.04000000000002</ele>
   </trkpt>
   <trkpt lat="44.018240000000006" lon="4.46807">
    <ele>133.04000000000002</ele>
   </trkpt>
   <trkpt lat="44.018859999983" lon="4.468030000419813">
    <ele>133.04000000000002</ele>
   </trkpt>
   <trkpt lat="44.01948" lon="4.46799">
    <ele>133.04000000000002</ele>
   </trkpt>
   <trkpt lat="44.020030000000006" lon="4.468030000000001">
    <ele>112.32000000000001</ele>
   </trkpt>
   <trkpt lat="44.0206400000695" lon="4.4681499975196886">
    <ele>112.32000000000001</ele>
   </trkpt>
   <trkpt lat="44.02125000001343" lon="4.468269997508622">
    <ele>112.32000000000001</ele>
   </trkpt>
   <trkpt lat="44.021860000000004" lon="4.46839">
    <ele>112.32000000000001</ele>
   </trkpt>
   <trkpt lat="44.0221" lon="4.46849">
    <ele>112.32000000000001</ele>
   </trkpt>
   <trkpt lat="44.022600000000004" lon="4.46882">
    <ele>110.85000000000001</ele>
   </trkpt>
   <trkpt lat="44.02241" lon="4.47003">
    <ele>110.85000000000001</ele>
   </trkpt>
   <trkpt lat="44.02235500210957" lon="4.470725000604252">
    <ele>110.85000000000001</ele>
   </trkpt>
   <trkpt lat="44.0223" lon="4.47142">
    <ele>110.85000000000001</ele>
   </trkpt>
   <trkpt lat="44.02216251100314" lon="4.47233750644838">
    <ele>114.19000000000001</ele>
   </trkpt>
   <trkpt lat="44.022025014664344" lon="4.473255008641085">
    <ele>114.19000000000001</ele>
   </trkpt>
   <trkpt lat="44.02188751098368" lon="4.474172506577929">
    <ele>114.19000000000001</ele>
   </trkpt>
   <trkpt lat="44.021750000000004" lon="4.475090000000001">
    <ele>114.19000000000001</ele>
   </trkpt>
   <trkpt lat="44.021640000000005" lon="4.47548">
    <ele>114.19000000000001</ele>
   </trkpt>
   <trkpt lat="44.021380001421996" lon="4.476025002124406">
    <ele>115.16000000000001</ele>
   </trkpt>
   <trkpt lat="44.02112" lon="4.476570000000001">
    <ele>115.16000000000001</ele>
   </trkpt>
   <trkpt lat="44.02094" lon="4.4772300000000005">
    <ele>115.16000000000001</ele>
   </trkpt>
   <trkpt lat="44.0208" lon="4.4783">
    <ele>116.85000000000001</ele>
   </trkpt>
   <trkpt lat="44.02064" lon="4.47947">
    <ele>116.85000000000001</ele>
   </trkpt>
   <trkpt lat="44.02044000395714" lon="4.480425003316954">
    <ele>123.4</ele>
   </trkpt>
   <trkpt lat="44.02024" lon="4.481380000000001">
    <ele>123.4</ele>
   </trkpt>
   <trkpt lat="44.020050000000005" lon="4.48256">
    <ele>124.96000000000001</ele>
   </trkpt>
   <trkpt lat="44.020030000000006" lon="4.483440000000001">
    <ele>124.96000000000001</ele>
   </trkpt>
   <trkpt lat="44.02004" lon="4.4839400000000005">
    <ele>125.25</ele>
   </trkpt>
   <trkpt lat="44.0201400022437" lon="4.484654998896765">
    <ele>125.25</ele>
   </trkpt>
   <trkpt lat="44.02024" lon="4.4853700000000005">
    <ele>125.25</ele>
   </trkpt>
   <trkpt lat="44.02037000466833" lon="4.486404997706405">
    <ele>125.68</ele>
   </trkpt>
   <trkpt lat="44.020500000000006" lon="4.48744">
    <ele>125.68</ele>
   </trkpt>
   <trkpt lat="44.02042500252347" lon="4.488200000913989">
    <ele>128.19</ele>
   </trkpt>
   <trkpt lat="44.02035" lon="4.4889600000000005">
    <ele>128.19</ele>
   </trkpt>
   <trkpt lat="44.02038" lon="4.48981">
    <ele>130.56</ele>
   </trkpt>
   <trkpt lat="44.02026" lon="4.49075">
    <ele>130.56</ele>
   </trkpt>
   <trkpt lat="44.020210000000006" lon="4.49166">
    <ele>132.5</ele>
   </trkpt>
   <trkpt lat="44.02006" lon="4.49247">
    <ele>132.5</ele>
   </trkpt>
   <trkpt lat="44.0198450019872" lon="4.493150002558277">
    <ele>139.40000000000003</ele>
   </trkpt>
   <trkpt lat="44.01963000000001" lon="4.49383">
    <ele>139.40000000000003</ele>
   </trkpt>
   <trkpt lat="44.01952500163137" lon="4.494440001029582">
    <ele>140.61</ele>
   </trkpt>
   <trkpt lat="44.019420000000004" lon="4.49505">
    <ele>140.84000000000003</ele>
   </trkpt>
   <trkpt lat="44.01928" lon="4.49551">
    <ele>140.84000000000003</ele>
   </trkpt>
   <trkpt lat="44.01921" lon="4.4958800000000005">
    <ele>140.39000000000001</ele>
   </trkpt>
   <trkpt lat="44.019220000000004" lon="4.496250000000001">
    <ele>140.39000000000001</ele>
   </trkpt>
   <trkpt lat="44.01928" lon="4.496840000000001">
    <ele>140.39000000000001</ele>
   </trkpt>
   <trkpt lat="44.01926" lon="4.497450000000001">
    <ele>140.39000000000001</ele>
   </trkpt>
   <trkpt lat="44.01916000000001" lon="4.4982500000000005">
    <ele>144.06000000000003</ele>
   </trkpt>
   <trkpt lat="44.0191300026918" lon="4.4990350002772646">
    <ele>144.06000000000003</ele>
   </trkpt>
   <trkpt lat="44.0191" lon="4.499820000000001">
    <ele>144.06000000000003</ele>
   </trkpt>
   <trkpt lat="44.01903" lon="4.500990000000001">
    <ele>146.77</ele>
   </trkpt>
   <trkpt lat="44.01906" lon="4.50182">
    <ele>146.77</ele>
   </trkpt>
   <trkpt lat="44.01914" lon="4.50234">
    <ele>148.45</ele>
   </trkpt>
   <trkpt lat="44.019200000000005" lon="4.50244">
    <ele>148.45</ele>
   </trkpt>
   <trkpt lat="44.019450000000006" lon="4.50251">
    <ele>148.45</ele>
   </trkpt>
   <trkpt lat="44.02006" lon="4.502800000000001">
    <ele>151.33</ele>
   </trkpt>
   <trkpt lat="44.02042" lon="4.503010000000001">
    <ele>151.33</ele>
   </trkpt>
   <trkpt lat="44.020810000000004" lon="4.50333">
    <ele>153.56</ele>
   </trkpt>
   <trkpt lat="44.02087" lon="4.503430000000001">
    <ele>153.56</ele>
   </trkpt>
   <trkpt lat="44.02082" lon="4.503620000000001">
    <ele>153.56</ele>
   </trkpt>
   <trkpt lat="44.02055000176663" lon="4.504255002872362">
    <ele>154.95</ele>
   </trkpt>
   <trkpt lat="44.02028000000001" lon="4.5048900000000005">
    <ele>155.22000000000003</ele>
   </trkpt>
   <trkpt lat="44.01999000000001" lon="4.50576">
    <ele>155.97000000000003</ele>
   </trkpt>
   <trkpt lat="44.01979" lon="4.50624">
    <ele>159.35999999999999</ele>
   </trkpt>
   <trkpt lat="44.019670000000005" lon="4.5064400000000004">
    <ele>161.05</ele>
   </trkpt>
   <trkpt lat="44.01971" lon="4.50652">
    <ele>161.05</ele>
   </trkpt>
   <trkpt lat="44.02013" lon="4.50703">
    <ele>163.57000000000002</ele>
   </trkpt>
   <trkpt lat="44.02084000000001" lon="4.50769">
    <ele>168.03</ele>
   </trkpt>
   <trkpt lat="44.02094" lon="4.50783">
    <ele>170.23000000000002</ele>
   </trkpt>
   <trkpt lat="44.020970000000005" lon="4.50797">
    <ele>170.23000000000002</ele>
   </trkpt>
   <trkpt lat="44.020950000000006" lon="4.508100000000001">
    <ele>170.23000000000002</ele>
   </trkpt>
   <trkpt lat="44.02058" lon="4.50844">
    <ele>173.42000000000002</ele>
   </trkpt>
   <trkpt lat="44.020070000000004" lon="4.50896">
    <ele>173.42000000000002</ele>
   </trkpt>
   <trkpt lat="44.0195" lon="4.50914">
    <ele>181.49</ele>
   </trkpt>
   <trkpt lat="44.019420000000004" lon="4.509200000000001">
    <ele>181.49</ele>
   </trkpt>
   <trkpt lat="44.01934000000001" lon="4.50931">
    <ele>181.49</ele>
   </trkpt>
   <trkpt lat="44.019310000000004" lon="4.50948">
    <ele>181.49</ele>
   </trkpt>
   <trkpt lat="44.019420000000004" lon="4.50969">
    <ele>181.49</ele>
   </trkpt>
   <trkpt lat="44.01982" lon="4.510190000000001">
    <ele>181.49</ele>
   </trkpt>
   <trkpt lat="44.020535002382715" lon="4.510934990976399">
    <ele>191.97000000000003</ele>
   </trkpt>
   <trkpt lat="44.02125" lon="4.51168">
    <ele>196.17000000000002</ele>
   </trkpt>
   <trkpt lat="44.021510000000006" lon="4.51206">
    <ele>196.17000000000002</ele>
   </trkpt>
   <trkpt lat="44.02158" lon="4.512320000000001">
    <ele>196.17000000000002</ele>
   </trkpt>
   <trkpt lat="44.02172334408034" lon="4.5134299946419105">
    <ele>196.17000000000002</ele>
   </trkpt>
   <trkpt lat="44.02186667741488" lon="4.514539994651166">
    <ele>196.17000000000002</ele>
   </trkpt>
   <trkpt lat="44.02201" lon="4.51565">
    <ele>196.17000000000002</ele>
   </trkpt>
   <trkpt lat="44.02203667431829" lon="4.5165866658173535">
    <ele>198.43</ele>
   </trkpt>
   <trkpt lat="44.02206334098477" lon="4.517523332477449">
    <ele>198.43</ele>
   </trkpt>
   <trkpt lat="44.022090000000006" lon="4.51846">
    <ele>198.43</ele>
   </trkpt>
   <trkpt lat="44.02200751504868" lon="4.519532504469409">
    <ele>198.43</ele>
   </trkpt>
   <trkpt lat="44.021925020065254" lon="4.520605005954274">
    <ele>198.43</ele>
   </trkpt>
   <trkpt lat="44.02184251504981" lon="4.5216775044542485">
    <ele>198.43</ele>
   </trkpt>
   <trkpt lat="44.02176" lon="4.52275">
    <ele>198.43</ele>
   </trkpt>
   <trkpt lat="44.021725002484" lon="4.523505000483825">
    <ele>194.12</ele>
   </trkpt>
   <trkpt lat="44.02169000000001" lon="4.52426">
    <ele>194.12</ele>
   </trkpt>
   <trkpt lat="44.02161" lon="4.5250200000000005">
    <ele>194.12</ele>
   </trkpt>
   <trkpt lat="44.021530000000006" lon="4.5257000000000005">
    <ele>194.12</ele>
   </trkpt>
   <trkpt lat="44.02158" lon="4.5267">
    <ele>194.12</ele>
   </trkpt>
   <trkpt lat="44.02176" lon="4.527710000000001">
    <ele>194.12</ele>
   </trkpt>
   <trkpt lat="44.021750000000004" lon="4.52792">
    <ele>186.38000000000002</ele>
   </trkpt>
   <trkpt lat="44.02160000000001" lon="4.52876">
    <ele>186.38000000000002</ele>
   </trkpt>
   <trkpt lat="44.02162000444387" lon="4.529769999428447">
    <ele>186.38000000000002</ele>
   </trkpt>
   <trkpt lat="44.021640000000005" lon="4.53078">
    <ele>186.88000000000002</ele>
   </trkpt>
   <trkpt lat="44.02172" lon="4.530930000000001">
    <ele>186.88000000000002</ele>
   </trkpt>
   <trkpt lat="44.0221" lon="4.53134">
    <ele>186.88000000000002</ele>
   </trkpt>
   <trkpt lat="44.022200000000005" lon="4.531490000000001">
    <ele>186.88000000000002</ele>
   </trkpt>
   <trkpt lat="44.022240000000004" lon="4.531630000000001">
    <ele>186.88000000000002</ele>
   </trkpt>
   <trkpt lat="44.02221" lon="4.53185">
    <ele>186.88000000000002</ele>
   </trkpt>
   <trkpt lat="44.02197" lon="4.53305">
    <ele>195.58</ele>
   </trkpt>
   <trkpt lat="44.02195000481164" lon="4.534100000150588">
    <ele>195.58</ele>
   </trkpt>
   <trkpt lat="44.021930000000005" lon="4.535150000000001">
    <ele>196.63000000000002</ele>
   </trkpt>
   <trkpt lat="44.0219" lon="4.53535">
    <ele>196.63000000000002</ele>
   </trkpt>
   <trkpt lat="44.021890000000006" lon="4.535360000000001">
    <ele>196.63000000000002</ele>
   </trkpt>
   <trkpt lat="44.02185" lon="4.535480000000001">
    <ele>196.63000000000002</ele>
   </trkpt>
   <trkpt lat="44.0214450009354" lon="4.535940003127948">
    <ele>196.63000000000002</ele>
   </trkpt>
   <trkpt lat="44.021040000000006" lon="4.5364">
    <ele>196.63000000000002</ele>
   </trkpt>
   <trkpt lat="44.020480000000006" lon="4.536980000000001">
    <ele>198.92000000000002</ele>
   </trkpt>
   <trkpt lat="44.01986" lon="4.537590000000001">
    <ele>198.92000000000002</ele>
   </trkpt>
   <trkpt lat="44.0195" lon="4.537870000000001">
    <ele>198.92000000000002</ele>
   </trkpt>
   <trkpt lat="44.01892000050363" lon="4.538205003268759">
    <ele>198.92000000000002</ele>
   </trkpt>
   <trkpt lat="44.01834" lon="4.53854">
    <ele>198.92000000000002</ele>
   </trkpt>
   <trkpt lat="44.01782" lon="4.5390500000000005">
    <ele>198.92000000000002</ele>
   </trkpt>
   <trkpt lat="44.01744" lon="4.53948">
    <ele>198.92000000000002</ele>
   </trkpt>
   <trkpt lat="44.016890000000004" lon="4.54021">
    <ele>176.71</ele>
   </trkpt>
   <trkpt lat="44.01681000000001" lon="4.54047">
    <ele>176.71</ele>
   </trkpt>
   <trkpt lat="44.01681000000001" lon="4.54072">
    <ele>176.71</ele>
   </trkpt>
   <trkpt lat="44.01688" lon="4.5408800000000005">
    <ele>176.71</ele>
   </trkpt>
   <trkpt lat="44.017300000000006" lon="4.5416300000000005">
    <ele>176.71</ele>
   </trkpt>
   <trkpt lat="44.017500000000005" lon="4.5422">
    <ele>176.71</ele>
   </trkpt>
   <trkpt lat="44.01756" lon="4.542540000000001">
    <ele>176.71</ele>
   </trkpt>
   <trkpt lat="44.017540000000004" lon="4.54295">
    <ele>176.71</ele>
   </trkpt>
   <trkpt lat="44.017410000000005" lon="4.54331">
    <ele>176.71</ele>
   </trkpt>
   <trkpt lat="44.01722" lon="4.54347">
    <ele>176.71</ele>
   </trkpt>
   <trkpt lat="44.01637" lon="4.54365">
    <ele>191.27</ele>
   </trkpt>
   <trkpt lat="44.01603" lon="4.54387">
    <ele>191.27</ele>
   </trkpt>
   <trkpt lat="44.015670000617746" lon="4.544250002319571">
    <ele>191.27</ele>
   </trkpt>
   <trkpt lat="44.01531000000001" lon="4.544630000000001">
    <ele>191.27</ele>
   </trkpt>
   <trkpt lat="44.01482" lon="4.545">
    <ele>191.27</ele>
   </trkpt>
   <trkpt lat="44.014010000000006" lon="4.54525">
    <ele>192.20000000000002</ele>
   </trkpt>
   <trkpt lat="44.013270000000006" lon="4.5453600000000005">
    <ele>192.20000000000002</ele>
   </trkpt>
   <trkpt lat="44.01243500008618" lon="4.545410000699472">
    <ele>192.20000000000002</ele>
   </trkpt>
   <trkpt lat="44.0116" lon="4.54546">
    <ele>192.20000000000002</ele>
   </trkpt>
   <trkpt lat="44.011010000000006" lon="4.54544">
    <ele>174.69</ele>
   </trkpt>
   <trkpt lat="44.01052000023373" lon="4.545249998459862">
    <ele>174.69</ele>
   </trkpt>
   <trkpt lat="44.01003" lon="4.54506">
    <ele>174.69</ele>
   </trkpt>
   <trkpt lat="44.00925" lon="4.545120000000001">
    <ele>174.69</ele>
   </trkpt>
   <trkpt lat="44.009" lon="4.54499">
    <ele>174.69</ele>
   </trkpt>
   <trkpt lat="44.00856" lon="4.5446800000000005">
    <ele>174.69</ele>
   </trkpt>
   <trkpt lat="44.00835" lon="4.544490000000001">
    <ele>171.49</ele>
   </trkpt>
   <trkpt lat="44.00822" lon="4.54448">
    <ele>171.49</ele>
   </trkpt>
   <trkpt lat="44.00811" lon="4.54455">
    <ele>171.49</ele>
   </trkpt>
   <trkpt lat="44.00804" lon="4.5446800000000005">
    <ele>171.49</ele>
   </trkpt>
   <trkpt lat="44.00804" lon="4.54467">
    <ele>171.49</ele>
   </trkpt>
   <trkpt lat="44.008030000000005" lon="4.5452900000000005">
    <ele>171.49</ele>
   </trkpt>
   <trkpt lat="44.00803000216738" lon="4.5459950002258385">
    <ele>168.26000000000002</ele>
   </trkpt>
   <trkpt lat="44.008030000000005" lon="4.5467">
    <ele>168.26000000000002</ele>
   </trkpt>
   <trkpt lat="44.008070000000004" lon="4.54722">
    <ele>168.26000000000002</ele>
   </trkpt>
   <trkpt lat="44.00820500440961" lon="4.548224997751244">
    <ele>168.26000000000002</ele>
   </trkpt>
   <trkpt lat="44.008340000000004" lon="4.5492300000000006">
    <ele>168.26000000000002</ele>
   </trkpt>
   <trkpt lat="44.00845" lon="4.54978">
    <ele>168.26000000000002</ele>
   </trkpt>
   <trkpt lat="44.008660000000006" lon="4.550590000000001">
    <ele>168.26000000000002</ele>
   </trkpt>
   <trkpt lat="44.00889" lon="4.551150000000001">
    <ele>168.26000000000002</ele>
   </trkpt>
   <trkpt lat="44.00911000000001" lon="4.551880000000001">
    <ele>168.26000000000002</ele>
   </trkpt>
   <trkpt lat="44.00918" lon="4.5524700000000005">
    <ele>161.23000000000002</ele>
   </trkpt>
   <trkpt lat="44.009220000000006" lon="4.55313">
    <ele>161.23000000000002</ele>
   </trkpt>
   <trkpt lat="44.00932" lon="4.553990000000001">
    <ele>161.23000000000002</ele>
   </trkpt>
   <trkpt lat="44.00954" lon="4.554550000000001">
    <ele>161.23000000000002</ele>
   </trkpt>
   <trkpt lat="44.00963" lon="4.555090000000001">
    <ele>161.23000000000002</ele>
   </trkpt>
   <trkpt lat="44.00974" lon="4.555560000000001">
    <ele>161.23000000000002</ele>
   </trkpt>
   <trkpt lat="44.009910000000005" lon="4.555890000000001">
    <ele>161.23000000000002</ele>
   </trkpt>
   <trkpt lat="44.010020000000004" lon="4.55621">
    <ele>161.23000000000002</ele>
   </trkpt>
   <trkpt lat="44.01009000660338" lon="4.5570799979726875">
    <ele>161.23000000000002</ele>
   </trkpt>
   <trkpt lat="44.0101600066055" lon="4.5579499979990645">
    <ele>161.23000000000002</ele>
   </trkpt>
   <trkpt lat="44.01023000000001" lon="4.558820000000001">
    <ele>161.23000000000002</ele>
   </trkpt>
   <trkpt lat="44.010145002532845" lon="4.559580000963082">
    <ele>161.23000000000002</ele>
   </trkpt>
   <trkpt lat="44.01006" lon="4.56034">
    <ele>172.46</ele>
   </trkpt>
   <trkpt lat="44.010070000000006" lon="4.560700000000001">
    <ele>172.46</ele>
   </trkpt>
   <trkpt lat="44.010130000000004" lon="4.56134">
    <ele>172.46</ele>
   </trkpt>
   <trkpt lat="44.010090000000005" lon="4.562080000000001">
    <ele>172.0</ele>
   </trkpt>
   <trkpt lat="44.01010500239213" lon="4.562820000019844">
    <ele>172.93</ele>
   </trkpt>
   <trkpt lat="44.01012" lon="4.563560000000001">
    <ele>172.93</ele>
   </trkpt>
   <trkpt lat="44.010160000000006" lon="4.563840000000001">
    <ele>172.93</ele>
   </trkpt>
   <trkpt lat="44.01044" lon="4.564780000000001">
    <ele>172.93</ele>
   </trkpt>
   <trkpt lat="44.010600000000004" lon="4.56543">
    <ele>172.93</ele>
   </trkpt>
   <trkpt lat="44.010720000000006" lon="4.566590000000001">
    <ele>172.93</ele>
   </trkpt>
   <trkpt lat="44.01071" lon="4.566800000000001">
    <ele>172.93</ele>
   </trkpt>
   <trkpt lat="44.01052000000001" lon="4.5677200000000004">
    <ele>148.18</ele>
   </trkpt>
   <trkpt lat="44.010510000000004" lon="4.56826">
    <ele>148.18</ele>
   </trkpt>
   <trkpt lat="44.01056000205851" lon="4.568944999591719">
    <ele>148.18</ele>
   </trkpt>
   <trkpt lat="44.01061000000001" lon="4.56963">
    <ele>148.18</ele>
   </trkpt>
   <trkpt lat="44.010740000000006" lon="4.57028">
    <ele>148.18</ele>
   </trkpt>
   <trkpt lat="44.0107700023847" lon="4.571019999545978">
    <ele>148.18</ele>
   </trkpt>
   <trkpt lat="44.0108" lon="4.57176">
    <ele>148.18</ele>
   </trkpt>
   <trkpt lat="44.0108700043658" lon="4.572759998892167">
    <ele>148.18</ele>
   </trkpt>
   <trkpt lat="44.010940000000005" lon="4.57376">
    <ele>145.02</ele>
   </trkpt>
   <trkpt lat="44.01102" lon="4.5743">
    <ele>145.02</ele>
   </trkpt>
   <trkpt lat="44.011140000000005" lon="4.57491">
    <ele>145.02</ele>
   </trkpt>
   <trkpt lat="44.0112" lon="4.57535">
    <ele>145.26</ele>
   </trkpt>
   <trkpt lat="44.0112" lon="4.575810000000001">
    <ele>145.26</ele>
   </trkpt>
   <trkpt lat="44.01117000000001" lon="4.576110000000001">
    <ele>145.22</ele>
   </trkpt>
   <trkpt lat="44.011100000000006" lon="4.57641">
    <ele>145.22</ele>
   </trkpt>
   <trkpt lat="44.010740000000006" lon="4.577170000000001">
    <ele>134.87</ele>
   </trkpt>
   <trkpt lat="44.010670000000005" lon="4.57746">
    <ele>134.87</ele>
   </trkpt>
   <trkpt lat="44.010650000000005" lon="4.57796">
    <ele>134.87</ele>
   </trkpt>
   <trkpt lat="44.010560000000005" lon="4.5785100000000005">
    <ele>134.87</ele>
   </trkpt>
   <trkpt lat="44.010480002043806" lon="4.579200001209606">
    <ele>132.88</ele>
   </trkpt>
   <trkpt lat="44.010400000000004" lon="4.579890000000001">
    <ele>132.88</ele>
   </trkpt>
   <trkpt lat="44.01034000000001" lon="4.58009">
    <ele>132.88</ele>
   </trkpt>
   <trkpt lat="44.009910000000005" lon="4.5808800000000005">
    <ele>133.98000000000002</ele>
   </trkpt>
   <trkpt lat="44.009600000000006" lon="4.580640000000001">
    <ele>133.98000000000002</ele>
   </trkpt>
   <trkpt lat="44.00885" lon="4.580240000000001">
    <ele>142.77</ele>
   </trkpt>
   <trkpt lat="44.00862" lon="4.58014">
    <ele>142.77</ele>
   </trkpt>
   <trkpt lat="44.00851" lon="4.58016">
    <ele>142.77</ele>
   </trkpt>
   <trkpt lat="44.00842" lon="4.5803">
    <ele>142.77</ele>
   </trkpt>
   <trkpt lat="44.00827" lon="4.580430000000001">
    <ele>142.77</ele>
   </trkpt>
   <trkpt lat="44.00833" lon="4.580900000000001">
    <ele>144.18</ele>
   </trkpt>
   <trkpt lat="44.00833" lon="4.581">
    <ele>144.18</ele>
   </trkpt>
   <trkpt lat="44.008280000000006" lon="4.581130000000001">
    <ele>144.18</ele>
   </trkpt>
   <trkpt lat="44.00817000000001" lon="4.581320000000001">
    <ele>144.18</ele>
   </trkpt>
   <trkpt lat="44.00791" lon="4.58188">
    <ele>143.16</ele>
   </trkpt>
   <trkpt lat="44.00757" lon="4.58183">
    <ele>136.83</ele>
   </trkpt>
   <trkpt lat="44.00753" lon="4.58237">
    <ele>136.83</ele>
   </trkpt>
   <trkpt lat="44.00748" lon="4.582540000000001">
    <ele>137.56</ele>
   </trkpt>
   <trkpt lat="44.00726" lon="4.58291">
    <ele>137.56</ele>
   </trkpt>
   <trkpt lat="44.00701" lon="4.58358">
    <ele>137.46</ele>
   </trkpt>
   <trkpt lat="44.00694" lon="4.58351">
    <ele>137.46</ele>
   </trkpt>
   <trkpt lat="44.006800000000005" lon="4.583290000000001">
    <ele>133.70000000000002</ele>
   </trkpt>
   <trkpt lat="44.00674" lon="4.583500000000001">
    <ele>133.70000000000002</ele>
   </trkpt>
   <trkpt lat="44.0067" lon="4.584090000000001">
    <ele>136.69</ele>
   </trkpt>
   <trkpt lat="44.006710000000005" lon="4.58436">
    <ele>136.69</ele>
   </trkpt>
   <trkpt lat="44.006820000000005" lon="4.58485">
    <ele>136.69</ele>
   </trkpt>
   <trkpt lat="44.00683" lon="4.58518">
    <ele>136.69</ele>
   </trkpt>
   <trkpt lat="44.006710000000005" lon="4.585640000000001">
    <ele>136.69</ele>
   </trkpt>
   <trkpt lat="44.006660000000004" lon="4.58607">
    <ele>136.69</ele>
   </trkpt>
   <trkpt lat="44.006640000000004" lon="4.586410000000001">
    <ele>136.69</ele>
   </trkpt>
   <trkpt lat="44.00667000000001" lon="4.586720000000001">
    <ele>136.69</ele>
   </trkpt>
   <trkpt lat="44.00658500365609" lon="4.587635001255212">
    <ele>141.14000000000001</ele>
   </trkpt>
   <trkpt lat="44.0065" lon="4.588550000000001">
    <ele>141.14000000000001</ele>
   </trkpt>
   <trkpt lat="44.00639" lon="4.589160000000001">
    <ele>141.14000000000001</ele>
   </trkpt>
   <trkpt lat="44.00618" lon="4.5898900000000005">
    <ele>141.14000000000001</ele>
   </trkpt>
   <trkpt lat="44.006040000000006" lon="4.59067">
    <ele>141.14000000000001</ele>
   </trkpt>
   <trkpt lat="44.006" lon="4.5907100000000005">
    <ele>139.8</ele>
   </trkpt>
   <trkpt lat="44.005570000000006" lon="4.59086">
    <ele>139.8</ele>
   </trkpt>
   <trkpt lat="44.006060000000005" lon="4.59168">
    <ele>142.64000000000001</ele>
   </trkpt>
   <trkpt lat="44.00639" lon="4.592090000000001">
    <ele>142.64000000000001</ele>
   </trkpt>
   <trkpt lat="44.00696000000001" lon="4.592630000000001">
    <ele>143.77</ele>
   </trkpt>
   <trkpt lat="44.00712" lon="4.592580000000001">
    <ele>143.70000000000002</ele>
   </trkpt>
   <trkpt lat="44.00724" lon="4.592510000000001">
    <ele>143.70000000000002</ele>
   </trkpt>
   <trkpt lat="44.00696000000001" lon="4.592630000000001">
    <ele>143.77</ele>
   </trkpt>
   <trkpt lat="44.00723000000001" lon="4.5929">
    <ele>143.77</ele>
   </trkpt>
   <trkpt lat="44.007340000000006" lon="4.59318">
    <ele>143.77</ele>
   </trkpt>
   <trkpt lat="44.00745001120615" lon="4.594313329170942">
    <ele>143.77</ele>
   </trkpt>
   <trkpt lat="44.00756001121017" lon="4.59544666254556">
    <ele>149.63000000000002</ele>
   </trkpt>
   <trkpt lat="44.007670000000005" lon="4.59658">
    <ele>149.63000000000002</ele>
   </trkpt>
   <trkpt lat="44.00766" lon="4.59673">
    <ele>150.00000000000003</ele>
   </trkpt>
   <trkpt lat="44.007630000000006" lon="4.596900000000001">
    <ele>150.36</ele>
   </trkpt>
   <trkpt lat="44.00762" lon="4.59691">
    <ele>150.36</ele>
   </trkpt>
   <trkpt lat="44.007450000000006" lon="4.59726">
    <ele>150.36</ele>
   </trkpt>
   <trkpt lat="44.007220000000004" lon="4.5975600000000005">
    <ele>154.25000000000003</ele>
   </trkpt>
   <trkpt lat="44.006545001682234" lon="4.598205007465753">
    <ele>154.25000000000003</ele>
   </trkpt>
   <trkpt lat="44.00587" lon="4.5988500000000005">
    <ele>166.28</ele>
   </trkpt>
   <trkpt lat="44.005660000000006" lon="4.59909">
    <ele>166.28</ele>
   </trkpt>
   <trkpt lat="44.00556" lon="4.5993200000000005">
    <ele>166.28</ele>
   </trkpt>
   <trkpt lat="44.00528000284891" lon="4.600130003858423">
    <ele>166.28</ele>
   </trkpt>
   <trkpt lat="44.005" lon="4.6009400000000005">
    <ele>166.28</ele>
   </trkpt>
   <trkpt lat="44.00491" lon="4.6011500000000005">
    <ele>166.28</ele>
   </trkpt>
   <trkpt lat="44.004760000000005" lon="4.6014100000000004">
    <ele>166.28</ele>
   </trkpt>
   <trkpt lat="44.004670000000004" lon="4.601500000000001">
    <ele>166.28</ele>
   </trkpt>
   <trkpt lat="44.00408" lon="4.60198">
    <ele>166.28</ele>
   </trkpt>
   <trkpt lat="44.003630000430284" lon="4.602325002685022">
    <ele>166.28</ele>
   </trkpt>
   <trkpt lat="44.00318" lon="4.602670000000001">
    <ele>166.28</ele>
   </trkpt>
   <trkpt lat="44.002930000000006" lon="4.6029">
    <ele>166.28</ele>
   </trkpt>
   <trkpt lat="44.002336669786" lon="4.603500012021907">
    <ele>175.86</ele>
   </trkpt>
   <trkpt lat="44.00174333643224" lon="4.6041000120423785">
    <ele>175.86</ele>
   </trkpt>
   <trkpt lat="44.00115" lon="4.6047">
    <ele>175.86</ele>
   </trkpt>
   <trkpt lat="44.00101" lon="4.604900000000001">
    <ele>175.86</ele>
   </trkpt>
   <trkpt lat="44.00095" lon="4.605020000000001">
    <ele>175.86</ele>
   </trkpt>
   <trkpt lat="44.000710000000005" lon="4.605630000000001">
    <ele>175.86</ele>
   </trkpt>
   <trkpt lat="44.00061" lon="4.605790000000001">
    <ele>175.86</ele>
   </trkpt>
   <trkpt lat="44.000530000000005" lon="4.60588">
    <ele>175.86</ele>
   </trkpt>
   <trkpt lat="43.99985333583783" lon="4.60642001234798">
    <ele>175.86</ele>
   </trkpt>
   <trkpt lat="43.999176669132424" lon="4.606960012378674">
    <ele>175.86</ele>
   </trkpt>
   <trkpt lat="43.99850000000001" lon="4.607500000000001">
    <ele>175.93</ele>
   </trkpt>
   <trkpt lat="43.99844" lon="4.60761">
    <ele>175.93</ele>
   </trkpt>
   <trkpt lat="43.99842" lon="4.6077900000000005">
    <ele>175.93</ele>
   </trkpt>
   <trkpt lat="43.998450000000005" lon="4.607970000000001">
    <ele>175.93</ele>
   </trkpt>
   <trkpt lat="43.99869" lon="4.60855">
    <ele>175.93</ele>
   </trkpt>
   <trkpt lat="43.9988" lon="4.60874">
    <ele>175.93</ele>
   </trkpt>
   <trkpt lat="43.998870000000004" lon="4.60878">
    <ele>175.93</ele>
   </trkpt>
   <trkpt lat="43.999120000000005" lon="4.60879">
    <ele>175.93</ele>
   </trkpt>
   <trkpt lat="43.99933" lon="4.6089">
    <ele>160.91000000000003</ele>
   </trkpt>
   <trkpt lat="43.999430000000004" lon="4.609030000000001">
    <ele>160.91000000000003</ele>
   </trkpt>
   <trkpt lat="43.999520000000004" lon="4.609330000000001">
    <ele>160.91000000000003</ele>
   </trkpt>
   <trkpt lat="43.99947" lon="4.61026">
    <ele>160.91000000000003</ele>
   </trkpt>
   <trkpt lat="43.999430000000004" lon="4.61043">
    <ele>160.91000000000003</ele>
   </trkpt>
   <trkpt lat="43.99933" lon="4.61062">
    <ele>160.91000000000003</ele>
   </trkpt>
   <trkpt lat="43.99864" lon="4.611400000000001">
    <ele>160.91000000000003</ele>
   </trkpt>
   <trkpt lat="43.998310000000004" lon="4.611800000000001">
    <ele>168.56</ele>
   </trkpt>
   <trkpt lat="43.998250000000006" lon="4.6119900000000005">
    <ele>168.56</ele>
   </trkpt>
   <trkpt lat="43.99822" lon="4.612220000000001">
    <ele>168.56</ele>
   </trkpt>
   <trkpt lat="43.99826" lon="4.61245">
    <ele>168.56</ele>
   </trkpt>
   <trkpt lat="43.99844" lon="4.6128100000000005">
    <ele>168.56</ele>
   </trkpt>
   <trkpt lat="43.998450000000005" lon="4.61286">
    <ele>168.56</ele>
   </trkpt>
   <trkpt lat="43.99844" lon="4.61298">
    <ele>168.56</ele>
   </trkpt>
   <trkpt lat="43.99839" lon="4.6130700000000004">
    <ele>168.56</ele>
   </trkpt>
   <trkpt lat="43.998340000000006" lon="4.6131">
    <ele>168.56</ele>
   </trkpt>
   <trkpt lat="43.998070000000006" lon="4.613160000000001">
    <ele>168.56</ele>
   </trkpt>
   <trkpt lat="43.99801" lon="4.61322">
    <ele>168.56</ele>
   </trkpt>
   <trkpt lat="43.997930000000004" lon="4.6133500000000005">
    <ele>168.56</ele>
   </trkpt>
   <trkpt lat="43.99785000000001" lon="4.614330000000001">
    <ele>168.56</ele>
   </trkpt>
   <trkpt lat="43.99767500149291" lon="4.614925001927756">
    <ele>168.56</ele>
   </trkpt>
   <trkpt lat="43.9975" lon="4.61552">
    <ele>168.56</ele>
   </trkpt>
   <trkpt lat="43.99747000000001" lon="4.615670000000001">
    <ele>168.56</ele>
   </trkpt>
   <trkpt lat="43.997460000000004" lon="4.6158600000000005">
    <ele>168.56</ele>
   </trkpt>
   <trkpt lat="43.99748" lon="4.61608">
    <ele>168.56</ele>
   </trkpt>
   <trkpt lat="43.997625001616065" lon="4.61669499835615">
    <ele>168.56</ele>
   </trkpt>
   <trkpt lat="43.99777" lon="4.617310000000001">
    <ele>168.56</ele>
   </trkpt>
   <trkpt lat="43.99815" lon="4.617990000000001">
    <ele>222.67000000000002</ele>
   </trkpt>
   <trkpt lat="43.99853" lon="4.61861">
    <ele>222.67000000000002</ele>
   </trkpt>
   <trkpt lat="43.99859" lon="4.61878">
    <ele>222.67000000000002</ele>
   </trkpt>
   <trkpt lat="43.9986" lon="4.61896">
    <ele>222.67000000000002</ele>
   </trkpt>
   <trkpt lat="43.99853" lon="4.6192">
    <ele>222.67000000000002</ele>
   </trkpt>
   <trkpt lat="43.998430000000006" lon="4.619330000000001">
    <ele>222.67000000000002</ele>
   </trkpt>
   <trkpt lat="43.99800000009474" lon="4.619555001696499">
    <ele>222.67000000000002</ele>
   </trkpt>
   <trkpt lat="43.99757" lon="4.61978">
    <ele>222.67000000000002</ele>
   </trkpt>
   <trkpt lat="43.99682000000001" lon="4.6204">
    <ele>222.67000000000002</ele>
   </trkpt>
   <trkpt lat="43.99672" lon="4.620550000000001">
    <ele>222.67000000000002</ele>
   </trkpt>
   <trkpt lat="43.996680000000005" lon="4.620640000000001">
    <ele>222.67000000000002</ele>
   </trkpt>
   <trkpt lat="43.99665" lon="4.62079">
    <ele>222.67000000000002</ele>
   </trkpt>
   <trkpt lat="43.99665" lon="4.620900000000001">
    <ele>222.67000000000002</ele>
   </trkpt>
   <trkpt lat="43.99669" lon="4.621090000000001">
    <ele>222.67000000000002</ele>
   </trkpt>
   <trkpt lat="43.997080000000004" lon="4.62167">
    <ele>222.67000000000002</ele>
   </trkpt>
   <trkpt lat="43.997110000000006" lon="4.6217500000000005">
    <ele>222.67000000000002</ele>
   </trkpt>
   <trkpt lat="43.997110000000006" lon="4.621910000000001">
    <ele>222.67000000000002</ele>
   </trkpt>
   <trkpt lat="43.997080000000004" lon="4.621980000000001">
    <ele>222.67000000000002</ele>
   </trkpt>
   <trkpt lat="43.997040000000005" lon="4.62202">
    <ele>222.67000000000002</ele>
   </trkpt>
   <trkpt lat="43.99694" lon="4.62204">
    <ele>222.67000000000002</ele>
   </trkpt>
   <trkpt lat="43.99683" lon="4.62201">
    <ele>222.67000000000002</ele>
   </trkpt>
   <trkpt lat="43.99674" lon="4.62204">
    <ele>222.67000000000002</ele>
   </trkpt>
   <trkpt lat="43.99644000000001" lon="4.6222900000000005">
    <ele>222.67000000000002</ele>
   </trkpt>
   <trkpt lat="43.996280000000006" lon="4.622380000000001">
    <ele>222.67000000000002</ele>
   </trkpt>
   <trkpt lat="43.99581000001573" lon="4.622530001214361">
    <ele>222.67000000000002</ele>
   </trkpt>
   <trkpt lat="43.995340000000006" lon="4.622680000000001">
    <ele>222.67000000000002</ele>
   </trkpt>
   <trkpt lat="43.99523000000001" lon="4.622750000000001">
    <ele>222.67000000000002</ele>
   </trkpt>
   <trkpt lat="43.995180000000005" lon="4.62281">
    <ele>222.67000000000002</ele>
   </trkpt>
   <trkpt lat="43.99515" lon="4.62289">
    <ele>222.67000000000002</ele>
   </trkpt>
   <trkpt lat="43.995140000000006" lon="4.6230400000000005">
    <ele>222.67000000000002</ele>
   </trkpt>
   <trkpt lat="43.99548" lon="4.62392">
    <ele>222.67000000000002</ele>
   </trkpt>
   <trkpt lat="43.99550000000001" lon="4.6240000000000006">
    <ele>222.67000000000002</ele>
   </trkpt>
   <trkpt lat="43.99548" lon="4.6242">
    <ele>222.67000000000002</ele>
   </trkpt>
   <trkpt lat="43.995380000000004" lon="4.624350000000001">
    <ele>222.67000000000002</ele>
   </trkpt>
   <trkpt lat="43.99474" lon="4.62495">
    <ele>222.67000000000002</ele>
   </trkpt>
   <trkpt lat="43.99466" lon="4.62506">
    <ele>222.67000000000002</ele>
   </trkpt>
   <trkpt lat="43.994620000000005" lon="4.625240000000001">
    <ele>226.14000000000001</ele>
   </trkpt>
   <trkpt lat="43.994620000000005" lon="4.625730000000001">
    <ele>226.14000000000001</ele>
   </trkpt>
   <trkpt lat="43.994580000000006" lon="4.62607">
    <ele>226.14000000000001</ele>
   </trkpt>
   <trkpt lat="43.9945" lon="4.626320000000001">
    <ele>226.14000000000001</ele>
   </trkpt>
   <trkpt lat="43.9941" lon="4.627260000000001">
    <ele>226.14000000000001</ele>
   </trkpt>
   <trkpt lat="43.99407" lon="4.62736">
    <ele>226.14000000000001</ele>
   </trkpt>
   <trkpt lat="43.994080000000004" lon="4.62758">
    <ele>226.14000000000001</ele>
   </trkpt>
   <trkpt lat="43.994110000000006" lon="4.62765">
    <ele>226.14000000000001</ele>
   </trkpt>
   <trkpt lat="43.994420000000005" lon="4.62814">
    <ele>226.14000000000001</ele>
   </trkpt>
   <trkpt lat="43.994490000000006" lon="4.628340000000001">
    <ele>226.14000000000001</ele>
   </trkpt>
   <trkpt lat="43.994530000000005" lon="4.628550000000001">
    <ele>226.14000000000001</ele>
   </trkpt>
   <trkpt lat="43.994550000000004" lon="4.62964">
    <ele>226.14000000000001</ele>
   </trkpt>
   <trkpt lat="43.99471500576877" lon="4.63078999681515">
    <ele>226.14000000000001</ele>
   </trkpt>
   <trkpt lat="43.99488" lon="4.63194">
    <ele>219.00000000000003</ele>
   </trkpt>
   <trkpt lat="43.994890000000005" lon="4.63217">
    <ele>219.00000000000003</ele>
   </trkpt>
   <trkpt lat="43.994870000000006" lon="4.63234">
    <ele>219.00000000000003</ele>
   </trkpt>
   <trkpt lat="43.99462251112495" lon="4.633262511571723">
    <ele>219.00000000000003</ele>
   </trkpt>
   <trkpt lat="43.994375014827895" lon="4.634185015448685">
    <ele>219.00000000000003</ele>
   </trkpt>
   <trkpt lat="43.994127511109" lon="4.6351075116307845">
    <ele>220.65</ele>
   </trkpt>
   <trkpt lat="43.993880000000004" lon="4.636030000000001">
    <ele>220.65</ele>
   </trkpt>
   <trkpt lat="43.99385" lon="4.63642">
    <ele>220.65</ele>
   </trkpt>
   <trkpt lat="43.993970000000004" lon="4.637650000000001">
    <ele>220.65</ele>
   </trkpt>
   <trkpt lat="43.99396" lon="4.63787">
    <ele>220.65</ele>
   </trkpt>
   <trkpt lat="43.99391000000001" lon="4.6380300000000005">
    <ele>220.65</ele>
   </trkpt>
   <trkpt lat="43.993442511135854" lon="4.6389525217953285">
    <ele>220.65</ele>
   </trkpt>
   <trkpt lat="43.992975014849605" lon="4.639875029056393">
    <ele>229.67000000000002</ele>
   </trkpt>
   <trkpt lat="43.992507511141525" lon="4.64079752178343">
    <ele>229.67000000000002</ele>
   </trkpt>
   <trkpt lat="43.99204" lon="4.64172">
    <ele>231.10000000000002</ele>
   </trkpt>
   <trkpt lat="43.992000000000004" lon="4.64187">
    <ele>231.10000000000002</ele>
   </trkpt>
   <trkpt lat="43.99201" lon="4.64201">
    <ele>231.52000000000004</ele>
   </trkpt>
   <trkpt lat="43.99208" lon="4.64214">
    <ele>231.52000000000004</ele>
   </trkpt>
   <trkpt lat="43.99248000132009" lon="4.642684996360586">
    <ele>231.52000000000004</ele>
   </trkpt>
   <trkpt lat="43.99288000000001" lon="4.64323">
    <ele>231.52000000000004</ele>
   </trkpt>
   <trkpt lat="43.992900000000006" lon="4.6433100000000005">
    <ele>231.52000000000004</ele>
   </trkpt>
   <trkpt lat="43.99287" lon="4.64351">
    <ele>229.98000000000002</ele>
   </trkpt>
   <trkpt lat="43.992580000000004" lon="4.64447">
    <ele>229.98000000000002</ele>
   </trkpt>
   <trkpt lat="43.99237" lon="4.64508">
    <ele>229.98000000000002</ele>
   </trkpt>
   <trkpt lat="43.99200751216919" lon="4.646045017717342">
    <ele>229.80000000000004</ele>
   </trkpt>
   <trkpt lat="43.99164501621673" lon="4.647010023646302">
    <ele>231.73000000000002</ele>
   </trkpt>
   <trkpt lat="43.99128251214284" lon="4.647975017786908">
    <ele>231.73000000000002</ele>
   </trkpt>
   <trkpt lat="43.99092" lon="4.6489400000000005">
    <ele>232.12</ele>
   </trkpt>
   <trkpt lat="43.990790000000004" lon="4.64916">
    <ele>232.12</ele>
   </trkpt>
   <trkpt lat="43.990226667999025" lon="4.649553340811712">
    <ele>226.97</ele>
   </trkpt>
   <trkpt lat="43.98966333464876" lon="4.6499466741567685">
    <ele>226.97</ele>
   </trkpt>
   <trkpt lat="43.9891" lon="4.650340000000001">
    <ele>226.97</ele>
   </trkpt>
   <trkpt lat="43.988780000000006" lon="4.650530000000001">
    <ele>226.97</ele>
   </trkpt>
   <trkpt lat="43.98805" lon="4.6507700000000005">
    <ele>212.36</ele>
   </trkpt>
   <trkpt lat="43.98791000000001" lon="4.65087">
    <ele>212.36</ele>
   </trkpt>
   <trkpt lat="43.987840000000006" lon="4.65106">
    <ele>212.36</ele>
   </trkpt>
   <trkpt lat="43.98781" lon="4.65153">
    <ele>212.36</ele>
   </trkpt>
   <trkpt lat="43.98776" lon="4.65181">
    <ele>212.36</ele>
   </trkpt>
   <trkpt lat="43.987660000000005" lon="4.65197">
    <ele>212.36</ele>
   </trkpt>
   <trkpt lat="43.987260000000006" lon="4.65228">
    <ele>212.36</ele>
   </trkpt>
   <trkpt lat="43.98668000000001" lon="4.65286">
    <ele>212.36</ele>
   </trkpt>
   <trkpt lat="43.986560000000004" lon="4.6530700000000005">
    <ele>212.36</ele>
   </trkpt>
   <trkpt lat="43.98648" lon="4.653390000000001">
    <ele>212.36</ele>
   </trkpt>
   <trkpt lat="43.98639" lon="4.65353">
    <ele>212.36</ele>
   </trkpt>
   <trkpt lat="43.98596000044301" lon="4.65378500175262">
    <ele>212.36</ele>
   </trkpt>
   <trkpt lat="43.985530000000004" lon="4.65404">
    <ele>212.36</ele>
   </trkpt>
   <trkpt lat="43.98537" lon="4.6542">
    <ele>212.36</ele>
   </trkpt>
   <trkpt lat="43.98512" lon="4.65462">
    <ele>212.36</ele>
   </trkpt>
   <trkpt lat="43.98469" lon="4.654800000000001">
    <ele>212.36</ele>
   </trkpt>
   <trkpt lat="43.98431" lon="4.65484">
    <ele>212.36</ele>
   </trkpt>
   <trkpt lat="43.98411" lon="4.65491">
    <ele>212.36</ele>
   </trkpt>
   <trkpt lat="43.98396" lon="4.65505">
    <ele>212.36</ele>
   </trkpt>
   <trkpt lat="43.983520000000006" lon="4.655670000000001">
    <ele>171.88</ele>
   </trkpt>
   <trkpt lat="43.983180000000004" lon="4.656370000000001">
    <ele>171.88</ele>
   </trkpt>
   <trkpt lat="43.983050000000006" lon="4.656540000000001">
    <ele>171.88</ele>
   </trkpt>
   <trkpt lat="43.982910000000004" lon="4.656610000000001">
    <ele>171.88</ele>
   </trkpt>
   <trkpt lat="43.98237" lon="4.656630000000001">
    <ele>171.88</ele>
   </trkpt>
   <trkpt lat="43.98176" lon="4.657">
    <ele>171.88</ele>
   </trkpt>
   <trkpt lat="43.98105" lon="4.657240000000001">
    <ele>171.88</ele>
   </trkpt>
   <trkpt lat="43.980850000000004" lon="4.65728">
    <ele>171.88</ele>
   </trkpt>
   <trkpt lat="43.98068000000001" lon="4.65725">
    <ele>171.88</ele>
   </trkpt>
   <trkpt lat="43.9802" lon="4.657">
    <ele>171.88</ele>
   </trkpt>
   <trkpt lat="43.98004" lon="4.656960000000001">
    <ele>171.88</ele>
   </trkpt>
   <trkpt lat="43.979940000000006" lon="4.65697">
    <ele>171.88</ele>
   </trkpt>
   <trkpt lat="43.97983000000001" lon="4.657030000000001">
    <ele>171.88</ele>
   </trkpt>
   <trkpt lat="43.97937500089923" lon="4.657465003262679">
    <ele>169.52</ele>
   </trkpt>
   <trkpt lat="43.97892" lon="4.657900000000001">
    <ele>169.52</ele>
   </trkpt>
   <trkpt lat="43.97885" lon="4.65798">
    <ele>169.45000000000002</ele>
   </trkpt>
   <trkpt lat="43.97856" lon="4.65836">
    <ele>169.45000000000002</ele>
   </trkpt>
   <trkpt lat="43.9779900031886" lon="4.659215008206289">
    <ele>165.74</ele>
   </trkpt>
   <trkpt lat="43.97742" lon="4.66007">
    <ele>161.44</ele>
   </trkpt>
   <trkpt lat="43.977025001793486" lon="4.660705004167546">
    <ele>161.44</ele>
   </trkpt>
   <trkpt lat="43.97663" lon="4.66134">
    <ele>161.44</ele>
   </trkpt>
   <trkpt lat="43.976310000000005" lon="4.66197">
    <ele>151.4</ele>
   </trkpt>
   <trkpt lat="43.97602500202886" lon="4.662655003329024">
    <ele>151.4</ele>
   </trkpt>
   <trkpt lat="43.97574" lon="4.663340000000001">
    <ele>151.4</ele>
   </trkpt>
   <trkpt lat="43.9754150093299" lon="4.664185013901855">
    <ele>151.41000000000003</ele>
   </trkpt>
   <trkpt lat="43.97509001243261" lon="4.665030018554425">
    <ele>151.41000000000003</ele>
   </trkpt>
   <trkpt lat="43.97476500930827" lon="4.6658750139577405">
    <ele>146.92000000000002</ele>
   </trkpt>
   <trkpt lat="43.97444" lon="4.666720000000001">
    <ele>146.92000000000002</ele>
   </trkpt>
   <trkpt lat="43.97428" lon="4.667050000000001">
    <ele>146.92000000000002</ele>
   </trkpt>
   <trkpt lat="43.974140000000006" lon="4.667420000000001">
    <ele>146.34000000000003</ele>
   </trkpt>
   <trkpt lat="43.97385500198539" lon="4.668105003433232">
    <ele>142.75</ele>
   </trkpt>
   <trkpt lat="43.97357" lon="4.66879">
    <ele>142.75</ele>
   </trkpt>
   <trkpt lat="43.97322500450041" lon="4.669810006032776">
    <ele>139.65000000000003</ele>
   </trkpt>
   <trkpt lat="43.97288" lon="4.6708300000000005">
    <ele>141.5</ele>
   </trkpt>
   <trkpt lat="43.97278500166106" lon="4.67145500127794">
    <ele>141.5</ele>
   </trkpt>
   <trkpt lat="43.97269" lon="4.67208">
    <ele>146.28000000000003</ele>
   </trkpt>
   <trkpt lat="43.972300000000004" lon="4.67312">
    <ele>146.28000000000003</ele>
   </trkpt>
   <trkpt lat="43.97221000373729" lon="4.674045001336865">
    <ele>159.63000000000002</ele>
   </trkpt>
   <trkpt lat="43.972120000000004" lon="4.67497">
    <ele>159.63000000000002</ele>
   </trkpt>
   <trkpt lat="43.97211" lon="4.675070000000001">
    <ele>159.63000000000002</ele>
   </trkpt>
   <trkpt lat="43.97213000000001" lon="4.67534">
    <ele>159.63000000000002</ele>
   </trkpt>
   <trkpt lat="43.972370000000005" lon="4.6762500000000005">
    <ele>163.47</ele>
   </trkpt>
   <trkpt lat="43.97251000000001" lon="4.67663">
    <ele>163.47</ele>
   </trkpt>
   <trkpt lat="43.97274" lon="4.677560000000001">
    <ele>163.47</ele>
   </trkpt>
   <trkpt lat="43.972910000000006" lon="4.677720000000001">
    <ele>160.96</ele>
   </trkpt>
   <trkpt lat="43.972950000000004" lon="4.6778">
    <ele>160.96</ele>
   </trkpt>
   <trkpt lat="43.97298000000001" lon="4.67794">
    <ele>160.96</ele>
   </trkpt>
   <trkpt lat="43.97292" lon="4.67795">
    <ele>160.82999999999998</ele>
   </trkpt>
   <trkpt lat="43.97287" lon="4.678050000000001">
    <ele>160.82999999999998</ele>
   </trkpt>
   <trkpt lat="43.97288" lon="4.67814">
    <ele>159.96</ele>
   </trkpt>
   <trkpt lat="43.97292" lon="4.6782">
    <ele>159.70000000000002</ele>
   </trkpt>
   <trkpt lat="43.972910000000006" lon="4.6782900000000005">
    <ele>159.70000000000002</ele>
   </trkpt>
   <trkpt lat="43.973040000000005" lon="4.679150000000001">
    <ele>151.00000000000003</ele>
   </trkpt>
   <trkpt lat="43.97314" lon="4.68015">
    <ele>143.83</ele>
   </trkpt>
   <trkpt lat="43.973180000000006" lon="4.68017">
    <ele>143.83</ele>
   </trkpt>
   <trkpt lat="43.97337" lon="4.68088">
    <ele>143.83</ele>
   </trkpt>
   <trkpt lat="43.97345000000001" lon="4.68097">
    <ele>143.83</ele>
   </trkpt>
   <trkpt lat="43.97359" lon="4.68102">
    <ele>143.83</ele>
   </trkpt>
   <trkpt lat="43.973620000000004" lon="4.68106">
    <ele>125.18</ele>
   </trkpt>
   <trkpt lat="43.97363000000001" lon="4.68118">
    <ele>125.18</ele>
   </trkpt>
   <trkpt lat="43.973620000000004" lon="4.681240000000001">
    <ele>125.18</ele>
   </trkpt>
   <trkpt lat="43.973470000000006" lon="4.681570000000001">
    <ele>125.18</ele>
   </trkpt>
   <trkpt lat="43.97346" lon="4.681640000000001">
    <ele>125.18</ele>
   </trkpt>
   <trkpt lat="43.97352" lon="4.6821600000000005">
    <ele>125.18</ele>
   </trkpt>
   <trkpt lat="43.97352" lon="4.68228">
    <ele>122.63000000000001</ele>
   </trkpt>
   <trkpt lat="43.97343" lon="4.68262">
    <ele>122.63000000000001</ele>
   </trkpt>
   <trkpt lat="43.97337" lon="4.683140000000001">
    <ele>116.92</ele>
   </trkpt>
   <trkpt lat="43.9733" lon="4.68428">
    <ele>113.07000000000001</ele>
   </trkpt>
   <trkpt lat="43.97332" lon="4.68527">
    <ele>110.82000000000001</ele>
   </trkpt>
   <trkpt lat="43.973130000000005" lon="4.68538">
    <ele>110.82000000000001</ele>
   </trkpt>
   <trkpt lat="43.97264000128055" lon="4.685950004861362">
    <ele>110.82000000000001</ele>
   </trkpt>
   <trkpt lat="43.972150000000006" lon="4.686520000000001">
    <ele>112.18</ele>
   </trkpt>
   <trkpt lat="43.971810000000005" lon="4.68707">
    <ele>112.18</ele>
   </trkpt>
   <trkpt lat="43.97122" lon="4.687530000000001">
    <ele>108.18</ele>
   </trkpt>
   <trkpt lat="43.971120000000006" lon="4.687670000000001">
    <ele>108.18</ele>
   </trkpt>
   <trkpt lat="43.970940000000006" lon="4.68782">
    <ele>107.14000000000001</ele>
   </trkpt>
   <trkpt lat="43.97086" lon="4.68792">
    <ele>107.00000000000001</ele>
   </trkpt>
   <trkpt lat="43.9707" lon="4.688960000000001">
    <ele>107.00000000000001</ele>
   </trkpt>
   <trkpt lat="43.97059" lon="4.689570000000001">
    <ele>107.00000000000001</ele>
   </trkpt>
   <trkpt lat="43.97057" lon="4.689970000000001">
    <ele>92.16000000000001</ele>
   </trkpt>
   <trkpt lat="43.97062000229489" lon="4.690694999431738">
    <ele>92.16000000000001</ele>
   </trkpt>
   <trkpt lat="43.970670000000005" lon="4.691420000000001">
    <ele>92.16000000000001</ele>
   </trkpt>
   <trkpt lat="43.97064" lon="4.691590000000001">
    <ele>92.16000000000001</ele>
   </trkpt>
   <trkpt lat="43.970310000000005" lon="4.69221">
    <ele>85.47</ele>
   </trkpt>
   <trkpt lat="43.97019" lon="4.692620000000001">
    <ele>85.47</ele>
   </trkpt>
   <trkpt lat="43.97004500318691" lon="4.6934750020916525">
    <ele>85.47</ele>
   </trkpt>
   <trkpt lat="43.9699" lon="4.694330000000001">
    <ele>85.47</ele>
   </trkpt>
   <trkpt lat="43.96978000316154" lon="4.695180001638889">
    <ele>85.47</ele>
   </trkpt>
   <trkpt lat="43.969660000000005" lon="4.69603">
    <ele>85.47</ele>
   </trkpt>
   <trkpt lat="43.96929667083101" lon="4.696720008418444">
    <ele>85.47</ele>
   </trkpt>
   <trkpt lat="43.9689333375099" lon="4.697410008395122">
    <ele>85.47</ele>
   </trkpt>
   <trkpt lat="43.96857000000001" lon="4.6981">
    <ele>60.9</ele>
   </trkpt>
   <trkpt lat="43.96820000149214" lon="4.698675003503417">
    <ele>60.9</ele>
   </trkpt>
   <trkpt lat="43.967830000000006" lon="4.69925">
    <ele>60.9</ele>
   </trkpt>
   <trkpt lat="43.967710000000004" lon="4.69946">
    <ele>60.9</ele>
   </trkpt>
   <trkpt lat="43.96737000215735" lon="4.700145003696675">
    <ele>60.9</ele>
   </trkpt>
   <trkpt lat="43.96703" lon="4.700830000000001">
    <ele>60.9</ele>
   </trkpt>
   <trkpt lat="43.96678000000001" lon="4.701580000000001">
    <ele>60.9</ele>
   </trkpt>
   <trkpt lat="43.966590000000004" lon="4.70246">
    <ele>60.9</ele>
   </trkpt>
   <trkpt lat="43.96660000000001" lon="4.702590000000001">
    <ele>60.9</ele>
   </trkpt>
   <trkpt lat="43.96665" lon="4.7027">
    <ele>60.9</ele>
   </trkpt>
   <trkpt lat="43.96649" lon="4.7029700000000005">
    <ele>60.50000000000001</ele>
   </trkpt>
   <trkpt lat="43.96645" lon="4.70309">
    <ele>60.50000000000001</ele>
   </trkpt>
   <trkpt lat="43.966170000000005" lon="4.70422">
    <ele>57.7</ele>
   </trkpt>
   <trkpt lat="43.96600000150244" lon="4.704805001639224">
    <ele>57.59</ele>
   </trkpt>
   <trkpt lat="43.965830000000004" lon="4.70539">
    <ele>57.59</ele>
   </trkpt>
   <trkpt lat="43.96569" lon="4.705710000000001">
    <ele>57.59</ele>
   </trkpt>
   <trkpt lat="43.965320000000006" lon="4.70629">
    <ele>57.6</ele>
   </trkpt>
   <trkpt lat="43.96535" lon="4.706580000000001">
    <ele>57.6</ele>
   </trkpt>
   <trkpt lat="43.965340000000005" lon="4.70673">
    <ele>57.6</ele>
   </trkpt>
   <trkpt lat="43.96515" lon="4.70786">
    <ele>56.39</ele>
   </trkpt>
   <trkpt lat="43.965070000000004" lon="4.708200000000001">
    <ele>56.120000000000005</ele>
   </trkpt>
   <trkpt lat="43.96490500170833" lon="4.708825001716993">
    <ele>54.790000000000006</ele>
   </trkpt>
   <trkpt lat="43.964740000000006" lon="4.70945">
    <ele>53.36000000000001</ele>
   </trkpt>
   <trkpt lat="43.964570001481945" lon="4.710045001918938">
    <ele>53.63</ele>
   </trkpt>
   <trkpt lat="43.964400000000005" lon="4.710640000000001">
    <ele>53.550000000000004</ele>
   </trkpt>
   <trkpt lat="43.964420000000004" lon="4.710730000000001">
    <ele>53.550000000000004</ele>
   </trkpt>
   <trkpt lat="43.964620000000004" lon="4.711250000000001">
    <ele>53.4</ele>
   </trkpt>
   <trkpt lat="43.964560000000006" lon="4.7114400000000005">
    <ele>53.4</ele>
   </trkpt>
   <trkpt lat="43.964290000000005" lon="4.7121200000000005">
    <ele>53.93000000000001</ele>
   </trkpt>
   <trkpt lat="43.964580000000005" lon="4.71237">
    <ele>53.57000000000001</ele>
   </trkpt>
   <trkpt lat="43.964330005467716" lon="4.713160006570329">
    <ele>53.57000000000001</ele>
   </trkpt>
   <trkpt lat="43.96408000549264" lon="4.713950006491487">
    <ele>53.57000000000001</ele>
   </trkpt>
   <trkpt lat="43.96383" lon="4.714740000000001">
    <ele>53.18000000000001</ele>
   </trkpt>
   <trkpt lat="43.963605011246585" lon="4.715667510566552">
    <ele>53.18000000000001</ele>
   </trkpt>
   <trkpt lat="43.96338001499082" lon="4.716595014107595">
    <ele>53.18000000000001</ele>
   </trkpt>
   <trkpt lat="43.96315501123279" lon="4.717522510623005">
    <ele>52.35000000000001</ele>
   </trkpt>
   <trkpt lat="43.96293" lon="4.718450000000001">
    <ele>52.35000000000001</ele>
   </trkpt>
   <trkpt lat="43.962860000000006" lon="4.719130000000001">
    <ele>52.35000000000001</ele>
   </trkpt>
   <trkpt lat="43.962827512951904" lon="4.720125001602646">
    <ele>53.1</ele>
   </trkpt>
   <trkpt lat="43.962795017269855" lon="4.7211200021169315">
    <ele>53.1</ele>
   </trkpt>
   <trkpt lat="43.96276251295385" lon="4.722115001542572">
    <ele>53.1</ele>
   </trkpt>
   <trkpt lat="43.96273" lon="4.72311">
    <ele>53.76</ele>
   </trkpt>
   <trkpt lat="43.9627400018157" lon="4.723754999996902">
    <ele>53.76</ele>
   </trkpt>
   <trkpt lat="43.96275000000001" lon="4.7244">
    <ele>53.76</ele>
   </trkpt>
   <trkpt lat="43.96285" lon="4.72557">
    <ele>53.68000000000001</ele>
   </trkpt>
   <trkpt lat="43.963100000000004" lon="4.72651">
    <ele>53.68000000000001</ele>
   </trkpt>
   <trkpt lat="43.96322500172597" lon="4.727129998942497">
    <ele>53.68000000000001</ele>
   </trkpt>
   <trkpt lat="43.963350000000005" lon="4.72775">
    <ele>53.68000000000001</ele>
   </trkpt>
   <trkpt lat="43.963370000000005" lon="4.728680000000001">
    <ele>51.9</ele>
   </trkpt>
   <trkpt lat="43.963420000000006" lon="4.72968">
    <ele>51.9</ele>
   </trkpt>
   <trkpt lat="43.96337000357221" lon="4.730585000745997">
    <ele>51.9</ele>
   </trkpt>
   <trkpt lat="43.96332" lon="4.73149">
    <ele>52.31</ele>
   </trkpt>
   <trkpt lat="43.96282" lon="4.731520000000001">
    <ele>55.13</ele>
   </trkpt>
   <trkpt lat="43.96251" lon="4.7316">
    <ele>55.24</ele>
   </trkpt>
   <trkpt lat="43.962410000000006" lon="4.73151">
    <ele>55.24</ele>
   </trkpt>
   <trkpt lat="43.962160000000004" lon="4.731380000000001">
    <ele>57.010000000000005</ele>
   </trkpt>
   <trkpt lat="43.96201000000001" lon="4.73132">
    <ele>57.010000000000005</ele>
   </trkpt>
   <trkpt lat="43.96172000000001" lon="4.73116">
    <ele>57.99000000000001</ele>
   </trkpt>
   <trkpt lat="43.961650000000006" lon="4.731140000000001">
    <ele>57.99000000000001</ele>
   </trkpt>
   <trkpt lat="43.96139" lon="4.731120000000001">
    <ele>57.99000000000001</ele>
   </trkpt>
   <trkpt lat="43.96106" lon="4.731190000000001">
    <ele>59.190000000000005</ele>
   </trkpt>
   <trkpt lat="43.9607" lon="4.73118">
    <ele>59.190000000000005</ele>
   </trkpt>
   <trkpt lat="43.96061" lon="4.73116">
    <ele>59.190000000000005</ele>
   </trkpt>
   <trkpt lat="43.960280000000004" lon="4.73102">
    <ele>59.190000000000005</ele>
   </trkpt>
   <trkpt lat="43.959450000000004" lon="4.73062">
    <ele>64.82000000000001</ele>
   </trkpt>
   <trkpt lat="43.959230000000005" lon="4.73055">
    <ele>65.80000000000001</ele>
   </trkpt>
   <trkpt lat="43.95899000000001" lon="4.730530000000001">
    <ele>65.83</ele>
   </trkpt>
   <trkpt lat="43.958980000000004" lon="4.73095">
    <ele>65.83</ele>
   </trkpt>
   <trkpt lat="43.959" lon="4.7312">
    <ele>65.53</ele>
   </trkpt>
   <trkpt lat="43.95911" lon="4.73176">
    <ele>65.53</ele>
   </trkpt>
   <trkpt lat="43.95928000000001" lon="4.73224">
    <ele>64.77000000000001</ele>
   </trkpt>
   <trkpt lat="43.95969" lon="4.73325">
    <ele>63.410000000000004</ele>
   </trkpt>
   <trkpt lat="43.959770000000006" lon="4.73352">
    <ele>63.410000000000004</ele>
   </trkpt>
   <trkpt lat="43.95964" lon="4.733510000000001">
    <ele>63.71</ele>
   </trkpt>
   <trkpt lat="43.95957000000001" lon="4.73364">
    <ele>63.71</ele>
   </trkpt>
   <trkpt lat="43.959390000000006" lon="4.73416">
    <ele>63.31</ele>
   </trkpt>
   <trkpt lat="43.95935" lon="4.73432">
    <ele>63.31</ele>
   </trkpt>
   <trkpt lat="43.95931" lon="4.734780000000001">
    <ele>63.12000000000001</ele>
   </trkpt>
   <trkpt lat="43.95935" lon="4.73531">
    <ele>63.410000000000004</ele>
   </trkpt>
   <trkpt lat="43.95942" lon="4.735670000000001">
    <ele>63.65000000000001</ele>
   </trkpt>
   <trkpt lat="43.959300000000006" lon="4.73585">
    <ele>63.65000000000001</ele>
   </trkpt>
   <trkpt lat="43.95911" lon="4.736230000000001">
    <ele>63.65000000000001</ele>
   </trkpt>
   <trkpt lat="43.95898000494204" lon="4.737295002360413">
    <ele>65.96000000000001</ele>
   </trkpt>
   <trkpt lat="43.958850000000005" lon="4.73836">
    <ele>71.5</ele>
   </trkpt>
   <trkpt lat="43.958870000000005" lon="4.73852">
    <ele>71.5</ele>
   </trkpt>
   <trkpt lat="43.95890000000001" lon="4.73864">
    <ele>71.5</ele>
   </trkpt>
   <trkpt lat="43.958540000000006" lon="4.73887">
    <ele>74.7</ele>
   </trkpt>
   <trkpt lat="43.95832" lon="4.7391000000000005">
    <ele>77.42</ele>
   </trkpt>
   <trkpt lat="43.958200000000005" lon="4.73937">
    <ele>77.42</ele>
   </trkpt>
   <trkpt lat="43.95814" lon="4.73963">
    <ele>77.42</ele>
   </trkpt>
   <trkpt lat="43.958110000000005" lon="4.73996">
    <ele>77.42</ele>
   </trkpt>
   <trkpt lat="43.95812" lon="4.740360000000001">
    <ele>77.42</ele>
   </trkpt>
   <trkpt lat="43.95816000000001" lon="4.74089">
    <ele>88.94</ele>
   </trkpt>
   <trkpt lat="43.95826000180244" lon="4.741519999391923">
    <ele>88.94</ele>
   </trkpt>
   <trkpt lat="43.958360000000006" lon="4.7421500000000005">
    <ele>88.94</ele>
   </trkpt>
   <trkpt lat="43.95846" lon="4.74307">
    <ele>88.56000000000002</ele>
   </trkpt>
   <trkpt lat="43.958510000000004" lon="4.7437000000000005">
    <ele>90.41</ele>
   </trkpt>
   <trkpt lat="43.958560000000006" lon="4.74392">
    <ele>90.41</ele>
   </trkpt>
   <trkpt lat="43.95868" lon="4.74417">
    <ele>90.41</ele>
   </trkpt>
   <trkpt lat="43.95886" lon="4.74437">
    <ele>90.02</ele>
   </trkpt>
   <trkpt lat="43.959050000000005" lon="4.744540000000001">
    <ele>90.02</ele>
   </trkpt>
   <trkpt lat="43.95922" lon="4.74462">
    <ele>90.02</ele>
   </trkpt>
   <trkpt lat="43.95933" lon="4.744630000000001">
    <ele>87.46000000000001</ele>
   </trkpt>
   <trkpt lat="43.95967" lon="4.7445200000000005">
    <ele>87.46000000000001</ele>
   </trkpt>
   <trkpt lat="43.95993000000001" lon="4.74441">
    <ele>87.21000000000001</ele>
   </trkpt>
   <trkpt lat="43.96" lon="4.74455">
    <ele>87.12</ele>
   </trkpt>
   <trkpt lat="43.960060000000006" lon="4.7445900000000005">
    <ele>87.15</ele>
   </trkpt>
   <trkpt lat="43.96018" lon="4.7445900000000005">
    <ele>87.15</ele>
   </trkpt>
   <trkpt lat="43.96029500197115" lon="4.745254998960657">
    <ele>85.83</ele>
   </trkpt>
   <trkpt lat="43.96041" lon="4.745920000000001">
    <ele>85.83</ele>
   </trkpt>
   <trkpt lat="43.96036" lon="4.745950000000001">
    <ele>85.65</ele>
   </trkpt>
   <trkpt lat="43.960330000000006" lon="4.74601">
    <ele>85.65</ele>
   </trkpt>
   <trkpt lat="43.96032" lon="4.74613">
    <ele>85.65</ele>
   </trkpt>
   <trkpt lat="43.96036" lon="4.74622">
    <ele>85.65</ele>
   </trkpt>
   <trkpt lat="43.96043" lon="4.74626">
    <ele>85.99000000000001</ele>
   </trkpt>
   <trkpt lat="43.96047" lon="4.74626">
    <ele>85.99000000000001</ele>
   </trkpt>
   <trkpt lat="43.960530000000006" lon="4.74622">
    <ele>85.99000000000001</ele>
   </trkpt>
   <trkpt lat="43.960570000000004" lon="4.74613">
    <ele>85.99000000000001</ele>
   </trkpt>
   <trkpt lat="43.96079" lon="4.746250000000001">
    <ele>85.99000000000001</ele>
   </trkpt>
   <trkpt lat="43.961270001429526" lon="4.74677999594402">
    <ele>79.31</ele>
   </trkpt>
   <trkpt lat="43.96175" lon="4.747310000000001">
    <ele>79.31</ele>
   </trkpt>
   <trkpt lat="43.96173" lon="4.74735">
    <ele>79.31</ele>
   </trkpt>
   <trkpt lat="43.96173" lon="4.747450000000001">
    <ele>78.27000000000001</ele>
   </trkpt>
   <trkpt lat="43.961760000000005" lon="4.747540000000001">
    <ele>78.27000000000001</ele>
   </trkpt>
   <trkpt lat="43.96179" lon="4.7475700000000005">
    <ele>78.27000000000001</ele>
   </trkpt>
   <trkpt lat="43.96181000000001" lon="4.747680000000001">
    <ele>77.84</ele>
   </trkpt>
   <trkpt lat="43.96179" lon="4.747850000000001">
    <ele>77.84</ele>
   </trkpt>
   <trkpt lat="43.96141500193425" lon="4.748495003864456">
    <ele>80.91000000000001</ele>
   </trkpt>
   <trkpt lat="43.961040000000004" lon="4.749140000000001">
    <ele>80.91000000000001</ele>
   </trkpt>
   <trkpt lat="43.960800000000006" lon="4.74957">
    <ele>80.85000000000001</ele>
   </trkpt>
   <trkpt lat="43.960750000000004" lon="4.74955">
    <ele>81.07000000000001</ele>
   </trkpt>
   <trkpt lat="43.96067" lon="4.7496100000000006">
    <ele>81.07000000000001</ele>
   </trkpt>
   <trkpt lat="43.96067" lon="4.749750000000001">
    <ele>80.88000000000001</ele>
   </trkpt>
   <trkpt lat="43.96065" lon="4.7498700000000005">
    <ele>80.64</ele>
   </trkpt>
   <trkpt lat="43.96041" lon="4.75027">
    <ele>80.55000000000001</ele>
   </trkpt>
   <trkpt lat="43.96034" lon="4.75035">
    <ele>80.53999999999999</ele>
   </trkpt>
   <trkpt lat="43.96022000000001" lon="4.75044">
    <ele>80.53999999999999</ele>
   </trkpt>
   <trkpt lat="43.96018" lon="4.750430000000001">
    <ele>80.71000000000001</ele>
   </trkpt>
   <trkpt lat="43.960100000000004" lon="4.75046">
    <ele>80.71000000000001</ele>
   </trkpt>
   <trkpt lat="43.96002" lon="4.75054">
    <ele>80.56</ele>
   </trkpt>
   <trkpt lat="43.959990000000005" lon="4.7507">
    <ele>80.36</ele>
   </trkpt>
   <trkpt lat="43.960010000000004" lon="4.75079">
    <ele>80.36</ele>
   </trkpt>
   <trkpt lat="43.960060000000006" lon="4.75089">
    <ele>80.07000000000001</ele>
   </trkpt>
   <trkpt lat="43.96009" lon="4.750920000000001">
    <ele>80.07000000000001</ele>
   </trkpt>
   <trkpt lat="43.96018" lon="4.7509500000000005">
    <ele>80.07000000000001</ele>
   </trkpt>
   <trkpt lat="43.960280000000004" lon="4.75103">
    <ele>79.88000000000001</ele>
   </trkpt>
   <trkpt lat="43.960330000000006" lon="4.7511">
    <ele>79.88000000000001</ele>
   </trkpt>
   <trkpt lat="43.96061" lon="4.75203">
    <ele>78.67</ele>
   </trkpt>
   <trkpt lat="43.960620000000006" lon="4.75257">
    <ele>77.86000000000001</ele>
   </trkpt>
   <trkpt lat="43.96045" lon="4.75365">
    <ele>72.92000000000002</ele>
   </trkpt>
   <trkpt lat="43.96041" lon="4.753780000000001">
    <ele>72.92000000000002</ele>
   </trkpt>
   <trkpt lat="43.96011" lon="4.75434">
    <ele>69.87</ele>
   </trkpt>
   <trkpt lat="43.95965000253816" lon="4.755110006040369">
    <ele>67.93</ele>
   </trkpt>
   <trkpt lat="43.95919000000001" lon="4.75588">
    <ele>67.63000000000001</ele>
   </trkpt>
   <trkpt lat="43.959120000000006" lon="4.75609">
    <ele>67.63000000000001</ele>
   </trkpt>
   <trkpt lat="43.95908" lon="4.7561100000000005">
    <ele>67.63000000000001</ele>
   </trkpt>
   <trkpt lat="43.95904" lon="4.7561800000000005">
    <ele>67.63000000000001</ele>
   </trkpt>
   <trkpt lat="43.958870000000005" lon="4.75645">
    <ele>67.63000000000001</ele>
   </trkpt>
   <trkpt lat="43.95875" lon="4.75678">
    <ele>67.55</ele>
   </trkpt>
   <trkpt lat="43.958740000000006" lon="4.756880000000001">
    <ele>67.55</ele>
   </trkpt>
   <trkpt lat="43.95866" lon="4.75706">
    <ele>67.55</ele>
   </trkpt>
   <trkpt lat="43.958445002479" lon="4.757815002754953">
    <ele>66.92</ele>
   </trkpt>
   <trkpt lat="43.95823" lon="4.758570000000001">
    <ele>67.81</ele>
   </trkpt>
   <trkpt lat="43.958090000000006" lon="4.758970000000001">
    <ele>67.99000000000001</ele>
   </trkpt>
   <trkpt lat="43.958040000000004" lon="4.759">
    <ele>67.99000000000001</ele>
   </trkpt>
   <trkpt lat="43.95803" lon="4.75907">
    <ele>68.12</ele>
   </trkpt>
   <trkpt lat="43.958040000000004" lon="4.75914">
    <ele>68.12</ele>
   </trkpt>
   <trkpt lat="43.95792" lon="4.759650000000001">
    <ele>68.19</ele>
   </trkpt>
   <trkpt lat="43.9577050025004" lon="4.760405002679784">
    <ele>67.92</ele>
   </trkpt>
   <trkpt lat="43.95749000000001" lon="4.76116">
    <ele>67.86</ele>
   </trkpt>
   <trkpt lat="43.95745" lon="4.761480000000001">
    <ele>67.86</ele>
   </trkpt>
   <trkpt lat="43.95747" lon="4.76193">
    <ele>68.36</ele>
   </trkpt>
   <trkpt lat="43.95756" lon="4.76254">
    <ele>68.36</ele>
   </trkpt>
   <trkpt lat="43.95758" lon="4.76278">
    <ele>67.89</ele>
   </trkpt>
   <trkpt lat="43.95756" lon="4.762840000000001">
    <ele>67.89</ele>
   </trkpt>
   <trkpt lat="43.95756" lon="4.7628900000000005">
    <ele>67.8</ele>
   </trkpt>
   <trkpt lat="43.957620000000006" lon="4.7629600000000005">
    <ele>67.8</ele>
   </trkpt>
   <trkpt lat="43.957660000000004" lon="4.763190000000001">
    <ele>67.75</ele>
   </trkpt>
   <trkpt lat="43.95784000514113" lon="4.764279996458778">
    <ele>68.27000000000001</ele>
   </trkpt>
   <trkpt lat="43.958020000000005" lon="4.765370000000001">
    <ele>68.43</ele>
   </trkpt>
   <trkpt lat="43.95803" lon="4.76559">
    <ele>68.43</ele>
   </trkpt>
   <trkpt lat="43.95801" lon="4.76567">
    <ele>68.43</ele>
   </trkpt>
   <trkpt lat="43.958040000000004" lon="4.765890000000001">
    <ele>68.43</ele>
   </trkpt>
   <trkpt lat="43.958020000000005" lon="4.765960000000001">
    <ele>68.43</ele>
   </trkpt>
   <trkpt lat="43.95803" lon="4.766030000000001">
    <ele>68.43</ele>
   </trkpt>
   <trkpt lat="43.958090000000006" lon="4.766170000000001">
    <ele>68.43</ele>
   </trkpt>
   <trkpt lat="43.95824" lon="4.76701">
    <ele>68.61</ele>
   </trkpt>
   <trkpt lat="43.958290000000005" lon="4.7671">
    <ele>68.61</ele>
   </trkpt>
   <trkpt lat="43.95844" lon="4.76808">
    <ele>69.36</ele>
   </trkpt>
   <trkpt lat="43.958420000000004" lon="4.76818">
    <ele>69.36</ele>
   </trkpt>
   <trkpt lat="43.95846" lon="4.76825">
    <ele>69.39</ele>
   </trkpt>
   <trkpt lat="43.95852000000001" lon="4.76855">
    <ele>69.65</ele>
   </trkpt>
   <trkpt lat="43.958580000000005" lon="4.76872">
    <ele>69.65</ele>
   </trkpt>
   <trkpt lat="43.95861" lon="4.76893">
    <ele>70.07000000000001</ele>
   </trkpt>
   <trkpt lat="43.958600000000004" lon="4.76905">
    <ele>70.65</ele>
   </trkpt>
   <trkpt lat="43.95871" lon="4.769850000000001">
    <ele>72.10000000000001</ele>
   </trkpt>
   <trkpt lat="43.95877" lon="4.77019">
    <ele>73.45</ele>
   </trkpt>
   <trkpt lat="43.958850000000005" lon="4.770510000000001">
    <ele>73.74</ele>
   </trkpt>
   <trkpt lat="43.95902" lon="4.771590000000001">
    <ele>74.82000000000001</ele>
   </trkpt>
   <trkpt lat="43.959050000000005" lon="4.77216">
    <ele>75.98</ele>
   </trkpt>
   <trkpt lat="43.959" lon="4.77249">
    <ele>75.98</ele>
   </trkpt>
   <trkpt lat="43.958740000000006" lon="4.773160000000001">
    <ele>80.64</ele>
   </trkpt>
   <trkpt lat="43.958580000000005" lon="4.773610000000001">
    <ele>82.13000000000001</ele>
   </trkpt>
   <trkpt lat="43.958490000000005" lon="4.7739">
    <ele>84.25</ele>
   </trkpt>
   <trkpt lat="43.958330000000004" lon="4.774360000000001">
    <ele>84.22</ele>
   </trkpt>
   <trkpt lat="43.95828" lon="4.774640000000001">
    <ele>89.08</ele>
   </trkpt>
   <trkpt lat="43.958220000000004" lon="4.775320000000001">
    <ele>90.2</ele>
   </trkpt>
   <trkpt lat="43.95824" lon="4.77554">
    <ele>91.61000000000001</ele>
   </trkpt>
   <trkpt lat="43.95821" lon="4.775740000000001">
    <ele>91.61000000000001</ele>
   </trkpt>
   <trkpt lat="43.958110000000005" lon="4.77615">
    <ele>92.72000000000001</ele>
   </trkpt>
   <trkpt lat="43.958090000000006" lon="4.77625">
    <ele>92.72000000000001</ele>
   </trkpt>
   <trkpt lat="43.95815" lon="4.77655">
    <ele>92.80000000000001</ele>
   </trkpt>
   <trkpt lat="43.958110000000005" lon="4.77691">
    <ele>92.73</ele>
   </trkpt>
   <trkpt lat="43.95806" lon="4.777640000000001">
    <ele>90.84</ele>
   </trkpt>
   <trkpt lat="43.95801" lon="4.778300000000001">
    <ele>85.31</ele>
   </trkpt>
   <trkpt lat="43.95801000701169" lon="4.779196666616082">
    <ele>84.8</ele>
   </trkpt>
   <trkpt lat="43.95801000701168" lon="4.78009333323227">
    <ele>84.8</ele>
   </trkpt>
   <trkpt lat="43.95801" lon="4.78099">
    <ele>78.99000000000001</ele>
   </trkpt>
   <trkpt lat="43.95799" lon="4.7812600000000005">
    <ele>78.99000000000001</ele>
   </trkpt>
   <trkpt lat="43.95796000000001" lon="4.78138">
    <ele>78.99000000000001</ele>
   </trkpt>
   <trkpt lat="43.957950000000004" lon="4.78139">
    <ele>78.99000000000001</ele>
   </trkpt>
   <trkpt lat="43.957840000000004" lon="4.78167">
    <ele>78.99000000000001</ele>
   </trkpt>
   <trkpt lat="43.95747" lon="4.782360000000001">
    <ele>75.86000000000001</ele>
   </trkpt>
   <trkpt lat="43.95725" lon="4.782730000000001">
    <ele>75.86000000000001</ele>
   </trkpt>
   <trkpt lat="43.95692000075366" lon="4.78316000245657">
    <ele>75.19000000000001</ele>
   </trkpt>
   <trkpt lat="43.956590000000006" lon="4.78359">
    <ele>74.29</ele>
   </trkpt>
   <trkpt lat="43.95628000000001" lon="4.78387">
    <ele>72.11</ele>
   </trkpt>
   <trkpt lat="43.9562" lon="4.7839100000000006">
    <ele>72.11</ele>
   </trkpt>
   <trkpt lat="43.95602" lon="4.78392">
    <ele>72.11</ele>
   </trkpt>
   <trkpt lat="43.95582" lon="4.78387">
    <ele>67.37</ele>
   </trkpt>
   <trkpt lat="43.95568" lon="4.783790000000001">
    <ele>67.37</ele>
   </trkpt>
   <trkpt lat="43.955250000568014" lon="4.783434997446463">
    <ele>67.37</ele>
   </trkpt>
   <trkpt lat="43.954820000000005" lon="4.78308">
    <ele>58.010000000000005</ele>
   </trkpt>
   <trkpt lat="43.95465" lon="4.782990000000001">
    <ele>57.470000000000006</ele>
   </trkpt>
   <trkpt lat="43.95443" lon="4.7829500000000005">
    <ele>57.470000000000006</ele>
   </trkpt>
   <trkpt lat="43.95431000000001" lon="4.78296">
    <ele>57.470000000000006</ele>
   </trkpt>
   <trkpt lat="43.954130000000006" lon="4.78301">
    <ele>57.470000000000006</ele>
   </trkpt>
   <trkpt lat="43.95391" lon="4.7831600000000005">
    <ele>57.470000000000006</ele>
   </trkpt>
   <trkpt lat="43.953790000000005" lon="4.78328">
    <ele>57.470000000000006</ele>
   </trkpt>
   <trkpt lat="43.953680000000006" lon="4.78345">
    <ele>57.470000000000006</ele>
   </trkpt>
   <trkpt lat="43.953590000000005" lon="4.78364">
    <ele>57.14</ele>
   </trkpt>
   <trkpt lat="43.95346000000001" lon="4.78406">
    <ele>57.14</ele>
   </trkpt>
   <trkpt lat="43.953410000000005" lon="4.784560000000001">
    <ele>57.14</ele>
   </trkpt>
   <trkpt lat="43.95344" lon="4.78521">
    <ele>57.03</ele>
   </trkpt>
   <trkpt lat="43.95351" lon="4.78549">
    <ele>57.03</ele>
   </trkpt>
   <trkpt lat="43.95378000187715" lon="4.7861499969470005">
    <ele>57.03</ele>
   </trkpt>
   <trkpt lat="43.95405" lon="4.78681">
    <ele>47.38</ele>
   </trkpt>
   <trkpt lat="43.95418" lon="4.7872900000000005">
    <ele>47.38</ele>
   </trkpt>
   <trkpt lat="43.954395004233874" lon="4.7882699966646545">
    <ele>45.25000000000001</ele>
   </trkpt>
   <trkpt lat="43.95461" lon="4.78925">
    <ele>39.620000000000005</ele>
   </trkpt>
   <trkpt lat="43.954570000000004" lon="4.78929">
    <ele>39.52</ele>
   </trkpt>
   <trkpt lat="43.954570000000004" lon="4.789370000000001">
    <ele>39.260000000000005</ele>
   </trkpt>
   <trkpt lat="43.95461" lon="4.789420000000001">
    <ele>39.260000000000005</ele>
   </trkpt>
   <trkpt lat="43.95465" lon="4.78941">
    <ele>39.16</ele>
   </trkpt>
   <trkpt lat="43.954710000000006" lon="4.7896">
    <ele>39.16</ele>
   </trkpt>
   <trkpt lat="43.954820000000005" lon="4.7902000000000005">
    <ele>38.12</ele>
   </trkpt>
   <trkpt lat="43.95483" lon="4.79035">
    <ele>38.12</ele>
   </trkpt>
   <trkpt lat="43.95479" lon="4.7906">
    <ele>31.200000000000003</ele>
   </trkpt>
   <trkpt lat="43.95454" lon="4.791320000000001">
    <ele>28.470000000000002</ele>
   </trkpt>
   <trkpt lat="43.95440000000001" lon="4.79164">
    <ele>25.560000000000002</ele>
   </trkpt>
   <trkpt lat="43.954170000000005" lon="4.791980000000001">
    <ele>21.380000000000003</ele>
   </trkpt>
   <trkpt lat="43.95421" lon="4.79204">
    <ele>21.37</ele>
   </trkpt>
   <trkpt lat="43.954170000000005" lon="4.79208">
    <ele>21.310000000000002</ele>
   </trkpt>
   <trkpt lat="43.954100000000004" lon="4.792190000000001">
    <ele>17.79</ele>
   </trkpt>
   <trkpt lat="43.953800005338294" lon="4.792973341275857">
    <ele>17.79</ele>
   </trkpt>
   <trkpt lat="43.953500005325324" lon="4.7937566746429265">
    <ele>16.42</ele>
   </trkpt>
   <trkpt lat="43.9532" lon="4.7945400000000005">
    <ele>16.42</ele>
   </trkpt>
   <trkpt lat="43.952990001496666" lon="4.795110001797095">
    <ele>16.42</ele>
   </trkpt>
   <trkpt lat="43.952780000000004" lon="4.795680000000001">
    <ele>21.87</ele>
   </trkpt>
   <trkpt lat="43.952630000000006" lon="4.79623">
    <ele>21.490000000000002</ele>
   </trkpt>
   <trkpt lat="43.95262" lon="4.79636">
    <ele>21.490000000000002</ele>
   </trkpt>
   <trkpt lat="43.952650000000006" lon="4.7964400000000005">
    <ele>21.490000000000002</ele>
   </trkpt>
   <trkpt lat="43.952490000000004" lon="4.79696">
    <ele>22.2</ele>
   </trkpt>
   <trkpt lat="43.95246" lon="4.79696">
    <ele>22.2</ele>
   </trkpt>
   <trkpt lat="43.95237" lon="4.79708">
    <ele>22.3</ele>
   </trkpt>
   <trkpt lat="43.95218000154188" lon="4.7976750019079075">
    <ele>22.96</ele>
   </trkpt>
   <trkpt lat="43.95199" lon="4.7982700000000005">
    <ele>22.94</ele>
   </trkpt>
   <trkpt lat="43.9517225112496" lon="4.799197512536486">
    <ele>22.94</ele>
   </trkpt>
   <trkpt lat="43.95145501499693" lon="4.800125016723832">
    <ele>20.360000000000003</ele>
   </trkpt>
   <trkpt lat="43.951187511242125" lon="4.8010525125619585">
    <ele>20.360000000000003</ele>
   </trkpt>
   <trkpt lat="43.95092" lon="4.80198">
    <ele>20.360000000000003</ele>
   </trkpt>
   <trkpt lat="43.95089" lon="4.8020700000000005">
    <ele>20.360000000000003</ele>
   </trkpt>
   <trkpt lat="43.95089" lon="4.802250000000001">
    <ele>21.080000000000002</ele>
   </trkpt>
   <trkpt lat="43.950860000000006" lon="4.80229">
    <ele>21.080000000000002</ele>
   </trkpt>
   <trkpt lat="43.950700000000005" lon="4.8025">
    <ele>22.96</ele>
   </trkpt>
   <trkpt lat="43.95067" lon="4.8025">
    <ele>22.96</ele>
   </trkpt>
   <trkpt lat="43.95051" lon="4.802390000000001">
    <ele>23.23</ele>
   </trkpt>
   <trkpt lat="43.950390000000006" lon="4.80245">
    <ele>23.23</ele>
   </trkpt>
   <trkpt lat="43.950320000000005" lon="4.802420000000001">
    <ele>23.180000000000003</ele>
   </trkpt>
   <trkpt lat="43.950300000000006" lon="4.802560000000001">
    <ele>23.520000000000003</ele>
   </trkpt>
   <trkpt lat="43.9498700001344" lon="4.802334998327006">
    <ele>22.87</ele>
   </trkpt>
   <trkpt lat="43.94944" lon="4.802110000000001">
    <ele>22.520000000000003</ele>
   </trkpt>
   <trkpt lat="43.9487" lon="4.80149">
    <ele>22.7</ele>
   </trkpt>
   <trkpt lat="43.94804000167633" lon="4.800889993434649">
    <ele>23.6</ele>
   </trkpt>
   <trkpt lat="43.94738" lon="4.80029">
    <ele>24.0</ele>
   </trkpt>
   <trkpt lat="43.94722" lon="4.80013">
    <ele>24.060000000000002</ele>
   </trkpt>
   <trkpt lat="43.947100000000006" lon="4.80004">
    <ele>24.060000000000002</ele>
   </trkpt>
   <trkpt lat="43.94691" lon="4.7999600000000004">
    <ele>23.8</ele>
   </trkpt>
   <trkpt lat="43.946830000000006" lon="4.79987">
    <ele>23.610000000000003</ele>
   </trkpt>
   <trkpt lat="43.94682" lon="4.7998">
    <ele>23.520000000000003</ele>
   </trkpt>
   <trkpt lat="43.9468" lon="4.79978">
    <ele>23.520000000000003</ele>
   </trkpt>
   <trkpt lat="43.94677" lon="4.799790000000001">
    <ele>23.520000000000003</ele>
   </trkpt>
   <trkpt lat="43.946690000000004" lon="4.799600000000001">
    <ele>23.520000000000003</ele>
   </trkpt>
   <trkpt lat="43.94646" lon="4.799250000000001">
    <ele>22.6</ele>
   </trkpt>
   <trkpt lat="43.9461" lon="4.798780000000001">
    <ele>22.6</ele>
   </trkpt>
   <trkpt lat="43.94585" lon="4.79856">
    <ele>22.6</ele>
   </trkpt>
   <trkpt lat="43.945710000000005" lon="4.7984800000000005">
    <ele>22.6</ele>
   </trkpt>
   <trkpt lat="43.94525" lon="4.7982700000000005">
    <ele>24.37</ele>
   </trkpt>
   <trkpt lat="43.94478" lon="4.798290000000001">
    <ele>24.37</ele>
   </trkpt>
   <trkpt lat="43.944750000000006" lon="4.798310000000001">
    <ele>24.41</ele>
   </trkpt>
   <trkpt lat="43.94471" lon="4.798380000000001">
    <ele>24.41</ele>
   </trkpt>
   <trkpt lat="43.944666018004945" lon="4.79939600298738">
    <ele>26.79</ele>
   </trkpt>
   <trkpt lat="43.94462202700783" lon="4.800412004471204">
    <ele>26.78</ele>
   </trkpt>
   <trkpt lat="43.94457802700869" lon="4.801428004451171">
    <ele>26.85</ele>
   </trkpt>
   <trkpt lat="43.94453401800755" lon="4.802444002926977">
    <ele>26.26</ele>
   </trkpt>
   <trkpt lat="43.94449" lon="4.80346">
    <ele>24.51</ele>
   </trkpt>
   <trkpt lat="43.9437049999748" lon="4.803329998267006">
    <ele>24.860000000000003</ele>
   </trkpt>
   <trkpt lat="43.94292" lon="4.8032">
    <ele>24.09</ele>
   </trkpt>
   <trkpt lat="43.942822517752354" lon="4.80436500575107">
    <ele>24.09</ele>
   </trkpt>
   <trkpt lat="43.94272502366867" lon="4.80553000768132">
    <ele>24.150000000000002</ele>
   </trkpt>
   <trkpt lat="43.94262751774904" lon="4.806695005790311">
    <ele>24.85</ele>
   </trkpt>
   <trkpt lat="43.942530000000005" lon="4.807860000000001">
    <ele>25.550000000000004</ele>
   </trkpt>
   <trkpt lat="43.94256" lon="4.808420000000001">
    <ele>25.550000000000004</ele>
   </trkpt>
   <trkpt lat="43.94258000000001" lon="4.8086400000000005">
    <ele>25.14</ele>
   </trkpt>
   <trkpt lat="43.942840000000004" lon="4.809810000000001">
    <ele>23.32</ele>
   </trkpt>
   <trkpt lat="43.942730000000005" lon="4.80985">
    <ele>23.080000000000002</ele>
   </trkpt>
   <trkpt lat="43.94276000000001" lon="4.809970000000001">
    <ele>23.080000000000002</ele>
   </trkpt>
   <trkpt lat="43.94263" lon="4.810040000000001">
    <ele>23.13</ele>
   </trkpt>
   <trkpt lat="43.94216" lon="4.81033">
    <ele>23.270000000000003</ele>
   </trkpt>
   <trkpt lat="43.94185" lon="4.81053">
    <ele>23.13</ele>
   </trkpt>
   <trkpt lat="43.94136" lon="4.810930000000001">
    <ele>22.53</ele>
   </trkpt>
   <trkpt lat="43.941230000000004" lon="4.81106">
    <ele>22.53</ele>
   </trkpt>
   <trkpt lat="43.94102" lon="4.811240000000001">
    <ele>22.54</ele>
   </trkpt>
   <trkpt lat="43.94042" lon="4.811590000000001">
    <ele>22.88</ele>
   </trkpt>
   <trkpt lat="43.94012" lon="4.811850000000001">
    <ele>22.650000000000002</ele>
   </trkpt>
   <trkpt lat="43.939510000000006" lon="4.81257">
    <ele>22.47</ele>
   </trkpt>
   <trkpt lat="43.939170000000004" lon="4.81294">
    <ele>22.0</ele>
   </trkpt>
   <trkpt lat="43.938710000871296" lon="4.813375003321662">
    <ele>21.54</ele>
   </trkpt>
   <trkpt lat="43.938250000000004" lon="4.81381">
    <ele>21.900000000000002</ele>
   </trkpt>
   <trkpt lat="43.937630000000006" lon="4.8143400000000005">
    <ele>21.740000000000002</ele>
   </trkpt>
   <trkpt lat="43.937580000000004" lon="4.81433">
    <ele>21.740000000000002</ele>
   </trkpt>
   <trkpt lat="43.937290000000004" lon="4.814590000000001">
    <ele>21.740000000000002</ele>
   </trkpt>
   <trkpt lat="43.93683" lon="4.8151600000000006">
    <ele>22.42</ele>
   </trkpt>
   <trkpt lat="43.93645" lon="4.81554">
    <ele>22.26</ele>
   </trkpt>
   <trkpt lat="43.93601" lon="4.81592">
    <ele>21.730000000000004</ele>
   </trkpt>
   <trkpt lat="43.93594" lon="4.8159600000000005">
    <ele>21.730000000000004</ele>
   </trkpt>
   <trkpt lat="43.93576" lon="4.81599">
    <ele>21.71</ele>
   </trkpt>
   <trkpt lat="43.935120000000005" lon="4.81599">
    <ele>21.95</ele>
   </trkpt>
   <trkpt lat="43.93493" lon="4.8160300000000005">
    <ele>21.75</ele>
   </trkpt>
   <trkpt lat="43.93473" lon="4.816120000000001">
    <ele>21.75</ele>
   </trkpt>
   <trkpt lat="43.934450000000005" lon="4.81627">
    <ele>21.14</ele>
   </trkpt>
   <trkpt lat="43.934290000000004" lon="4.816420000000001">
    <ele>21.120000000000005</ele>
   </trkpt>
   <trkpt lat="43.934180000000005" lon="4.81663">
    <ele>20.87</ele>
   </trkpt>
   <trkpt lat="43.933840000000004" lon="4.817360000000001">
    <ele>21.03</ele>
   </trkpt>
   <trkpt lat="43.9337" lon="4.8176000000000005">
    <ele>21.02</ele>
   </trkpt>
   <trkpt lat="43.93343" lon="4.81794">
    <ele>20.64</ele>
   </trkpt>
   <trkpt lat="43.933330000000005" lon="4.8181">
    <ele>20.64</ele>
   </trkpt>
   <trkpt lat="43.932860000000005" lon="4.81909">
    <ele>20.42</ele>
   </trkpt>
   <trkpt lat="43.932570000000005" lon="4.81984">
    <ele>21.980000000000004</ele>
   </trkpt>
   <trkpt lat="43.93227" lon="4.82036">
    <ele>22.97</ele>
   </trkpt>
   <trkpt lat="43.932210000000005" lon="4.82033">
    <ele>22.97</ele>
   </trkpt>
   <trkpt lat="43.93204" lon="4.82036">
    <ele>23.05</ele>
   </trkpt>
   <trkpt lat="43.93128666677661" lon="4.820410001260803">
    <ele>23.57</ele>
   </trkpt>
   <trkpt lat="43.930533333531415" lon="4.820460001254931">
    <ele>23.01</ele>
   </trkpt>
   <trkpt lat="43.92978" lon="4.8205100000000005">
    <ele>23.37</ele>
   </trkpt>
   <trkpt lat="43.92972" lon="4.82042">
    <ele>23.630000000000003</ele>
   </trkpt>
   <trkpt lat="43.92962000000001" lon="4.82036">
    <ele>23.96</ele>
   </trkpt>
   <trkpt lat="43.929520000000004" lon="4.8203700000000005">
    <ele>24.040000000000003</ele>
   </trkpt>
   <trkpt lat="43.92945" lon="4.8204400000000005">
    <ele>24.03</ele>
   </trkpt>
   <trkpt lat="43.92938" lon="4.82059">
    <ele>24.1</ele>
   </trkpt>
   <trkpt lat="43.92929" lon="4.82068">
    <ele>24.1</ele>
   </trkpt>
   <trkpt lat="43.9292" lon="4.82073">
    <ele>24.200000000000003</ele>
   </trkpt>
   <trkpt lat="43.92909" lon="4.820760000000001">
    <ele>24.360000000000003</ele>
   </trkpt>
   <trkpt lat="43.92868000000001" lon="4.82077">
    <ele>24.34</ele>
   </trkpt>
   <trkpt lat="43.928560000000004" lon="4.8208">
    <ele>24.34</ele>
   </trkpt>
   <trkpt lat="43.92855" lon="4.820860000000001">
    <ele>24.34</ele>
   </trkpt>
   <trkpt lat="43.92867501907109" lon="4.822067492372985">
    <ele>23.24</ele>
   </trkpt>
   <trkpt lat="43.92880002542723" lon="4.8232749898217415">
    <ele>29.380000000000003</ele>
   </trkpt>
   <trkpt lat="43.92892501906834" lon="4.824482492345796">
    <ele>30.01</ele>
   </trkpt>
   <trkpt lat="43.929050000000004" lon="4.825690000000001">
    <ele>28.650000000000002</ele>
   </trkpt>
   <trkpt lat="43.92891" lon="4.825740000000001">
    <ele>28.650000000000002</ele>
   </trkpt>
   <trkpt lat="43.92862" lon="4.825900000000001">
    <ele>28.23</ele>
   </trkpt>
   <trkpt lat="43.92822" lon="4.826110000000001">
    <ele>26.53</ele>
   </trkpt>
   <trkpt lat="43.92812000000001" lon="4.826180000000001">
    <ele>26.240000000000002</ele>
   </trkpt>
   <trkpt lat="43.92760000130432" lon="4.826720004686649">
    <ele>25.640000000000004</ele>
   </trkpt>
   <trkpt lat="43.927080000000004" lon="4.827260000000001">
    <ele>23.48</ele>
   </trkpt>
   <trkpt lat="43.926860000000005" lon="4.82746">
    <ele>23.48</ele>
   </trkpt>
   <trkpt lat="43.92609" lon="4.828010000000001">
    <ele>23.650000000000002</ele>
   </trkpt>
   <trkpt lat="43.92618" lon="4.8282300000000005">
    <ele>23.650000000000002</ele>
   </trkpt>
   <trkpt lat="43.926190000000005" lon="4.8283700000000005">
    <ele>23.650000000000002</ele>
   </trkpt>
   <trkpt lat="43.926120000000004" lon="4.82887">
    <ele>25.130000000000003</ele>
   </trkpt>
   <trkpt lat="43.925990000000006" lon="4.8292">
    <ele>25.130000000000003</ele>
   </trkpt>
   <trkpt lat="43.92559500373871" lon="4.830125006123567">
    <ele>25.380000000000003</ele>
   </trkpt>
   <trkpt lat="43.925200000000004" lon="4.83105">
    <ele>26.390000000000004</ele>
   </trkpt>
   <trkpt lat="43.925250000000005" lon="4.8311">
    <ele>26.390000000000004</ele>
   </trkpt>
   <trkpt lat="43.92528" lon="4.8312100000000004">
    <ele>26.390000000000004</ele>
   </trkpt>
   <trkpt lat="43.92555" lon="4.83175">
    <ele>26.390000000000004</ele>
   </trkpt>
   <trkpt lat="43.925990000000006" lon="4.8324300000000004">
    <ele>24.96</ele>
   </trkpt>
   <trkpt lat="43.925990000000006" lon="4.832540000000001">
    <ele>24.96</ele>
   </trkpt>
   <trkpt lat="43.926500000000004" lon="4.83317">
    <ele>24.610000000000003</ele>
   </trkpt>
   <trkpt lat="43.926105001860954" lon="4.833840004612501">
    <ele>24.610000000000003</ele>
   </trkpt>
   <trkpt lat="43.92571" lon="4.834510000000001">
    <ele>24.610000000000003</ele>
   </trkpt>
   <trkpt lat="43.92530500072915" lon="4.83494500306461">
    <ele>24.900000000000002</ele>
   </trkpt>
   <trkpt lat="43.9249" lon="4.835380000000001">
    <ele>24.900000000000002</ele>
   </trkpt>
   <trkpt lat="43.924420000000005" lon="4.83584">
    <ele>24.900000000000002</ele>
   </trkpt>
   <trkpt lat="43.924240000000005" lon="4.83595">
    <ele>24.900000000000002</ele>
   </trkpt>
   <trkpt lat="43.924040000000005" lon="4.836040000000001">
    <ele>25.51</ele>
   </trkpt>
   <trkpt lat="43.92316" lon="4.83628">
    <ele>25.51</ele>
   </trkpt>
   <trkpt lat="43.92266" lon="4.836390000000001">
    <ele>25.59</ele>
   </trkpt>
   <trkpt lat="43.92257" lon="4.8364400000000005">
    <ele>25.59</ele>
   </trkpt>
   <trkpt lat="43.922520000000006" lon="4.8365">
    <ele>25.59</ele>
   </trkpt>
   <trkpt lat="43.922430000000006" lon="4.83671">
    <ele>25.59</ele>
   </trkpt>
   <trkpt lat="43.92228" lon="4.837020000000001">
    <ele>25.59</ele>
   </trkpt>
   <trkpt lat="43.92212000000001" lon="4.83724">
    <ele>25.59</ele>
   </trkpt>
   <trkpt lat="43.92201" lon="4.83744">
    <ele>23.810000000000002</ele>
   </trkpt>
   <trkpt lat="43.921960000000006" lon="4.83758">
    <ele>23.810000000000002</ele>
   </trkpt>
   <trkpt lat="43.921800000000005" lon="4.8382700000000005">
    <ele>23.810000000000002</ele>
   </trkpt>
   <trkpt lat="43.92166" lon="4.838570000000001">
    <ele>23.810000000000002</ele>
   </trkpt>
   <trkpt lat="43.92128" lon="4.839110000000001">
    <ele>23.810000000000002</ele>
   </trkpt>
   <trkpt lat="43.92116" lon="4.839370000000001">
    <ele>25.45</ele>
   </trkpt>
   <trkpt lat="43.920970000000004" lon="4.84051">
    <ele>25.45</ele>
   </trkpt>
   <trkpt lat="43.92099" lon="4.840680000000001">
    <ele>25.45</ele>
   </trkpt>
   <trkpt lat="43.921200000000006" lon="4.84102">
    <ele>25.45</ele>
   </trkpt>
   <trkpt lat="43.921380000000006" lon="4.841500000000001">
    <ele>25.45</ele>
   </trkpt>
   <trkpt lat="43.92157" lon="4.841740000000001">
    <ele>25.45</ele>
   </trkpt>
   <trkpt lat="43.92200000086466" lon="4.8421599970576565">
    <ele>23.950000000000003</ele>
   </trkpt>
   <trkpt lat="43.922430000000006" lon="4.842580000000001">
    <ele>23.950000000000003</ele>
   </trkpt>
   <trkpt lat="43.92249" lon="4.84266">
    <ele>23.950000000000003</ele>
   </trkpt>
   <trkpt lat="43.92255" lon="4.842790000000001">
    <ele>23.950000000000003</ele>
   </trkpt>
   <trkpt lat="43.92258" lon="4.84281">
    <ele>23.950000000000003</ele>
   </trkpt>
   <trkpt lat="43.92262" lon="4.8428">
    <ele>23.950000000000003</ele>
   </trkpt>
   <trkpt lat="43.922790000000006" lon="4.842630000000001">
    <ele>23.950000000000003</ele>
   </trkpt>
   <trkpt lat="43.922850000000004" lon="4.8426100000000005">
    <ele>23.950000000000003</ele>
   </trkpt>
   <trkpt lat="43.92291" lon="4.84262">
    <ele>23.950000000000003</ele>
   </trkpt>
   <trkpt lat="43.92268000000001" lon="4.84349">
    <ele>24.8</ele>
   </trkpt>
   <trkpt lat="43.922790000000006" lon="4.8435500000000005">
    <ele>24.8</ele>
   </trkpt>
   <trkpt lat="43.923610000000004" lon="4.84375">
    <ele>25.820000000000004</ele>
   </trkpt>
   <trkpt lat="43.92399" lon="4.84386">
    <ele>25.86</ele>
   </trkpt>
   <trkpt lat="43.9245" lon="4.84396">
    <ele>26.650000000000002</ele>
   </trkpt>
   <trkpt lat="43.92504" lon="4.84412">
    <ele>26.650000000000002</ele>
   </trkpt>
   <trkpt lat="43.925450000000005" lon="4.844270000000001">
    <ele>25.460000000000004</ele>
   </trkpt>
   <trkpt lat="43.925740000000005" lon="4.84443">
    <ele>25.460000000000004</ele>
   </trkpt>
   <trkpt lat="43.92586" lon="4.8445">
    <ele>25.26</ele>
   </trkpt>
   <trkpt lat="43.926120000000004" lon="4.844720000000001">
    <ele>25.02</ele>
   </trkpt>
   <trkpt lat="43.92618" lon="4.844740000000001">
    <ele>25.02</ele>
   </trkpt>
   <trkpt lat="43.926210000000005" lon="4.844550000000001">
    <ele>25.130000000000003</ele>
   </trkpt>
   <trkpt lat="43.92625" lon="4.8445">
    <ele>25.130000000000003</ele>
   </trkpt>
  </trkseg>
 </trk>
</gpx>
