<?xml version="1.0" encoding="UTF-8"?>
<TrainingCenterDatabase xsi:schemaLocation="http://www.garmin.com/xmlschemas/TrainingCenterDatabase/v2 http://www.garmin.com/xmlschemas/TrainingCenterDatabasev2.xsd" xmlns:ns5="http://www.garmin.com/xmlschemas/ActivityGoals/v1" xmlns:ns3="http://www.garmin.com/xmlschemas/ActivityExtension/v2" xmlns:ns2="http://www.garmin.com/xmlschemas/UserProfile/v2" xmlns="http://www.garmin.com/xmlschemas/TrainingCenterDatabase/v2" xmlns:xsi="http://www.w3.org/2001/XMLSchema-instance">
 <Folders/>
 <Courses>
  <Course>
   <Name>KOTR_D2_NW_Long</Name>
   <Lap>
    <TotalTimeSeconds>15137.035960026258</TotalTimeSeconds>
    <DistanceMeters>104901.78935336776</DistanceMeters>
    <Intensity>Active</Intensity>
   </Lap>
   <Track>
    <Trackpoint>
     <Time>2026-04-10T13:56:50+00:00</Time>
     <Position>
      <LatitudeDegrees>43.9260100</LatitudeDegrees>
      <LongitudeDegrees>4.8439700</LongitudeDegrees>
     </Position>
     <AltitudeMeters>25.460000000000004</AltitudeMeters>
     <DistanceMeters>0.0</DistanceMeters>
    </Trackpoint>
    <Trackpoint>
     <Time>2026-04-10T13:56:56+00:00</Time>
     <Position>
      <LatitudeDegrees>43.9259800</LatitudeDegrees>
      <LongitudeDegrees>4.8441000</LongitudeDegrees>
     </Position>
     <AltitudeMeters>25.460000000000004</AltitudeMeters>
     <DistanceMeters>10.942530417737872</DistanceMeters>
    </Trackpoint>
    <Trackpoint>
     <Time>2026-04-10T13:57:03+00:00</Time>
     <Position>
      <LatitudeDegrees>43.9258900</LatitudeDegrees>
      <LongitudeDegrees>4.8443100</LongitudeDegrees>
     </Position>
     <AltitudeMeters>25.35</AltitudeMeters>
     <DistanceMeters>30.530729241461664</DistanceMeters>
    </Trackpoint>
    <Trackpoint>
     <Time>2026-04-10T13:57:09+00:00</Time>
     <Position>
      <LatitudeDegrees>43.9257400</LatitudeDegrees>
      <LongitudeDegrees>4.8444300</LongitudeDegrees>
     </Position>
     <AltitudeMeters>25.460000000000004</AltitudeMeters>
     <DistanceMeters>49.798036197046954</DistanceMeters>
    </Trackpoint>
    <Trackpoint>
     <Time>2026-04-10T13:57:16+00:00</Time>
     <Position>
      <LatitudeDegrees>43.9254500</LatitudeDegrees>
      <LongitudeDegrees>4.8442700</LongitudeDegrees>
     </Position>
     <AltitudeMeters>25.460000000000004</AltitudeMeters>
     <DistanceMeters>84.52869712268563</DistanceMeters>
    </Trackpoint>
    <Trackpoint>
     <Time>2026-04-10T13:57:22+00:00</Time>
     <Position>
      <LatitudeDegrees>43.9250400</LatitudeDegrees>
      <LongitudeDegrees>4.8441200</LongitudeDegrees>
     </Position>
     <AltitudeMeters>26.650000000000002</AltitudeMeters>
     <DistanceMeters>131.71753448846113</DistanceMeters>
    </Trackpoint>
    <Trackpoint>
     <Time>2026-04-10T13:57:29+00:00</Time>
     <Position>
      <LatitudeDegrees>43.9245000</LatitudeDegrees>
      <LongitudeDegrees>4.8439600</LongitudeDegrees>
     </Position>
     <AltitudeMeters>25.86</AltitudeMeters>
     <DistanceMeters>193.1705204651844</DistanceMeters>
    </Trackpoint>
    <Trackpoint>
     <Time>2026-04-10T13:57:35+00:00</Time>
     <Position>
      <LatitudeDegrees>43.9239900</LatitudeDegrees>
      <LongitudeDegrees>4.8438600</LongitudeDegrees>
     </Position>
     <AltitudeMeters>25.86</AltitudeMeters>
     <DistanceMeters>250.49457110543634</DistanceMeters>
    </Trackpoint>
    <Trackpoint>
     <Time>2026-04-10T13:57:42+00:00</Time>
     <Position>
      <LatitudeDegrees>43.9236100</LatitudeDegrees>
      <LongitudeDegrees>4.8437500</LongitudeDegrees>
     </Position>
     <AltitudeMeters>25.820000000000004</AltitudeMeters>
     <DistanceMeters>293.69639774404914</DistanceMeters>
    </Trackpoint>
    <Trackpoint>
     <Time>2026-04-10T13:57:48+00:00</Time>
     <Position>
      <LatitudeDegrees>43.9227900</LatitudeDegrees>
      <LongitudeDegrees>4.8435500</LongitudeDegrees>
     </Position>
     <AltitudeMeters>24.8</AltitudeMeters>
     <DistanceMeters>386.35642233444935</DistanceMeters>
    </Trackpoint>
    <Trackpoint>
     <Time>2026-04-10T13:57:55+00:00</Time>
     <Position>
      <LatitudeDegrees>43.9226800</LatitudeDegrees>
      <LongitudeDegrees>4.8434900</LongitudeDegrees>
     </Position>
     <AltitudeMeters>24.8</AltitudeMeters>
     <DistanceMeters>399.5098910877686</DistanceMeters>
    </Trackpoint>
    <Trackpoint>
     <Time>2026-04-10T13:58:01+00:00</Time>
     <Position>
      <LatitudeDegrees>43.9229100</LatitudeDegrees>
      <LongitudeDegrees>4.8426200</LongitudeDegrees>
     </Position>
     <AltitudeMeters>23.950000000000003</AltitudeMeters>
     <DistanceMeters>473.80148303085826</DistanceMeters>
    </Trackpoint>
    <Trackpoint>
     <Time>2026-04-10T13:58:08+00:00</Time>
     <Position>
      <LatitudeDegrees>43.9228500</LatitudeDegrees>
      <LongitudeDegrees>4.8426100</LongitudeDegrees>
     </Position>
     <AltitudeMeters>23.950000000000003</AltitudeMeters>
     <DistanceMeters>480.5271680396705</DistanceMeters>
    </Trackpoint>
    <Trackpoint>
     <Time>2026-04-10T13:58:14+00:00</Time>
     <Position>
      <LatitudeDegrees>43.9227900</LatitudeDegrees>
      <LongitudeDegrees>4.8426300</LongitudeDegrees>
     </Position>
     <AltitudeMeters>23.950000000000003</AltitudeMeters>
     <DistanceMeters>487.3946781644961</DistanceMeters>
    </Trackpoint>
    <Trackpoint>
     <Time>2026-04-10T13:58:21+00:00</Time>
     <Position>
      <LatitudeDegrees>43.9226200</LatitudeDegrees>
      <LongitudeDegrees>4.8428000</LongitudeDegrees>
     </Position>
     <AltitudeMeters>23.950000000000003</AltitudeMeters>
     <DistanceMeters>510.71192243810066</DistanceMeters>
    </Trackpoint>
    <Trackpoint>
     <Time>2026-04-10T13:58:27+00:00</Time>
     <Position>
      <LatitudeDegrees>43.9225800</LatitudeDegrees>
      <LongitudeDegrees>4.8428100</LongitudeDegrees>
     </Position>
     <AltitudeMeters>23.950000000000003</AltitudeMeters>
     <DistanceMeters>515.2353490556404</DistanceMeters>
    </Trackpoint>
    <Trackpoint>
     <Time>2026-04-10T13:58:34+00:00</Time>
     <Position>
      <LatitudeDegrees>43.9225500</LatitudeDegrees>
      <LongitudeDegrees>4.8427900</LongitudeDegrees>
     </Position>
     <AltitudeMeters>23.950000000000003</AltitudeMeters>
     <DistanceMeters>518.939205295738</DistanceMeters>
    </Trackpoint>
    <Trackpoint>
     <Time>2026-04-10T13:58:40+00:00</Time>
     <Position>
      <LatitudeDegrees>43.9224900</LatitudeDegrees>
      <LongitudeDegrees>4.8426600</LongitudeDegrees>
     </Position>
     <AltitudeMeters>23.950000000000003</AltitudeMeters>
     <DistanceMeters>531.3164354199639</DistanceMeters>
    </Trackpoint>
    <Trackpoint>
     <Time>2026-04-10T13:58:47+00:00</Time>
     <Position>
      <LatitudeDegrees>43.9224300</LatitudeDegrees>
      <LongitudeDegrees>4.8425800</LongitudeDegrees>
     </Position>
     <AltitudeMeters>23.950000000000003</AltitudeMeters>
     <DistanceMeters>540.5749610408321</DistanceMeters>
    </Trackpoint>
    <Trackpoint>
     <Time>2026-04-10T13:58:54+00:00</Time>
     <Position>
      <LatitudeDegrees>43.9220000</LatitudeDegrees>
      <LongitudeDegrees>4.8421600</LongitudeDegrees>
     </Position>
     <AltitudeMeters>23.950000000000003</AltitudeMeters>
     <DistanceMeters>599.0892129120961</DistanceMeters>
    </Trackpoint>
    <Trackpoint>
     <Time>2026-04-10T13:59:00+00:00</Time>
     <Position>
      <LatitudeDegrees>43.9215700</LatitudeDegrees>
      <LongitudeDegrees>4.8417400</LongitudeDegrees>
     </Position>
     <AltitudeMeters>25.45</AltitudeMeters>
     <DistanceMeters>657.6034387885622</DistanceMeters>
    </Trackpoint>
    <Trackpoint>
     <Time>2026-04-10T13:59:07+00:00</Time>
     <Position>
      <LatitudeDegrees>43.9213800</LatitudeDegrees>
      <LongitudeDegrees>4.8415000</LongitudeDegrees>
     </Position>
     <AltitudeMeters>25.45</AltitudeMeters>
     <DistanceMeters>686.192349604876</DistanceMeters>
    </Trackpoint>
    <Trackpoint>
     <Time>2026-04-10T13:59:13+00:00</Time>
     <Position>
      <LatitudeDegrees>43.9212000</LatitudeDegrees>
      <LongitudeDegrees>4.8410200</LongitudeDegrees>
     </Position>
     <AltitudeMeters>25.45</AltitudeMeters>
     <DistanceMeters>729.5743611958522</DistanceMeters>
    </Trackpoint>
    <Trackpoint>
     <Time>2026-04-10T13:59:20+00:00</Time>
     <Position>
      <LatitudeDegrees>43.9209900</LatitudeDegrees>
      <LongitudeDegrees>4.8406800</LongitudeDegrees>
     </Position>
     <AltitudeMeters>25.45</AltitudeMeters>
     <DistanceMeters>765.4793003969564</DistanceMeters>
    </Trackpoint>
    <Trackpoint>
     <Time>2026-04-10T13:59:26+00:00</Time>
     <Position>
      <LatitudeDegrees>43.9209700</LatitudeDegrees>
      <LongitudeDegrees>4.8405100</LongitudeDegrees>
     </Position>
     <AltitudeMeters>25.45</AltitudeMeters>
     <DistanceMeters>779.288098134856</DistanceMeters>
    </Trackpoint>
    <Trackpoint>
     <Time>2026-04-10T13:59:33+00:00</Time>
     <Position>
      <LatitudeDegrees>43.9211600</LatitudeDegrees>
      <LongitudeDegrees>4.8393700</LongitudeDegrees>
     </Position>
     <AltitudeMeters>25.45</AltitudeMeters>
     <DistanceMeters>873.091734882242</DistanceMeters>
    </Trackpoint>
    <Trackpoint>
     <Time>2026-04-10T13:59:39+00:00</Time>
     <Position>
      <LatitudeDegrees>43.9212800</LatitudeDegrees>
      <LongitudeDegrees>4.8391100</LongitudeDegrees>
     </Position>
     <AltitudeMeters>23.810000000000002</AltitudeMeters>
     <DistanceMeters>897.8465785994644</DistanceMeters>
    </Trackpoint>
    <Trackpoint>
     <Time>2026-04-10T13:59:46+00:00</Time>
     <Position>
      <LatitudeDegrees>43.9216600</LatitudeDegrees>
      <LongitudeDegrees>4.8385700</LongitudeDegrees>
     </Position>
     <AltitudeMeters>23.810000000000002</AltitudeMeters>
     <DistanceMeters>958.3660287071077</DistanceMeters>
    </Trackpoint>
    <Trackpoint>
     <Time>2026-04-10T13:59:52+00:00</Time>
     <Position>
      <LatitudeDegrees>43.9218000</LatitudeDegrees>
      <LongitudeDegrees>4.8382700</LongitudeDegrees>
     </Position>
     <AltitudeMeters>23.810000000000002</AltitudeMeters>
     <DistanceMeters>987.0218766487745</DistanceMeters>
    </Trackpoint>
    <Trackpoint>
     <Time>2026-04-10T13:59:59+00:00</Time>
     <Position>
      <LatitudeDegrees>43.9219600</LatitudeDegrees>
      <LongitudeDegrees>4.8375800</LongitudeDegrees>
     </Position>
     <AltitudeMeters>23.810000000000002</AltitudeMeters>
     <DistanceMeters>1045.1312829318601</DistanceMeters>
    </Trackpoint>
    <Trackpoint>
     <Time>2026-04-10T14:00:05+00:00</Time>
     <Position>
      <LatitudeDegrees>43.9220100</LatitudeDegrees>
      <LongitudeDegrees>4.8374400</LongitudeDegrees>
     </Position>
     <AltitudeMeters>23.810000000000002</AltitudeMeters>
     <DistanceMeters>1057.6581964154595</DistanceMeters>
    </Trackpoint>
    <Trackpoint>
     <Time>2026-04-10T14:00:12+00:00</Time>
     <Position>
      <LatitudeDegrees>43.9221200</LatitudeDegrees>
      <LongitudeDegrees>4.8372400</LongitudeDegrees>
     </Position>
     <AltitudeMeters>25.59</AltitudeMeters>
     <DistanceMeters>1077.8307840949615</DistanceMeters>
    </Trackpoint>
    <Trackpoint>
     <Time>2026-04-10T14:00:18+00:00</Time>
     <Position>
      <LatitudeDegrees>43.9222800</LatitudeDegrees>
      <LongitudeDegrees>4.8370200</LongitudeDegrees>
     </Position>
     <AltitudeMeters>25.59</AltitudeMeters>
     <DistanceMeters>1102.8933862894964</DistanceMeters>
    </Trackpoint>
    <Trackpoint>
     <Time>2026-04-10T14:00:25+00:00</Time>
     <Position>
      <LatitudeDegrees>43.9224300</LatitudeDegrees>
      <LongitudeDegrees>4.8367100</LongitudeDegrees>
     </Position>
     <AltitudeMeters>25.59</AltitudeMeters>
     <DistanceMeters>1132.831110250868</DistanceMeters>
    </Trackpoint>
    <Trackpoint>
     <Time>2026-04-10T14:00:31+00:00</Time>
     <Position>
      <LatitudeDegrees>43.9225200</LatitudeDegrees>
      <LongitudeDegrees>4.8365000</LongitudeDegrees>
     </Position>
     <AltitudeMeters>25.59</AltitudeMeters>
     <DistanceMeters>1152.4201504863001</DistanceMeters>
    </Trackpoint>
    <Trackpoint>
     <Time>2026-04-10T14:00:38+00:00</Time>
     <Position>
      <LatitudeDegrees>43.9225700</LatitudeDegrees>
      <LongitudeDegrees>4.8364400</LongitudeDegrees>
     </Position>
     <AltitudeMeters>25.59</AltitudeMeters>
     <DistanceMeters>1159.7755088521835</DistanceMeters>
    </Trackpoint>
    <Trackpoint>
     <Time>2026-04-10T14:00:44+00:00</Time>
     <Position>
      <LatitudeDegrees>43.9226600</LatitudeDegrees>
      <LongitudeDegrees>4.8363900</LongitudeDegrees>
     </Position>
     <AltitudeMeters>25.59</AltitudeMeters>
     <DistanceMeters>1170.5643025512175</DistanceMeters>
    </Trackpoint>
    <Trackpoint>
     <Time>2026-04-10T14:00:51+00:00</Time>
     <Position>
      <LatitudeDegrees>43.9231600</LatitudeDegrees>
      <LongitudeDegrees>4.8362800</LongitudeDegrees>
     </Position>
     <AltitudeMeters>25.51</AltitudeMeters>
     <DistanceMeters>1226.906459555801</DistanceMeters>
    </Trackpoint>
    <Trackpoint>
     <Time>2026-04-10T14:00:58+00:00</Time>
     <Position>
      <LatitudeDegrees>43.9240400</LatitudeDegrees>
      <LongitudeDegrees>4.8360400</LongitudeDegrees>
     </Position>
     <AltitudeMeters>24.900000000000002</AltitudeMeters>
     <DistanceMeters>1326.7183869736339</DistanceMeters>
    </Trackpoint>
    <Trackpoint>
     <Time>2026-04-10T14:01:04+00:00</Time>
     <Position>
      <LatitudeDegrees>43.9242400</LatitudeDegrees>
      <LongitudeDegrees>4.8359500</LongitudeDegrees>
     </Position>
     <AltitudeMeters>24.900000000000002</AltitudeMeters>
     <DistanceMeters>1350.1175089763208</DistanceMeters>
    </Trackpoint>
    <Trackpoint>
     <Time>2026-04-10T14:01:11+00:00</Time>
     <Position>
      <LatitudeDegrees>43.9244200</LatitudeDegrees>
      <LongitudeDegrees>4.8358400</LongitudeDegrees>
     </Position>
     <AltitudeMeters>24.900000000000002</AltitudeMeters>
     <DistanceMeters>1372.00547082996</DistanceMeters>
    </Trackpoint>
    <Trackpoint>
     <Time>2026-04-10T14:01:17+00:00</Time>
     <Position>
      <LatitudeDegrees>43.9249000</LatitudeDegrees>
      <LongitudeDegrees>4.8353800</LongitudeDegrees>
     </Position>
     <AltitudeMeters>24.900000000000002</AltitudeMeters>
     <DistanceMeters>1436.91770850243</DistanceMeters>
    </Trackpoint>
    <Trackpoint>
     <Time>2026-04-10T14:01:24+00:00</Time>
     <Position>
      <LatitudeDegrees>43.9253050</LatitudeDegrees>
      <LongitudeDegrees>4.8349450</LongitudeDegrees>
     </Position>
     <AltitudeMeters>24.900000000000002</AltitudeMeters>
     <DistanceMeters>1493.9056696065238</DistanceMeters>
    </Trackpoint>
    <Trackpoint>
     <Time>2026-04-10T14:01:30+00:00</Time>
     <Position>
      <LatitudeDegrees>43.9257100</LatitudeDegrees>
      <LongitudeDegrees>4.8345100</LongitudeDegrees>
     </Position>
     <AltitudeMeters>24.610000000000003</AltitudeMeters>
     <DistanceMeters>1550.8936037184621</DistanceMeters>
    </Trackpoint>
    <Trackpoint>
     <Time>2026-04-10T14:01:37+00:00</Time>
     <Position>
      <LatitudeDegrees>43.9261050</LatitudeDegrees>
      <LongitudeDegrees>4.8338400</LongitudeDegrees>
     </Position>
     <AltitudeMeters>24.610000000000003</AltitudeMeters>
     <DistanceMeters>1620.298481213588</DistanceMeters>
    </Trackpoint>
    <Trackpoint>
     <Time>2026-04-10T14:01:43+00:00</Time>
     <Position>
      <LatitudeDegrees>43.9265000</LatitudeDegrees>
      <LongitudeDegrees>4.8331700</LongitudeDegrees>
     </Position>
     <AltitudeMeters>24.610000000000003</AltitudeMeters>
     <DistanceMeters>1689.7033248416085</DistanceMeters>
    </Trackpoint>
    <Trackpoint>
     <Time>2026-04-10T14:01:50+00:00</Time>
     <Position>
      <LatitudeDegrees>43.9259900</LatitudeDegrees>
      <LongitudeDegrees>4.8325400</LongitudeDegrees>
     </Position>
     <AltitudeMeters>24.96</AltitudeMeters>
     <DistanceMeters>1765.6773121534382</DistanceMeters>
    </Trackpoint>
    <Trackpoint>
     <Time>2026-04-10T14:01:56+00:00</Time>
     <Position>
      <LatitudeDegrees>43.9259900</LatitudeDegrees>
      <LongitudeDegrees>4.8324300</LongitudeDegrees>
     </Position>
     <AltitudeMeters>24.96</AltitudeMeters>
     <DistanceMeters>1774.4948253567084</DistanceMeters>
    </Trackpoint>
    <Trackpoint>
     <Time>2026-04-10T14:02:03+00:00</Time>
     <Position>
      <LatitudeDegrees>43.9255500</LatitudeDegrees>
      <LongitudeDegrees>4.8317500</LongitudeDegrees>
     </Position>
     <AltitudeMeters>26.390000000000004</AltitudeMeters>
     <DistanceMeters>1847.7699463167173</DistanceMeters>
    </Trackpoint>
    <Trackpoint>
     <Time>2026-04-10T14:02:09+00:00</Time>
     <Position>
      <LatitudeDegrees>43.9252800</LatitudeDegrees>
      <LongitudeDegrees>4.8312100</LongitudeDegrees>
     </Position>
     <AltitudeMeters>26.390000000000004</AltitudeMeters>
     <DistanceMeters>1900.4643886265005</DistanceMeters>
    </Trackpoint>
    <Trackpoint>
     <Time>2026-04-10T14:02:16+00:00</Time>
     <Position>
      <LatitudeDegrees>43.9252500</LatitudeDegrees>
      <LongitudeDegrees>4.8311000</LongitudeDegrees>
     </Position>
     <AltitudeMeters>26.390000000000004</AltitudeMeters>
     <DistanceMeters>1909.892988188922</DistanceMeters>
    </Trackpoint>
    <Trackpoint>
     <Time>2026-04-10T14:02:22+00:00</Time>
     <Position>
      <LatitudeDegrees>43.9252000</LatitudeDegrees>
      <LongitudeDegrees>4.8310500</LongitudeDegrees>
     </Position>
     <AltitudeMeters>26.390000000000004</AltitudeMeters>
     <DistanceMeters>1916.7509019806166</DistanceMeters>
    </Trackpoint>
    <Trackpoint>
     <Time>2026-04-10T14:02:29+00:00</Time>
     <Position>
      <LatitudeDegrees>43.9255950</LatitudeDegrees>
      <LongitudeDegrees>4.8301250</LongitudeDegrees>
     </Position>
     <AltitudeMeters>25.380000000000003</AltitudeMeters>
     <DistanceMeters>2002.9514220357366</DistanceMeters>
    </Trackpoint>
    <Trackpoint>
     <Time>2026-04-10T14:02:35+00:00</Time>
     <Position>
      <LatitudeDegrees>43.9259900</LatitudeDegrees>
      <LongitudeDegrees>4.8292000</LongitudeDegrees>
     </Position>
     <AltitudeMeters>25.130000000000003</AltitudeMeters>
     <DistanceMeters>2089.151945564363</DistanceMeters>
    </Trackpoint>
    <Trackpoint>
     <Time>2026-04-10T14:02:42+00:00</Time>
     <Position>
      <LatitudeDegrees>43.9261200</LatitudeDegrees>
      <LongitudeDegrees>4.8288700</LongitudeDegrees>
     </Position>
     <AltitudeMeters>25.130000000000003</AltitudeMeters>
     <DistanceMeters>2119.302750366416</DistanceMeters>
    </Trackpoint>
    <Trackpoint>
     <Time>2026-04-10T14:02:49+00:00</Time>
     <Position>
      <LatitudeDegrees>43.9261900</LatitudeDegrees>
      <LongitudeDegrees>4.8283700</LongitudeDegrees>
     </Position>
     <AltitudeMeters>23.650000000000002</AltitudeMeters>
     <DistanceMeters>2160.132406641251</DistanceMeters>
    </Trackpoint>
    <Trackpoint>
     <Time>2026-04-10T14:02:55+00:00</Time>
     <Position>
      <LatitudeDegrees>43.9261800</LatitudeDegrees>
      <LongitudeDegrees>4.8282300</LongitudeDegrees>
     </Position>
     <AltitudeMeters>23.650000000000002</AltitudeMeters>
     <DistanceMeters>2171.4097125898884</DistanceMeters>
    </Trackpoint>
    <Trackpoint>
     <Time>2026-04-10T14:03:02+00:00</Time>
     <Position>
      <LatitudeDegrees>43.9260900</LatitudeDegrees>
      <LongitudeDegrees>4.8280100</LongitudeDegrees>
     </Position>
     <AltitudeMeters>23.650000000000002</AltitudeMeters>
     <DistanceMeters>2191.690864902594</DistanceMeters>
    </Trackpoint>
    <Trackpoint>
     <Time>2026-04-10T14:03:08+00:00</Time>
     <Position>
      <LatitudeDegrees>43.9268600</LatitudeDegrees>
      <LongitudeDegrees>4.8274600</LongitudeDegrees>
     </Position>
     <AltitudeMeters>23.48</AltitudeMeters>
     <DistanceMeters>2288.063957457356</DistanceMeters>
    </Trackpoint>
    <Trackpoint>
     <Time>2026-04-10T14:03:15+00:00</Time>
     <Position>
      <LatitudeDegrees>43.9270800</LatitudeDegrees>
      <LongitudeDegrees>4.8272600</LongitudeDegrees>
     </Position>
     <AltitudeMeters>23.48</AltitudeMeters>
     <DistanceMeters>2317.3304766071883</DistanceMeters>
    </Trackpoint>
    <Trackpoint>
     <Time>2026-04-10T14:03:21+00:00</Time>
     <Position>
      <LatitudeDegrees>43.9276000</LatitudeDegrees>
      <LongitudeDegrees>4.8267200</LongitudeDegrees>
     </Position>
     <AltitudeMeters>25.640000000000004</AltitudeMeters>
     <DistanceMeters>2389.600420390264</DistanceMeters>
    </Trackpoint>
    <Trackpoint>
     <Time>2026-04-10T14:03:28+00:00</Time>
     <Position>
      <LatitudeDegrees>43.9281200</LatitudeDegrees>
      <LongitudeDegrees>4.8261800</LongitudeDegrees>
     </Position>
     <AltitudeMeters>26.240000000000002</AltitudeMeters>
     <DistanceMeters>2461.8703733082857</DistanceMeters>
    </Trackpoint>
    <Trackpoint>
     <Time>2026-04-10T14:03:34+00:00</Time>
     <Position>
      <LatitudeDegrees>43.9282200</LatitudeDegrees>
      <LongitudeDegrees>4.8261100</LongitudeDegrees>
     </Position>
     <AltitudeMeters>26.53</AltitudeMeters>
     <DistanceMeters>2474.3343181284745</DistanceMeters>
    </Trackpoint>
    <Trackpoint>
     <Time>2026-04-10T14:03:41+00:00</Time>
     <Position>
      <LatitudeDegrees>43.9286200</LatitudeDegrees>
      <LongitudeDegrees>4.8259000</LongitudeDegrees>
     </Position>
     <AltitudeMeters>28.23</AltitudeMeters>
     <DistanceMeters>2521.928623259834</DistanceMeters>
    </Trackpoint>
    <Trackpoint>
     <Time>2026-04-10T14:03:47+00:00</Time>
     <Position>
      <LatitudeDegrees>43.9289100</LatitudeDegrees>
      <LongitudeDegrees>4.8257400</LongitudeDegrees>
     </Position>
     <AltitudeMeters>28.650000000000002</AltitudeMeters>
     <DistanceMeters>2556.6590317867813</DistanceMeters>
    </Trackpoint>
    <Trackpoint>
     <Time>2026-04-10T14:03:54+00:00</Time>
     <Position>
      <LatitudeDegrees>43.9290500</LatitudeDegrees>
      <LongitudeDegrees>4.8256900</LongitudeDegrees>
     </Position>
     <AltitudeMeters>28.650000000000002</AltitudeMeters>
     <DistanceMeters>2572.747599367803</DistanceMeters>
    </Trackpoint>
    <Trackpoint>
     <Time>2026-04-10T14:04:00+00:00</Time>
     <Position>
      <LatitudeDegrees>43.9290800</LatitudeDegrees>
      <LongitudeDegrees>4.8259000</LongitudeDegrees>
     </Position>
     <AltitudeMeters>28.650000000000002</AltitudeMeters>
     <DistanceMeters>2589.90811420094</DistanceMeters>
    </Trackpoint>
    <Trackpoint>
     <Time>2026-04-10T14:04:07+00:00</Time>
     <Position>
      <LatitudeDegrees>43.9292400</LatitudeDegrees>
      <LongitudeDegrees>4.8263000</LongitudeDegrees>
     </Position>
     <AltitudeMeters>26.55</AltitudeMeters>
     <DistanceMeters>2626.583317334385</DistanceMeters>
    </Trackpoint>
    <Trackpoint>
     <Time>2026-04-10T14:04:13+00:00</Time>
     <Position>
      <LatitudeDegrees>43.9296700</LatitudeDegrees>
      <LongitudeDegrees>4.8259200</LongitudeDegrees>
     </Position>
     <AltitudeMeters>26.54</AltitudeMeters>
     <DistanceMeters>2683.311088592022</DistanceMeters>
    </Trackpoint>
    <Trackpoint>
     <Time>2026-04-10T14:04:20+00:00</Time>
     <Position>
      <LatitudeDegrees>43.9301800</LatitudeDegrees>
      <LongitudeDegrees>4.8257200</LongitudeDegrees>
     </Position>
     <AltitudeMeters>26.390000000000004</AltitudeMeters>
     <DistanceMeters>2742.292221004363</DistanceMeters>
    </Trackpoint>
    <Trackpoint>
     <Time>2026-04-10T14:04:26+00:00</Time>
     <Position>
      <LatitudeDegrees>43.9302700</LatitudeDegrees>
      <LongitudeDegrees>4.8255900</LongitudeDegrees>
     </Position>
     <AltitudeMeters>26.36</AltitudeMeters>
     <DistanceMeters>2756.7458700770044</DistanceMeters>
    </Trackpoint>
    <Trackpoint>
     <Time>2026-04-10T14:04:33+00:00</Time>
     <Position>
      <LatitudeDegrees>43.9303400</LatitudeDegrees>
      <LongitudeDegrees>4.8256700</LongitudeDegrees>
     </Position>
     <AltitudeMeters>26.35</AltitudeMeters>
     <DistanceMeters>2766.836073078608</DistanceMeters>
    </Trackpoint>
    <Trackpoint>
     <Time>2026-04-10T14:04:39+00:00</Time>
     <Position>
      <LatitudeDegrees>43.9303500</LatitudeDegrees>
      <LongitudeDegrees>4.8257500</LongitudeDegrees>
     </Position>
     <AltitudeMeters>26.35</AltitudeMeters>
     <DistanceMeters>2773.344209958506</DistanceMeters>
    </Trackpoint>
    <Trackpoint>
     <Time>2026-04-10T14:04:46+00:00</Time>
     <Position>
      <LatitudeDegrees>43.9306100</LatitudeDegrees>
      <LongitudeDegrees>4.8257400</LongitudeDegrees>
     </Position>
     <AltitudeMeters>26.1</AltitudeMeters>
     <DistanceMeters>2802.292185421661</DistanceMeters>
    </Trackpoint>
    <Trackpoint>
     <Time>2026-04-10T14:04:53+00:00</Time>
     <Position>
      <LatitudeDegrees>43.9307100</LatitudeDegrees>
      <LongitudeDegrees>4.8256800</LongitudeDegrees>
     </Position>
     <AltitudeMeters>26.050000000000004</AltitudeMeters>
     <DistanceMeters>2814.4163533252527</DistanceMeters>
    </Trackpoint>
    <Trackpoint>
     <Time>2026-04-10T14:04:59+00:00</Time>
     <Position>
      <LatitudeDegrees>43.9308200</LatitudeDegrees>
      <LongitudeDegrees>4.8255400</LongitudeDegrees>
     </Position>
     <AltitudeMeters>25.86</AltitudeMeters>
     <DistanceMeters>2831.023549816692</DistanceMeters>
    </Trackpoint>
    <Trackpoint>
     <Time>2026-04-10T14:05:06+00:00</Time>
     <Position>
      <LatitudeDegrees>43.9308700</LatitudeDegrees>
      <LongitudeDegrees>4.8254400</LongitudeDegrees>
     </Position>
     <AltitudeMeters>25.86</AltitudeMeters>
     <DistanceMeters>2840.781178780581</DistanceMeters>
    </Trackpoint>
    <Trackpoint>
     <Time>2026-04-10T14:05:12+00:00</Time>
     <Position>
      <LatitudeDegrees>43.9309000</LatitudeDegrees>
      <LongitudeDegrees>4.8252700</LongitudeDegrees>
     </Position>
     <AltitudeMeters>25.62</AltitudeMeters>
     <DistanceMeters>2854.810234965976</DistanceMeters>
    </Trackpoint>
    <Trackpoint>
     <Time>2026-04-10T14:05:19+00:00</Time>
     <Position>
      <LatitudeDegrees>43.9308800</LatitudeDegrees>
      <LongitudeDegrees>4.8251700</LongitudeDegrees>
     </Position>
     <AltitudeMeters>25.43</AltitudeMeters>
     <DistanceMeters>2863.1288343930205</DistanceMeters>
    </Trackpoint>
    <Trackpoint>
     <Time>2026-04-10T14:05:25+00:00</Time>
     <Position>
      <LatitudeDegrees>43.9309300</LatitudeDegrees>
      <LongitudeDegrees>4.8247800</LongitudeDegrees>
     </Position>
     <AltitudeMeters>24.810000000000002</AltitudeMeters>
     <DistanceMeters>2894.879798625188</DistanceMeters>
    </Trackpoint>
    <Trackpoint>
     <Time>2026-04-10T14:05:32+00:00</Time>
     <Position>
      <LatitudeDegrees>43.9308800</LatitudeDegrees>
      <LongitudeDegrees>4.8241200</LongitudeDegrees>
     </Position>
     <AltitudeMeters>23.41</AltitudeMeters>
     <DistanceMeters>2948.07238923879</DistanceMeters>
    </Trackpoint>
    <Trackpoint>
     <Time>2026-04-10T14:05:38+00:00</Time>
     <Position>
      <LatitudeDegrees>43.9309100</LatitudeDegrees>
      <LongitudeDegrees>4.8239600</LongitudeDegrees>
     </Position>
     <AltitudeMeters>23.41</AltitudeMeters>
     <DistanceMeters>2961.3243213582277</DistanceMeters>
    </Trackpoint>
    <Trackpoint>
     <Time>2026-04-10T14:05:45+00:00</Time>
     <Position>
      <LatitudeDegrees>43.9309900</LatitudeDegrees>
      <LongitudeDegrees>4.8238100</LongitudeDegrees>
     </Position>
     <AltitudeMeters>23.41</AltitudeMeters>
     <DistanceMeters>2976.2850927535897</DistanceMeters>
    </Trackpoint>
    <Trackpoint>
     <Time>2026-04-10T14:05:51+00:00</Time>
     <Position>
      <LatitudeDegrees>43.9313800</LatitudeDegrees>
      <LongitudeDegrees>4.8232800</LongitudeDegrees>
     </Position>
     <AltitudeMeters>23.450000000000003</AltitudeMeters>
     <DistanceMeters>3037.019175495</DistanceMeters>
    </Trackpoint>
    <Trackpoint>
     <Time>2026-04-10T14:05:58+00:00</Time>
     <Position>
      <LatitudeDegrees>43.9315300</LatitudeDegrees>
      <LongitudeDegrees>4.8228700</LongitudeDegrees>
     </Position>
     <AltitudeMeters>23.450000000000003</AltitudeMeters>
     <DistanceMeters>3073.8787647140293</DistanceMeters>
    </Trackpoint>
    <Trackpoint>
     <Time>2026-04-10T14:06:04+00:00</Time>
     <Position>
      <LatitudeDegrees>43.9316650</LatitudeDegrees>
      <LongitudeDegrees>4.8221500</LongitudeDegrees>
     </Position>
     <AltitudeMeters>24.400000000000002</AltitudeMeters>
     <DistanceMeters>3133.5117395739685</DistanceMeters>
    </Trackpoint>
    <Trackpoint>
     <Time>2026-04-10T14:06:11+00:00</Time>
     <Position>
      <LatitudeDegrees>43.9318000</LatitudeDegrees>
      <LongitudeDegrees>4.8214300</LongitudeDegrees>
     </Position>
     <AltitudeMeters>23.62</AltitudeMeters>
     <DistanceMeters>3193.1447076868294</DistanceMeters>
    </Trackpoint>
    <Trackpoint>
     <Time>2026-04-10T14:06:17+00:00</Time>
     <Position>
      <LatitudeDegrees>43.9318900</LatitudeDegrees>
      <LongitudeDegrees>4.8211600</LongitudeDegrees>
     </Position>
     <AltitudeMeters>23.090000000000003</AltitudeMeters>
     <DistanceMeters>3216.9912833686903</DistanceMeters>
    </Trackpoint>
    <Trackpoint>
     <Time>2026-04-10T14:06:24+00:00</Time>
     <Position>
      <LatitudeDegrees>43.9321200</LatitudeDegrees>
      <LongitudeDegrees>4.8206200</LongitudeDegrees>
     </Position>
     <AltitudeMeters>22.570000000000004</AltitudeMeters>
     <DistanceMeters>3267.2760179993943</DistanceMeters>
    </Trackpoint>
    <Trackpoint>
     <Time>2026-04-10T14:06:30+00:00</Time>
     <Position>
      <LatitudeDegrees>43.9325700</LatitudeDegrees>
      <LongitudeDegrees>4.8198400</LongitudeDegrees>
     </Position>
     <AltitudeMeters>21.980000000000004</AltitudeMeters>
     <DistanceMeters>3347.380642325259</DistanceMeters>
    </Trackpoint>
    <Trackpoint>
     <Time>2026-04-10T14:06:37+00:00</Time>
     <Position>
      <LatitudeDegrees>43.9328600</LatitudeDegrees>
      <LongitudeDegrees>4.8190900</LongitudeDegrees>
     </Position>
     <AltitudeMeters>20.42</AltitudeMeters>
     <DistanceMeters>3415.6100337744047</DistanceMeters>
    </Trackpoint>
    <Trackpoint>
     <Time>2026-04-10T14:06:43+00:00</Time>
     <Position>
      <LatitudeDegrees>43.9333300</LatitudeDegrees>
      <LongitudeDegrees>4.8181000</LongitudeDegrees>
     </Position>
     <AltitudeMeters>20.64</AltitudeMeters>
     <DistanceMeters>3510.6487392206172</DistanceMeters>
    </Trackpoint>
    <Trackpoint>
     <Time>2026-04-10T14:06:50+00:00</Time>
     <Position>
      <LatitudeDegrees>43.9334300</LatitudeDegrees>
      <LongitudeDegrees>4.8179400</LongitudeDegrees>
     </Position>
     <AltitudeMeters>20.950000000000003</AltitudeMeters>
     <DistanceMeters>3527.628703547285</DistanceMeters>
    </Trackpoint>
    <Trackpoint>
     <Time>2026-04-10T14:06:57+00:00</Time>
     <Position>
      <LatitudeDegrees>43.9337000</LatitudeDegrees>
      <LongitudeDegrees>4.8176000</LongitudeDegrees>
     </Position>
     <AltitudeMeters>21.060000000000002</AltitudeMeters>
     <DistanceMeters>3568.194588324715</DistanceMeters>
    </Trackpoint>
    <Trackpoint>
     <Time>2026-04-10T14:07:03+00:00</Time>
     <Position>
      <LatitudeDegrees>43.9339000</LatitudeDegrees>
      <LongitudeDegrees>4.8174400</LongitudeDegrees>
     </Position>
     <AltitudeMeters>21.060000000000002</AltitudeMeters>
     <DistanceMeters>3593.883471397981</DistanceMeters>
    </Trackpoint>
    <Trackpoint>
     <Time>2026-04-10T14:07:10+00:00</Time>
     <Position>
      <LatitudeDegrees>43.9339400</LatitudeDegrees>
      <LongitudeDegrees>4.8173400</LongitudeDegrees>
     </Position>
     <AltitudeMeters>20.96</AltitudeMeters>
     <DistanceMeters>3603.051711379709</DistanceMeters>
    </Trackpoint>
    <Trackpoint>
     <Time>2026-04-10T14:07:16+00:00</Time>
     <Position>
      <LatitudeDegrees>43.9339500</LatitudeDegrees>
      <LongitudeDegrees>4.8172000</LongitudeDegrees>
     </Position>
     <AltitudeMeters>20.96</AltitudeMeters>
     <DistanceMeters>3614.32756038881</DistanceMeters>
    </Trackpoint>
    <Trackpoint>
     <Time>2026-04-10T14:07:23+00:00</Time>
     <Position>
      <LatitudeDegrees>43.9342000</LatitudeDegrees>
      <LongitudeDegrees>4.8166600</LongitudeDegrees>
     </Position>
     <AltitudeMeters>20.86</AltitudeMeters>
     <DistanceMeters>3665.779836570704</DistanceMeters>
    </Trackpoint>
    <Trackpoint>
     <Time>2026-04-10T14:07:29+00:00</Time>
     <Position>
      <LatitudeDegrees>43.9343300</LatitudeDegrees>
      <LongitudeDegrees>4.8164600</LongitudeDegrees>
     </Position>
     <AltitudeMeters>21.09</AltitudeMeters>
     <DistanceMeters>3687.373450507074</DistanceMeters>
    </Trackpoint>
    <Trackpoint>
     <Time>2026-04-10T14:07:36+00:00</Time>
     <Position>
      <LatitudeDegrees>43.9344600</LatitudeDegrees>
      <LongitudeDegrees>4.8163200</LongitudeDegrees>
     </Position>
     <AltitudeMeters>21.16</AltitudeMeters>
     <DistanceMeters>3705.6830081262056</DistanceMeters>
    </Trackpoint>
    <Trackpoint>
     <Time>2026-04-10T14:07:42+00:00</Time>
     <Position>
      <LatitudeDegrees>43.9347100</LatitudeDegrees>
      <LongitudeDegrees>4.8161700</LongitudeDegrees>
     </Position>
     <AltitudeMeters>21.550000000000004</AltitudeMeters>
     <DistanceMeters>3735.9931131567273</DistanceMeters>
    </Trackpoint>
    <Trackpoint>
     <Time>2026-04-10T14:07:49+00:00</Time>
     <Position>
      <LatitudeDegrees>43.9349300</LatitudeDegrees>
      <LongitudeDegrees>4.8160700</LongitudeDegrees>
     </Position>
     <AltitudeMeters>21.910000000000004</AltitudeMeters>
     <DistanceMeters>3761.7565283547215</DistanceMeters>
    </Trackpoint>
    <Trackpoint>
     <Time>2026-04-10T14:07:55+00:00</Time>
     <Position>
      <LatitudeDegrees>43.9353200</LatitudeDegrees>
      <LongitudeDegrees>4.8160300</LongitudeDegrees>
     </Position>
     <AltitudeMeters>21.830000000000002</AltitudeMeters>
     <DistanceMeters>3805.280073817452</DistanceMeters>
    </Trackpoint>
    <Trackpoint>
     <Time>2026-04-10T14:08:02+00:00</Time>
     <Position>
      <LatitudeDegrees>43.9357600</LatitudeDegrees>
      <LongitudeDegrees>4.8160300</LongitudeDegrees>
     </Position>
     <AltitudeMeters>21.7</AltitudeMeters>
     <DistanceMeters>3854.250172771141</DistanceMeters>
    </Trackpoint>
    <Trackpoint>
     <Time>2026-04-10T14:08:08+00:00</Time>
     <Position>
      <LatitudeDegrees>43.9358600</LatitudeDegrees>
      <LongitudeDegrees>4.8160200</LongitudeDegrees>
     </Position>
     <AltitudeMeters>21.730000000000004</AltitudeMeters>
     <DistanceMeters>3865.4085606650124</DistanceMeters>
    </Trackpoint>
    <Trackpoint>
     <Time>2026-04-10T14:08:15+00:00</Time>
     <Position>
      <LatitudeDegrees>43.9360200</LatitudeDegrees>
      <LongitudeDegrees>4.8159600</LongitudeDegrees>
     </Position>
     <AltitudeMeters>21.810000000000002</AltitudeMeters>
     <DistanceMeters>3883.853730812347</DistanceMeters>
    </Trackpoint>
    <Trackpoint>
     <Time>2026-04-10T14:08:21+00:00</Time>
     <Position>
      <LatitudeDegrees>43.9364600</LatitudeDegrees>
      <LongitudeDegrees>4.8155700</LongitudeDegrees>
     </Position>
     <AltitudeMeters>22.250000000000004</AltitudeMeters>
     <DistanceMeters>3941.9489302234047</DistanceMeters>
    </Trackpoint>
    <Trackpoint>
     <Time>2026-04-10T14:08:28+00:00</Time>
     <Position>
      <LatitudeDegrees>43.9368400</LatitudeDegrees>
      <LongitudeDegrees>4.8152000</LongitudeDegrees>
     </Position>
     <AltitudeMeters>22.44</AltitudeMeters>
     <DistanceMeters>3993.60141429289</DistanceMeters>
    </Trackpoint>
    <Trackpoint>
     <Time>2026-04-10T14:08:34+00:00</Time>
     <Position>
      <LatitudeDegrees>43.9372900</LatitudeDegrees>
      <LongitudeDegrees>4.8146400</LongitudeDegrees>
     </Position>
     <AltitudeMeters>21.75</AltitudeMeters>
     <DistanceMeters>4060.8516831511133</DistanceMeters>
    </Trackpoint>
    <Trackpoint>
     <Time>2026-04-10T14:08:41+00:00</Time>
     <Position>
      <LatitudeDegrees>43.9377700</LatitudeDegrees>
      <LongitudeDegrees>4.8142250</LongitudeDegrees>
     </Position>
     <AltitudeMeters>21.890000000000004</AltitudeMeters>
     <DistanceMeters>4123.780981354869</DistanceMeters>
    </Trackpoint>
    <Trackpoint>
     <Time>2026-04-10T14:08:48+00:00</Time>
     <Position>
      <LatitudeDegrees>43.9382500</LatitudeDegrees>
      <LongitudeDegrees>4.8138100</LongitudeDegrees>
     </Position>
     <AltitudeMeters>21.900000000000002</AltitudeMeters>
     <DistanceMeters>4186.710262066596</DistanceMeters>
    </Trackpoint>
    <Trackpoint>
     <Time>2026-04-10T14:08:54+00:00</Time>
     <Position>
      <LatitudeDegrees>43.9387100</LatitudeDegrees>
      <LongitudeDegrees>4.8133750</LongitudeDegrees>
     </Position>
     <AltitudeMeters>21.54</AltitudeMeters>
     <DistanceMeters>4248.648747700857</DistanceMeters>
    </Trackpoint>
    <Trackpoint>
     <Time>2026-04-10T14:09:01+00:00</Time>
     <Position>
      <LatitudeDegrees>43.9391700</LatitudeDegrees>
      <LongitudeDegrees>4.8129400</LongitudeDegrees>
     </Position>
     <AltitudeMeters>22.0</AltitudeMeters>
     <DistanceMeters>4310.587245781187</DistanceMeters>
    </Trackpoint>
    <Trackpoint>
     <Time>2026-04-10T14:09:07+00:00</Time>
     <Position>
      <LatitudeDegrees>43.9395100</LatitudeDegrees>
      <LongitudeDegrees>4.8125700</LongitudeDegrees>
     </Position>
     <AltitudeMeters>22.520000000000003</AltitudeMeters>
     <DistanceMeters>4358.661789744342</DistanceMeters>
    </Trackpoint>
    <Trackpoint>
     <Time>2026-04-10T14:09:14+00:00</Time>
     <Position>
      <LatitudeDegrees>43.9401200</LatitudeDegrees>
      <LongitudeDegrees>4.8118500</LongitudeDegrees>
     </Position>
     <AltitudeMeters>22.650000000000002</AltitudeMeters>
     <DistanceMeters>4447.76022963868</DistanceMeters>
    </Trackpoint>
    <Trackpoint>
     <Time>2026-04-10T14:09:20+00:00</Time>
     <Position>
      <LatitudeDegrees>43.9404200</LatitudeDegrees>
      <LongitudeDegrees>4.8115900</LongitudeDegrees>
     </Position>
     <AltitudeMeters>22.88</AltitudeMeters>
     <DistanceMeters>4487.117068102727</DistanceMeters>
    </Trackpoint>
    <Trackpoint>
     <Time>2026-04-10T14:09:27+00:00</Time>
     <Position>
      <LatitudeDegrees>43.9410200</LatitudeDegrees>
      <LongitudeDegrees>4.8112400</LongitudeDegrees>
     </Position>
     <AltitudeMeters>22.54</AltitudeMeters>
     <DistanceMeters>4559.546040117359</DistanceMeters>
    </Trackpoint>
    <Trackpoint>
     <Time>2026-04-10T14:09:33+00:00</Time>
     <Position>
      <LatitudeDegrees>43.9412300</LatitudeDegrees>
      <LongitudeDegrees>4.8110600</LongitudeDegrees>
     </Position>
     <AltitudeMeters>22.53</AltitudeMeters>
     <DistanceMeters>4587.011198901744</DistanceMeters>
    </Trackpoint>
    <Trackpoint>
     <Time>2026-04-10T14:09:40+00:00</Time>
     <Position>
      <LatitudeDegrees>43.9413600</LatitudeDegrees>
      <LongitudeDegrees>4.8109300</LongitudeDegrees>
     </Position>
     <AltitudeMeters>22.81</AltitudeMeters>
     <DistanceMeters>4604.840129402891</DistanceMeters>
    </Trackpoint>
    <Trackpoint>
     <Time>2026-04-10T14:09:46+00:00</Time>
     <Position>
      <LatitudeDegrees>43.9418500</LatitudeDegrees>
      <LongitudeDegrees>4.8105300</LongitudeDegrees>
     </Position>
     <AltitudeMeters>23.13</AltitudeMeters>
     <DistanceMeters>4668.098279537391</DistanceMeters>
    </Trackpoint>
    <Trackpoint>
     <Time>2026-04-10T14:09:53+00:00</Time>
     <Position>
      <LatitudeDegrees>43.9426300</LatitudeDegrees>
      <LongitudeDegrees>4.8100400</LongitudeDegrees>
     </Position>
     <AltitudeMeters>23.3</AltitudeMeters>
     <DistanceMeters>4763.376844297843</DistanceMeters>
    </Trackpoint>
    <Trackpoint>
     <Time>2026-04-10T14:09:59+00:00</Time>
     <Position>
      <LatitudeDegrees>43.9426100</LatitudeDegrees>
      <LongitudeDegrees>4.8099700</LongitudeDegrees>
     </Position>
     <AltitudeMeters>23.270000000000003</AltitudeMeters>
     <DistanceMeters>4769.411911196023</DistanceMeters>
    </Trackpoint>
    <Trackpoint>
     <Time>2026-04-10T14:10:06+00:00</Time>
     <Position>
      <LatitudeDegrees>43.9426300</LatitudeDegrees>
      <LongitudeDegrees>4.8098900</LongitudeDegrees>
     </Position>
     <AltitudeMeters>23.26</AltitudeMeters>
     <DistanceMeters>4776.198286664939</DistanceMeters>
    </Trackpoint>
    <Trackpoint>
     <Time>2026-04-10T14:10:12+00:00</Time>
     <Position>
      <LatitudeDegrees>43.9428400</LatitudeDegrees>
      <LongitudeDegrees>4.8098100</LongitudeDegrees>
     </Position>
     <AltitudeMeters>23.32</AltitudeMeters>
     <DistanceMeters>4800.4336896545665</DistanceMeters>
    </Trackpoint>
    <Trackpoint>
     <Time>2026-04-10T14:10:19+00:00</Time>
     <Position>
      <LatitudeDegrees>43.9425800</LatitudeDegrees>
      <LongitudeDegrees>4.8086400</LongitudeDegrees>
     </Position>
     <AltitudeMeters>25.550000000000004</AltitudeMeters>
     <DistanceMeters>4898.557406610691</DistanceMeters>
    </Trackpoint>
    <Trackpoint>
     <Time>2026-04-10T14:10:25+00:00</Time>
     <Position>
      <LatitudeDegrees>43.9425600</LatitudeDegrees>
      <LongitudeDegrees>4.8084200</LongitudeDegrees>
     </Position>
     <AltitudeMeters>25.550000000000004</AltitudeMeters>
     <DistanceMeters>4916.327479258906</DistanceMeters>
    </Trackpoint>
    <Trackpoint>
     <Time>2026-04-10T14:10:32+00:00</Time>
     <Position>
      <LatitudeDegrees>43.9425300</LatitudeDegrees>
      <LongitudeDegrees>4.8078600</LongitudeDegrees>
     </Position>
     <AltitudeMeters>24.87</AltitudeMeters>
     <DistanceMeters>4961.328178931723</DistanceMeters>
    </Trackpoint>
    <Trackpoint>
     <Time>2026-04-10T14:10:38+00:00</Time>
     <Position>
      <LatitudeDegrees>43.9426325</LatitudeDegrees>
      <LongitudeDegrees>4.8066450</LongitudeDegrees>
     </Position>
     <AltitudeMeters>24.990000000000002</AltitudeMeters>
     <DistanceMeters>5059.360215718856</DistanceMeters>
    </Trackpoint>
    <Trackpoint>
     <Time>2026-04-10T14:10:45+00:00</Time>
     <Position>
      <LatitudeDegrees>43.9427350</LatitudeDegrees>
      <LongitudeDegrees>4.8054300</LongitudeDegrees>
     </Position>
     <AltitudeMeters>24.150000000000002</AltitudeMeters>
     <DistanceMeters>5157.392252505961</DistanceMeters>
    </Trackpoint>
    <Trackpoint>
     <Time>2026-04-10T14:10:52+00:00</Time>
     <Position>
      <LatitudeDegrees>43.9428375</LatitudeDegrees>
      <LongitudeDegrees>4.8042150</LongitudeDegrees>
     </Position>
     <AltitudeMeters>24.1</AltitudeMeters>
     <DistanceMeters>5255.424289293011</DistanceMeters>
    </Trackpoint>
    <Trackpoint>
     <Time>2026-04-10T14:10:58+00:00</Time>
     <Position>
      <LatitudeDegrees>43.9429400</LatitudeDegrees>
      <LongitudeDegrees>4.8030000</LongitudeDegrees>
     </Position>
     <AltitudeMeters>24.200000000000003</AltitudeMeters>
     <DistanceMeters>5353.456323291131</DistanceMeters>
    </Trackpoint>
    <Trackpoint>
     <Time>2026-04-10T14:11:05+00:00</Time>
     <Position>
      <LatitudeDegrees>43.9430100</LatitudeDegrees>
      <LongitudeDegrees>4.8018950</LongitudeDegrees>
     </Position>
     <AltitudeMeters>24.200000000000003</AltitudeMeters>
     <DistanceMeters>5442.348956777581</DistanceMeters>
    </Trackpoint>
    <Trackpoint>
     <Time>2026-04-10T14:11:11+00:00</Time>
     <Position>
      <LatitudeDegrees>43.9430800</LatitudeDegrees>
      <LongitudeDegrees>4.8007900</LongitudeDegrees>
     </Position>
     <AltitudeMeters>20.23</AltitudeMeters>
     <DistanceMeters>5531.241590413576</DistanceMeters>
    </Trackpoint>
    <Trackpoint>
     <Time>2026-04-10T14:11:18+00:00</Time>
     <Position>
      <LatitudeDegrees>43.9431200</LatitudeDegrees>
      <LongitudeDegrees>4.8005600</LongitudeDegrees>
     </Position>
     <AltitudeMeters>20.23</AltitudeMeters>
     <DistanceMeters>5550.202922800529</DistanceMeters>
    </Trackpoint>
    <Trackpoint>
     <Time>2026-04-10T14:11:24+00:00</Time>
     <Position>
      <LatitudeDegrees>43.9432200</LatitudeDegrees>
      <LongitudeDegrees>4.8002400</LongitudeDegrees>
     </Position>
     <AltitudeMeters>20.23</AltitudeMeters>
     <DistanceMeters>5578.157498925838</DistanceMeters>
    </Trackpoint>
    <Trackpoint>
     <Time>2026-04-10T14:11:31+00:00</Time>
     <Position>
      <LatitudeDegrees>43.9435900</LatitudeDegrees>
      <LongitudeDegrees>4.7992900</LongitudeDegrees>
     </Position>
     <AltitudeMeters>21.37</AltitudeMeters>
     <DistanceMeters>5664.710144932285</DistanceMeters>
    </Trackpoint>
    <Trackpoint>
     <Time>2026-04-10T14:11:37+00:00</Time>
     <Position>
      <LatitudeDegrees>43.9438300</LatitudeDegrees>
      <LongitudeDegrees>4.7987300</LongitudeDegrees>
     </Position>
     <AltitudeMeters>22.820000000000004</AltitudeMeters>
     <DistanceMeters>5716.933717831592</DistanceMeters>
    </Trackpoint>
    <Trackpoint>
     <Time>2026-04-10T14:11:44+00:00</Time>
     <Position>
      <LatitudeDegrees>43.9440700</LatitudeDegrees>
      <LongitudeDegrees>4.7981700</LongitudeDegrees>
     </Position>
     <AltitudeMeters>22.820000000000004</AltitudeMeters>
     <DistanceMeters>5769.157325912493</DistanceMeters>
    </Trackpoint>
    <Trackpoint>
     <Time>2026-04-10T14:11:50+00:00</Time>
     <Position>
      <LatitudeDegrees>43.9441600</LatitudeDegrees>
      <LongitudeDegrees>4.7981000</LongitudeDegrees>
     </Position>
     <AltitudeMeters>22.820000000000004</AltitudeMeters>
     <DistanceMeters>5780.637668131621</DistanceMeters>
    </Trackpoint>
    <Trackpoint>
     <Time>2026-04-10T14:11:57+00:00</Time>
     <Position>
      <LatitudeDegrees>43.9447200</LatitudeDegrees>
      <LongitudeDegrees>4.7980700</LongitudeDegrees>
     </Position>
     <AltitudeMeters>22.94</AltitudeMeters>
     <DistanceMeters>5843.009595670155</DistanceMeters>
    </Trackpoint>
    <Trackpoint>
     <Time>2026-04-10T14:12:03+00:00</Time>
     <Position>
      <LatitudeDegrees>43.9447400</LatitudeDegrees>
      <LongitudeDegrees>4.7980200</LongitudeDegrees>
     </Position>
     <AltitudeMeters>22.94</AltitudeMeters>
     <DistanceMeters>5847.593078797653</DistanceMeters>
    </Trackpoint>
    <Trackpoint>
     <Time>2026-04-10T14:12:10+00:00</Time>
     <Position>
      <LatitudeDegrees>43.9447700</LatitudeDegrees>
      <LongitudeDegrees>4.7980000</LongitudeDegrees>
     </Position>
     <AltitudeMeters>22.94</AltitudeMeters>
     <DistanceMeters>5851.296676167978</DistanceMeters>
    </Trackpoint>
    <Trackpoint>
     <Time>2026-04-10T14:12:16+00:00</Time>
     <Position>
      <LatitudeDegrees>43.9448900</LatitudeDegrees>
      <LongitudeDegrees>4.7980000</LongitudeDegrees>
     </Position>
     <AltitudeMeters>22.94</AltitudeMeters>
     <DistanceMeters>5864.652157700371</DistanceMeters>
    </Trackpoint>
    <Trackpoint>
     <Time>2026-04-10T14:12:23+00:00</Time>
     <Position>
      <LatitudeDegrees>43.9452400</LatitudeDegrees>
      <LongitudeDegrees>4.7980600</LongitudeDegrees>
     </Position>
     <AltitudeMeters>22.94</AltitudeMeters>
     <DistanceMeters>5903.901249071354</DistanceMeters>
    </Trackpoint>
    <Trackpoint>
     <Time>2026-04-10T14:12:29+00:00</Time>
     <Position>
      <LatitudeDegrees>43.9455000</LatitudeDegrees>
      <LongitudeDegrees>4.7981600</LongitudeDegrees>
     </Position>
     <AltitudeMeters>22.94</AltitudeMeters>
     <DistanceMeters>5933.927170421683</DistanceMeters>
    </Trackpoint>
    <Trackpoint>
     <Time>2026-04-10T14:12:36+00:00</Time>
     <Position>
      <LatitudeDegrees>43.9458500</LatitudeDegrees>
      <LongitudeDegrees>4.7983400</LongitudeDegrees>
     </Position>
     <AltitudeMeters>22.94</AltitudeMeters>
     <DistanceMeters>5975.4653768566595</DistanceMeters>
    </Trackpoint>
    <Trackpoint>
     <Time>2026-04-10T14:12:43+00:00</Time>
     <Position>
      <LatitudeDegrees>43.9460000</LatitudeDegrees>
      <LongitudeDegrees>4.7984500</LongitudeDegrees>
     </Position>
     <AltitudeMeters>22.94</AltitudeMeters>
     <DistanceMeters>5994.343878206683</DistanceMeters>
    </Trackpoint>
    <Trackpoint>
     <Time>2026-04-10T14:12:49+00:00</Time>
     <Position>
      <LatitudeDegrees>43.9462900</LatitudeDegrees>
      <LongitudeDegrees>4.7987500</LongitudeDegrees>
     </Position>
     <AltitudeMeters>23.94</AltitudeMeters>
     <DistanceMeters>6034.58846641089</DistanceMeters>
    </Trackpoint>
    <Trackpoint>
     <Time>2026-04-10T14:12:56+00:00</Time>
     <Position>
      <LatitudeDegrees>43.9467400</LatitudeDegrees>
      <LongitudeDegrees>4.7992700</LongitudeDegrees>
     </Position>
     <AltitudeMeters>23.94</AltitudeMeters>
     <DistanceMeters>6099.7388187891</DistanceMeters>
    </Trackpoint>
    <Trackpoint>
     <Time>2026-04-10T14:13:02+00:00</Time>
     <Position>
      <LatitudeDegrees>43.9472600</LatitudeDegrees>
      <LongitudeDegrees>4.7999300</LongitudeDegrees>
     </Position>
     <AltitudeMeters>23.990000000000002</AltitudeMeters>
     <DistanceMeters>6178.137425528114</DistanceMeters>
    </Trackpoint>
    <Trackpoint>
     <Time>2026-04-10T14:13:09+00:00</Time>
     <Position>
      <LatitudeDegrees>43.9472700</LatitudeDegrees>
      <LongitudeDegrees>4.7999900</LongitudeDegrees>
     </Position>
     <AltitudeMeters>23.840000000000003</AltitudeMeters>
     <DistanceMeters>6183.072394935757</DistanceMeters>
    </Trackpoint>
    <Trackpoint>
     <Time>2026-04-10T14:13:15+00:00</Time>
     <Position>
      <LatitudeDegrees>43.9473500</LatitudeDegrees>
      <LongitudeDegrees>4.8000300</LongitudeDegrees>
     </Position>
     <AltitudeMeters>23.94</AltitudeMeters>
     <DistanceMeters>6192.535401321865</DistanceMeters>
    </Trackpoint>
    <Trackpoint>
     <Time>2026-04-10T14:13:22+00:00</Time>
     <Position>
      <LatitudeDegrees>43.9473800</LatitudeDegrees>
      <LongitudeDegrees>4.8000600</LongitudeDegrees>
     </Position>
     <AltitudeMeters>23.94</AltitudeMeters>
     <DistanceMeters>6196.649626467765</DistanceMeters>
    </Trackpoint>
    <Trackpoint>
     <Time>2026-04-10T14:13:28+00:00</Time>
     <Position>
      <LatitudeDegrees>43.9474100</LatitudeDegrees>
      <LongitudeDegrees>4.8001400</LongitudeDegrees>
     </Position>
     <AltitudeMeters>23.94</AltitudeMeters>
     <DistanceMeters>6203.877465278648</DistanceMeters>
    </Trackpoint>
    <Trackpoint>
     <Time>2026-04-10T14:13:35+00:00</Time>
     <Position>
      <LatitudeDegrees>43.9474800</LatitudeDegrees>
      <LongitudeDegrees>4.8001500</LongitudeDegrees>
     </Position>
     <AltitudeMeters>23.94</AltitudeMeters>
     <DistanceMeters>6211.709262957447</DistanceMeters>
    </Trackpoint>
    <Trackpoint>
     <Time>2026-04-10T14:13:41+00:00</Time>
     <Position>
      <LatitudeDegrees>43.9480200</LatitudeDegrees>
      <LongitudeDegrees>4.8006300</LongitudeDegrees>
     </Position>
     <AltitudeMeters>22.03</AltitudeMeters>
     <DistanceMeters>6283.062762061625</DistanceMeters>
    </Trackpoint>
    <Trackpoint>
     <Time>2026-04-10T14:13:48+00:00</Time>
     <Position>
      <LatitudeDegrees>43.9482000</LatitudeDegrees>
      <LongitudeDegrees>4.8007000</LongitudeDegrees>
     </Position>
     <AltitudeMeters>22.03</AltitudeMeters>
     <DistanceMeters>6303.866404172861</DistanceMeters>
    </Trackpoint>
    <Trackpoint>
     <Time>2026-04-10T14:13:54+00:00</Time>
     <Position>
      <LatitudeDegrees>43.9484300</LatitudeDegrees>
      <LongitudeDegrees>4.8009200</LongitudeDegrees>
     </Position>
     <AltitudeMeters>22.03</AltitudeMeters>
     <DistanceMeters>6334.94724462558</DistanceMeters>
    </Trackpoint>
    <Trackpoint>
     <Time>2026-04-10T14:14:01+00:00</Time>
     <Position>
      <LatitudeDegrees>43.9484900</LatitudeDegrees>
      <LongitudeDegrees>4.8010200</LongitudeDegrees>
     </Position>
     <AltitudeMeters>22.03</AltitudeMeters>
     <DistanceMeters>6345.377904645319</DistanceMeters>
    </Trackpoint>
    <Trackpoint>
     <Time>2026-04-10T14:14:07+00:00</Time>
     <Position>
      <LatitudeDegrees>43.9486300</LatitudeDegrees>
      <LongitudeDegrees>4.8011400</LongitudeDegrees>
     </Position>
     <AltitudeMeters>22.03</AltitudeMeters>
     <DistanceMeters>6363.6873788611665</DistanceMeters>
    </Trackpoint>
    <Trackpoint>
     <Time>2026-04-10T14:14:14+00:00</Time>
     <Position>
      <LatitudeDegrees>43.9491700</LatitudeDegrees>
      <LongitudeDegrees>4.8015200</LongitudeDegrees>
     </Position>
     <AltitudeMeters>21.51</AltitudeMeters>
     <DistanceMeters>6431.060202202757</DistanceMeters>
    </Trackpoint>
    <Trackpoint>
     <Time>2026-04-10T14:14:20+00:00</Time>
     <Position>
      <LatitudeDegrees>43.9492000</LatitudeDegrees>
      <LongitudeDegrees>4.8017500</LongitudeDegrees>
     </Position>
     <AltitudeMeters>22.26</AltitudeMeters>
     <DistanceMeters>6449.789640866217</DistanceMeters>
    </Trackpoint>
    <Trackpoint>
     <Time>2026-04-10T14:14:27+00:00</Time>
     <Position>
      <LatitudeDegrees>43.9493600</LatitudeDegrees>
      <LongitudeDegrees>4.8019300</LongitudeDegrees>
     </Position>
     <AltitudeMeters>21.800000000000004</AltitudeMeters>
     <DistanceMeters>6472.705211794417</DistanceMeters>
    </Trackpoint>
    <Trackpoint>
     <Time>2026-04-10T14:14:33+00:00</Time>
     <Position>
      <LatitudeDegrees>43.9494400</LatitudeDegrees>
      <LongitudeDegrees>4.8019000</LongitudeDegrees>
     </Position>
     <AltitudeMeters>21.800000000000004</AltitudeMeters>
     <DistanceMeters>6481.927654979477</DistanceMeters>
    </Trackpoint>
    <Trackpoint>
     <Time>2026-04-10T14:14:40+00:00</Time>
     <Position>
      <LatitudeDegrees>43.9495600</LatitudeDegrees>
      <LongitudeDegrees>4.8018200</LongitudeDegrees>
     </Position>
     <AltitudeMeters>21.800000000000004</AltitudeMeters>
     <DistanceMeters>6496.741823025054</DistanceMeters>
    </Trackpoint>
    <Trackpoint>
     <Time>2026-04-10T14:14:47+00:00</Time>
     <Position>
      <LatitudeDegrees>43.9495800</LatitudeDegrees>
      <LongitudeDegrees>4.8017500</LongitudeDegrees>
     </Position>
     <AltitudeMeters>21.730000000000004</AltitudeMeters>
     <DistanceMeters>6502.776280343159</DistanceMeters>
    </Trackpoint>
    <Trackpoint>
     <Time>2026-04-10T14:14:53+00:00</Time>
     <Position>
      <LatitudeDegrees>43.9498900</LatitudeDegrees>
      <LongitudeDegrees>4.8019800</LongitudeDegrees>
     </Position>
     <AltitudeMeters>21.5</AltitudeMeters>
     <DistanceMeters>6541.891521840603</DistanceMeters>
    </Trackpoint>
    <Trackpoint>
     <Time>2026-04-10T14:15:00+00:00</Time>
     <Position>
      <LatitudeDegrees>43.9501900</LatitudeDegrees>
      <LongitudeDegrees>4.8021300</LongitudeDegrees>
     </Position>
     <AltitudeMeters>22.21</AltitudeMeters>
     <DistanceMeters>6577.377608808999</DistanceMeters>
    </Trackpoint>
    <Trackpoint>
     <Time>2026-04-10T14:15:06+00:00</Time>
     <Position>
      <LatitudeDegrees>43.9502300</LatitudeDegrees>
      <LongitudeDegrees>4.8021900</LongitudeDegrees>
     </Position>
     <AltitudeMeters>22.400000000000002</AltitudeMeters>
     <DistanceMeters>6583.929839341654</DistanceMeters>
    </Trackpoint>
    <Trackpoint>
     <Time>2026-04-10T14:15:13+00:00</Time>
     <Position>
      <LatitudeDegrees>43.9502300</LatitudeDegrees>
      <LongitudeDegrees>4.8024000</LongitudeDegrees>
     </Position>
     <AltitudeMeters>23.180000000000003</AltitudeMeters>
     <DistanceMeters>6600.7564125578465</DistanceMeters>
    </Trackpoint>
    <Trackpoint>
     <Time>2026-04-10T14:15:19+00:00</Time>
     <Position>
      <LatitudeDegrees>43.9503900</LatitudeDegrees>
      <LongitudeDegrees>4.8024500</LongitudeDegrees>
     </Position>
     <AltitudeMeters>23.23</AltitudeMeters>
     <DistanceMeters>6619.008833109316</DistanceMeters>
    </Trackpoint>
    <Trackpoint>
     <Time>2026-04-10T14:15:26+00:00</Time>
     <Position>
      <LatitudeDegrees>43.9505100</LatitudeDegrees>
      <LongitudeDegrees>4.8023900</LongitudeDegrees>
     </Position>
     <AltitudeMeters>22.96</AltitudeMeters>
     <DistanceMeters>6633.203256663457</DistanceMeters>
    </Trackpoint>
    <Trackpoint>
     <Time>2026-04-10T14:15:32+00:00</Time>
     <Position>
      <LatitudeDegrees>43.9506700</LatitudeDegrees>
      <LongitudeDegrees>4.8025000</LongitudeDegrees>
     </Position>
     <AltitudeMeters>22.860000000000003</AltitudeMeters>
     <DistanceMeters>6653.0724407413145</DistanceMeters>
    </Trackpoint>
    <Trackpoint>
     <Time>2026-04-10T14:15:39+00:00</Time>
     <Position>
      <LatitudeDegrees>43.9507000</LatitudeDegrees>
      <LongitudeDegrees>4.8025000</LongitudeDegrees>
     </Position>
     <AltitudeMeters>22.860000000000003</AltitudeMeters>
     <DistanceMeters>6656.411311124808</DistanceMeters>
    </Trackpoint>
    <Trackpoint>
     <Time>2026-04-10T14:15:45+00:00</Time>
     <Position>
      <LatitudeDegrees>43.9508900</LatitudeDegrees>
      <LongitudeDegrees>4.8022500</LongitudeDegrees>
     </Position>
     <AltitudeMeters>20.360000000000003</AltitudeMeters>
     <DistanceMeters>6685.538955265624</DistanceMeters>
    </Trackpoint>
    <Trackpoint>
     <Time>2026-04-10T14:15:52+00:00</Time>
     <Position>
      <LatitudeDegrees>43.9508900</LatitudeDegrees>
      <LongitudeDegrees>4.8020700</LongitudeDegrees>
     </Position>
     <AltitudeMeters>20.360000000000003</AltitudeMeters>
     <DistanceMeters>6699.961572147754</DistanceMeters>
    </Trackpoint>
    <Trackpoint>
     <Time>2026-04-10T14:15:58+00:00</Time>
     <Position>
      <LatitudeDegrees>43.9509200</LatitudeDegrees>
      <LongitudeDegrees>4.8019800</LongitudeDegrees>
     </Position>
     <AltitudeMeters>20.360000000000003</AltitudeMeters>
     <DistanceMeters>6707.908332407165</DistanceMeters>
    </Trackpoint>
    <Trackpoint>
     <Time>2026-04-10T14:16:05+00:00</Time>
     <Position>
      <LatitudeDegrees>43.9511875</LatitudeDegrees>
      <LongitudeDegrees>4.8010525</LongitudeDegrees>
     </Position>
     <AltitudeMeters>20.360000000000003</AltitudeMeters>
     <DistanceMeters>6787.96575601074</DistanceMeters>
    </Trackpoint>
    <Trackpoint>
     <Time>2026-04-10T14:16:11+00:00</Time>
     <Position>
      <LatitudeDegrees>43.9514550</LatitudeDegrees>
      <LongitudeDegrees>4.8001250</LongitudeDegrees>
     </Position>
     <AltitudeMeters>22.94</AltitudeMeters>
     <DistanceMeters>6868.023179614063</DistanceMeters>
    </Trackpoint>
    <Trackpoint>
     <Time>2026-04-10T14:16:18+00:00</Time>
     <Position>
      <LatitudeDegrees>43.9517225</LatitudeDegrees>
      <LongitudeDegrees>4.7991975</LongitudeDegrees>
     </Position>
     <AltitudeMeters>22.94</AltitudeMeters>
     <DistanceMeters>6948.080603217873</DistanceMeters>
    </Trackpoint>
    <Trackpoint>
     <Time>2026-04-10T14:16:24+00:00</Time>
     <Position>
      <LatitudeDegrees>43.9519900</LatitudeDegrees>
      <LongitudeDegrees>4.7982700</LongitudeDegrees>
     </Position>
     <AltitudeMeters>22.96</AltitudeMeters>
     <DistanceMeters>7028.13802243779</DistanceMeters>
    </Trackpoint>
    <Trackpoint>
     <Time>2026-04-10T14:16:31+00:00</Time>
     <Position>
      <LatitudeDegrees>43.9521800</LatitudeDegrees>
      <LongitudeDegrees>4.7976750</LongitudeDegrees>
     </Position>
     <AltitudeMeters>22.3</AltitudeMeters>
     <DistanceMeters>7080.2911157995295</DistanceMeters>
    </Trackpoint>
    <Trackpoint>
     <Time>2026-04-10T14:16:37+00:00</Time>
     <Position>
      <LatitudeDegrees>43.9523700</LatitudeDegrees>
      <LongitudeDegrees>4.7970800</LongitudeDegrees>
     </Position>
     <AltitudeMeters>22.2</AltitudeMeters>
     <DistanceMeters>7132.444208163479</DistanceMeters>
    </Trackpoint>
    <Trackpoint>
     <Time>2026-04-10T14:16:44+00:00</Time>
     <Position>
      <LatitudeDegrees>43.9524600</LatitudeDegrees>
      <LongitudeDegrees>4.7969600</LongitudeDegrees>
     </Position>
     <AltitudeMeters>21.78</AltitudeMeters>
     <DistanceMeters>7146.328641101932</DistanceMeters>
    </Trackpoint>
    <Trackpoint>
     <Time>2026-04-10T14:16:51+00:00</Time>
     <Position>
      <LatitudeDegrees>43.9524900</LatitudeDegrees>
      <LongitudeDegrees>4.7969600</LongitudeDegrees>
     </Position>
     <AltitudeMeters>21.78</AltitudeMeters>
     <DistanceMeters>7149.667511485425</DistanceMeters>
    </Trackpoint>
    <Trackpoint>
     <Time>2026-04-10T14:16:57+00:00</Time>
     <Position>
      <LatitudeDegrees>43.9526500</LatitudeDegrees>
      <LongitudeDegrees>4.7964400</LongitudeDegrees>
     </Position>
     <AltitudeMeters>21.490000000000002</AltitudeMeters>
     <DistanceMeters>7194.977581699811</DistanceMeters>
    </Trackpoint>
    <Trackpoint>
     <Time>2026-04-10T14:17:04+00:00</Time>
     <Position>
      <LatitudeDegrees>43.9526200</LatitudeDegrees>
      <LongitudeDegrees>4.7963600</LongitudeDegrees>
     </Position>
     <AltitudeMeters>21.490000000000002</AltitudeMeters>
     <DistanceMeters>7202.204919288748</DistanceMeters>
    </Trackpoint>
    <Trackpoint>
     <Time>2026-04-10T14:17:10+00:00</Time>
     <Position>
      <LatitudeDegrees>43.9526300</LatitudeDegrees>
      <LongitudeDegrees>4.7962300</LongitudeDegrees>
     </Position>
     <AltitudeMeters>21.490000000000002</AltitudeMeters>
     <DistanceMeters>7212.680240797893</DistanceMeters>
    </Trackpoint>
    <Trackpoint>
     <Time>2026-04-10T14:17:17+00:00</Time>
     <Position>
      <LatitudeDegrees>43.9527800</LatitudeDegrees>
      <LongitudeDegrees>4.7956800</LongitudeDegrees>
     </Position>
     <AltitudeMeters>21.87</AltitudeMeters>
     <DistanceMeters>7259.804215306162</DistanceMeters>
    </Trackpoint>
    <Trackpoint>
     <Time>2026-04-10T14:17:23+00:00</Time>
     <Position>
      <LatitudeDegrees>43.9529900</LatitudeDegrees>
      <LongitudeDegrees>4.7951100</LongitudeDegrees>
     </Position>
     <AltitudeMeters>16.42</AltitudeMeters>
     <DistanceMeters>7311.107258018443</DistanceMeters>
    </Trackpoint>
    <Trackpoint>
     <Time>2026-04-10T14:17:30+00:00</Time>
     <Position>
      <LatitudeDegrees>43.9532000</LatitudeDegrees>
      <LongitudeDegrees>4.7945400</LongitudeDegrees>
     </Position>
     <AltitudeMeters>16.42</AltitudeMeters>
     <DistanceMeters>7362.410339807152</DistanceMeters>
    </Trackpoint>
    <Trackpoint>
     <Time>2026-04-10T14:17:36+00:00</Time>
     <Position>
      <LatitudeDegrees>43.9535000</LatitudeDegrees>
      <LongitudeDegrees>4.7937567</LongitudeDegrees>
     </Position>
     <AltitudeMeters>16.42</AltitudeMeters>
     <DistanceMeters>7433.501104781339</DistanceMeters>
    </Trackpoint>
    <Trackpoint>
     <Time>2026-04-10T14:17:43+00:00</Time>
     <Position>
      <LatitudeDegrees>43.9538000</LatitudeDegrees>
      <LongitudeDegrees>4.7929733</LongitudeDegrees>
     </Position>
     <AltitudeMeters>17.79</AltitudeMeters>
     <DistanceMeters>7504.591869756061</DistanceMeters>
    </Trackpoint>
    <Trackpoint>
     <Time>2026-04-10T14:17:49+00:00</Time>
     <Position>
      <LatitudeDegrees>43.9541000</LatitudeDegrees>
      <LongitudeDegrees>4.7921900</LongitudeDegrees>
     </Position>
     <AltitudeMeters>21.37</AltitudeMeters>
     <DistanceMeters>7575.6826255435135</DistanceMeters>
    </Trackpoint>
    <Trackpoint>
     <Time>2026-04-10T14:17:56+00:00</Time>
     <Position>
      <LatitudeDegrees>43.9541700</LatitudeDegrees>
      <LongitudeDegrees>4.7920800</LongitudeDegrees>
     </Position>
     <AltitudeMeters>21.380000000000003</AltitudeMeters>
     <DistanceMeters>7587.445700556612</DistanceMeters>
    </Trackpoint>
    <Trackpoint>
     <Time>2026-04-10T14:18:02+00:00</Time>
     <Position>
      <LatitudeDegrees>43.9542100</LatitudeDegrees>
      <LongitudeDegrees>4.7920400</LongitudeDegrees>
     </Position>
     <AltitudeMeters>21.54</AltitudeMeters>
     <DistanceMeters>7592.931119045194</DistanceMeters>
    </Trackpoint>
    <Trackpoint>
     <Time>2026-04-10T14:18:09+00:00</Time>
     <Position>
      <LatitudeDegrees>43.9541700</LatitudeDegrees>
      <LongitudeDegrees>4.7919800</LongitudeDegrees>
     </Position>
     <AltitudeMeters>21.54</AltitudeMeters>
     <DistanceMeters>7599.483113357253</DistanceMeters>
    </Trackpoint>
    <Trackpoint>
     <Time>2026-04-10T14:18:15+00:00</Time>
     <Position>
      <LatitudeDegrees>43.9544000</LatitudeDegrees>
      <LongitudeDegrees>4.7916400</LongitudeDegrees>
     </Position>
     <AltitudeMeters>25.66</AltitudeMeters>
     <DistanceMeters>7636.8641108171105</DistanceMeters>
    </Trackpoint>
    <Trackpoint>
     <Time>2026-04-10T14:18:22+00:00</Time>
     <Position>
      <LatitudeDegrees>43.9545400</LatitudeDegrees>
      <LongitudeDegrees>4.7913200</LongitudeDegrees>
     </Position>
     <AltitudeMeters>28.470000000000002</AltitudeMeters>
     <DistanceMeters>7666.8661262357655</DistanceMeters>
    </Trackpoint>
    <Trackpoint>
     <Time>2026-04-10T14:18:28+00:00</Time>
     <Position>
      <LatitudeDegrees>43.9540300</LatitudeDegrees>
      <LongitudeDegrees>4.7910200</LongitudeDegrees>
     </Position>
     <AltitudeMeters>31.89</AltitudeMeters>
     <DistanceMeters>7728.506476494203</DistanceMeters>
    </Trackpoint>
    <Trackpoint>
     <Time>2026-04-10T14:18:35+00:00</Time>
     <Position>
      <LatitudeDegrees>43.9533500</LatitudeDegrees>
      <LongitudeDegrees>4.7907650</LongitudeDegrees>
     </Position>
     <AltitudeMeters>31.970000000000006</AltitudeMeters>
     <DistanceMeters>7806.896875485722</DistanceMeters>
    </Trackpoint>
    <Trackpoint>
     <Time>2026-04-10T14:18:42+00:00</Time>
     <Position>
      <LatitudeDegrees>43.9526700</LatitudeDegrees>
      <LongitudeDegrees>4.7905100</LongitudeDegrees>
     </Position>
     <AltitudeMeters>39.43</AltitudeMeters>
     <DistanceMeters>7885.287302770078</DistanceMeters>
    </Trackpoint>
    <Trackpoint>
     <Time>2026-04-10T14:18:48+00:00</Time>
     <Position>
      <LatitudeDegrees>43.9525400</LatitudeDegrees>
      <LongitudeDegrees>4.7904900</LongitudeDegrees>
     </Position>
     <AltitudeMeters>39.43</AltitudeMeters>
     <DistanceMeters>7899.844212033152</DistanceMeters>
    </Trackpoint>
    <Trackpoint>
     <Time>2026-04-10T14:18:55+00:00</Time>
     <Position>
      <LatitudeDegrees>43.9524300</LatitudeDegrees>
      <LongitudeDegrees>4.7905100</LongitudeDegrees>
     </Position>
     <AltitudeMeters>39.43</AltitudeMeters>
     <DistanceMeters>7912.191168014597</DistanceMeters>
    </Trackpoint>
    <Trackpoint>
     <Time>2026-04-10T14:19:01+00:00</Time>
     <Position>
      <LatitudeDegrees>43.9522600</LatitudeDegrees>
      <LongitudeDegrees>4.7904900</LongitudeDegrees>
     </Position>
     <AltitudeMeters>39.43</AltitudeMeters>
     <DistanceMeters>7931.179173937562</DistanceMeters>
    </Trackpoint>
    <Trackpoint>
     <Time>2026-04-10T14:19:08+00:00</Time>
     <Position>
      <LatitudeDegrees>43.9520000</LatitudeDegrees>
      <LongitudeDegrees>4.7902800</LongitudeDegrees>
     </Position>
     <AltitudeMeters>39.43</AltitudeMeters>
     <DistanceMeters>7964.6524213801495</DistanceMeters>
    </Trackpoint>
    <Trackpoint>
     <Time>2026-04-10T14:19:14+00:00</Time>
     <Position>
      <LatitudeDegrees>43.9518400</LatitudeDegrees>
      <LongitudeDegrees>4.7902600</LongitudeDegrees>
     </Position>
     <AltitudeMeters>39.43</AltitudeMeters>
     <DistanceMeters>7982.531688769482</DistanceMeters>
    </Trackpoint>
    <Trackpoint>
     <Time>2026-04-10T14:19:21+00:00</Time>
     <Position>
      <LatitudeDegrees>43.9510800</LatitudeDegrees>
      <LongitudeDegrees>4.7898400</LongitudeDegrees>
     </Position>
     <AltitudeMeters>29.990000000000002</AltitudeMeters>
     <DistanceMeters>8073.564988355307</DistanceMeters>
    </Trackpoint>
    <Trackpoint>
     <Time>2026-04-10T14:19:27+00:00</Time>
     <Position>
      <LatitudeDegrees>43.9507100</LatitudeDegrees>
      <LongitudeDegrees>4.7895700</LongitudeDegrees>
     </Position>
     <AltitudeMeters>29.990000000000002</AltitudeMeters>
     <DistanceMeters>8120.081326831913</DistanceMeters>
    </Trackpoint>
    <Trackpoint>
     <Time>2026-04-10T14:19:34+00:00</Time>
     <Position>
      <LatitudeDegrees>43.9505400</LatitudeDegrees>
      <LongitudeDegrees>4.7893300</LongitudeDegrees>
     </Position>
     <AltitudeMeters>29.990000000000002</AltitudeMeters>
     <DistanceMeters>8147.058699539464</DistanceMeters>
    </Trackpoint>
    <Trackpoint>
     <Time>2026-04-10T14:19:40+00:00</Time>
     <Position>
      <LatitudeDegrees>43.9503150</LatitudeDegrees>
      <LongitudeDegrees>4.7882850</LongitudeDegrees>
     </Position>
     <AltitudeMeters>29.42</AltitudeMeters>
     <DistanceMeters>8234.455186373947</DistanceMeters>
    </Trackpoint>
    <Trackpoint>
     <Time>2026-04-10T14:19:47+00:00</Time>
     <Position>
      <LatitudeDegrees>43.9500900</LatitudeDegrees>
      <LongitudeDegrees>4.7872400</LongitudeDegrees>
     </Position>
     <AltitudeMeters>27.92</AltitudeMeters>
     <DistanceMeters>8321.851662463216</DistanceMeters>
    </Trackpoint>
    <Trackpoint>
     <Time>2026-04-10T14:19:53+00:00</Time>
     <Position>
      <LatitudeDegrees>43.9500600</LatitudeDegrees>
      <LongitudeDegrees>4.7869100</LongitudeDegrees>
     </Position>
     <AltitudeMeters>27.92</AltitudeMeters>
     <DistanceMeters>8348.503459092806</DistanceMeters>
    </Trackpoint>
    <Trackpoint>
     <Time>2026-04-10T14:20:00+00:00</Time>
     <Position>
      <LatitudeDegrees>43.9500200</LatitudeDegrees>
      <LongitudeDegrees>4.7869200</LongitudeDegrees>
     </Position>
     <AltitudeMeters>25.640000000000004</AltitudeMeters>
     <DistanceMeters>8353.02682018275</DistanceMeters>
    </Trackpoint>
    <Trackpoint>
     <Time>2026-04-10T14:20:06+00:00</Time>
     <Position>
      <LatitudeDegrees>43.9500000</LatitudeDegrees>
      <LongitudeDegrees>4.7868900</LongitudeDegrees>
     </Position>
     <AltitudeMeters>25.640000000000004</AltitudeMeters>
     <DistanceMeters>8356.302941384112</DistanceMeters>
    </Trackpoint>
    <Trackpoint>
     <Time>2026-04-10T14:20:13+00:00</Time>
     <Position>
      <LatitudeDegrees>43.9498900</LatitudeDegrees>
      <LongitudeDegrees>4.7868900</LongitudeDegrees>
     </Position>
     <AltitudeMeters>24.830000000000002</AltitudeMeters>
     <DistanceMeters>8368.545466122534</DistanceMeters>
    </Trackpoint>
    <Trackpoint>
     <Time>2026-04-10T14:20:19+00:00</Time>
     <Position>
      <LatitudeDegrees>43.9500000</LatitudeDegrees>
      <LongitudeDegrees>4.7868900</LongitudeDegrees>
     </Position>
     <AltitudeMeters>24.830000000000002</AltitudeMeters>
     <DistanceMeters>8380.787990860956</DistanceMeters>
    </Trackpoint>
    <Trackpoint>
     <Time>2026-04-10T14:20:26+00:00</Time>
     <Position>
      <LatitudeDegrees>43.9500200</LatitudeDegrees>
      <LongitudeDegrees>4.7869200</LongitudeDegrees>
     </Position>
     <AltitudeMeters>24.830000000000002</AltitudeMeters>
     <DistanceMeters>8384.064112062319</DistanceMeters>
    </Trackpoint>
    <Trackpoint>
     <Time>2026-04-10T14:20:32+00:00</Time>
     <Position>
      <LatitudeDegrees>43.9500600</LatitudeDegrees>
      <LongitudeDegrees>4.7869100</LongitudeDegrees>
     </Position>
     <AltitudeMeters>25.640000000000004</AltitudeMeters>
     <DistanceMeters>8388.587473152262</DistanceMeters>
    </Trackpoint>
    <Trackpoint>
     <Time>2026-04-10T14:20:39+00:00</Time>
     <Position>
      <LatitudeDegrees>43.9500900</LatitudeDegrees>
      <LongitudeDegrees>4.7868600</LongitudeDegrees>
     </Position>
     <AltitudeMeters>25.640000000000004</AltitudeMeters>
     <DistanceMeters>8393.802719535226</DistanceMeters>
    </Trackpoint>
    <Trackpoint>
     <Time>2026-04-10T14:20:46+00:00</Time>
     <Position>
      <LatitudeDegrees>43.9500700</LatitudeDegrees>
      <LongitudeDegrees>4.7868000</LongitudeDegrees>
     </Position>
     <AltitudeMeters>25.640000000000004</AltitudeMeters>
     <DistanceMeters>8399.10062026553</DistanceMeters>
    </Trackpoint>
    <Trackpoint>
     <Time>2026-04-10T14:20:52+00:00</Time>
     <Position>
      <LatitudeDegrees>43.9501600</LatitudeDegrees>
      <LongitudeDegrees>4.7861250</LongitudeDegrees>
     </Position>
     <AltitudeMeters>27.87</AltitudeMeters>
     <DistanceMeters>8454.105817727806</DistanceMeters>
    </Trackpoint>
    <Trackpoint>
     <Time>2026-04-10T14:20:59+00:00</Time>
     <Position>
      <LatitudeDegrees>43.9502500</LatitudeDegrees>
      <LongitudeDegrees>4.7854500</LongitudeDegrees>
     </Position>
     <AltitudeMeters>29.42</AltitudeMeters>
     <DistanceMeters>8509.11100863049</DistanceMeters>
    </Trackpoint>
    <Trackpoint>
     <Time>2026-04-10T14:21:05+00:00</Time>
     <Position>
      <LatitudeDegrees>43.9502400</LatitudeDegrees>
      <LongitudeDegrees>4.7853100</LongitudeDegrees>
     </Position>
     <AltitudeMeters>29.42</AltitudeMeters>
     <DistanceMeters>8520.383796654904</DistanceMeters>
    </Trackpoint>
    <Trackpoint>
     <Time>2026-04-10T14:21:12+00:00</Time>
     <Position>
      <LatitudeDegrees>43.9500600</LatitudeDegrees>
      <LongitudeDegrees>4.7847000</LongitudeDegrees>
     </Position>
     <AltitudeMeters>29.42</AltitudeMeters>
     <DistanceMeters>8573.207238594496</DistanceMeters>
    </Trackpoint>
    <Trackpoint>
     <Time>2026-04-10T14:21:18+00:00</Time>
     <Position>
      <LatitudeDegrees>43.9498200</LatitudeDegrees>
      <LongitudeDegrees>4.7841100</LongitudeDegrees>
     </Position>
     <AltitudeMeters>26.070000000000004</AltitudeMeters>
     <DistanceMeters>8627.506323800759</DistanceMeters>
    </Trackpoint>
    <Trackpoint>
     <Time>2026-04-10T14:21:25+00:00</Time>
     <Position>
      <LatitudeDegrees>43.9497800</LatitudeDegrees>
      <LongitudeDegrees>4.7838700</LongitudeDegrees>
     </Position>
     <AltitudeMeters>26.070000000000004</AltitudeMeters>
     <DistanceMeters>8647.245402377743</DistanceMeters>
    </Trackpoint>
    <Trackpoint>
     <Time>2026-04-10T14:21:31+00:00</Time>
     <Position>
      <LatitudeDegrees>43.9497700</LatitudeDegrees>
      <LongitudeDegrees>4.7837100</LongitudeDegrees>
     </Position>
     <AltitudeMeters>26.070000000000004</AltitudeMeters>
     <DistanceMeters>8660.11396498099</DistanceMeters>
    </Trackpoint>
    <Trackpoint>
     <Time>2026-04-10T14:21:38+00:00</Time>
     <Position>
      <LatitudeDegrees>43.9498000</LatitudeDegrees>
      <LongitudeDegrees>4.7836400</LongitudeDegrees>
     </Position>
     <AltitudeMeters>26.070000000000004</AltitudeMeters>
     <DistanceMeters>8666.64143092537</DistanceMeters>
    </Trackpoint>
    <Trackpoint>
     <Time>2026-04-10T14:21:44+00:00</Time>
     <Position>
      <LatitudeDegrees>43.9499700</LatitudeDegrees>
      <LongitudeDegrees>4.7835100</LongitudeDegrees>
     </Position>
     <AltitudeMeters>25.11</AltitudeMeters>
     <DistanceMeters>8688.239582207543</DistanceMeters>
    </Trackpoint>
    <Trackpoint>
     <Time>2026-04-10T14:21:51+00:00</Time>
     <Position>
      <LatitudeDegrees>43.9500100</LatitudeDegrees>
      <LongitudeDegrees>4.7834000</LongitudeDegrees>
     </Position>
     <AltitudeMeters>25.11</AltitudeMeters>
     <DistanceMeters>8698.114022247857</DistanceMeters>
    </Trackpoint>
    <Trackpoint>
     <Time>2026-04-10T14:21:57+00:00</Time>
     <Position>
      <LatitudeDegrees>43.9499900</LatitudeDegrees>
      <LongitudeDegrees>4.7832000</LongitudeDegrees>
     </Position>
     <AltitudeMeters>25.0</AltitudeMeters>
     <DistanceMeters>8714.293242556405</DistanceMeters>
    </Trackpoint>
    <Trackpoint>
     <Time>2026-04-10T14:22:04+00:00</Time>
     <Position>
      <LatitudeDegrees>43.9498900</LatitudeDegrees>
      <LongitudeDegrees>4.7828100</LongitudeDegrees>
     </Position>
     <AltitudeMeters>25.0</AltitudeMeters>
     <DistanceMeters>8747.465500599905</DistanceMeters>
    </Trackpoint>
    <Trackpoint>
     <Time>2026-04-10T14:22:10+00:00</Time>
     <Position>
      <LatitudeDegrees>43.9497500</LatitudeDegrees>
      <LongitudeDegrees>4.7820400</LongitudeDegrees>
     </Position>
     <AltitudeMeters>23.58</AltitudeMeters>
     <DistanceMeters>8811.100526005246</DistanceMeters>
    </Trackpoint>
    <Trackpoint>
     <Time>2026-04-10T14:22:17+00:00</Time>
     <Position>
      <LatitudeDegrees>43.9496100</LatitudeDegrees>
      <LongitudeDegrees>4.7812700</LongitudeDegrees>
     </Position>
     <AltitudeMeters>23.540000000000003</AltitudeMeters>
     <DistanceMeters>8874.735526283146</DistanceMeters>
    </Trackpoint>
    <Trackpoint>
     <Time>2026-04-10T14:22:23+00:00</Time>
     <Position>
      <LatitudeDegrees>43.9494300</LatitudeDegrees>
      <LongitudeDegrees>4.7807200</LongitudeDegrees>
     </Position>
     <AltitudeMeters>28.630000000000003</AltitudeMeters>
     <DistanceMeters>8923.145295275026</DistanceMeters>
    </Trackpoint>
    <Trackpoint>
     <Time>2026-04-10T14:22:30+00:00</Time>
     <Position>
      <LatitudeDegrees>43.9491100</LatitudeDegrees>
      <LongitudeDegrees>4.7798900</LongitudeDegrees>
     </Position>
     <AltitudeMeters>28.630000000000003</AltitudeMeters>
     <DistanceMeters>8998.58707768159</DistanceMeters>
    </Trackpoint>
    <Trackpoint>
     <Time>2026-04-10T14:22:36+00:00</Time>
     <Position>
      <LatitudeDegrees>43.9490300</LatitudeDegrees>
      <LongitudeDegrees>4.7797700</LongitudeDegrees>
     </Position>
     <AltitudeMeters>28.630000000000003</AltitudeMeters>
     <DistanceMeters>9011.691674066125</DistanceMeters>
    </Trackpoint>
    <Trackpoint>
     <Time>2026-04-10T14:22:43+00:00</Time>
     <Position>
      <LatitudeDegrees>43.9487100</LatitudeDegrees>
      <LongitudeDegrees>4.7791500</LongitudeDegrees>
     </Position>
     <AltitudeMeters>28.630000000000003</AltitudeMeters>
     <DistanceMeters>9072.818286402186</DistanceMeters>
    </Trackpoint>
    <Trackpoint>
     <Time>2026-04-10T14:22:50+00:00</Time>
     <Position>
      <LatitudeDegrees>43.9485600</LatitudeDegrees>
      <LongitudeDegrees>4.7788100</LongitudeDegrees>
     </Position>
     <AltitudeMeters>28.630000000000003</AltitudeMeters>
     <DistanceMeters>9104.770180542759</DistanceMeters>
    </Trackpoint>
    <Trackpoint>
     <Time>2026-04-10T14:22:56+00:00</Time>
     <Position>
      <LatitudeDegrees>43.9485000</LatitudeDegrees>
      <LongitudeDegrees>4.7785100</LongitudeDegrees>
     </Position>
     <AltitudeMeters>28.630000000000003</AltitudeMeters>
     <DistanceMeters>9129.71910598921</DistanceMeters>
    </Trackpoint>
    <Trackpoint>
     <Time>2026-04-10T14:23:03+00:00</Time>
     <Position>
      <LatitudeDegrees>43.9484850</LatitudeDegrees>
      <LongitudeDegrees>4.7778350</LongitudeDegrees>
     </Position>
     <AltitudeMeters>27.470000000000002</AltitudeMeters>
     <DistanceMeters>9183.83189037573</DistanceMeters>
    </Trackpoint>
    <Trackpoint>
     <Time>2026-04-10T14:23:09+00:00</Time>
     <Position>
      <LatitudeDegrees>43.9484700</LatitudeDegrees>
      <LongitudeDegrees>4.7771600</LongitudeDegrees>
     </Position>
     <AltitudeMeters>27.470000000000002</AltitudeMeters>
     <DistanceMeters>9237.944625725624</DistanceMeters>
    </Trackpoint>
    <Trackpoint>
     <Time>2026-04-10T14:23:16+00:00</Time>
     <Position>
      <LatitudeDegrees>43.9484900</LatitudeDegrees>
      <LongitudeDegrees>4.7769700</LongitudeDegrees>
     </Position>
     <AltitudeMeters>27.470000000000002</AltitudeMeters>
     <DistanceMeters>9253.330977076708</DistanceMeters>
    </Trackpoint>
    <Trackpoint>
     <Time>2026-04-10T14:23:22+00:00</Time>
     <Position>
      <LatitudeDegrees>43.9485400</LatitudeDegrees>
      <LongitudeDegrees>4.7768300</LongitudeDegrees>
     </Position>
     <AltitudeMeters>27.470000000000002</AltitudeMeters>
     <DistanceMeters>9265.853405885815</DistanceMeters>
    </Trackpoint>
    <Trackpoint>
     <Time>2026-04-10T14:23:29+00:00</Time>
     <Position>
      <LatitudeDegrees>43.9487000</LatitudeDegrees>
      <LongitudeDegrees>4.7765200</LongitudeDegrees>
     </Position>
     <AltitudeMeters>27.470000000000002</AltitudeMeters>
     <DistanceMeters>9296.416796967032</DistanceMeters>
    </Trackpoint>
    <Trackpoint>
     <Time>2026-04-10T14:23:35+00:00</Time>
     <Position>
      <LatitudeDegrees>43.9487900</LatitudeDegrees>
      <LongitudeDegrees>4.7761400</LongitudeDegrees>
     </Position>
     <AltitudeMeters>27.470000000000002</AltitudeMeters>
     <DistanceMeters>9328.470887161004</DistanceMeters>
    </Trackpoint>
    <Trackpoint>
     <Time>2026-04-10T14:23:42+00:00</Time>
     <Position>
      <LatitudeDegrees>43.9488600</LatitudeDegrees>
      <LongitudeDegrees>4.7751600</LongitudeDegrees>
     </Position>
     <AltitudeMeters>26.21</AltitudeMeters>
     <DistanceMeters>9407.382270218215</DistanceMeters>
    </Trackpoint>
    <Trackpoint>
     <Time>2026-04-10T14:23:48+00:00</Time>
     <Position>
      <LatitudeDegrees>43.9489800</LatitudeDegrees>
      <LongitudeDegrees>4.7740900</LongitudeDegrees>
     </Position>
     <AltitudeMeters>24.25</AltitudeMeters>
     <DistanceMeters>9494.153528069164</DistanceMeters>
    </Trackpoint>
    <Trackpoint>
     <Time>2026-04-10T14:23:55+00:00</Time>
     <Position>
      <LatitudeDegrees>43.9492267</LatitudeDegrees>
      <LongitudeDegrees>4.7730733</LongitudeDegrees>
     </Position>
     <AltitudeMeters>23.67</AltitudeMeters>
     <DistanceMeters>9580.118136936277</DistanceMeters>
    </Trackpoint>
    <Trackpoint>
     <Time>2026-04-10T14:24:01+00:00</Time>
     <Position>
      <LatitudeDegrees>43.9494733</LatitudeDegrees>
      <LongitudeDegrees>4.7720567</LongitudeDegrees>
     </Position>
     <AltitudeMeters>25.79</AltitudeMeters>
     <DistanceMeters>9666.082745803282</DistanceMeters>
    </Trackpoint>
    <Trackpoint>
     <Time>2026-04-10T14:24:08+00:00</Time>
     <Position>
      <LatitudeDegrees>43.9497200</LatitudeDegrees>
      <LongitudeDegrees>4.7710400</LongitudeDegrees>
     </Position>
     <AltitudeMeters>25.79</AltitudeMeters>
     <DistanceMeters>9752.047364274482</DistanceMeters>
    </Trackpoint>
    <Trackpoint>
     <Time>2026-04-10T14:24:14+00:00</Time>
     <Position>
      <LatitudeDegrees>43.9497100</LatitudeDegrees>
      <LongitudeDegrees>4.7706600</LongitudeDegrees>
     </Position>
     <AltitudeMeters>24.830000000000002</AltitudeMeters>
     <DistanceMeters>9782.516046740997</DistanceMeters>
    </Trackpoint>
    <Trackpoint>
     <Time>2026-04-10T14:24:21+00:00</Time>
     <Position>
      <LatitudeDegrees>43.9498400</LatitudeDegrees>
      <LongitudeDegrees>4.7705900</LongitudeDegrees>
     </Position>
     <AltitudeMeters>23.67</AltitudeMeters>
     <DistanceMeters>9798.033632714018</DistanceMeters>
    </Trackpoint>
    <Trackpoint>
     <Time>2026-04-10T14:24:27+00:00</Time>
     <Position>
      <LatitudeDegrees>43.9499000</LatitudeDegrees>
      <LongitudeDegrees>4.7705100</LongitudeDegrees>
     </Position>
     <AltitudeMeters>23.67</AltitudeMeters>
     <DistanceMeters>9807.290111421256</DistanceMeters>
    </Trackpoint>
    <Trackpoint>
     <Time>2026-04-10T14:24:34+00:00</Time>
     <Position>
      <LatitudeDegrees>43.9502000</LatitudeDegrees>
      <LongitudeDegrees>4.7699300</LongitudeDegrees>
     </Position>
     <AltitudeMeters>26.220000000000002</AltitudeMeters>
     <DistanceMeters>9864.514187244306</DistanceMeters>
    </Trackpoint>
    <Trackpoint>
     <Time>2026-04-10T14:24:41+00:00</Time>
     <Position>
      <LatitudeDegrees>43.9503900</LatitudeDegrees>
      <LongitudeDegrees>4.7694000</LongitudeDegrees>
     </Position>
     <AltitudeMeters>26.220000000000002</AltitudeMeters>
     <DistanceMeters>9911.954767108777</DistanceMeters>
    </Trackpoint>
    <Trackpoint>
     <Time>2026-04-10T14:24:47+00:00</Time>
     <Position>
      <LatitudeDegrees>43.9505500</LatitudeDegrees>
      <LongitudeDegrees>4.7686900</LongitudeDegrees>
     </Position>
     <AltitudeMeters>28.540000000000003</AltitudeMeters>
     <DistanceMeters>9971.566245173013</DistanceMeters>
    </Trackpoint>
    <Trackpoint>
     <Time>2026-04-10T14:24:54+00:00</Time>
     <Position>
      <LatitudeDegrees>43.9506400</LatitudeDegrees>
      <LongitudeDegrees>4.7684100</LongitudeDegrees>
     </Position>
     <AltitudeMeters>28.540000000000003</AltitudeMeters>
     <DistanceMeters>9996.1360412393</DistanceMeters>
    </Trackpoint>
    <Trackpoint>
     <Time>2026-04-10T14:25:00+00:00</Time>
     <Position>
      <LatitudeDegrees>43.9511800</LatitudeDegrees>
      <LongitudeDegrees>4.7674600</LongitudeDegrees>
     </Position>
     <AltitudeMeters>28.540000000000003</AltitudeMeters>
     <DistanceMeters>10093.121215752948</DistanceMeters>
    </Trackpoint>
    <Trackpoint>
     <Time>2026-04-10T14:25:07+00:00</Time>
     <Position>
      <LatitudeDegrees>43.9514000</LatitudeDegrees>
      <LongitudeDegrees>4.7670200</LongitudeDegrees>
     </Position>
     <AltitudeMeters>33.330000000000005</AltitudeMeters>
     <DistanceMeters>10136.044823337525</DistanceMeters>
    </Trackpoint>
    <Trackpoint>
     <Time>2026-04-10T14:25:13+00:00</Time>
     <Position>
      <LatitudeDegrees>43.9517100</LatitudeDegrees>
      <LongitudeDegrees>4.7659400</LongitudeDegrees>
     </Position>
     <AltitudeMeters>33.330000000000005</AltitudeMeters>
     <DistanceMeters>10229.203959272285</DistanceMeters>
    </Trackpoint>
    <Trackpoint>
     <Time>2026-04-10T14:25:20+00:00</Time>
     <Position>
      <LatitudeDegrees>43.9517800</LatitudeDegrees>
      <LongitudeDegrees>4.7655600</LongitudeDegrees>
     </Position>
     <AltitudeMeters>41.84</AltitudeMeters>
     <DistanceMeters>10260.632188262101</DistanceMeters>
    </Trackpoint>
    <Trackpoint>
     <Time>2026-04-10T14:25:26+00:00</Time>
     <Position>
      <LatitudeDegrees>43.9518800</LatitudeDegrees>
      <LongitudeDegrees>4.7653000</LongitudeDegrees>
     </Position>
     <AltitudeMeters>41.84</AltitudeMeters>
     <DistanceMeters>10284.251113827355</DistanceMeters>
    </Trackpoint>
    <Trackpoint>
     <Time>2026-04-10T14:25:33+00:00</Time>
     <Position>
      <LatitudeDegrees>43.9519700</LatitudeDegrees>
      <LongitudeDegrees>4.7647800</LongitudeDegrees>
     </Position>
     <AltitudeMeters>41.84</AltitudeMeters>
     <DistanceMeters>10327.102862894995</DistanceMeters>
    </Trackpoint>
    <Trackpoint>
     <Time>2026-04-10T14:25:39+00:00</Time>
     <Position>
      <LatitudeDegrees>43.9519300</LatitudeDegrees>
      <LongitudeDegrees>4.7644000</LongitudeDegrees>
     </Position>
     <AltitudeMeters>41.84</AltitudeMeters>
     <DistanceMeters>10357.87380663773</DistanceMeters>
    </Trackpoint>
    <Trackpoint>
     <Time>2026-04-10T14:25:46+00:00</Time>
     <Position>
      <LatitudeDegrees>43.9517600</LatitudeDegrees>
      <LongitudeDegrees>4.7637900</LongitudeDegrees>
     </Position>
     <AltitudeMeters>41.84</AltitudeMeters>
     <DistanceMeters>10410.283979393298</DistanceMeters>
    </Trackpoint>
    <Trackpoint>
     <Time>2026-04-10T14:25:52+00:00</Time>
     <Position>
      <LatitudeDegrees>43.9513900</LatitudeDegrees>
      <LongitudeDegrees>4.7627900</LongitudeDegrees>
     </Position>
     <AltitudeMeters>29.960000000000004</AltitudeMeters>
     <DistanceMeters>10500.371241487603</DistanceMeters>
    </Trackpoint>
    <Trackpoint>
     <Time>2026-04-10T14:25:59+00:00</Time>
     <Position>
      <LatitudeDegrees>43.9512900</LatitudeDegrees>
      <LongitudeDegrees>4.7623400</LongitudeDegrees>
     </Position>
     <AltitudeMeters>29.960000000000004</AltitudeMeters>
     <DistanceMeters>10538.106130269698</DistanceMeters>
    </Trackpoint>
    <Trackpoint>
     <Time>2026-04-10T14:26:05+00:00</Time>
     <Position>
      <LatitudeDegrees>43.9511400</LatitudeDegrees>
      <LongitudeDegrees>4.7614400</LongitudeDegrees>
     </Position>
     <AltitudeMeters>29.960000000000004</AltitudeMeters>
     <DistanceMeters>10612.126002300316</DistanceMeters>
    </Trackpoint>
    <Trackpoint>
     <Time>2026-04-10T14:26:12+00:00</Time>
     <Position>
      <LatitudeDegrees>43.9510500</LatitudeDegrees>
      <LongitudeDegrees>4.7608300</LongitudeDegrees>
     </Position>
     <AltitudeMeters>29.41</AltitudeMeters>
     <DistanceMeters>10662.018311857897</DistanceMeters>
    </Trackpoint>
    <Trackpoint>
     <Time>2026-04-10T14:26:18+00:00</Time>
     <Position>
      <LatitudeDegrees>43.9509300</LatitudeDegrees>
      <LongitudeDegrees>4.7597200</LongitudeDegrees>
     </Position>
     <AltitudeMeters>28.0</AltitudeMeters>
     <DistanceMeters>10751.954799055942</DistanceMeters>
    </Trackpoint>
    <Trackpoint>
     <Time>2026-04-10T14:26:25+00:00</Time>
     <Position>
      <LatitudeDegrees>43.9507900</LatitudeDegrees>
      <LongitudeDegrees>4.7594100</LongitudeDegrees>
     </Position>
     <AltitudeMeters>26.88</AltitudeMeters>
     <DistanceMeters>10781.276361059574</DistanceMeters>
    </Trackpoint>
    <Trackpoint>
     <Time>2026-04-10T14:26:31+00:00</Time>
     <Position>
      <LatitudeDegrees>43.9506200</LatitudeDegrees>
      <LongitudeDegrees>4.7589300</LongitudeDegrees>
     </Position>
     <AltitudeMeters>26.88</AltitudeMeters>
     <DistanceMeters>10824.138713193137</DistanceMeters>
    </Trackpoint>
    <Trackpoint>
     <Time>2026-04-10T14:26:38+00:00</Time>
     <Position>
      <LatitudeDegrees>43.9502900</LatitudeDegrees>
      <LongitudeDegrees>4.7582100</LongitudeDegrees>
     </Position>
     <AltitudeMeters>31.060000000000002</AltitudeMeters>
     <DistanceMeters>10892.528430769804</DistanceMeters>
    </Trackpoint>
    <Trackpoint>
     <Time>2026-04-10T14:26:45+00:00</Time>
     <Position>
      <LatitudeDegrees>43.9501500</LatitudeDegrees>
      <LongitudeDegrees>4.7578600</LongitudeDegrees>
     </Position>
     <AltitudeMeters>31.060000000000002</AltitudeMeters>
     <DistanceMeters>10924.610548326666</DistanceMeters>
    </Trackpoint>
    <Trackpoint>
     <Time>2026-04-10T14:26:51+00:00</Time>
     <Position>
      <LatitudeDegrees>43.9500900</LatitudeDegrees>
      <LongitudeDegrees>4.7578000</LongitudeDegrees>
     </Position>
     <AltitudeMeters>31.060000000000002</AltitudeMeters>
     <DistanceMeters>10932.838868414821</DistanceMeters>
    </Trackpoint>
    <Trackpoint>
     <Time>2026-04-10T14:26:58+00:00</Time>
     <Position>
      <LatitudeDegrees>43.9499800</LatitudeDegrees>
      <LongitudeDegrees>4.7578000</LongitudeDegrees>
     </Position>
     <AltitudeMeters>31.060000000000002</AltitudeMeters>
     <DistanceMeters>10945.081393153245</DistanceMeters>
    </Trackpoint>
    <Trackpoint>
     <Time>2026-04-10T14:27:04+00:00</Time>
     <Position>
      <LatitudeDegrees>43.9497100</LatitudeDegrees>
      <LongitudeDegrees>4.7579200</LongitudeDegrees>
     </Position>
     <AltitudeMeters>31.060000000000002</AltitudeMeters>
     <DistanceMeters>10976.632074045785</DistanceMeters>
    </Trackpoint>
    <Trackpoint>
     <Time>2026-04-10T14:27:11+00:00</Time>
     <Position>
      <LatitudeDegrees>43.9492150</LatitudeDegrees>
      <LongitudeDegrees>4.7580650</LongitudeDegrees>
     </Position>
     <AltitudeMeters>31.060000000000002</AltitudeMeters>
     <DistanceMeters>11032.935272050363</DistanceMeters>
    </Trackpoint>
    <Trackpoint>
     <Time>2026-04-10T14:27:17+00:00</Time>
     <Position>
      <LatitudeDegrees>43.9487200</LatitudeDegrees>
      <LongitudeDegrees>4.7582100</LongitudeDegrees>
     </Position>
     <AltitudeMeters>31.060000000000002</AltitudeMeters>
     <DistanceMeters>11089.238445396137</DistanceMeters>
    </Trackpoint>
    <Trackpoint>
     <Time>2026-04-10T14:27:24+00:00</Time>
     <Position>
      <LatitudeDegrees>43.9484100</LatitudeDegrees>
      <LongitudeDegrees>4.7583900</LongitudeDegrees>
     </Position>
     <AltitudeMeters>31.060000000000002</AltitudeMeters>
     <DistanceMeters>11126.633535158107</DistanceMeters>
    </Trackpoint>
    <Trackpoint>
     <Time>2026-04-10T14:27:30+00:00</Time>
     <Position>
      <LatitudeDegrees>43.9481300</LatitudeDegrees>
      <LongitudeDegrees>4.7583800</LongitudeDegrees>
     </Position>
     <AltitudeMeters>24.07</AltitudeMeters>
     <DistanceMeters>11157.806625545549</DistanceMeters>
    </Trackpoint>
    <Trackpoint>
     <Time>2026-04-10T14:27:37+00:00</Time>
     <Position>
      <LatitudeDegrees>43.9476800</LatitudeDegrees>
      <LongitudeDegrees>4.7581600</LongitudeDegrees>
     </Position>
     <AltitudeMeters>24.07</AltitudeMeters>
     <DistanceMeters>11210.9016109818</DistanceMeters>
    </Trackpoint>
    <Trackpoint>
     <Time>2026-04-10T14:27:43+00:00</Time>
     <Position>
      <LatitudeDegrees>43.9471100</LatitudeDegrees>
      <LongitudeDegrees>4.7575300</LongitudeDegrees>
     </Position>
     <AltitudeMeters>24.07</AltitudeMeters>
     <DistanceMeters>11291.974992575597</DistanceMeters>
    </Trackpoint>
    <Trackpoint>
     <Time>2026-04-10T14:27:50+00:00</Time>
     <Position>
      <LatitudeDegrees>43.9468000</LatitudeDegrees>
      <LongitudeDegrees>4.7570600</LongitudeDegrees>
     </Position>
     <AltitudeMeters>24.07</AltitudeMeters>
     <DistanceMeters>11343.050983198435</DistanceMeters>
    </Trackpoint>
    <Trackpoint>
     <Time>2026-04-10T14:27:56+00:00</Time>
     <Position>
      <LatitudeDegrees>43.9464400</LatitudeDegrees>
      <LongitudeDegrees>4.7567200</LongitudeDegrees>
     </Position>
     <AltitudeMeters>24.07</AltitudeMeters>
     <DistanceMeters>11391.502943528993</DistanceMeters>
    </Trackpoint>
    <Trackpoint>
     <Time>2026-04-10T14:28:03+00:00</Time>
     <Position>
      <LatitudeDegrees>43.9462200</LatitudeDegrees>
      <LongitudeDegrees>4.7565400</LongitudeDegrees>
     </Position>
     <AltitudeMeters>26.770000000000003</AltitudeMeters>
     <DistanceMeters>11419.920569129308</DistanceMeters>
    </Trackpoint>
    <Trackpoint>
     <Time>2026-04-10T14:28:09+00:00</Time>
     <Position>
      <LatitudeDegrees>43.9456100</LatitudeDegrees>
      <LongitudeDegrees>4.7563400</LongitudeDegrees>
     </Position>
     <AltitudeMeters>26.770000000000003</AltitudeMeters>
     <DistanceMeters>11489.676926304652</DistanceMeters>
    </Trackpoint>
    <Trackpoint>
     <Time>2026-04-10T14:28:16+00:00</Time>
     <Position>
      <LatitudeDegrees>43.9455100</LatitudeDegrees>
      <LongitudeDegrees>4.7563300</LongitudeDegrees>
     </Position>
     <AltitudeMeters>26.770000000000003</AltitudeMeters>
     <DistanceMeters>11500.835304759074</DistanceMeters>
    </Trackpoint>
    <Trackpoint>
     <Time>2026-04-10T14:28:22+00:00</Time>
     <Position>
      <LatitudeDegrees>43.9453100</LatitudeDegrees>
      <LongitudeDegrees>4.7563800</LongitudeDegrees>
     </Position>
     <AltitudeMeters>26.770000000000003</AltitudeMeters>
     <DistanceMeters>11523.45216549368</DistanceMeters>
    </Trackpoint>
    <Trackpoint>
     <Time>2026-04-10T14:28:29+00:00</Time>
     <Position>
      <LatitudeDegrees>43.9452200</LatitudeDegrees>
      <LongitudeDegrees>4.7563700</LongitudeDegrees>
     </Position>
     <AltitudeMeters>26.770000000000003</AltitudeMeters>
     <DistanceMeters>11533.500778951107</DistanceMeters>
    </Trackpoint>
    <Trackpoint>
     <Time>2026-04-10T14:28:36+00:00</Time>
     <Position>
      <LatitudeDegrees>43.9448600</LatitudeDegrees>
      <LongitudeDegrees>4.7561300</LongitudeDegrees>
     </Position>
     <AltitudeMeters>26.770000000000003</AltitudeMeters>
     <DistanceMeters>11577.943907492188</DistanceMeters>
    </Trackpoint>
    <Trackpoint>
     <Time>2026-04-10T14:28:42+00:00</Time>
     <Position>
      <LatitudeDegrees>43.9445800</LatitudeDegrees>
      <LongitudeDegrees>4.7559800</LongitudeDegrees>
     </Position>
     <AltitudeMeters>22.240000000000002</AltitudeMeters>
     <DistanceMeters>11611.344538936404</DistanceMeters>
    </Trackpoint>
    <Trackpoint>
     <Time>2026-04-10T14:28:49+00:00</Time>
     <Position>
      <LatitudeDegrees>43.9441100</LatitudeDegrees>
      <LongitudeDegrees>4.7557800</LongitudeDegrees>
     </Position>
     <AltitudeMeters>22.240000000000002</AltitudeMeters>
     <DistanceMeters>11666.053675473015</DistanceMeters>
    </Trackpoint>
    <Trackpoint>
     <Time>2026-04-10T14:28:55+00:00</Time>
     <Position>
      <LatitudeDegrees>43.9440000</LatitudeDegrees>
      <LongitudeDegrees>4.7557500</LongitudeDegrees>
     </Position>
     <AltitudeMeters>22.240000000000002</AltitudeMeters>
     <DistanceMeters>11678.530007012205</DistanceMeters>
    </Trackpoint>
    <Trackpoint>
     <Time>2026-04-10T14:29:02+00:00</Time>
     <Position>
      <LatitudeDegrees>43.9438900</LatitudeDegrees>
      <LongitudeDegrees>4.7557800</LongitudeDegrees>
     </Position>
     <AltitudeMeters>22.240000000000002</AltitudeMeters>
     <DistanceMeters>11691.006339408546</DistanceMeters>
    </Trackpoint>
    <Trackpoint>
     <Time>2026-04-10T14:29:08+00:00</Time>
     <Position>
      <LatitudeDegrees>43.9437300</LatitudeDegrees>
      <LongitudeDegrees>4.7558900</LongitudeDegrees>
     </Position>
     <AltitudeMeters>22.240000000000002</AltitudeMeters>
     <DistanceMeters>11710.875969492512</DistanceMeters>
    </Trackpoint>
    <Trackpoint>
     <Time>2026-04-10T14:29:15+00:00</Time>
     <Position>
      <LatitudeDegrees>43.9436000</LatitudeDegrees>
      <LongitudeDegrees>4.7559400</LongitudeDegrees>
     </Position>
     <AltitudeMeters>22.240000000000002</AltitudeMeters>
     <DistanceMeters>11725.8889608372</DistanceMeters>
    </Trackpoint>
    <Trackpoint>
     <Time>2026-04-10T14:29:21+00:00</Time>
     <Position>
      <LatitudeDegrees>43.9434300</LatitudeDegrees>
      <LongitudeDegrees>4.7559100</LongitudeDegrees>
     </Position>
     <AltitudeMeters>22.240000000000002</AltitudeMeters>
     <DistanceMeters>11744.961348953717</DistanceMeters>
    </Trackpoint>
    <Trackpoint>
     <Time>2026-04-10T14:29:28+00:00</Time>
     <Position>
      <LatitudeDegrees>43.9432100</LatitudeDegrees>
      <LongitudeDegrees>4.7558300</LongitudeDegrees>
     </Position>
     <AltitudeMeters>21.400000000000002</AltitudeMeters>
     <DistanceMeters>11770.271759474954</DistanceMeters>
    </Trackpoint>
    <Trackpoint>
     <Time>2026-04-10T14:29:34+00:00</Time>
     <Position>
      <LatitudeDegrees>43.9430900</LatitudeDegrees>
      <LongitudeDegrees>4.7557400</LongitudeDegrees>
     </Position>
     <AltitudeMeters>21.400000000000002</AltitudeMeters>
     <DistanceMeters>11785.450211339517</DistanceMeters>
    </Trackpoint>
    <Trackpoint>
     <Time>2026-04-10T14:29:41+00:00</Time>
     <Position>
      <LatitudeDegrees>43.9429900</LatitudeDegrees>
      <LongitudeDegrees>4.7554700</LongitudeDegrees>
     </Position>
     <AltitudeMeters>21.400000000000002</AltitudeMeters>
     <DistanceMeters>11809.781623987648</DistanceMeters>
    </Trackpoint>
    <Trackpoint>
     <Time>2026-04-10T14:29:47+00:00</Time>
     <Position>
      <LatitudeDegrees>43.9429700</LatitudeDegrees>
      <LongitudeDegrees>4.7549500</LongitudeDegrees>
     </Position>
     <AltitudeMeters>21.400000000000002</AltitudeMeters>
     <DistanceMeters>11851.511914431101</DistanceMeters>
    </Trackpoint>
    <Trackpoint>
     <Time>2026-04-10T14:29:54+00:00</Time>
     <Position>
      <LatitudeDegrees>43.9429400</LatitudeDegrees>
      <LongitudeDegrees>4.7548400</LongitudeDegrees>
     </Position>
     <AltitudeMeters>21.400000000000002</AltitudeMeters>
     <DistanceMeters>11860.938061398936</DistanceMeters>
    </Trackpoint>
    <Trackpoint>
     <Time>2026-04-10T14:30:00+00:00</Time>
     <Position>
      <LatitudeDegrees>43.9428200</LatitudeDegrees>
      <LongitudeDegrees>4.7545300</LongitudeDegrees>
     </Position>
     <AltitudeMeters>21.400000000000002</AltitudeMeters>
     <DistanceMeters>11889.142825004987</DistanceMeters>
    </Trackpoint>
    <Trackpoint>
     <Time>2026-04-10T14:30:07+00:00</Time>
     <Position>
      <LatitudeDegrees>43.9426900</LatitudeDegrees>
      <LongitudeDegrees>4.7542900</LongitudeDegrees>
     </Position>
     <AltitudeMeters>23.98</AltitudeMeters>
     <DistanceMeters>11913.21014380013</DistanceMeters>
    </Trackpoint>
    <Trackpoint>
     <Time>2026-04-10T14:30:13+00:00</Time>
     <Position>
      <LatitudeDegrees>43.9424900</LatitudeDegrees>
      <LongitudeDegrees>4.7540700</LongitudeDegrees>
     </Position>
     <AltitudeMeters>23.98</AltitudeMeters>
     <DistanceMeters>11941.60538480935</DistanceMeters>
    </Trackpoint>
    <Trackpoint>
     <Time>2026-04-10T14:30:20+00:00</Time>
     <Position>
      <LatitudeDegrees>43.9420300</LatitudeDegrees>
      <LongitudeDegrees>4.7537600</LongitudeDegrees>
     </Position>
     <AltitudeMeters>23.98</AltitudeMeters>
     <DistanceMeters>11998.51050191331</DistanceMeters>
    </Trackpoint>
    <Trackpoint>
     <Time>2026-04-10T14:30:26+00:00</Time>
     <Position>
      <LatitudeDegrees>43.9415700</LatitudeDegrees>
      <LongitudeDegrees>4.7534500</LongitudeDegrees>
     </Position>
     <AltitudeMeters>24.0</AltitudeMeters>
     <DistanceMeters>12055.415562750346</DistanceMeters>
    </Trackpoint>
    <Trackpoint>
     <Time>2026-04-10T14:30:33+00:00</Time>
     <Position>
      <LatitudeDegrees>43.9412000</LatitudeDegrees>
      <LongitudeDegrees>4.7532300</LongitudeDegrees>
     </Position>
     <AltitudeMeters>24.0</AltitudeMeters>
     <DistanceMeters>12100.210387011675</DistanceMeters>
    </Trackpoint>
    <Trackpoint>
     <Time>2026-04-10T14:30:40+00:00</Time>
     <Position>
      <LatitudeDegrees>43.9407800</LatitudeDegrees>
      <LongitudeDegrees>4.7531000</LongitudeDegrees>
     </Position>
     <AltitudeMeters>24.0</AltitudeMeters>
     <DistanceMeters>12148.101461693786</DistanceMeters>
    </Trackpoint>
    <Trackpoint>
     <Time>2026-04-10T14:30:46+00:00</Time>
     <Position>
      <LatitudeDegrees>43.9401300</LatitudeDegrees>
      <LongitudeDegrees>4.7530033</LongitudeDegrees>
     </Position>
     <AltitudeMeters>24.0</AltitudeMeters>
     <DistanceMeters>12220.857268937794</DistanceMeters>
    </Trackpoint>
    <Trackpoint>
     <Time>2026-04-10T14:30:53+00:00</Time>
     <Position>
      <LatitudeDegrees>43.9394800</LatitudeDegrees>
      <LongitudeDegrees>4.7529067</LongitudeDegrees>
     </Position>
     <AltitudeMeters>24.0</AltitudeMeters>
     <DistanceMeters>12293.613076181857</DistanceMeters>
    </Trackpoint>
    <Trackpoint>
     <Time>2026-04-10T14:30:59+00:00</Time>
     <Position>
      <LatitudeDegrees>43.9388300</LatitudeDegrees>
      <LongitudeDegrees>4.7528100</LongitudeDegrees>
     </Position>
     <AltitudeMeters>29.370000000000005</AltitudeMeters>
     <DistanceMeters>12366.368884108777</DistanceMeters>
    </Trackpoint>
    <Trackpoint>
     <Time>2026-04-10T14:31:06+00:00</Time>
     <Position>
      <LatitudeDegrees>43.9383800</LatitudeDegrees>
      <LongitudeDegrees>4.7529700</LongitudeDegrees>
     </Position>
     <AltitudeMeters>29.370000000000005</AltitudeMeters>
     <DistanceMeters>12418.067389710983</DistanceMeters>
    </Trackpoint>
    <Trackpoint>
     <Time>2026-04-10T14:31:12+00:00</Time>
     <Position>
      <LatitudeDegrees>43.9382400</LatitudeDegrees>
      <LongitudeDegrees>4.7529300</LongitudeDegrees>
     </Position>
     <AltitudeMeters>29.370000000000005</AltitudeMeters>
     <DistanceMeters>12433.975136689784</DistanceMeters>
    </Trackpoint>
    <Trackpoint>
     <Time>2026-04-10T14:31:19+00:00</Time>
     <Position>
      <LatitudeDegrees>43.9381100</LatitudeDegrees>
      <LongitudeDegrees>4.7527500</LongitudeDegrees>
     </Position>
     <AltitudeMeters>29.370000000000005</AltitudeMeters>
     <DistanceMeters>12454.40640164107</DistanceMeters>
    </Trackpoint>
    <Trackpoint>
     <Time>2026-04-10T14:31:25+00:00</Time>
     <Position>
      <LatitudeDegrees>43.9379200</LatitudeDegrees>
      <LongitudeDegrees>4.7523600</LongitudeDegrees>
     </Position>
     <AltitudeMeters>29.370000000000005</AltitudeMeters>
     <DistanceMeters>12492.143441366954</DistanceMeters>
    </Trackpoint>
    <Trackpoint>
     <Time>2026-04-10T14:31:32+00:00</Time>
     <Position>
      <LatitudeDegrees>43.9378700</LatitudeDegrees>
      <LongitudeDegrees>4.7522900</LongitudeDegrees>
     </Position>
     <AltitudeMeters>29.370000000000005</AltitudeMeters>
     <DistanceMeters>12500.04528695609</DistanceMeters>
    </Trackpoint>
    <Trackpoint>
     <Time>2026-04-10T14:31:38+00:00</Time>
     <Position>
      <LatitudeDegrees>43.9377900</LatitudeDegrees>
      <LongitudeDegrees>4.7522500</LongitudeDegrees>
     </Position>
     <AltitudeMeters>29.370000000000005</AltitudeMeters>
     <DistanceMeters>12509.508466484534</DistanceMeters>
    </Trackpoint>
    <Trackpoint>
     <Time>2026-04-10T14:31:45+00:00</Time>
     <Position>
      <LatitudeDegrees>43.9377500</LatitudeDegrees>
      <LongitudeDegrees>4.7522500</LongitudeDegrees>
     </Position>
     <AltitudeMeters>29.370000000000005</AltitudeMeters>
     <DistanceMeters>12513.960293662789</DistanceMeters>
    </Trackpoint>
    <Trackpoint>
     <Time>2026-04-10T14:31:51+00:00</Time>
     <Position>
      <LatitudeDegrees>43.9373100</LatitudeDegrees>
      <LongitudeDegrees>4.7526050</LongitudeDegrees>
     </Position>
     <AltitudeMeters>27.540000000000003</AltitudeMeters>
     <DistanceMeters>12570.595410574551</DistanceMeters>
    </Trackpoint>
    <Trackpoint>
     <Time>2026-04-10T14:31:58+00:00</Time>
     <Position>
      <LatitudeDegrees>43.9368700</LatitudeDegrees>
      <LongitudeDegrees>4.7529600</LongitudeDegrees>
     </Position>
     <AltitudeMeters>24.25</AltitudeMeters>
     <DistanceMeters>12627.23051770493</DistanceMeters>
    </Trackpoint>
    <Trackpoint>
     <Time>2026-04-10T14:32:04+00:00</Time>
     <Position>
      <LatitudeDegrees>43.9366700</LatitudeDegrees>
      <LongitudeDegrees>4.7523900</LongitudeDegrees>
     </Position>
     <AltitudeMeters>23.3</AltitudeMeters>
     <DistanceMeters>12678.047493061136</DistanceMeters>
    </Trackpoint>
    <Trackpoint>
     <Time>2026-04-10T14:32:11+00:00</Time>
     <Position>
      <LatitudeDegrees>43.9364700</LatitudeDegrees>
      <LongitudeDegrees>4.7518200</LongitudeDegrees>
     </Position>
     <AltitudeMeters>23.3</AltitudeMeters>
     <DistanceMeters>12728.864451950792</DistanceMeters>
    </Trackpoint>
    <Trackpoint>
     <Time>2026-04-10T14:32:17+00:00</Time>
     <Position>
      <LatitudeDegrees>43.9362250</LatitudeDegrees>
      <LongitudeDegrees>4.7511900</LongitudeDegrees>
     </Position>
     <AltitudeMeters>21.57</AltitudeMeters>
     <DistanceMeters>12786.248399445078</DistanceMeters>
    </Trackpoint>
    <Trackpoint>
     <Time>2026-04-10T14:32:24+00:00</Time>
     <Position>
      <LatitudeDegrees>43.9359800</LatitudeDegrees>
      <LongitudeDegrees>4.7505600</LongitudeDegrees>
     </Position>
     <AltitudeMeters>21.57</AltitudeMeters>
     <DistanceMeters>12843.632328084084</DistanceMeters>
    </Trackpoint>
    <Trackpoint>
     <Time>2026-04-10T14:32:30+00:00</Time>
     <Position>
      <LatitudeDegrees>43.9355700</LatitudeDegrees>
      <LongitudeDegrees>4.7496450</LongitudeDegrees>
     </Position>
     <AltitudeMeters>20.76</AltitudeMeters>
     <DistanceMeters>12930.004001336127</DistanceMeters>
    </Trackpoint>
    <Trackpoint>
     <Time>2026-04-10T14:32:37+00:00</Time>
     <Position>
      <LatitudeDegrees>43.9351600</LatitudeDegrees>
      <LongitudeDegrees>4.7487300</LongitudeDegrees>
     </Position>
     <AltitudeMeters>20.76</AltitudeMeters>
     <DistanceMeters>13016.375660692918</DistanceMeters>
    </Trackpoint>
    <Trackpoint>
     <Time>2026-04-10T14:32:44+00:00</Time>
     <Position>
      <LatitudeDegrees>43.9350200</LatitudeDegrees>
      <LongitudeDegrees>4.7484300</LongitudeDegrees>
     </Position>
     <AltitudeMeters>20.75</AltitudeMeters>
     <DistanceMeters>13045.026975797193</DistanceMeters>
    </Trackpoint>
    <Trackpoint>
     <Time>2026-04-10T14:32:50+00:00</Time>
     <Position>
      <LatitudeDegrees>43.9345233</LatitudeDegrees>
      <LongitudeDegrees>4.7475100</LongitudeDegrees>
     </Position>
     <AltitudeMeters>21.240000000000002</AltitudeMeters>
     <DistanceMeters>13137.182055563799</DistanceMeters>
    </Trackpoint>
    <Trackpoint>
     <Time>2026-04-10T14:32:57+00:00</Time>
     <Position>
      <LatitudeDegrees>43.9340267</LatitudeDegrees>
      <LongitudeDegrees>4.7465900</LongitudeDegrees>
     </Position>
     <AltitudeMeters>21.240000000000002</AltitudeMeters>
     <DistanceMeters>13229.337135330668</DistanceMeters>
    </Trackpoint>
    <Trackpoint>
     <Time>2026-04-10T14:33:03+00:00</Time>
     <Position>
      <LatitudeDegrees>43.9335300</LatitudeDegrees>
      <LongitudeDegrees>4.7456700</LongitudeDegrees>
     </Position>
     <AltitudeMeters>21.240000000000002</AltitudeMeters>
     <DistanceMeters>13321.492204630254</DistanceMeters>
    </Trackpoint>
    <Trackpoint>
     <Time>2026-04-10T14:33:10+00:00</Time>
     <Position>
      <LatitudeDegrees>43.9331700</LatitudeDegrees>
      <LongitudeDegrees>4.7451500</LongitudeDegrees>
     </Position>
     <AltitudeMeters>21.240000000000002</AltitudeMeters>
     <DistanceMeters>13379.305222122834</DistanceMeters>
    </Trackpoint>
    <Trackpoint>
     <Time>2026-04-10T14:33:16+00:00</Time>
     <Position>
      <LatitudeDegrees>43.9326500</LatitudeDegrees>
      <LongitudeDegrees>4.7445500</LongitudeDegrees>
     </Position>
     <AltitudeMeters>29.6</AltitudeMeters>
     <DistanceMeters>13454.551569562422</DistanceMeters>
    </Trackpoint>
    <Trackpoint>
     <Time>2026-04-10T14:33:23+00:00</Time>
     <Position>
      <LatitudeDegrees>43.9320100</LatitudeDegrees>
      <LongitudeDegrees>4.7440750</LongitudeDegrees>
     </Position>
     <AltitudeMeters>29.6</AltitudeMeters>
     <DistanceMeters>13535.317062803346</DistanceMeters>
    </Trackpoint>
    <Trackpoint>
     <Time>2026-04-10T14:33:29+00:00</Time>
     <Position>
      <LatitudeDegrees>43.9313700</LatitudeDegrees>
      <LongitudeDegrees>4.7436000</LongitudeDegrees>
     </Position>
     <AltitudeMeters>29.6</AltitudeMeters>
     <DistanceMeters>13616.082541126161</DistanceMeters>
    </Trackpoint>
    <Trackpoint>
     <Time>2026-04-10T14:33:36+00:00</Time>
     <Position>
      <LatitudeDegrees>43.9307800</LatitudeDegrees>
      <LongitudeDegrees>4.7431300</LongitudeDegrees>
     </Position>
     <AltitudeMeters>29.6</AltitudeMeters>
     <DistanceMeters>13691.785712713674</DistanceMeters>
    </Trackpoint>
    <Trackpoint>
     <Time>2026-04-10T14:33:42+00:00</Time>
     <Position>
      <LatitudeDegrees>43.9301200</LatitudeDegrees>
      <LongitudeDegrees>4.7425300</LongitudeDegrees>
     </Position>
     <AltitudeMeters>29.6</AltitudeMeters>
     <DistanceMeters>13779.583728841533</DistanceMeters>
    </Trackpoint>
    <Trackpoint>
     <Time>2026-04-10T14:33:49+00:00</Time>
     <Position>
      <LatitudeDegrees>43.9296150</LatitudeDegrees>
      <LongitudeDegrees>4.7419650</LongitudeDegrees>
     </Position>
     <AltitudeMeters>29.6</AltitudeMeters>
     <DistanceMeters>13851.763069135794</DistanceMeters>
    </Trackpoint>
    <Trackpoint>
     <Time>2026-04-10T14:33:55+00:00</Time>
     <Position>
      <LatitudeDegrees>43.9291100</LatitudeDegrees>
      <LongitudeDegrees>4.7414000</LongitudeDegrees>
     </Position>
     <AltitudeMeters>29.6</AltitudeMeters>
     <DistanceMeters>13923.942383970223</DistanceMeters>
    </Trackpoint>
    <Trackpoint>
     <Time>2026-04-10T14:34:02+00:00</Time>
     <Position>
      <LatitudeDegrees>43.9285400</LatitudeDegrees>
      <LongitudeDegrees>4.7406200</LongitudeDegrees>
     </Position>
     <AltitudeMeters>27.82</AltitudeMeters>
     <DistanceMeters>14013.011733574436</DistanceMeters>
    </Trackpoint>
    <Trackpoint>
     <Time>2026-04-10T14:34:08+00:00</Time>
     <Position>
      <LatitudeDegrees>43.9282000</LatitudeDegrees>
      <LongitudeDegrees>4.7400800</LongitudeDegrees>
     </Position>
     <AltitudeMeters>27.82</AltitudeMeters>
     <DistanceMeters>14070.504614806378</DistanceMeters>
    </Trackpoint>
    <Trackpoint>
     <Time>2026-04-10T14:34:15+00:00</Time>
     <Position>
      <LatitudeDegrees>43.9276700</LatitudeDegrees>
      <LongitudeDegrees>4.7391050</LongitudeDegrees>
     </Position>
     <AltitudeMeters>27.82</AltitudeMeters>
     <DistanceMeters>14168.419518610923</DistanceMeters>
    </Trackpoint>
    <Trackpoint>
     <Time>2026-04-10T14:34:21+00:00</Time>
     <Position>
      <LatitudeDegrees>43.9271400</LatitudeDegrees>
      <LongitudeDegrees>4.7381300</LongitudeDegrees>
     </Position>
     <AltitudeMeters>27.82</AltitudeMeters>
     <DistanceMeters>14266.334408512714</DistanceMeters>
    </Trackpoint>
    <Trackpoint>
     <Time>2026-04-10T14:34:28+00:00</Time>
     <Position>
      <LatitudeDegrees>43.9269300</LatitudeDegrees>
      <LongitudeDegrees>4.7377900</LongitudeDegrees>
     </Position>
     <AltitudeMeters>27.82</AltitudeMeters>
     <DistanceMeters>14302.237281856611</DistanceMeters>
    </Trackpoint>
    <Trackpoint>
     <Time>2026-04-10T14:34:35+00:00</Time>
     <Position>
      <LatitudeDegrees>43.9266200</LatitudeDegrees>
      <LongitudeDegrees>4.7373500</LongitudeDegrees>
     </Position>
     <AltitudeMeters>27.82</AltitudeMeters>
     <DistanceMeters>14351.575992611171</DistanceMeters>
    </Trackpoint>
    <Trackpoint>
     <Time>2026-04-10T14:34:41+00:00</Time>
     <Position>
      <LatitudeDegrees>43.9263600</LatitudeDegrees>
      <LongitudeDegrees>4.7370400</LongitudeDegrees>
     </Position>
     <AltitudeMeters>27.82</AltitudeMeters>
     <DistanceMeters>14389.718133522554</DistanceMeters>
    </Trackpoint>
    <Trackpoint>
     <Time>2026-04-10T14:34:48+00:00</Time>
     <Position>
      <LatitudeDegrees>43.9262800</LatitudeDegrees>
      <LongitudeDegrees>4.7367300</LongitudeDegrees>
     </Position>
     <AltitudeMeters>27.17</AltitudeMeters>
     <DistanceMeters>14416.114320236287</DistanceMeters>
    </Trackpoint>
    <Trackpoint>
     <Time>2026-04-10T14:34:54+00:00</Time>
     <Position>
      <LatitudeDegrees>43.9262300</LatitudeDegrees>
      <LongitudeDegrees>4.7366100</LongitudeDegrees>
     </Position>
     <AltitudeMeters>27.21</AltitudeMeters>
     <DistanceMeters>14427.22706891852</DistanceMeters>
    </Trackpoint>
    <Trackpoint>
     <Time>2026-04-10T14:35:01+00:00</Time>
     <Position>
      <LatitudeDegrees>43.9257950</LatitudeDegrees>
      <LongitudeDegrees>4.7358900</LongitudeDegrees>
     </Position>
     <AltitudeMeters>27.21</AltitudeMeters>
     <DistanceMeters>14502.558870787892</DistanceMeters>
    </Trackpoint>
    <Trackpoint>
     <Time>2026-04-10T14:35:07+00:00</Time>
     <Position>
      <LatitudeDegrees>43.9253600</LatitudeDegrees>
      <LongitudeDegrees>4.7351700</LongitudeDegrees>
     </Position>
     <AltitudeMeters>27.21</AltitudeMeters>
     <DistanceMeters>14577.890657439435</DistanceMeters>
    </Trackpoint>
    <Trackpoint>
     <Time>2026-04-10T14:35:14+00:00</Time>
     <Position>
      <LatitudeDegrees>43.9248000</LatitudeDegrees>
      <LongitudeDegrees>4.7342000</LongitudeDegrees>
     </Position>
     <AltitudeMeters>27.21</AltitudeMeters>
     <DistanceMeters>14677.54212536505</DistanceMeters>
    </Trackpoint>
    <Trackpoint>
     <Time>2026-04-10T14:35:20+00:00</Time>
     <Position>
      <LatitudeDegrees>43.9244400</LatitudeDegrees>
      <LongitudeDegrees>4.7336250</LongitudeDegrees>
     </Position>
     <AltitudeMeters>27.21</AltitudeMeters>
     <DistanceMeters>14738.614725986645</DistanceMeters>
    </Trackpoint>
    <Trackpoint>
     <Time>2026-04-10T14:35:27+00:00</Time>
     <Position>
      <LatitudeDegrees>43.9240800</LatitudeDegrees>
      <LongitudeDegrees>4.7330500</LongitudeDegrees>
     </Position>
     <AltitudeMeters>26.38</AltitudeMeters>
     <DistanceMeters>14799.687306756707</DistanceMeters>
    </Trackpoint>
    <Trackpoint>
     <Time>2026-04-10T14:35:33+00:00</Time>
     <Position>
      <LatitudeDegrees>43.9237600</LatitudeDegrees>
      <LongitudeDegrees>4.7326000</LongitudeDegrees>
     </Position>
     <AltitudeMeters>26.38</AltitudeMeters>
     <DistanceMeters>14850.379072348127</DistanceMeters>
    </Trackpoint>
    <Trackpoint>
     <Time>2026-04-10T14:35:40+00:00</Time>
     <Position>
      <LatitudeDegrees>43.9235600</LatitudeDegrees>
      <LongitudeDegrees>4.7323500</LongitudeDegrees>
     </Position>
     <AltitudeMeters>26.38</AltitudeMeters>
     <DistanceMeters>14880.330604604616</DistanceMeters>
    </Trackpoint>
    <Trackpoint>
     <Time>2026-04-10T14:35:46+00:00</Time>
     <Position>
      <LatitudeDegrees>43.9233400</LatitudeDegrees>
      <LongitudeDegrees>4.7321800</LongitudeDegrees>
     </Position>
     <AltitudeMeters>26.38</AltitudeMeters>
     <DistanceMeters>14908.352567958927</DistanceMeters>
    </Trackpoint>
    <Trackpoint>
     <Time>2026-04-10T14:35:53+00:00</Time>
     <Position>
      <LatitudeDegrees>43.9230300</LatitudeDegrees>
      <LongitudeDegrees>4.7319900</LongitudeDegrees>
     </Position>
     <AltitudeMeters>26.38</AltitudeMeters>
     <DistanceMeters>14946.06658364859</DistanceMeters>
    </Trackpoint>
    <Trackpoint>
     <Time>2026-04-10T14:35:59+00:00</Time>
     <Position>
      <LatitudeDegrees>43.9228800</LatitudeDegrees>
      <LongitudeDegrees>4.7318200</LongitudeDegrees>
     </Position>
     <AltitudeMeters>26.38</AltitudeMeters>
     <DistanceMeters>14967.616926076225</DistanceMeters>
    </Trackpoint>
    <Trackpoint>
     <Time>2026-04-10T14:36:06+00:00</Time>
     <Position>
      <LatitudeDegrees>43.9227600</LatitudeDegrees>
      <LongitudeDegrees>4.7315500</LongitudeDegrees>
     </Position>
     <AltitudeMeters>26.38</AltitudeMeters>
     <DistanceMeters>14993.04993014281</DistanceMeters>
    </Trackpoint>
    <Trackpoint>
     <Time>2026-04-10T14:36:12+00:00</Time>
     <Position>
      <LatitudeDegrees>43.9225400</LatitudeDegrees>
      <LongitudeDegrees>4.7308900</LongitudeDegrees>
     </Position>
     <AltitudeMeters>26.38</AltitudeMeters>
     <DistanceMeters>15051.348981317944</DistanceMeters>
    </Trackpoint>
    <Trackpoint>
     <Time>2026-04-10T14:36:19+00:00</Time>
     <Position>
      <LatitudeDegrees>43.9224700</LatitudeDegrees>
      <LongitudeDegrees>4.7307400</LongitudeDegrees>
     </Position>
     <AltitudeMeters>26.38</AltitudeMeters>
     <DistanceMeters>15065.676773827046</DistanceMeters>
    </Trackpoint>
    <Trackpoint>
     <Time>2026-04-10T14:36:25+00:00</Time>
     <Position>
      <LatitudeDegrees>43.9223900</LatitudeDegrees>
      <LongitudeDegrees>4.7306200</LongitudeDegrees>
     </Position>
     <AltitudeMeters>26.38</AltitudeMeters>
     <DistanceMeters>15078.784531942412</DistanceMeters>
    </Trackpoint>
    <Trackpoint>
     <Time>2026-04-10T14:36:32+00:00</Time>
     <Position>
      <LatitudeDegrees>43.9221200</LatitudeDegrees>
      <LongitudeDegrees>4.7303000</LongitudeDegrees>
     </Position>
     <AltitudeMeters>26.38</AltitudeMeters>
     <DistanceMeters>15118.294609444412</DistanceMeters>
    </Trackpoint>
    <Trackpoint>
     <Time>2026-04-10T14:36:39+00:00</Time>
     <Position>
      <LatitudeDegrees>43.9220000</LatitudeDegrees>
      <LongitudeDegrees>4.7301300</LongitudeDegrees>
     </Position>
     <AltitudeMeters>26.38</AltitudeMeters>
     <DistanceMeters>15137.375761079698</DistanceMeters>
    </Trackpoint>
    <Trackpoint>
     <Time>2026-04-10T14:36:45+00:00</Time>
     <Position>
      <LatitudeDegrees>43.9217400</LatitudeDegrees>
      <LongitudeDegrees>4.7294800</LongitudeDegrees>
     </Position>
     <AltitudeMeters>26.38</AltitudeMeters>
     <DistanceMeters>15196.97865446782</DistanceMeters>
    </Trackpoint>
    <Trackpoint>
     <Time>2026-04-10T14:36:52+00:00</Time>
     <Position>
      <LatitudeDegrees>43.9214800</LatitudeDegrees>
      <LongitudeDegrees>4.7288300</LongitudeDegrees>
     </Position>
     <AltitudeMeters>22.840000000000003</AltitudeMeters>
     <DistanceMeters>15256.58153477091</DistanceMeters>
    </Trackpoint>
    <Trackpoint>
     <Time>2026-04-10T14:36:58+00:00</Time>
     <Position>
      <LatitudeDegrees>43.9213100</LatitudeDegrees>
      <LongitudeDegrees>4.7280300</LongitudeDegrees>
     </Position>
     <AltitudeMeters>22.840000000000003</AltitudeMeters>
     <DistanceMeters>15323.44655694397</DistanceMeters>
    </Trackpoint>
    <Trackpoint>
     <Time>2026-04-10T14:37:05+00:00</Time>
     <Position>
      <LatitudeDegrees>43.9212300</LatitudeDegrees>
      <LongitudeDegrees>4.7277600</LongitudeDegrees>
     </Position>
     <AltitudeMeters>22.840000000000003</AltitudeMeters>
     <DistanceMeters>15346.85100696443</DistanceMeters>
    </Trackpoint>
    <Trackpoint>
     <Time>2026-04-10T14:37:11+00:00</Time>
     <Position>
      <LatitudeDegrees>43.9209650</LatitudeDegrees>
      <LongitudeDegrees>4.7270950</LongitudeDegrees>
     </Position>
     <AltitudeMeters>22.840000000000003</AltitudeMeters>
     <DistanceMeters>15407.776013013383</DistanceMeters>
    </Trackpoint>
    <Trackpoint>
     <Time>2026-04-10T14:37:18+00:00</Time>
     <Position>
      <LatitudeDegrees>43.9207000</LatitudeDegrees>
      <LongitudeDegrees>4.7264300</LongitudeDegrees>
     </Position>
     <AltitudeMeters>22.840000000000003</AltitudeMeters>
     <DistanceMeters>15468.700986909065</DistanceMeters>
    </Trackpoint>
    <Trackpoint>
     <Time>2026-04-10T14:37:24+00:00</Time>
     <Position>
      <LatitudeDegrees>43.9205700</LatitudeDegrees>
      <LongitudeDegrees>4.7261600</LongitudeDegrees>
     </Position>
     <AltitudeMeters>20.880000000000003</AltitudeMeters>
     <DistanceMeters>15494.736326893872</DistanceMeters>
    </Trackpoint>
    <Trackpoint>
     <Time>2026-04-10T14:37:31+00:00</Time>
     <Position>
      <LatitudeDegrees>43.9202800</LatitudeDegrees>
      <LongitudeDegrees>4.7256500</LongitudeDegrees>
     </Position>
     <AltitudeMeters>20.880000000000003</AltitudeMeters>
     <DistanceMeters>15546.825758314648</DistanceMeters>
    </Trackpoint>
    <Trackpoint>
     <Time>2026-04-10T14:37:37+00:00</Time>
     <Position>
      <LatitudeDegrees>43.9198650</LatitudeDegrees>
      <LongitudeDegrees>4.7246925</LongitudeDegrees>
     </Position>
     <AltitudeMeters>20.880000000000003</AltitudeMeters>
     <DistanceMeters>15636.411121744775</DistanceMeters>
    </Trackpoint>
    <Trackpoint>
     <Time>2026-04-10T14:37:44+00:00</Time>
     <Position>
      <LatitudeDegrees>43.9194500</LatitudeDegrees>
      <LongitudeDegrees>4.7237350</LongitudeDegrees>
     </Position>
     <AltitudeMeters>17.380000000000003</AltitudeMeters>
     <DistanceMeters>15725.996485174233</DistanceMeters>
    </Trackpoint>
    <Trackpoint>
     <Time>2026-04-10T14:37:50+00:00</Time>
     <Position>
      <LatitudeDegrees>43.9190350</LatitudeDegrees>
      <LongitudeDegrees>4.7227775</LongitudeDegrees>
     </Position>
     <AltitudeMeters>17.380000000000003</AltitudeMeters>
     <DistanceMeters>15815.581848603426</DistanceMeters>
    </Trackpoint>
    <Trackpoint>
     <Time>2026-04-10T14:37:57+00:00</Time>
     <Position>
      <LatitudeDegrees>43.9186200</LatitudeDegrees>
      <LongitudeDegrees>4.7218200</LongitudeDegrees>
     </Position>
     <AltitudeMeters>17.380000000000003</AltitudeMeters>
     <DistanceMeters>15905.167212023116</DistanceMeters>
    </Trackpoint>
    <Trackpoint>
     <Time>2026-04-10T14:38:03+00:00</Time>
     <Position>
      <LatitudeDegrees>43.9184700</LatitudeDegrees>
      <LongitudeDegrees>4.7215700</LongitudeDegrees>
     </Position>
     <AltitudeMeters>17.380000000000003</AltitudeMeters>
     <DistanceMeters>15931.251605899346</DistanceMeters>
    </Trackpoint>
    <Trackpoint>
     <Time>2026-04-10T14:38:10+00:00</Time>
     <Position>
      <LatitudeDegrees>43.9181100</LatitudeDegrees>
      <LongitudeDegrees>4.7211050</LongitudeDegrees>
     </Position>
     <AltitudeMeters>20.42</AltitudeMeters>
     <DistanceMeters>15985.97856463385</DistanceMeters>
    </Trackpoint>
    <Trackpoint>
     <Time>2026-04-10T14:38:16+00:00</Time>
     <Position>
      <LatitudeDegrees>43.9177500</LatitudeDegrees>
      <LongitudeDegrees>4.7206400</LongitudeDegrees>
     </Position>
     <AltitudeMeters>20.42</AltitudeMeters>
     <DistanceMeters>16040.705552728543</DistanceMeters>
    </Trackpoint>
    <Trackpoint>
     <Time>2026-04-10T14:38:23+00:00</Time>
     <Position>
      <LatitudeDegrees>43.9173200</LatitudeDegrees>
      <LongitudeDegrees>4.7199600</LongitudeDegrees>
     </Position>
     <AltitudeMeters>20.42</AltitudeMeters>
     <DistanceMeters>16113.247274873072</DistanceMeters>
    </Trackpoint>
    <Trackpoint>
     <Time>2026-04-10T14:38:29+00:00</Time>
     <Position>
      <LatitudeDegrees>43.9171400</LatitudeDegrees>
      <LongitudeDegrees>4.7197100</LongitudeDegrees>
     </Position>
     <AltitudeMeters>20.42</AltitudeMeters>
     <DistanceMeters>16141.58527002222</DistanceMeters>
    </Trackpoint>
    <Trackpoint>
     <Time>2026-04-10T14:38:36+00:00</Time>
     <Position>
      <LatitudeDegrees>43.9167200</LatitudeDegrees>
      <LongitudeDegrees>4.7192500</LongitudeDegrees>
     </Position>
     <AltitudeMeters>20.560000000000002</AltitudeMeters>
     <DistanceMeters>16201.125831874837</DistanceMeters>
    </Trackpoint>
    <Trackpoint>
     <Time>2026-04-10T14:38:43+00:00</Time>
     <Position>
      <LatitudeDegrees>43.9163000</LatitudeDegrees>
      <LongitudeDegrees>4.7187900</LongitudeDegrees>
     </Position>
     <AltitudeMeters>20.1</AltitudeMeters>
     <DistanceMeters>16260.666389197639</DistanceMeters>
    </Trackpoint>
    <Trackpoint>
     <Time>2026-04-10T14:38:49+00:00</Time>
     <Position>
      <LatitudeDegrees>43.9159400</LatitudeDegrees>
      <LongitudeDegrees>4.7183800</LongitudeDegrees>
     </Position>
     <AltitudeMeters>20.1</AltitudeMeters>
     <DistanceMeters>16312.491219903339</DistanceMeters>
    </Trackpoint>
    <Trackpoint>
     <Time>2026-04-10T14:38:56+00:00</Time>
     <Position>
      <LatitudeDegrees>43.9155800</LatitudeDegrees>
      <LongitudeDegrees>4.7179700</LongitudeDegrees>
     </Position>
     <AltitudeMeters>20.1</AltitudeMeters>
     <DistanceMeters>16364.31601733435</DistanceMeters>
    </Trackpoint>
    <Trackpoint>
     <Time>2026-04-10T14:39:02+00:00</Time>
     <Position>
      <LatitudeDegrees>43.9152400</LatitudeDegrees>
      <LongitudeDegrees>4.7175300</LongitudeDegrees>
     </Position>
     <AltitudeMeters>20.1</AltitudeMeters>
     <DistanceMeters>16416.049226359613</DistanceMeters>
    </Trackpoint>
    <Trackpoint>
     <Time>2026-04-10T14:39:09+00:00</Time>
     <Position>
      <LatitudeDegrees>43.9148850</LatitudeDegrees>
      <LongitudeDegrees>4.7169850</LongitudeDegrees>
     </Position>
     <AltitudeMeters>20.1</AltitudeMeters>
     <DistanceMeters>16474.958324539024</DistanceMeters>
    </Trackpoint>
    <Trackpoint>
     <Time>2026-04-10T14:39:15+00:00</Time>
     <Position>
      <LatitudeDegrees>43.9145300</LatitudeDegrees>
      <LongitudeDegrees>4.7164400</LongitudeDegrees>
     </Position>
     <AltitudeMeters>20.1</AltitudeMeters>
     <DistanceMeters>16533.86745728368</DistanceMeters>
    </Trackpoint>
    <Trackpoint>
     <Time>2026-04-10T14:39:22+00:00</Time>
     <Position>
      <LatitudeDegrees>43.9140500</LatitudeDegrees>
      <LongitudeDegrees>4.7155180</LongitudeDegrees>
     </Position>
     <AltitudeMeters>20.1</AltitudeMeters>
     <DistanceMeters>16625.072945644795</DistanceMeters>
    </Trackpoint>
    <Trackpoint>
     <Time>2026-04-10T14:39:28+00:00</Time>
     <Position>
      <LatitudeDegrees>43.9135700</LatitudeDegrees>
      <LongitudeDegrees>4.7145960</LongitudeDegrees>
     </Position>
     <AltitudeMeters>20.1</AltitudeMeters>
     <DistanceMeters>16716.278434007327</DistanceMeters>
    </Trackpoint>
    <Trackpoint>
     <Time>2026-04-10T14:39:35+00:00</Time>
     <Position>
      <LatitudeDegrees>43.9130900</LatitudeDegrees>
      <LongitudeDegrees>4.7136740</LongitudeDegrees>
     </Position>
     <AltitudeMeters>23.21</AltitudeMeters>
     <DistanceMeters>16807.48392236863</DistanceMeters>
    </Trackpoint>
    <Trackpoint>
     <Time>2026-04-10T14:39:41+00:00</Time>
     <Position>
      <LatitudeDegrees>43.9126100</LatitudeDegrees>
      <LongitudeDegrees>4.7127520</LongitudeDegrees>
     </Position>
     <AltitudeMeters>23.21</AltitudeMeters>
     <DistanceMeters>16898.689410729767</DistanceMeters>
    </Trackpoint>
    <Trackpoint>
     <Time>2026-04-10T14:39:48+00:00</Time>
     <Position>
      <LatitudeDegrees>43.9121300</LatitudeDegrees>
      <LongitudeDegrees>4.7118300</LongitudeDegrees>
     </Position>
     <AltitudeMeters>23.21</AltitudeMeters>
     <DistanceMeters>16989.894900274434</DistanceMeters>
    </Trackpoint>
    <Trackpoint>
     <Time>2026-04-10T14:39:54+00:00</Time>
     <Position>
      <LatitudeDegrees>43.9119200</LatitudeDegrees>
      <LongitudeDegrees>4.7114800</LongitudeDegrees>
     </Position>
     <AltitudeMeters>23.21</AltitudeMeters>
     <DistanceMeters>17026.415414101615</DistanceMeters>
    </Trackpoint>
    <Trackpoint>
     <Time>2026-04-10T14:40:01+00:00</Time>
     <Position>
      <LatitudeDegrees>43.9115200</LatitudeDegrees>
      <LongitudeDegrees>4.7108900</LongitudeDegrees>
     </Position>
     <AltitudeMeters>23.21</AltitudeMeters>
     <DistanceMeters>17091.37436951798</DistanceMeters>
    </Trackpoint>
    <Trackpoint>
     <Time>2026-04-10T14:40:07+00:00</Time>
     <Position>
      <LatitudeDegrees>43.9113100</LatitudeDegrees>
      <LongitudeDegrees>4.7106200</LongitudeDegrees>
     </Position>
     <AltitudeMeters>23.21</AltitudeMeters>
     <DistanceMeters>17123.23191402214</DistanceMeters>
    </Trackpoint>
    <Trackpoint>
     <Time>2026-04-10T14:40:14+00:00</Time>
     <Position>
      <LatitudeDegrees>43.9109700</LatitudeDegrees>
      <LongitudeDegrees>4.7102800</LongitudeDegrees>
     </Position>
     <AltitudeMeters>23.21</AltitudeMeters>
     <DistanceMeters>17169.869499098622</DistanceMeters>
    </Trackpoint>
    <Trackpoint>
     <Time>2026-04-10T14:40:20+00:00</Time>
     <Position>
      <LatitudeDegrees>43.9106500</LatitudeDegrees>
      <LongitudeDegrees>4.7098800</LongitudeDegrees>
     </Position>
     <AltitudeMeters>23.21</AltitudeMeters>
     <DistanceMeters>17217.796584717362</DistanceMeters>
    </Trackpoint>
    <Trackpoint>
     <Time>2026-04-10T14:40:27+00:00</Time>
     <Position>
      <LatitudeDegrees>43.9100600</LatitudeDegrees>
      <LongitudeDegrees>4.7091000</LongitudeDegrees>
     </Position>
     <AltitudeMeters>23.49</AltitudeMeters>
     <DistanceMeters>17308.47816364695</DistanceMeters>
    </Trackpoint>
    <Trackpoint>
     <Time>2026-04-10T14:40:34+00:00</Time>
     <Position>
      <LatitudeDegrees>43.9098800</LatitudeDegrees>
      <LongitudeDegrees>4.7089100</LongitudeDegrees>
     </Position>
     <AltitudeMeters>23.49</AltitudeMeters>
     <DistanceMeters>17333.645909889736</DistanceMeters>
    </Trackpoint>
    <Trackpoint>
     <Time>2026-04-10T14:40:40+00:00</Time>
     <Position>
      <LatitudeDegrees>43.9093750</LatitudeDegrees>
      <LongitudeDegrees>4.7084400</LongitudeDegrees>
     </Position>
     <AltitudeMeters>22.770000000000003</AltitudeMeters>
     <DistanceMeters>17401.31503315185</DistanceMeters>
    </Trackpoint>
    <Trackpoint>
     <Time>2026-04-10T14:40:47+00:00</Time>
     <Position>
      <LatitudeDegrees>43.9088700</LatitudeDegrees>
      <LongitudeDegrees>4.7079700</LongitudeDegrees>
     </Position>
     <AltitudeMeters>22.770000000000003</AltitudeMeters>
     <DistanceMeters>17468.98416802384</DistanceMeters>
    </Trackpoint>
    <Trackpoint>
     <Time>2026-04-10T14:40:53+00:00</Time>
     <Position>
      <LatitudeDegrees>43.9087300</LatitudeDegrees>
      <LongitudeDegrees>4.7078700</LongitudeDegrees>
     </Position>
     <AltitudeMeters>22.770000000000003</AltitudeMeters>
     <DistanceMeters>17486.50763803671</DistanceMeters>
    </Trackpoint>
    <Trackpoint>
     <Time>2026-04-10T14:41:00+00:00</Time>
     <Position>
      <LatitudeDegrees>43.9081800</LatitudeDegrees>
      <LongitudeDegrees>4.7077300</LongitudeDegrees>
     </Position>
     <AltitudeMeters>22.770000000000003</AltitudeMeters>
     <DistanceMeters>17548.741064182377</DistanceMeters>
    </Trackpoint>
    <Trackpoint>
     <Time>2026-04-10T14:41:06+00:00</Time>
     <Position>
      <LatitudeDegrees>43.9079000</LatitudeDegrees>
      <LongitudeDegrees>4.7077000</LongitudeDegrees>
     </Position>
     <AltitudeMeters>22.770000000000003</AltitudeMeters>
     <DistanceMeters>17579.996558658735</DistanceMeters>
    </Trackpoint>
    <Trackpoint>
     <Time>2026-04-10T14:41:13+00:00</Time>
     <Position>
      <LatitudeDegrees>43.9078000</LatitudeDegrees>
      <LongitudeDegrees>4.7076600</LongitudeDegrees>
     </Position>
     <AltitudeMeters>22.770000000000003</AltitudeMeters>
     <DistanceMeters>17591.579060606862</DistanceMeters>
    </Trackpoint>
    <Trackpoint>
     <Time>2026-04-10T14:41:19+00:00</Time>
     <Position>
      <LatitudeDegrees>43.9077500</LatitudeDegrees>
      <LongitudeDegrees>4.7076100</LongitudeDegrees>
     </Position>
     <AltitudeMeters>22.770000000000003</AltitudeMeters>
     <DistanceMeters>17598.437661490643</DistanceMeters>
    </Trackpoint>
    <Trackpoint>
     <Time>2026-04-10T14:41:26+00:00</Time>
     <Position>
      <LatitudeDegrees>43.9076700</LatitudeDegrees>
      <LongitudeDegrees>4.7074700</LongitudeDegrees>
     </Position>
     <AltitudeMeters>22.770000000000003</AltitudeMeters>
     <DistanceMeters>17612.76568458642</DistanceMeters>
    </Trackpoint>
    <Trackpoint>
     <Time>2026-04-10T14:41:32+00:00</Time>
     <Position>
      <LatitudeDegrees>43.9075100</LatitudeDegrees>
      <LongitudeDegrees>4.7076400</LongitudeDegrees>
     </Position>
     <AltitudeMeters>22.770000000000003</AltitudeMeters>
     <DistanceMeters>17635.191385156308</DistanceMeters>
    </Trackpoint>
    <Trackpoint>
     <Time>2026-04-10T14:41:39+00:00</Time>
     <Position>
      <LatitudeDegrees>43.9071500</LatitudeDegrees>
      <LongitudeDegrees>4.7078700</LongitudeDegrees>
     </Position>
     <AltitudeMeters>20.78</AltitudeMeters>
     <DistanceMeters>17679.29855164762</DistanceMeters>
    </Trackpoint>
    <Trackpoint>
     <Time>2026-04-10T14:41:45+00:00</Time>
     <Position>
      <LatitudeDegrees>43.9069700</LatitudeDegrees>
      <LongitudeDegrees>4.7079300</LongitudeDegrees>
     </Position>
     <AltitudeMeters>20.78</AltitudeMeters>
     <DistanceMeters>17699.90137948205</DistanceMeters>
    </Trackpoint>
    <Trackpoint>
     <Time>2026-04-10T14:41:52+00:00</Time>
     <Position>
      <LatitudeDegrees>43.9068200</LatitudeDegrees>
      <LongitudeDegrees>4.7079500</LongitudeDegrees>
     </Position>
     <AltitudeMeters>20.78</AltitudeMeters>
     <DistanceMeters>17716.67258205082</DistanceMeters>
    </Trackpoint>
    <Trackpoint>
     <Time>2026-04-10T14:41:58+00:00</Time>
     <Position>
      <LatitudeDegrees>43.9065900</LatitudeDegrees>
      <LongitudeDegrees>4.7079300</LongitudeDegrees>
     </Position>
     <AltitudeMeters>19.669999999999998</AltitudeMeters>
     <DistanceMeters>17742.32077479828</DistanceMeters>
    </Trackpoint>
    <Trackpoint>
     <Time>2026-04-10T14:42:05+00:00</Time>
     <Position>
      <LatitudeDegrees>43.9064500</LatitudeDegrees>
      <LongitudeDegrees>4.7078900</LongitudeDegrees>
     </Position>
     <AltitudeMeters>19.669999999999998</AltitudeMeters>
     <DistanceMeters>17758.228867153583</DistanceMeters>
    </Trackpoint>
    <Trackpoint>
     <Time>2026-04-10T14:42:11+00:00</Time>
     <Position>
      <LatitudeDegrees>43.9063200</LatitudeDegrees>
      <LongitudeDegrees>4.7078300</LongitudeDegrees>
     </Position>
     <AltitudeMeters>19.669999999999998</AltitudeMeters>
     <DistanceMeters>17773.476252230575</DistanceMeters>
    </Trackpoint>
    <Trackpoint>
     <Time>2026-04-10T14:42:18+00:00</Time>
     <Position>
      <LatitudeDegrees>43.9060400</LatitudeDegrees>
      <LongitudeDegrees>4.7076600</LongitudeDegrees>
     </Position>
     <AltitudeMeters>19.669999999999998</AltitudeMeters>
     <DistanceMeters>17807.490074440775</DistanceMeters>
    </Trackpoint>
    <Trackpoint>
     <Time>2026-04-10T14:42:24+00:00</Time>
     <Position>
      <LatitudeDegrees>43.9052600</LatitudeDegrees>
      <LongitudeDegrees>4.7070700</LongitudeDegrees>
     </Position>
     <AltitudeMeters>19.669999999999998</AltitudeMeters>
     <DistanceMeters>17906.3552923425</DistanceMeters>
    </Trackpoint>
    <Trackpoint>
     <Time>2026-04-10T14:42:31+00:00</Time>
     <Position>
      <LatitudeDegrees>43.9048500</LatitudeDegrees>
      <LongitudeDegrees>4.7066700</LongitudeDegrees>
     </Position>
     <AltitudeMeters>17.990000000000002</AltitudeMeters>
     <DistanceMeters>17962.131743512553</DistanceMeters>
    </Trackpoint>
    <Trackpoint>
     <Time>2026-04-10T14:42:38+00:00</Time>
     <Position>
      <LatitudeDegrees>43.9045100</LatitudeDegrees>
      <LongitudeDegrees>4.7061950</LongitudeDegrees>
     </Position>
     <AltitudeMeters>17.990000000000002</AltitudeMeters>
     <DistanceMeters>18015.82257211214</DistanceMeters>
    </Trackpoint>
    <Trackpoint>
     <Time>2026-04-10T14:42:44+00:00</Time>
     <Position>
      <LatitudeDegrees>43.9041700</LatitudeDegrees>
      <LongitudeDegrees>4.7057200</LongitudeDegrees>
     </Position>
     <AltitudeMeters>17.990000000000002</AltitudeMeters>
     <DistanceMeters>18069.513418202085</DistanceMeters>
    </Trackpoint>
    <Trackpoint>
     <Time>2026-04-10T14:42:51+00:00</Time>
     <Position>
      <LatitudeDegrees>43.9039900</LatitudeDegrees>
      <LongitudeDegrees>4.7053200</LongitudeDegrees>
     </Position>
     <AltitudeMeters>17.990000000000002</AltitudeMeters>
     <DistanceMeters>18107.3309694288</DistanceMeters>
    </Trackpoint>
    <Trackpoint>
     <Time>2026-04-10T14:42:57+00:00</Time>
     <Position>
      <LatitudeDegrees>43.9038700</LatitudeDegrees>
      <LongitudeDegrees>4.7048500</LongitudeDegrees>
     </Position>
     <AltitudeMeters>17.990000000000002</AltitudeMeters>
     <DistanceMeters>18147.316146479963</DistanceMeters>
    </Trackpoint>
    <Trackpoint>
     <Time>2026-04-10T14:43:04+00:00</Time>
     <Position>
      <LatitudeDegrees>43.9038400</LatitudeDegrees>
      <LongitudeDegrees>4.7044900</LongitudeDegrees>
     </Position>
     <AltitudeMeters>18.29</AltitudeMeters>
     <DistanceMeters>18176.376643289586</DistanceMeters>
    </Trackpoint>
    <Trackpoint>
     <Time>2026-04-10T14:43:10+00:00</Time>
     <Position>
      <LatitudeDegrees>43.9039000</LatitudeDegrees>
      <LongitudeDegrees>4.7043400</LongitudeDegrees>
     </Position>
     <AltitudeMeters>19.080000000000002</AltitudeMeters>
     <DistanceMeters>18190.13431284664</DistanceMeters>
    </Trackpoint>
    <Trackpoint>
     <Time>2026-04-10T14:43:17+00:00</Time>
     <Position>
      <LatitudeDegrees>43.9038500</LatitudeDegrees>
      <LongitudeDegrees>4.7041800</LongitudeDegrees>
     </Position>
     <AltitudeMeters>18.930000000000003</AltitudeMeters>
     <DistanceMeters>18204.1193728749</DistanceMeters>
    </Trackpoint>
    <Trackpoint>
     <Time>2026-04-10T14:43:23+00:00</Time>
     <Position>
      <LatitudeDegrees>43.9037700</LatitudeDegrees>
      <LongitudeDegrees>4.7041300</LongitudeDegrees>
     </Position>
     <AltitudeMeters>18.930000000000003</AltitudeMeters>
     <DistanceMeters>18213.88414566918</DistanceMeters>
    </Trackpoint>
    <Trackpoint>
     <Time>2026-04-10T14:43:30+00:00</Time>
     <Position>
      <LatitudeDegrees>43.9033600</LatitudeDegrees>
      <LongitudeDegrees>4.7032800</LongitudeDegrees>
     </Position>
     <AltitudeMeters>19.75</AltitudeMeters>
     <DistanceMeters>18295.90933885491</DistanceMeters>
    </Trackpoint>
    <Trackpoint>
     <Time>2026-04-10T14:43:36+00:00</Time>
     <Position>
      <LatitudeDegrees>43.9028700</LatitudeDegrees>
      <LongitudeDegrees>4.7025300</LongitudeDegrees>
     </Position>
     <AltitudeMeters>19.75</AltitudeMeters>
     <DistanceMeters>18377.095588586035</DistanceMeters>
    </Trackpoint>
    <Trackpoint>
     <Time>2026-04-10T14:43:43+00:00</Time>
     <Position>
      <LatitudeDegrees>43.9023800</LatitudeDegrees>
      <LongitudeDegrees>4.7017800</LongitudeDegrees>
     </Position>
     <AltitudeMeters>19.75</AltitudeMeters>
     <DistanceMeters>18458.28182692215</DistanceMeters>
    </Trackpoint>
    <Trackpoint>
     <Time>2026-04-10T14:43:49+00:00</Time>
     <Position>
      <LatitudeDegrees>43.9020333</LatitudeDegrees>
      <LongitudeDegrees>4.7010667</LongitudeDegrees>
     </Position>
     <AltitudeMeters>23.32</AltitudeMeters>
     <DistanceMeters>18527.2806817193</DistanceMeters>
    </Trackpoint>
    <Trackpoint>
     <Time>2026-04-10T14:43:56+00:00</Time>
     <Position>
      <LatitudeDegrees>43.9016867</LatitudeDegrees>
      <LongitudeDegrees>4.7003533</LongitudeDegrees>
     </Position>
     <AltitudeMeters>23.32</AltitudeMeters>
     <DistanceMeters>18596.279536516002</DistanceMeters>
    </Trackpoint>
    <Trackpoint>
     <Time>2026-04-10T14:44:02+00:00</Time>
     <Position>
      <LatitudeDegrees>43.9013400</LatitudeDegrees>
      <LongitudeDegrees>4.6996400</LongitudeDegrees>
     </Position>
     <AltitudeMeters>23.32</AltitudeMeters>
     <DistanceMeters>18665.27838229504</DistanceMeters>
    </Trackpoint>
    <Trackpoint>
     <Time>2026-04-10T14:44:09+00:00</Time>
     <Position>
      <LatitudeDegrees>43.9012400</LatitudeDegrees>
      <LongitudeDegrees>4.6994600</LongitudeDegrees>
     </Position>
     <AltitudeMeters>23.32</AltitudeMeters>
     <DistanceMeters>18683.50545943086</DistanceMeters>
    </Trackpoint>
    <Trackpoint>
     <Time>2026-04-10T14:44:15+00:00</Time>
     <Position>
      <LatitudeDegrees>43.9010300</LatitudeDegrees>
      <LongitudeDegrees>4.6993100</LongitudeDegrees>
     </Position>
     <AltitudeMeters>22.67</AltitudeMeters>
     <DistanceMeters>18709.79137315323</DistanceMeters>
    </Trackpoint>
    <Trackpoint>
     <Time>2026-04-10T14:44:22+00:00</Time>
     <Position>
      <LatitudeDegrees>43.9009500</LatitudeDegrees>
      <LongitudeDegrees>4.6992900</LongitudeDegrees>
     </Position>
     <AltitudeMeters>22.67</AltitudeMeters>
     <DistanceMeters>18718.838329595186</DistanceMeters>
    </Trackpoint>
    <Trackpoint>
     <Time>2026-04-10T14:44:29+00:00</Time>
     <Position>
      <LatitudeDegrees>43.9009000</LatitudeDegrees>
      <LongitudeDegrees>4.6992300</LongitudeDegrees>
     </Position>
     <AltitudeMeters>21.51</AltitudeMeters>
     <DistanceMeters>18726.194830868804</DistanceMeters>
    </Trackpoint>
    <Trackpoint>
     <Time>2026-04-10T14:44:35+00:00</Time>
     <Position>
      <LatitudeDegrees>43.9008300</LatitudeDegrees>
      <LongitudeDegrees>4.6992000</LongitudeDegrees>
     </Position>
     <AltitudeMeters>21.51</AltitudeMeters>
     <DistanceMeters>18734.348529583913</DistanceMeters>
    </Trackpoint>
    <Trackpoint>
     <Time>2026-04-10T14:44:42+00:00</Time>
     <Position>
      <LatitudeDegrees>43.9007500</LatitudeDegrees>
      <LongitudeDegrees>4.6992000</LongitudeDegrees>
     </Position>
     <AltitudeMeters>21.51</AltitudeMeters>
     <DistanceMeters>18743.252183939632</DistanceMeters>
    </Trackpoint>
    <Trackpoint>
     <Time>2026-04-10T14:44:48+00:00</Time>
     <Position>
      <LatitudeDegrees>43.9006000</LatitudeDegrees>
      <LongitudeDegrees>4.6991200</LongitudeDegrees>
     </Position>
     <AltitudeMeters>21.18</AltitudeMeters>
     <DistanceMeters>18761.1368024995</DistanceMeters>
    </Trackpoint>
    <Trackpoint>
     <Time>2026-04-10T14:44:55+00:00</Time>
     <Position>
      <LatitudeDegrees>43.9002500</LatitudeDegrees>
      <LongitudeDegrees>4.6984800</LongitudeDegrees>
     </Position>
     <AltitudeMeters>21.18</AltitudeMeters>
     <DistanceMeters>18825.569098924425</DistanceMeters>
    </Trackpoint>
    <Trackpoint>
     <Time>2026-04-10T14:45:01+00:00</Time>
     <Position>
      <LatitudeDegrees>43.8998650</LatitudeDegrees>
      <LongitudeDegrees>4.6979250</LongitudeDegrees>
     </Position>
     <AltitudeMeters>16.77</AltitudeMeters>
     <DistanceMeters>18887.350769585057</DistanceMeters>
    </Trackpoint>
    <Trackpoint>
     <Time>2026-04-10T14:45:08+00:00</Time>
     <Position>
      <LatitudeDegrees>43.8994800</LatitudeDegrees>
      <LongitudeDegrees>4.6973700</LongitudeDegrees>
     </Position>
     <AltitudeMeters>16.77</AltitudeMeters>
     <DistanceMeters>18949.132452900318</DistanceMeters>
    </Trackpoint>
    <Trackpoint>
     <Time>2026-04-10T14:45:14+00:00</Time>
     <Position>
      <LatitudeDegrees>43.8990267</LatitudeDegrees>
      <LongitudeDegrees>4.6967767</LongitudeDegrees>
     </Position>
     <AltitudeMeters>16.77</AltitudeMeters>
     <DistanceMeters>19018.484729623877</DistanceMeters>
    </Trackpoint>
    <Trackpoint>
     <Time>2026-04-10T14:45:21+00:00</Time>
     <Position>
      <LatitudeDegrees>43.8985733</LatitudeDegrees>
      <LongitudeDegrees>4.6961833</LongitudeDegrees>
     </Position>
     <AltitudeMeters>16.290000000000003</AltitudeMeters>
     <DistanceMeters>19087.83700634841</DistanceMeters>
    </Trackpoint>
    <Trackpoint>
     <Time>2026-04-10T14:45:27+00:00</Time>
     <Position>
      <LatitudeDegrees>43.8981200</LatitudeDegrees>
      <LongitudeDegrees>4.6955900</LongitudeDegrees>
     </Position>
     <AltitudeMeters>16.290000000000003</AltitudeMeters>
     <DistanceMeters>19157.18930799177</DistanceMeters>
    </Trackpoint>
    <Trackpoint>
     <Time>2026-04-10T14:45:34+00:00</Time>
     <Position>
      <LatitudeDegrees>43.8977800</LatitudeDegrees>
      <LongitudeDegrees>4.6950700</LongitudeDegrees>
     </Position>
     <AltitudeMeters>16.290000000000003</AltitudeMeters>
     <DistanceMeters>19213.500929448663</DistanceMeters>
    </Trackpoint>
    <Trackpoint>
     <Time>2026-04-10T14:45:40+00:00</Time>
     <Position>
      <LatitudeDegrees>43.8975300</LatitudeDegrees>
      <LongitudeDegrees>4.6947300</LongitudeDegrees>
     </Position>
     <AltitudeMeters>14.75</AltitudeMeters>
     <DistanceMeters>19252.45816028776</DistanceMeters>
    </Trackpoint>
    <Trackpoint>
     <Time>2026-04-10T14:45:47+00:00</Time>
     <Position>
      <LatitudeDegrees>43.8972600</LatitudeDegrees>
      <LongitudeDegrees>4.6943300</LongitudeDegrees>
     </Position>
     <AltitudeMeters>14.75</AltitudeMeters>
     <DistanceMeters>19296.413373188538</DistanceMeters>
    </Trackpoint>
    <Trackpoint>
     <Time>2026-04-10T14:45:53+00:00</Time>
     <Position>
      <LatitudeDegrees>43.8972500</LatitudeDegrees>
      <LongitudeDegrees>4.6941200</LongitudeDegrees>
     </Position>
     <AltitudeMeters>15.030000000000001</AltitudeMeters>
     <DistanceMeters>19313.291671184055</DistanceMeters>
    </Trackpoint>
    <Trackpoint>
     <Time>2026-04-10T14:46:00+00:00</Time>
     <Position>
      <LatitudeDegrees>43.8972700</LatitudeDegrees>
      <LongitudeDegrees>4.6940300</LongitudeDegrees>
     </Position>
     <AltitudeMeters>15.81</AltitudeMeters>
     <DistanceMeters>19320.84491603187</DistanceMeters>
    </Trackpoint>
    <Trackpoint>
     <Time>2026-04-10T14:46:06+00:00</Time>
     <Position>
      <LatitudeDegrees>43.8971900</LatitudeDegrees>
      <LongitudeDegrees>4.6933650</LongitudeDegrees>
     </Position>
     <AltitudeMeters>16.71</AltitudeMeters>
     <DistanceMeters>19374.914717888663</DistanceMeters>
    </Trackpoint>
    <Trackpoint>
     <Time>2026-04-10T14:46:13+00:00</Time>
     <Position>
      <LatitudeDegrees>43.8971100</LatitudeDegrees>
      <LongitudeDegrees>4.6927000</LongitudeDegrees>
     </Position>
     <AltitudeMeters>17.09</AltitudeMeters>
     <DistanceMeters>19428.98450758555</DistanceMeters>
    </Trackpoint>
    <Trackpoint>
     <Time>2026-04-10T14:46:19+00:00</Time>
     <Position>
      <LatitudeDegrees>43.8970100</LatitudeDegrees>
      <LongitudeDegrees>4.6922200</LongitudeDegrees>
     </Position>
     <AltitudeMeters>16.790000000000003</AltitudeMeters>
     <DistanceMeters>19469.0562212726</DistanceMeters>
    </Trackpoint>
    <Trackpoint>
     <Time>2026-04-10T14:46:26+00:00</Time>
     <Position>
      <LatitudeDegrees>43.8968900</LatitudeDegrees>
      <LongitudeDegrees>4.6918600</LongitudeDegrees>
     </Position>
     <AltitudeMeters>15.97</AltitudeMeters>
     <DistanceMeters>19500.867015493553</DistanceMeters>
    </Trackpoint>
    <Trackpoint>
     <Time>2026-04-10T14:46:33+00:00</Time>
     <Position>
      <LatitudeDegrees>43.8966900</LatitudeDegrees>
      <LongitudeDegrees>4.6914000</LongitudeDegrees>
     </Position>
     <AltitudeMeters>15.57</AltitudeMeters>
     <DistanceMeters>19543.953435022373</DistanceMeters>
    </Trackpoint>
    <Trackpoint>
     <Time>2026-04-10T14:46:39+00:00</Time>
     <Position>
      <LatitudeDegrees>43.8963700</LatitudeDegrees>
      <LongitudeDegrees>4.6908200</LongitudeDegrees>
     </Position>
     <AltitudeMeters>15.520000000000001</AltitudeMeters>
     <DistanceMeters>19602.53739044409</DistanceMeters>
    </Trackpoint>
    <Trackpoint>
     <Time>2026-04-10T14:46:46+00:00</Time>
     <Position>
      <LatitudeDegrees>43.8962700</LatitudeDegrees>
      <LongitudeDegrees>4.6906000</LongitudeDegrees>
     </Position>
     <AltitudeMeters>15.690000000000003</AltitudeMeters>
     <DistanceMeters>19623.398159089862</DistanceMeters>
    </Trackpoint>
    <Trackpoint>
     <Time>2026-04-10T14:46:52+00:00</Time>
     <Position>
      <LatitudeDegrees>43.8962300</LatitudeDegrees>
      <LongitudeDegrees>4.6904900</LongitudeDegrees>
     </Position>
     <AltitudeMeters>15.9</AltitudeMeters>
     <DistanceMeters>19633.27970981131</DistanceMeters>
    </Trackpoint>
    <Trackpoint>
     <Time>2026-04-10T14:46:59+00:00</Time>
     <Position>
      <LatitudeDegrees>43.8962400</LatitudeDegrees>
      <LongitudeDegrees>4.6904100</LongitudeDegrees>
     </Position>
     <AltitudeMeters>16.0</AltitudeMeters>
     <DistanceMeters>19639.791468917705</DistanceMeters>
    </Trackpoint>
    <Trackpoint>
     <Time>2026-04-10T14:47:05+00:00</Time>
     <Position>
      <LatitudeDegrees>43.8962200</LatitudeDegrees>
      <LongitudeDegrees>4.6903700</LongitudeDegrees>
     </Position>
     <AltitudeMeters>16.0</AltitudeMeters>
     <DistanceMeters>19643.696052953223</DistanceMeters>
    </Trackpoint>
    <Trackpoint>
     <Time>2026-04-10T14:47:12+00:00</Time>
     <Position>
      <LatitudeDegrees>43.8961700</LatitudeDegrees>
      <LongitudeDegrees>4.6903200</LongitudeDegrees>
     </Position>
     <AltitudeMeters>15.98</AltitudeMeters>
     <DistanceMeters>19650.555109751615</DistanceMeters>
    </Trackpoint>
    <Trackpoint>
     <Time>2026-04-10T14:47:18+00:00</Time>
     <Position>
      <LatitudeDegrees>43.8961000</LatitudeDegrees>
      <LongitudeDegrees>4.6903200</LongitudeDegrees>
     </Position>
     <AltitudeMeters>15.98</AltitudeMeters>
     <DistanceMeters>19658.345807312573</DistanceMeters>
    </Trackpoint>
    <Trackpoint>
     <Time>2026-04-10T14:47:25+00:00</Time>
     <Position>
      <LatitudeDegrees>43.8960000</LatitudeDegrees>
      <LongitudeDegrees>4.6903000</LongitudeDegrees>
     </Position>
     <AltitudeMeters>15.98</AltitudeMeters>
     <DistanceMeters>19669.5903646396</DistanceMeters>
    </Trackpoint>
    <Trackpoint>
     <Time>2026-04-10T14:47:31+00:00</Time>
     <Position>
      <LatitudeDegrees>43.8958600</LatitudeDegrees>
      <LongitudeDegrees>4.6902200</LongitudeDegrees>
     </Position>
     <AltitudeMeters>15.98</AltitudeMeters>
     <DistanceMeters>19686.441021286788</DistanceMeters>
    </Trackpoint>
    <Trackpoint>
     <Time>2026-04-10T14:47:38+00:00</Time>
     <Position>
      <LatitudeDegrees>43.8958200</LatitudeDegrees>
      <LongitudeDegrees>4.6901300</LongitudeDegrees>
     </Position>
     <AltitudeMeters>15.98</AltitudeMeters>
     <DistanceMeters>19694.921473303883</DistanceMeters>
    </Trackpoint>
    <Trackpoint>
     <Time>2026-04-10T14:47:44+00:00</Time>
     <Position>
      <LatitudeDegrees>43.8957700</LatitudeDegrees>
      <LongitudeDegrees>4.6897800</LongitudeDegrees>
     </Position>
     <AltitudeMeters>15.98</AltitudeMeters>
     <DistanceMeters>19723.537719421274</DistanceMeters>
    </Trackpoint>
    <Trackpoint>
     <Time>2026-04-10T14:47:51+00:00</Time>
     <Position>
      <LatitudeDegrees>43.8957100</LatitudeDegrees>
      <LongitudeDegrees>4.6895800</LongitudeDegrees>
     </Position>
     <AltitudeMeters>15.98</AltitudeMeters>
     <DistanceMeters>19740.91222907107</DistanceMeters>
    </Trackpoint>
    <Trackpoint>
     <Time>2026-04-10T14:47:57+00:00</Time>
     <Position>
      <LatitudeDegrees>43.8956000</LatitudeDegrees>
      <LongitudeDegrees>4.6893700</LongitudeDegrees>
     </Position>
     <AltitudeMeters>16.720000000000002</AltitudeMeters>
     <DistanceMeters>19761.73368255934</DistanceMeters>
    </Trackpoint>
    <Trackpoint>
     <Time>2026-04-10T14:48:04+00:00</Time>
     <Position>
      <LatitudeDegrees>43.8950150</LatitudeDegrees>
      <LongitudeDegrees>4.6887750</LongitudeDegrees>
     </Position>
     <AltitudeMeters>16.720000000000002</AltitudeMeters>
     <DistanceMeters>19842.45671108497</DistanceMeters>
    </Trackpoint>
    <Trackpoint>
     <Time>2026-04-10T14:48:10+00:00</Time>
     <Position>
      <LatitudeDegrees>43.8944300</LatitudeDegrees>
      <LongitudeDegrees>4.6881800</LongitudeDegrees>
     </Position>
     <AltitudeMeters>15.64</AltitudeMeters>
     <DistanceMeters>19923.179703228998</DistanceMeters>
    </Trackpoint>
    <Trackpoint>
     <Time>2026-04-10T14:48:17+00:00</Time>
     <Position>
      <LatitudeDegrees>43.8940500</LatitudeDegrees>
      <LongitudeDegrees>4.6876400</LongitudeDegrees>
     </Position>
     <AltitudeMeters>15.64</AltitudeMeters>
     <DistanceMeters>19983.71332359086</DistanceMeters>
    </Trackpoint>
    <Trackpoint>
     <Time>2026-04-10T14:48:23+00:00</Time>
     <Position>
      <LatitudeDegrees>43.8934800</LatitudeDegrees>
      <LongitudeDegrees>4.6869300</LongitudeDegrees>
     </Position>
     <AltitudeMeters>14.100000000000001</AltitudeMeters>
     <DistanceMeters>20068.96032633705</DistanceMeters>
    </Trackpoint>
    <Trackpoint>
     <Time>2026-04-10T14:48:30+00:00</Time>
     <Position>
      <LatitudeDegrees>43.8934300</LatitudeDegrees>
      <LongitudeDegrees>4.6868900</LongitudeDegrees>
     </Position>
     <AltitudeMeters>14.100000000000001</AltitudeMeters>
     <DistanceMeters>20075.383632729387</DistanceMeters>
    </Trackpoint>
    <Trackpoint>
     <Time>2026-04-10T14:48:37+00:00</Time>
     <Position>
      <LatitudeDegrees>43.8930200</LatitudeDegrees>
      <LongitudeDegrees>4.6861900</LongitudeDegrees>
     </Position>
     <AltitudeMeters>14.020000000000001</AltitudeMeters>
     <DistanceMeters>20147.731210090336</DistanceMeters>
    </Trackpoint>
    <Trackpoint>
     <Time>2026-04-10T14:48:43+00:00</Time>
     <Position>
      <LatitudeDegrees>43.8926400</LatitudeDegrees>
      <LongitudeDegrees>4.6853900</LongitudeDegrees>
     </Position>
     <AltitudeMeters>14.190000000000001</AltitudeMeters>
     <DistanceMeters>20224.57877162042</DistanceMeters>
    </Trackpoint>
    <Trackpoint>
     <Time>2026-04-10T14:48:50+00:00</Time>
     <Position>
      <LatitudeDegrees>43.8922900</LatitudeDegrees>
      <LongitudeDegrees>4.6847200</LongitudeDegrees>
     </Position>
     <AltitudeMeters>15.260000000000002</AltitudeMeters>
     <DistanceMeters>20290.949186044025</DistanceMeters>
    </Trackpoint>
    <Trackpoint>
     <Time>2026-04-10T14:48:56+00:00</Time>
     <Position>
      <LatitudeDegrees>43.8921500</LatitudeDegrees>
      <LongitudeDegrees>4.6845600</LongitudeDegrees>
     </Position>
     <AltitudeMeters>15.260000000000002</AltitudeMeters>
     <DistanceMeters>20311.134809975752</DistanceMeters>
    </Trackpoint>
    <Trackpoint>
     <Time>2026-04-10T14:49:03+00:00</Time>
     <Position>
      <LatitudeDegrees>43.8916100</LatitudeDegrees>
      <LongitudeDegrees>4.6842800</LongitudeDegrees>
     </Position>
     <AltitudeMeters>15.3</AltitudeMeters>
     <DistanceMeters>20375.293260779432</DistanceMeters>
    </Trackpoint>
    <Trackpoint>
     <Time>2026-04-10T14:49:09+00:00</Time>
     <Position>
      <LatitudeDegrees>43.8912800</LatitudeDegrees>
      <LongitudeDegrees>4.6842800</LongitudeDegrees>
     </Position>
     <AltitudeMeters>15.66</AltitudeMeters>
     <DistanceMeters>20412.020834995492</DistanceMeters>
    </Trackpoint>
    <Trackpoint>
     <Time>2026-04-10T14:49:16+00:00</Time>
     <Position>
      <LatitudeDegrees>43.8908900</LatitudeDegrees>
      <LongitudeDegrees>4.6841600</LongitudeDegrees>
     </Position>
     <AltitudeMeters>15.66</AltitudeMeters>
     <DistanceMeters>20456.480447458925</DistanceMeters>
    </Trackpoint>
    <Trackpoint>
     <Time>2026-04-10T14:49:22+00:00</Time>
     <Position>
      <LatitudeDegrees>43.8905200</LatitudeDegrees>
      <LongitudeDegrees>4.6839100</LongitudeDegrees>
     </Position>
     <AltitudeMeters>16.18</AltitudeMeters>
     <DistanceMeters>20502.282338373683</DistanceMeters>
    </Trackpoint>
    <Trackpoint>
     <Time>2026-04-10T14:49:29+00:00</Time>
     <Position>
      <LatitudeDegrees>43.8902500</LatitudeDegrees>
      <LongitudeDegrees>4.6836100</LongitudeDegrees>
     </Position>
     <AltitudeMeters>16.53</AltitudeMeters>
     <DistanceMeters>20540.778827480055</DistanceMeters>
    </Trackpoint>
    <Trackpoint>
     <Time>2026-04-10T14:49:35+00:00</Time>
     <Position>
      <LatitudeDegrees>43.8900100</LatitudeDegrees>
      <LongitudeDegrees>4.6832600</LongitudeDegrees>
     </Position>
     <AltitudeMeters>16.59</AltitudeMeters>
     <DistanceMeters>20579.52864276068</DistanceMeters>
    </Trackpoint>
    <Trackpoint>
     <Time>2026-04-10T14:49:42+00:00</Time>
     <Position>
      <LatitudeDegrees>43.8898800</LatitudeDegrees>
      <LongitudeDegrees>4.6829600</LongitudeDegrees>
     </Position>
     <AltitudeMeters>16.630000000000003</AltitudeMeters>
     <DistanceMeters>20607.60588346376</DistanceMeters>
    </Trackpoint>
    <Trackpoint>
     <Time>2026-04-10T14:49:48+00:00</Time>
     <Position>
      <LatitudeDegrees>43.8896400</LatitudeDegrees>
      <LongitudeDegrees>4.6820800</LongitudeDegrees>
     </Position>
     <AltitudeMeters>16.630000000000003</AltitudeMeters>
     <DistanceMeters>20683.07430840056</DistanceMeters>
    </Trackpoint>
    <Trackpoint>
     <Time>2026-04-10T14:49:55+00:00</Time>
     <Position>
      <LatitudeDegrees>43.8894000</LatitudeDegrees>
      <LongitudeDegrees>4.6812000</LongitudeDegrees>
     </Position>
     <AltitudeMeters>15.63</AltitudeMeters>
     <DistanceMeters>20758.542733337854</DistanceMeters>
    </Trackpoint>
    <Trackpoint>
     <Time>2026-04-10T14:50:01+00:00</Time>
     <Position>
      <LatitudeDegrees>43.8891600</LatitudeDegrees>
      <LongitudeDegrees>4.6803200</LongitudeDegrees>
     </Position>
     <AltitudeMeters>15.63</AltitudeMeters>
     <DistanceMeters>20834.01116113049</DistanceMeters>
    </Trackpoint>
    <Trackpoint>
     <Time>2026-04-10T14:50:08+00:00</Time>
     <Position>
      <LatitudeDegrees>43.8892000</LatitudeDegrees>
      <LongitudeDegrees>4.6802700</LongitudeDegrees>
     </Position>
     <AltitudeMeters>15.64</AltitudeMeters>
     <DistanceMeters>20840.003021718825</DistanceMeters>
    </Trackpoint>
    <Trackpoint>
     <Time>2026-04-10T14:50:14+00:00</Time>
     <Position>
      <LatitudeDegrees>43.8892100</LatitudeDegrees>
      <LongitudeDegrees>4.6802100</LongitudeDegrees>
     </Position>
     <AltitudeMeters>15.67</AltitudeMeters>
     <DistanceMeters>20844.942563988803</DistanceMeters>
    </Trackpoint>
    <Trackpoint>
     <Time>2026-04-10T14:50:21+00:00</Time>
     <Position>
      <LatitudeDegrees>43.8892700</LatitudeDegrees>
      <LongitudeDegrees>4.6802200</LongitudeDegrees>
     </Position>
     <AltitudeMeters>15.67</AltitudeMeters>
     <DistanceMeters>20851.668303023882</DistanceMeters>
    </Trackpoint>
    <Trackpoint>
     <Time>2026-04-10T14:50:28+00:00</Time>
     <Position>
      <LatitudeDegrees>43.8894600</LatitudeDegrees>
      <LongitudeDegrees>4.6801800</LongitudeDegrees>
     </Position>
     <AltitudeMeters>16.03</AltitudeMeters>
     <DistanceMeters>20873.056485469257</DistanceMeters>
    </Trackpoint>
    <Trackpoint>
     <Time>2026-04-10T14:50:34+00:00</Time>
     <Position>
      <LatitudeDegrees>43.8899900</LatitudeDegrees>
      <LongitudeDegrees>4.6801600</LongitudeDegrees>
     </Position>
     <AltitudeMeters>16.650000000000002</AltitudeMeters>
     <DistanceMeters>20932.06500436459</DistanceMeters>
    </Trackpoint>
    <Trackpoint>
     <Time>2026-04-10T14:50:41+00:00</Time>
     <Position>
      <LatitudeDegrees>43.8900100</LatitudeDegrees>
      <LongitudeDegrees>4.6792700</LongitudeDegrees>
     </Position>
     <AltitudeMeters>16.080000000000002</AltitudeMeters>
     <DistanceMeters>21003.484547221204</DistanceMeters>
    </Trackpoint>
    <Trackpoint>
     <Time>2026-04-10T14:50:47+00:00</Time>
     <Position>
      <LatitudeDegrees>43.8899800</LatitudeDegrees>
      <LongitudeDegrees>4.6788900</LongitudeDegrees>
     </Position>
     <AltitudeMeters>15.9</AltitudeMeters>
     <DistanceMeters>21034.14580927467</DistanceMeters>
    </Trackpoint>
    <Trackpoint>
     <Time>2026-04-10T14:50:54+00:00</Time>
     <Position>
      <LatitudeDegrees>43.8898900</LatitudeDegrees>
      <LongitudeDegrees>4.6782900</LongitudeDegrees>
     </Position>
     <AltitudeMeters>15.1</AltitudeMeters>
     <DistanceMeters>21083.301848863935</DistanceMeters>
    </Trackpoint>
    <Trackpoint>
     <Time>2026-04-10T14:51:00+00:00</Time>
     <Position>
      <LatitudeDegrees>43.8898000</LatitudeDegrees>
      <LongitudeDegrees>4.6778100</LongitudeDegrees>
     </Position>
     <AltitudeMeters>14.68</AltitudeMeters>
     <DistanceMeters>21123.0833340692</DistanceMeters>
    </Trackpoint>
    <Trackpoint>
     <Time>2026-04-10T14:51:07+00:00</Time>
     <Position>
      <LatitudeDegrees>43.8897800</LatitudeDegrees>
      <LongitudeDegrees>4.6775900</LongitudeDegrees>
     </Position>
     <AltitudeMeters>14.68</AltitudeMeters>
     <DistanceMeters>21140.86892804839</DistanceMeters>
    </Trackpoint>
    <Trackpoint>
     <Time>2026-04-10T14:51:13+00:00</Time>
     <Position>
      <LatitudeDegrees>43.8897800</LatitudeDegrees>
      <LongitudeDegrees>4.6766900</LongitudeDegrees>
     </Position>
     <AltitudeMeters>12.690000000000001</AltitudeMeters>
     <DistanceMeters>21213.056118829234</DistanceMeters>
    </Trackpoint>
    <Trackpoint>
     <Time>2026-04-10T14:51:20+00:00</Time>
     <Position>
      <LatitudeDegrees>43.8898400</LatitudeDegrees>
      <LongitudeDegrees>4.6760050</LongitudeDegrees>
     </Position>
     <AltitudeMeters>12.730000000000002</AltitudeMeters>
     <DistanceMeters>21268.40285553052</DistanceMeters>
    </Trackpoint>
    <Trackpoint>
     <Time>2026-04-10T14:51:26+00:00</Time>
     <Position>
      <LatitudeDegrees>43.8899000</LatitudeDegrees>
      <LongitudeDegrees>4.6753200</LongitudeDegrees>
     </Position>
     <AltitudeMeters>12.47</AltitudeMeters>
     <DistanceMeters>21323.749596094924</DistanceMeters>
    </Trackpoint>
    <Trackpoint>
     <Time>2026-04-10T14:51:33+00:00</Time>
     <Position>
      <LatitudeDegrees>43.8898600</LatitudeDegrees>
      <LongitudeDegrees>4.6751900</LongitudeDegrees>
     </Position>
     <AltitudeMeters>12.47</AltitudeMeters>
     <DistanceMeters>21335.08721204904</DistanceMeters>
    </Trackpoint>
    <Trackpoint>
     <Time>2026-04-10T14:51:39+00:00</Time>
     <Position>
      <LatitudeDegrees>43.8898500</LatitudeDegrees>
      <LongitudeDegrees>4.6740300</LongitudeDegrees>
     </Position>
     <AltitudeMeters>12.42</AltitudeMeters>
     <DistanceMeters>21428.135019354355</DistanceMeters>
    </Trackpoint>
    <Trackpoint>
     <Time>2026-04-10T14:51:46+00:00</Time>
     <Position>
      <LatitudeDegrees>43.8898200</LatitudeDegrees>
      <LongitudeDegrees>4.6730900</LongitudeDegrees>
     </Position>
     <AltitudeMeters>12.370000000000001</AltitudeMeters>
     <DistanceMeters>21503.604354458665</DistanceMeters>
    </Trackpoint>
    <Trackpoint>
     <Time>2026-04-10T14:51:52+00:00</Time>
     <Position>
      <LatitudeDegrees>43.8899700</LatitudeDegrees>
      <LongitudeDegrees>4.6720550</LongitudeDegrees>
     </Position>
     <AltitudeMeters>12.280000000000001</AltitudeMeters>
     <DistanceMeters>21588.281331961236</DistanceMeters>
    </Trackpoint>
    <Trackpoint>
     <Time>2026-04-10T14:51:59+00:00</Time>
     <Position>
      <LatitudeDegrees>43.8901200</LatitudeDegrees>
      <LongitudeDegrees>4.6710200</LongitudeDegrees>
     </Position>
     <AltitudeMeters>12.280000000000001</AltitudeMeters>
     <DistanceMeters>21672.9583313268</DistanceMeters>
    </Trackpoint>
    <Trackpoint>
     <Time>2026-04-10T14:52:05+00:00</Time>
     <Position>
      <LatitudeDegrees>43.8902300</LatitudeDegrees>
      <LongitudeDegrees>4.6700700</LongitudeDegrees>
     </Position>
     <AltitudeMeters>12.280000000000001</AltitudeMeters>
     <DistanceMeters>21750.132648063878</DistanceMeters>
    </Trackpoint>
    <Trackpoint>
     <Time>2026-04-10T14:52:12+00:00</Time>
     <Position>
      <LatitudeDegrees>43.8902700</LatitudeDegrees>
      <LongitudeDegrees>4.6691900</LongitudeDegrees>
     </Position>
     <AltitudeMeters>11.09</AltitudeMeters>
     <DistanceMeters>21820.855377093907</DistanceMeters>
    </Trackpoint>
    <Trackpoint>
     <Time>2026-04-10T14:52:18+00:00</Time>
     <Position>
      <LatitudeDegrees>43.8902500</LatitudeDegrees>
      <LongitudeDegrees>4.6686100</LongitudeDegrees>
     </Position>
     <AltitudeMeters>11.09</AltitudeMeters>
     <DistanceMeters>21867.42885884303</DistanceMeters>
    </Trackpoint>
    <Trackpoint>
     <Time>2026-04-10T14:52:25+00:00</Time>
     <Position>
      <LatitudeDegrees>43.8903500</LatitudeDegrees>
      <LongitudeDegrees>4.6675400</LongitudeDegrees>
     </Position>
     <AltitudeMeters>11.09</AltitudeMeters>
     <DistanceMeters>21953.96930369426</DistanceMeters>
    </Trackpoint>
    <Trackpoint>
     <Time>2026-04-10T14:52:32+00:00</Time>
     <Position>
      <LatitudeDegrees>43.8904500</LatitudeDegrees>
      <LongitudeDegrees>4.6669900</LongitudeDegrees>
     </Position>
     <AltitudeMeters>11.09</AltitudeMeters>
     <DistanceMeters>21999.465529439334</DistanceMeters>
    </Trackpoint>
    <Trackpoint>
     <Time>2026-04-10T14:52:38+00:00</Time>
     <Position>
      <LatitudeDegrees>43.8904800</LatitudeDegrees>
      <LongitudeDegrees>4.6667400</LongitudeDegrees>
     </Position>
     <AltitudeMeters>11.47</AltitudeMeters>
     <DistanceMeters>22019.79337753204</DistanceMeters>
    </Trackpoint>
    <Trackpoint>
     <Time>2026-04-10T14:52:45+00:00</Time>
     <Position>
      <LatitudeDegrees>43.8905400</LatitudeDegrees>
      <LongitudeDegrees>4.6655400</LongitudeDegrees>
     </Position>
     <AltitudeMeters>11.47</AltitudeMeters>
     <DistanceMeters>22116.273159186665</DistanceMeters>
    </Trackpoint>
    <Trackpoint>
     <Time>2026-04-10T14:52:51+00:00</Time>
     <Position>
      <LatitudeDegrees>43.8906250</LatitudeDegrees>
      <LongitudeDegrees>4.6647050</LongitudeDegrees>
     </Position>
     <AltitudeMeters>12.07</AltitudeMeters>
     <DistanceMeters>22183.91071903268</DistanceMeters>
    </Trackpoint>
    <Trackpoint>
     <Time>2026-04-10T14:52:58+00:00</Time>
     <Position>
      <LatitudeDegrees>43.8907100</LatitudeDegrees>
      <LongitudeDegrees>4.6638700</LongitudeDegrees>
     </Position>
     <AltitudeMeters>12.07</AltitudeMeters>
     <DistanceMeters>22251.54827892737</DistanceMeters>
    </Trackpoint>
    <Trackpoint>
     <Time>2026-04-10T14:53:04+00:00</Time>
     <Position>
      <LatitudeDegrees>43.8908300</LatitudeDegrees>
      <LongitudeDegrees>4.6629400</LongitudeDegrees>
     </Position>
     <AltitudeMeters>12.07</AltitudeMeters>
     <DistanceMeters>22327.326664918528</DistanceMeters>
    </Trackpoint>
    <Trackpoint>
     <Time>2026-04-10T14:53:11+00:00</Time>
     <Position>
      <LatitudeDegrees>43.8910550</LatitudeDegrees>
      <LongitudeDegrees>4.6621000</LongitudeDegrees>
     </Position>
     <AltitudeMeters>12.07</AltitudeMeters>
     <DistanceMeters>22399.203179204338</DistanceMeters>
    </Trackpoint>
    <Trackpoint>
     <Time>2026-04-10T14:53:17+00:00</Time>
     <Position>
      <LatitudeDegrees>43.8912800</LatitudeDegrees>
      <LongitudeDegrees>4.6612600</LongitudeDegrees>
     </Position>
     <AltitudeMeters>12.07</AltitudeMeters>
     <DistanceMeters>22471.07972411574</DistanceMeters>
    </Trackpoint>
    <Trackpoint>
     <Time>2026-04-10T14:53:24+00:00</Time>
     <Position>
      <LatitudeDegrees>43.8913400</LatitudeDegrees>
      <LongitudeDegrees>4.6609100</LongitudeDegrees>
     </Position>
     <AltitudeMeters>12.07</AltitudeMeters>
     <DistanceMeters>22499.935115837565</DistanceMeters>
    </Trackpoint>
    <Trackpoint>
     <Time>2026-04-10T14:53:30+00:00</Time>
     <Position>
      <LatitudeDegrees>43.8913800</LatitudeDegrees>
      <LongitudeDegrees>4.6600000</LongitudeDegrees>
     </Position>
     <AltitudeMeters>12.07</AltitudeMeters>
     <DistanceMeters>22573.058092732426</DistanceMeters>
    </Trackpoint>
    <Trackpoint>
     <Time>2026-04-10T14:53:37+00:00</Time>
     <Position>
      <LatitudeDegrees>43.8913500</LatitudeDegrees>
      <LongitudeDegrees>4.6590800</LongitudeDegrees>
     </Position>
     <AltitudeMeters>12.07</AltitudeMeters>
     <DistanceMeters>22646.922980638705</DistanceMeters>
    </Trackpoint>
    <Trackpoint>
     <Time>2026-04-10T14:53:43+00:00</Time>
     <Position>
      <LatitudeDegrees>43.8912500</LatitudeDegrees>
      <LongitudeDegrees>4.6581000</LongitudeDegrees>
     </Position>
     <AltitudeMeters>12.07</AltitudeMeters>
     <DistanceMeters>22726.308835859523</DistanceMeters>
    </Trackpoint>
    <Trackpoint>
     <Time>2026-04-10T14:53:50+00:00</Time>
     <Position>
      <LatitudeDegrees>43.8910800</LatitudeDegrees>
      <LongitudeDegrees>4.6571000</LongitudeDegrees>
     </Position>
     <AltitudeMeters>12.180000000000001</AltitudeMeters>
     <DistanceMeters>22808.716352932173</DistanceMeters>
    </Trackpoint>
    <Trackpoint>
     <Time>2026-04-10T14:53:56+00:00</Time>
     <Position>
      <LatitudeDegrees>43.8910400</LatitudeDegrees>
      <LongitudeDegrees>4.6566500</LongitudeDegrees>
     </Position>
     <AltitudeMeters>12.180000000000001</AltitudeMeters>
     <DistanceMeters>22845.082689003022</DistanceMeters>
    </Trackpoint>
    <Trackpoint>
     <Time>2026-04-10T14:54:03+00:00</Time>
     <Position>
      <LatitudeDegrees>43.8911200</LatitudeDegrees>
      <LongitudeDegrees>4.6555600</LongitudeDegrees>
     </Position>
     <AltitudeMeters>12.180000000000001</AltitudeMeters>
     <DistanceMeters>22932.959647692827</DistanceMeters>
    </Trackpoint>
    <Trackpoint>
     <Time>2026-04-10T14:54:09+00:00</Time>
     <Position>
      <LatitudeDegrees>43.8912000</LatitudeDegrees>
      <LongitudeDegrees>4.6544700</LongitudeDegrees>
     </Position>
     <AltitudeMeters>12.180000000000001</AltitudeMeters>
     <DistanceMeters>23020.836614153253</DistanceMeters>
    </Trackpoint>
    <Trackpoint>
     <Time>2026-04-10T14:54:16+00:00</Time>
     <Position>
      <LatitudeDegrees>43.8912650</LatitudeDegrees>
      <LongitudeDegrees>4.6533900</LongitudeDegrees>
     </Position>
     <AltitudeMeters>12.180000000000001</AltitudeMeters>
     <DistanceMeters>23107.760633653288</DistanceMeters>
    </Trackpoint>
    <Trackpoint>
     <Time>2026-04-10T14:54:22+00:00</Time>
     <Position>
      <LatitudeDegrees>43.8913300</LatitudeDegrees>
      <LongitudeDegrees>4.6523100</LongitudeDegrees>
     </Position>
     <AltitudeMeters>12.180000000000001</AltitudeMeters>
     <DistanceMeters>23194.684663710173</DistanceMeters>
    </Trackpoint>
    <Trackpoint>
     <Time>2026-04-10T14:54:29+00:00</Time>
     <Position>
      <LatitudeDegrees>43.8914500</LatitudeDegrees>
      <LongitudeDegrees>4.6517800</LongitudeDegrees>
     </Position>
     <AltitudeMeters>12.180000000000001</AltitudeMeters>
     <DistanceMeters>23239.242392918655</DistanceMeters>
    </Trackpoint>
    <Trackpoint>
     <Time>2026-04-10T14:54:36+00:00</Time>
     <Position>
      <LatitudeDegrees>43.8915150</LatitudeDegrees>
      <LongitudeDegrees>4.6510550</LongitudeDegrees>
     </Position>
     <AltitudeMeters>12.180000000000001</AltitudeMeters>
     <DistanceMeters>23297.83977550624</DistanceMeters>
    </Trackpoint>
    <Trackpoint>
     <Time>2026-04-10T14:54:42+00:00</Time>
     <Position>
      <LatitudeDegrees>43.8915800</LatitudeDegrees>
      <LongitudeDegrees>4.6503300</LongitudeDegrees>
     </Position>
     <AltitudeMeters>10.790000000000001</AltitudeMeters>
     <DistanceMeters>23356.43712993024</DistanceMeters>
    </Trackpoint>
    <Trackpoint>
     <Time>2026-04-10T14:54:49+00:00</Time>
     <Position>
      <LatitudeDegrees>43.8916200</LatitudeDegrees>
      <LongitudeDegrees>4.6497000</LongitudeDegrees>
     </Position>
     <AltitudeMeters>10.790000000000001</AltitudeMeters>
     <DistanceMeters>23407.16235114789</DistanceMeters>
    </Trackpoint>
    <Trackpoint>
     <Time>2026-04-10T14:54:55+00:00</Time>
     <Position>
      <LatitudeDegrees>43.8916200</LatitudeDegrees>
      <LongitudeDegrees>4.6493600</LongitudeDegrees>
     </Position>
     <AltitudeMeters>10.790000000000001</AltitudeMeters>
     <DistanceMeters>23434.432225176286</DistanceMeters>
    </Trackpoint>
    <Trackpoint>
     <Time>2026-04-10T14:55:02+00:00</Time>
     <Position>
      <LatitudeDegrees>43.8915800</LatitudeDegrees>
      <LongitudeDegrees>4.6489800</LongitudeDegrees>
     </Position>
     <AltitudeMeters>10.790000000000001</AltitudeMeters>
     <DistanceMeters>23465.23374516474</DistanceMeters>
    </Trackpoint>
    <Trackpoint>
     <Time>2026-04-10T14:55:08+00:00</Time>
     <Position>
      <LatitudeDegrees>43.8915400</LatitudeDegrees>
      <LongitudeDegrees>4.6488300</LongitudeDegrees>
     </Position>
     <AltitudeMeters>10.790000000000001</AltitudeMeters>
     <DistanceMeters>23478.06183347907</DistanceMeters>
    </Trackpoint>
    <Trackpoint>
     <Time>2026-04-10T14:55:15+00:00</Time>
     <Position>
      <LatitudeDegrees>43.8914400</LatitudeDegrees>
      <LongitudeDegrees>4.6485200</LongitudeDegrees>
     </Position>
     <AltitudeMeters>10.790000000000001</AltitudeMeters>
     <DistanceMeters>23505.302868526116</DistanceMeters>
    </Trackpoint>
    <Trackpoint>
     <Time>2026-04-10T14:55:21+00:00</Time>
     <Position>
      <LatitudeDegrees>43.8911450</LatitudeDegrees>
      <LongitudeDegrees>4.6473700</LongitudeDegrees>
     </Position>
     <AltitudeMeters>10.790000000000001</AltitudeMeters>
     <DistanceMeters>23603.209115429676</DistanceMeters>
    </Trackpoint>
    <Trackpoint>
     <Time>2026-04-10T14:55:28+00:00</Time>
     <Position>
      <LatitudeDegrees>43.8908500</LatitudeDegrees>
      <LongitudeDegrees>4.6462200</LongitudeDegrees>
     </Position>
     <AltitudeMeters>10.51</AltitudeMeters>
     <DistanceMeters>23701.115359395568</DistanceMeters>
    </Trackpoint>
    <Trackpoint>
     <Time>2026-04-10T14:55:34+00:00</Time>
     <Position>
      <LatitudeDegrees>43.8907900</LatitudeDegrees>
      <LongitudeDegrees>4.6458000</LongitudeDegrees>
     </Position>
     <AltitudeMeters>10.51</AltitudeMeters>
     <DistanceMeters>23735.45761506106</DistanceMeters>
    </Trackpoint>
    <Trackpoint>
     <Time>2026-04-10T14:55:41+00:00</Time>
     <Position>
      <LatitudeDegrees>43.8906800</LatitudeDegrees>
      <LongitudeDegrees>4.6457300</LongitudeDegrees>
     </Position>
     <AltitudeMeters>10.51</AltitudeMeters>
     <DistanceMeters>23748.926159043778</DistanceMeters>
    </Trackpoint>
    <Trackpoint>
     <Time>2026-04-10T14:55:47+00:00</Time>
     <Position>
      <LatitudeDegrees>43.8905000</LatitudeDegrees>
      <LongitudeDegrees>4.6457500</LongitudeDegrees>
     </Position>
     <AltitudeMeters>10.51</AltitudeMeters>
     <DistanceMeters>23769.023503503977</DistanceMeters>
    </Trackpoint>
    <Trackpoint>
     <Time>2026-04-10T14:55:54+00:00</Time>
     <Position>
      <LatitudeDegrees>43.8901700</LatitudeDegrees>
      <LongitudeDegrees>4.6458300</LongitudeDegrees>
     </Position>
     <AltitudeMeters>10.51</AltitudeMeters>
     <DistanceMeters>23806.30737667701</DistanceMeters>
    </Trackpoint>
    <Trackpoint>
     <Time>2026-04-10T14:56:00+00:00</Time>
     <Position>
      <LatitudeDegrees>43.8895325</LatitudeDegrees>
      <LongitudeDegrees>4.6461375</LongitudeDegrees>
     </Position>
     <AltitudeMeters>10.51</AltitudeMeters>
     <DistanceMeters>23881.423103423</DistanceMeters>
    </Trackpoint>
    <Trackpoint>
     <Time>2026-04-10T14:56:07+00:00</Time>
     <Position>
      <LatitudeDegrees>43.8888950</LatitudeDegrees>
      <LongitudeDegrees>4.6464450</LongitudeDegrees>
     </Position>
     <AltitudeMeters>10.190000000000001</AltitudeMeters>
     <DistanceMeters>23956.53883016935</DistanceMeters>
    </Trackpoint>
    <Trackpoint>
     <Time>2026-04-10T14:56:13+00:00</Time>
     <Position>
      <LatitudeDegrees>43.8882575</LatitudeDegrees>
      <LongitudeDegrees>4.6467525</LongitudeDegrees>
     </Position>
     <AltitudeMeters>10.190000000000001</AltitudeMeters>
     <DistanceMeters>24031.65455691462</DistanceMeters>
    </Trackpoint>
    <Trackpoint>
     <Time>2026-04-10T14:56:20+00:00</Time>
     <Position>
      <LatitudeDegrees>43.8876200</LatitudeDegrees>
      <LongitudeDegrees>4.6470600</LongitudeDegrees>
     </Position>
     <AltitudeMeters>10.190000000000001</AltitudeMeters>
     <DistanceMeters>24106.770289597855</DistanceMeters>
    </Trackpoint>
    <Trackpoint>
     <Time>2026-04-10T14:56:27+00:00</Time>
     <Position>
      <LatitudeDegrees>43.8874300</LatitudeDegrees>
      <LongitudeDegrees>4.6461300</LongitudeDegrees>
     </Position>
     <AltitudeMeters>10.190000000000001</AltitudeMeters>
     <DistanceMeters>24184.305952948653</DistanceMeters>
    </Trackpoint>
    <Trackpoint>
     <Time>2026-04-10T14:56:33+00:00</Time>
     <Position>
      <LatitudeDegrees>43.8872400</LatitudeDegrees>
      <LongitudeDegrees>4.6452000</LongitudeDegrees>
     </Position>
     <AltitudeMeters>10.81</AltitudeMeters>
     <DistanceMeters>24261.84162591763</DistanceMeters>
    </Trackpoint>
    <Trackpoint>
     <Time>2026-04-10T14:56:40+00:00</Time>
     <Position>
      <LatitudeDegrees>43.8871600</LatitudeDegrees>
      <LongitudeDegrees>4.6449100</LongitudeDegrees>
     </Position>
     <AltitudeMeters>10.81</AltitudeMeters>
     <DistanceMeters>24286.74873900182</DistanceMeters>
    </Trackpoint>
    <Trackpoint>
     <Time>2026-04-10T14:56:46+00:00</Time>
     <Position>
      <LatitudeDegrees>43.8870300</LatitudeDegrees>
      <LongitudeDegrees>4.6445800</LongitudeDegrees>
     </Position>
     <AltitudeMeters>10.81</AltitudeMeters>
     <DistanceMeters>24316.914739689928</DistanceMeters>
    </Trackpoint>
    <Trackpoint>
     <Time>2026-04-10T14:56:53+00:00</Time>
     <Position>
      <LatitudeDegrees>43.8868500</LatitudeDegrees>
      <LongitudeDegrees>4.6442900</LongitudeDegrees>
     </Position>
     <AltitudeMeters>10.81</AltitudeMeters>
     <DistanceMeters>24347.613663785487</DistanceMeters>
    </Trackpoint>
    <Trackpoint>
     <Time>2026-04-10T14:56:59+00:00</Time>
     <Position>
      <LatitudeDegrees>43.8865700</LatitudeDegrees>
      <LongitudeDegrees>4.6439900</LongitudeDegrees>
     </Position>
     <AltitudeMeters>10.81</AltitudeMeters>
     <DistanceMeters>24386.985965340038</DistanceMeters>
    </Trackpoint>
    <Trackpoint>
     <Time>2026-04-10T14:57:06+00:00</Time>
     <Position>
      <LatitudeDegrees>43.8859600</LatitudeDegrees>
      <LongitudeDegrees>4.6435550</LongitudeDegrees>
     </Position>
     <AltitudeMeters>10.81</AltitudeMeters>
     <DistanceMeters>24463.31816394541</DistanceMeters>
    </Trackpoint>
    <Trackpoint>
     <Time>2026-04-10T14:57:12+00:00</Time>
     <Position>
      <LatitudeDegrees>43.8853500</LatitudeDegrees>
      <LongitudeDegrees>4.6431200</LongitudeDegrees>
     </Position>
     <AltitudeMeters>11.030000000000001</AltitudeMeters>
     <DistanceMeters>24539.65034261636</DistanceMeters>
    </Trackpoint>
    <Trackpoint>
     <Time>2026-04-10T14:57:19+00:00</Time>
     <Position>
      <LatitudeDegrees>43.8851300</LatitudeDegrees>
      <LongitudeDegrees>4.6429100</LongitudeDegrees>
     </Position>
     <AltitudeMeters>11.030000000000001</AltitudeMeters>
     <DistanceMeters>24569.3702077377</DistanceMeters>
    </Trackpoint>
    <Trackpoint>
     <Time>2026-04-10T14:57:25+00:00</Time>
     <Position>
      <LatitudeDegrees>43.8849000</LatitudeDegrees>
      <LongitudeDegrees>4.6425300</LongitudeDegrees>
     </Position>
     <AltitudeMeters>11.030000000000001</AltitudeMeters>
     <DistanceMeters>24609.174456347417</DistanceMeters>
    </Trackpoint>
    <Trackpoint>
     <Time>2026-04-10T14:57:32+00:00</Time>
     <Position>
      <LatitudeDegrees>43.8847000</LatitudeDegrees>
      <LongitudeDegrees>4.6420800</LongitudeDegrees>
     </Position>
     <AltitudeMeters>11.030000000000001</AltitudeMeters>
     <DistanceMeters>24651.582410910894</DistanceMeters>
    </Trackpoint>
    <Trackpoint>
     <Time>2026-04-10T14:57:38+00:00</Time>
     <Position>
      <LatitudeDegrees>43.8845800</LatitudeDegrees>
      <LongitudeDegrees>4.6417200</LongitudeDegrees>
     </Position>
     <AltitudeMeters>10.780000000000001</AltitudeMeters>
     <DistanceMeters>24683.39862177131</DistanceMeters>
    </Trackpoint>
    <Trackpoint>
     <Time>2026-04-10T14:57:45+00:00</Time>
     <Position>
      <LatitudeDegrees>43.8844400</LatitudeDegrees>
      <LongitudeDegrees>4.6411700</LongitudeDegrees>
     </Position>
     <AltitudeMeters>10.780000000000001</AltitudeMeters>
     <DistanceMeters>24730.187552595078</DistanceMeters>
    </Trackpoint>
    <Trackpoint>
     <Time>2026-04-10T14:57:51+00:00</Time>
     <Position>
      <LatitudeDegrees>43.8843800</LatitudeDegrees>
      <LongitudeDegrees>4.6404700</LongitudeDegrees>
     </Position>
     <AltitudeMeters>10.780000000000001</AltitudeMeters>
     <DistanceMeters>24786.733939798254</DistanceMeters>
    </Trackpoint>
    <Trackpoint>
     <Time>2026-04-10T14:57:58+00:00</Time>
     <Position>
      <LatitudeDegrees>43.8843200</LatitudeDegrees>
      <LongitudeDegrees>4.6397700</LongitudeDegrees>
     </Position>
     <AltitudeMeters>10.780000000000001</AltitudeMeters>
     <DistanceMeters>24843.28028305767</DistanceMeters>
    </Trackpoint>
    <Trackpoint>
     <Time>2026-04-10T14:58:04+00:00</Time>
     <Position>
      <LatitudeDegrees>43.8842000</LatitudeDegrees>
      <LongitudeDegrees>4.6392900</LongitudeDegrees>
     </Position>
     <AltitudeMeters>10.780000000000001</AltitudeMeters>
     <DistanceMeters>24884.0341900122</DistanceMeters>
    </Trackpoint>
    <Trackpoint>
     <Time>2026-04-10T14:58:11+00:00</Time>
     <Position>
      <LatitudeDegrees>43.8838000</LatitudeDegrees>
      <LongitudeDegrees>4.6382100</LongitudeDegrees>
     </Position>
     <AltitudeMeters>10.870000000000001</AltitudeMeters>
     <DistanceMeters>24981.4362395954</DistanceMeters>
    </Trackpoint>
    <Trackpoint>
     <Time>2026-04-10T14:58:17+00:00</Time>
     <Position>
      <LatitudeDegrees>43.8834733</LatitudeDegrees>
      <LongitudeDegrees>4.6373967</LongitudeDegrees>
     </Position>
     <AltitudeMeters>10.870000000000001</AltitudeMeters>
     <DistanceMeters>25056.125191762985</DistanceMeters>
    </Trackpoint>
    <Trackpoint>
     <Time>2026-04-10T14:58:24+00:00</Time>
     <Position>
      <LatitudeDegrees>43.8831467</LatitudeDegrees>
      <LongitudeDegrees>4.6365833</LongitudeDegrees>
     </Position>
     <AltitudeMeters>10.870000000000001</AltitudeMeters>
     <DistanceMeters>25130.814143930285</DistanceMeters>
    </Trackpoint>
    <Trackpoint>
     <Time>2026-04-10T14:58:31+00:00</Time>
     <Position>
      <LatitudeDegrees>43.8828200</LatitudeDegrees>
      <LongitudeDegrees>4.6357700</LongitudeDegrees>
     </Position>
     <AltitudeMeters>10.870000000000001</AltitudeMeters>
     <DistanceMeters>25205.503101697697</DistanceMeters>
    </Trackpoint>
    <Trackpoint>
     <Time>2026-04-10T14:58:37+00:00</Time>
     <Position>
      <LatitudeDegrees>43.8825400</LatitudeDegrees>
      <LongitudeDegrees>4.6349867</LongitudeDegrees>
     </Position>
     <AltitudeMeters>10.370000000000001</AltitudeMeters>
     <DistanceMeters>25275.64335364039</DistanceMeters>
    </Trackpoint>
    <Trackpoint>
     <Time>2026-04-10T14:58:44+00:00</Time>
     <Position>
      <LatitudeDegrees>43.8822600</LatitudeDegrees>
      <LongitudeDegrees>4.6342033</LongitudeDegrees>
     </Position>
     <AltitudeMeters>10.370000000000001</AltitudeMeters>
     <DistanceMeters>25345.783605582696</DistanceMeters>
    </Trackpoint>
    <Trackpoint>
     <Time>2026-04-10T14:58:50+00:00</Time>
     <Position>
      <LatitudeDegrees>43.8819800</LatitudeDegrees>
      <LongitudeDegrees>4.6334200</LongitudeDegrees>
     </Position>
     <AltitudeMeters>10.370000000000001</AltitudeMeters>
     <DistanceMeters>25415.92386698952</DistanceMeters>
    </Trackpoint>
    <Trackpoint>
     <Time>2026-04-10T14:58:57+00:00</Time>
     <Position>
      <LatitudeDegrees>43.8815780</LatitudeDegrees>
      <LongitudeDegrees>4.6324240</LongitudeDegrees>
     </Position>
     <AltitudeMeters>10.370000000000001</AltitudeMeters>
     <DistanceMeters>25507.496733044034</DistanceMeters>
    </Trackpoint>
    <Trackpoint>
     <Time>2026-04-10T14:59:03+00:00</Time>
     <Position>
      <LatitudeDegrees>43.8811760</LatitudeDegrees>
      <LongitudeDegrees>4.6314280</LongitudeDegrees>
     </Position>
     <AltitudeMeters>10.370000000000001</AltitudeMeters>
     <DistanceMeters>25599.06959910022</DistanceMeters>
    </Trackpoint>
    <Trackpoint>
     <Time>2026-04-10T14:59:10+00:00</Time>
     <Position>
      <LatitudeDegrees>43.8807740</LatitudeDegrees>
      <LongitudeDegrees>4.6304320</LongitudeDegrees>
     </Position>
     <AltitudeMeters>11.46</AltitudeMeters>
     <DistanceMeters>25690.642465155317</DistanceMeters>
    </Trackpoint>
    <Trackpoint>
     <Time>2026-04-10T14:59:16+00:00</Time>
     <Position>
      <LatitudeDegrees>43.8803720</LatitudeDegrees>
      <LongitudeDegrees>4.6294360</LongitudeDegrees>
     </Position>
     <AltitudeMeters>11.46</AltitudeMeters>
     <DistanceMeters>25782.21533121094</DistanceMeters>
    </Trackpoint>
    <Trackpoint>
     <Time>2026-04-10T14:59:23+00:00</Time>
     <Position>
      <LatitudeDegrees>43.8799700</LatitudeDegrees>
      <LongitudeDegrees>4.6284400</LongitudeDegrees>
     </Position>
     <AltitudeMeters>11.46</AltitudeMeters>
     <DistanceMeters>25873.788195410893</DistanceMeters>
    </Trackpoint>
    <Trackpoint>
     <Time>2026-04-10T14:59:29+00:00</Time>
     <Position>
      <LatitudeDegrees>43.8797300</LatitudeDegrees>
      <LongitudeDegrees>4.6284500</LongitudeDegrees>
     </Position>
     <AltitudeMeters>11.46</AltitudeMeters>
     <DistanceMeters>25900.511202250804</DistanceMeters>
    </Trackpoint>
    <Trackpoint>
     <Time>2026-04-10T14:59:36+00:00</Time>
     <Position>
      <LatitudeDegrees>43.8795200</LatitudeDegrees>
      <LongitudeDegrees>4.6284000</LongitudeDegrees>
     </Position>
     <AltitudeMeters>11.46</AltitudeMeters>
     <DistanceMeters>25924.224985262714</DistanceMeters>
    </Trackpoint>
    <Trackpoint>
     <Time>2026-04-10T14:59:42+00:00</Time>
     <Position>
      <LatitudeDegrees>43.8792200</LatitudeDegrees>
      <LongitudeDegrees>4.6282500</LongitudeDegrees>
     </Position>
     <AltitudeMeters>11.46</AltitudeMeters>
     <DistanceMeters>25959.715911971118</DistanceMeters>
    </Trackpoint>
    <Trackpoint>
     <Time>2026-04-10T14:59:49+00:00</Time>
     <Position>
      <LatitudeDegrees>43.8787400</LatitudeDegrees>
      <LongitudeDegrees>4.6279600</LongitudeDegrees>
     </Position>
     <AltitudeMeters>12.180000000000001</AltitudeMeters>
     <DistanceMeters>26017.983748308143</DistanceMeters>
    </Trackpoint>
    <Trackpoint>
     <Time>2026-04-10T14:59:55+00:00</Time>
     <Position>
      <LatitudeDegrees>43.8781600</LatitudeDegrees>
      <LongitudeDegrees>4.6275750</LongitudeDegrees>
     </Position>
     <AltitudeMeters>12.180000000000001</AltitudeMeters>
     <DistanceMeters>26089.54382284017</DistanceMeters>
    </Trackpoint>
    <Trackpoint>
     <Time>2026-04-10T15:00:02+00:00</Time>
     <Position>
      <LatitudeDegrees>43.8775800</LatitudeDegrees>
      <LongitudeDegrees>4.6271900</LongitudeDegrees>
     </Position>
     <AltitudeMeters>12.180000000000001</AltitudeMeters>
     <DistanceMeters>26161.103929425535</DistanceMeters>
    </Trackpoint>
    <Trackpoint>
     <Time>2026-04-10T15:00:08+00:00</Time>
     <Position>
      <LatitudeDegrees>43.8767800</LatitudeDegrees>
      <LongitudeDegrees>4.6266967</LongitudeDegrees>
     </Position>
     <AltitudeMeters>12.180000000000001</AltitudeMeters>
     <DistanceMeters>26258.54076358502</DistanceMeters>
    </Trackpoint>
    <Trackpoint>
     <Time>2026-04-10T15:00:15+00:00</Time>
     <Position>
      <LatitudeDegrees>43.8759800</LatitudeDegrees>
      <LongitudeDegrees>4.6262033</LongitudeDegrees>
     </Position>
     <AltitudeMeters>12.180000000000001</AltitudeMeters>
     <DistanceMeters>26355.97759774334</DistanceMeters>
    </Trackpoint>
    <Trackpoint>
     <Time>2026-04-10T15:00:22+00:00</Time>
     <Position>
      <LatitudeDegrees>43.8751800</LatitudeDegrees>
      <LongitudeDegrees>4.6257100</LongitudeDegrees>
     </Position>
     <AltitudeMeters>12.180000000000001</AltitudeMeters>
     <DistanceMeters>26453.41445452834</DistanceMeters>
    </Trackpoint>
    <Trackpoint>
     <Time>2026-04-10T15:00:28+00:00</Time>
     <Position>
      <LatitudeDegrees>43.8744900</LatitudeDegrees>
      <LongitudeDegrees>4.6252533</LongitudeDegrees>
     </Position>
     <AltitudeMeters>12.180000000000001</AltitudeMeters>
     <DistanceMeters>26538.50064339269</DistanceMeters>
    </Trackpoint>
    <Trackpoint>
     <Time>2026-04-10T15:00:35+00:00</Time>
     <Position>
      <LatitudeDegrees>43.8738000</LatitudeDegrees>
      <LongitudeDegrees>4.6247967</LongitudeDegrees>
     </Position>
     <AltitudeMeters>12.860000000000001</AltitudeMeters>
     <DistanceMeters>26623.58683225522</DistanceMeters>
    </Trackpoint>
    <Trackpoint>
     <Time>2026-04-10T15:00:41+00:00</Time>
     <Position>
      <LatitudeDegrees>43.8731100</LatitudeDegrees>
      <LongitudeDegrees>4.6243400</LongitudeDegrees>
     </Position>
     <AltitudeMeters>12.860000000000001</AltitudeMeters>
     <DistanceMeters>26708.673014793316</DistanceMeters>
    </Trackpoint>
    <Trackpoint>
     <Time>2026-04-10T15:00:48+00:00</Time>
     <Position>
      <LatitudeDegrees>43.8729700</LatitudeDegrees>
      <LongitudeDegrees>4.6242300</LongitudeDegrees>
     </Position>
     <AltitudeMeters>12.860000000000001</AltitudeMeters>
     <DistanceMeters>26726.580187159823</DistanceMeters>
    </Trackpoint>
    <Trackpoint>
     <Time>2026-04-10T15:00:54+00:00</Time>
     <Position>
      <LatitudeDegrees>43.8724400</LatitudeDegrees>
      <LongitudeDegrees>4.6235100</LongitudeDegrees>
     </Position>
     <AltitudeMeters>12.860000000000001</AltitudeMeters>
     <DistanceMeters>26809.141546617702</DistanceMeters>
    </Trackpoint>
    <Trackpoint>
     <Time>2026-04-10T15:01:01+00:00</Time>
     <Position>
      <LatitudeDegrees>43.8723300</LatitudeDegrees>
      <LongitudeDegrees>4.6234200</LongitudeDegrees>
     </Position>
     <AltitudeMeters>12.860000000000001</AltitudeMeters>
     <DistanceMeters>26823.354911976297</DistanceMeters>
    </Trackpoint>
    <Trackpoint>
     <Time>2026-04-10T15:01:07+00:00</Time>
     <Position>
      <LatitudeDegrees>43.8716100</LatitudeDegrees>
      <LongitudeDegrees>4.6230650</LongitudeDegrees>
     </Position>
     <AltitudeMeters>12.860000000000001</AltitudeMeters>
     <DistanceMeters>26908.399217240443</DistanceMeters>
    </Trackpoint>
    <Trackpoint>
     <Time>2026-04-10T15:01:14+00:00</Time>
     <Position>
      <LatitudeDegrees>43.8708900</LatitudeDegrees>
      <LongitudeDegrees>4.6227100</LongitudeDegrees>
     </Position>
     <AltitudeMeters>12.860000000000001</AltitudeMeters>
     <DistanceMeters>26993.443523664704</DistanceMeters>
    </Trackpoint>
    <Trackpoint>
     <Time>2026-04-10T15:01:20+00:00</Time>
     <Position>
      <LatitudeDegrees>43.8707700</LatitudeDegrees>
      <LongitudeDegrees>4.6227000</LongitudeDegrees>
     </Position>
     <AltitudeMeters>12.860000000000001</AltitudeMeters>
     <DistanceMeters>27006.823083766256</DistanceMeters>
    </Trackpoint>
    <Trackpoint>
     <Time>2026-04-10T15:01:27+00:00</Time>
     <Position>
      <LatitudeDegrees>43.8706700</LatitudeDegrees>
      <LongitudeDegrees>4.6227400</LongitudeDegrees>
     </Position>
     <AltitudeMeters>12.860000000000001</AltitudeMeters>
     <DistanceMeters>27018.40613971345</DistanceMeters>
    </Trackpoint>
    <Trackpoint>
     <Time>2026-04-10T15:01:33+00:00</Time>
     <Position>
      <LatitudeDegrees>43.8703800</LatitudeDegrees>
      <LongitudeDegrees>4.6229300</LongitudeDegrees>
     </Position>
     <AltitudeMeters>12.860000000000001</AltitudeMeters>
     <DistanceMeters>27054.100914076855</DistanceMeters>
    </Trackpoint>
    <Trackpoint>
     <Time>2026-04-10T15:01:40+00:00</Time>
     <Position>
      <LatitudeDegrees>43.8703200</LatitudeDegrees>
      <LongitudeDegrees>4.6229300</LongitudeDegrees>
     </Position>
     <AltitudeMeters>12.860000000000001</AltitudeMeters>
     <DistanceMeters>27060.778654843052</DistanceMeters>
    </Trackpoint>
    <Trackpoint>
     <Time>2026-04-10T15:01:46+00:00</Time>
     <Position>
      <LatitudeDegrees>43.8702700</LatitudeDegrees>
      <LongitudeDegrees>4.6228800</LongitudeDegrees>
     </Position>
     <AltitudeMeters>12.860000000000001</AltitudeMeters>
     <DistanceMeters>27067.638731211333</DistanceMeters>
    </Trackpoint>
    <Trackpoint>
     <Time>2026-04-10T15:01:53+00:00</Time>
     <Position>
      <LatitudeDegrees>43.8702300</LatitudeDegrees>
      <LongitudeDegrees>4.6228100</LongitudeDegrees>
     </Position>
     <AltitudeMeters>12.860000000000001</AltitudeMeters>
     <DistanceMeters>27074.805509707156</DistanceMeters>
    </Trackpoint>
    <Trackpoint>
     <Time>2026-04-10T15:01:59+00:00</Time>
     <Position>
      <LatitudeDegrees>43.8699100</LatitudeDegrees>
      <LongitudeDegrees>4.6220100</LongitudeDegrees>
     </Position>
     <AltitudeMeters>12.860000000000001</AltitudeMeters>
     <DistanceMeters>27148.211584551987</DistanceMeters>
    </Trackpoint>
    <Trackpoint>
     <Time>2026-04-10T15:02:06+00:00</Time>
     <Position>
      <LatitudeDegrees>43.8695400</LatitudeDegrees>
      <LongitudeDegrees>4.6213100</LongitudeDegrees>
     </Position>
     <AltitudeMeters>11.45</AltitudeMeters>
     <DistanceMeters>27217.854915528886</DistanceMeters>
    </Trackpoint>
    <Trackpoint>
     <Time>2026-04-10T15:02:12+00:00</Time>
     <Position>
      <LatitudeDegrees>43.8693100</LatitudeDegrees>
      <LongitudeDegrees>4.6209500</LongitudeDegrees>
     </Position>
     <AltitudeMeters>11.45</AltitudeMeters>
     <DistanceMeters>27256.450074290064</DistanceMeters>
    </Trackpoint>
    <Trackpoint>
     <Time>2026-04-10T15:02:19+00:00</Time>
     <Position>
      <LatitudeDegrees>43.8690200</LatitudeDegrees>
      <LongitudeDegrees>4.6206500</LongitudeDegrees>
     </Position>
     <AltitudeMeters>11.45</AltitudeMeters>
     <DistanceMeters>27296.713253406255</DistanceMeters>
    </Trackpoint>
    <Trackpoint>
     <Time>2026-04-10T15:02:26+00:00</Time>
     <Position>
      <LatitudeDegrees>43.8688100</LatitudeDegrees>
      <LongitudeDegrees>4.6204700</LongitudeDegrees>
     </Position>
     <AltitudeMeters>11.45</AltitudeMeters>
     <DistanceMeters>27324.187611899135</DistanceMeters>
    </Trackpoint>
    <Trackpoint>
     <Time>2026-04-10T15:02:32+00:00</Time>
     <Position>
      <LatitudeDegrees>43.8683500</LatitudeDegrees>
      <LongitudeDegrees>4.6201400</LongitudeDegrees>
     </Position>
     <AltitudeMeters>11.45</AltitudeMeters>
     <DistanceMeters>27381.825439360407</DistanceMeters>
    </Trackpoint>
    <Trackpoint>
     <Time>2026-04-10T15:02:39+00:00</Time>
     <Position>
      <LatitudeDegrees>43.8684400</LatitudeDegrees>
      <LongitudeDegrees>4.6199300</LongitudeDegrees>
     </Position>
     <AltitudeMeters>11.45</AltitudeMeters>
     <DistanceMeters>27401.427625711116</DistanceMeters>
    </Trackpoint>
    <Trackpoint>
     <Time>2026-04-10T15:02:45+00:00</Time>
     <Position>
      <LatitudeDegrees>43.8685900</LatitudeDegrees>
      <LongitudeDegrees>4.6194400</LongitudeDegrees>
     </Position>
     <AltitudeMeters>12.22</AltitudeMeters>
     <DistanceMeters>27444.141146581824</DistanceMeters>
    </Trackpoint>
    <Trackpoint>
     <Time>2026-04-10T15:02:52+00:00</Time>
     <Position>
      <LatitudeDegrees>43.8686600</LatitudeDegrees>
      <LongitudeDegrees>4.6192800</LongitudeDegrees>
     </Position>
     <AltitudeMeters>12.22</AltitudeMeters>
     <DistanceMeters>27459.157970264947</DistanceMeters>
    </Trackpoint>
    <Trackpoint>
     <Time>2026-04-10T15:02:58+00:00</Time>
     <Position>
      <LatitudeDegrees>43.8687800</LatitudeDegrees>
      <LongitudeDegrees>4.6191400</LongitudeDegrees>
     </Position>
     <AltitudeMeters>12.22</AltitudeMeters>
     <DistanceMeters>27476.60936448309</DistanceMeters>
    </Trackpoint>
    <Trackpoint>
     <Time>2026-04-10T15:03:05+00:00</Time>
     <Position>
      <LatitudeDegrees>43.8689600</LatitudeDegrees>
      <LongitudeDegrees>4.6190600</LongitudeDegrees>
     </Position>
     <AltitudeMeters>12.22</AltitudeMeters>
     <DistanceMeters>27497.645812929484</DistanceMeters>
    </Trackpoint>
    <Trackpoint>
     <Time>2026-04-10T15:03:11+00:00</Time>
     <Position>
      <LatitudeDegrees>43.8690500</LatitudeDegrees>
      <LongitudeDegrees>4.6189500</LongitudeDegrees>
     </Position>
     <AltitudeMeters>12.22</AltitudeMeters>
     <DistanceMeters>27510.996093602957</DistanceMeters>
    </Trackpoint>
    <Trackpoint>
     <Time>2026-04-10T15:03:18+00:00</Time>
     <Position>
      <LatitudeDegrees>43.8691200</LatitudeDegrees>
      <LongitudeDegrees>4.6187200</LongitudeDegrees>
     </Position>
     <AltitudeMeters>12.270000000000001</AltitudeMeters>
     <DistanceMeters>27531.027423505275</DistanceMeters>
    </Trackpoint>
    <Trackpoint>
     <Time>2026-04-10T15:03:24+00:00</Time>
     <Position>
      <LatitudeDegrees>43.8691600</LatitudeDegrees>
      <LongitudeDegrees>4.6184900</LongitudeDegrees>
     </Position>
     <AltitudeMeters>12.270000000000001</AltitudeMeters>
     <DistanceMeters>27550.0110307988</DistanceMeters>
    </Trackpoint>
    <Trackpoint>
     <Time>2026-04-10T15:03:31+00:00</Time>
     <Position>
      <LatitudeDegrees>43.8691400</LatitudeDegrees>
      <LongitudeDegrees>4.6183500</LongitudeDegrees>
     </Position>
     <AltitudeMeters>12.270000000000001</AltitudeMeters>
     <DistanceMeters>27561.462456206882</DistanceMeters>
    </Trackpoint>
    <Trackpoint>
     <Time>2026-04-10T15:03:37+00:00</Time>
     <Position>
      <LatitudeDegrees>43.8692850</LatitudeDegrees>
      <LongitudeDegrees>4.6173575</LongitudeDegrees>
     </Position>
     <AltitudeMeters>12.270000000000001</AltitudeMeters>
     <DistanceMeters>27642.71480620994</DistanceMeters>
    </Trackpoint>
    <Trackpoint>
     <Time>2026-04-10T15:03:44+00:00</Time>
     <Position>
      <LatitudeDegrees>43.8694300</LatitudeDegrees>
      <LongitudeDegrees>4.6163650</LongitudeDegrees>
     </Position>
     <AltitudeMeters>12.270000000000001</AltitudeMeters>
     <DistanceMeters>27723.967156212817</DistanceMeters>
    </Trackpoint>
    <Trackpoint>
     <Time>2026-04-10T15:03:50+00:00</Time>
     <Position>
      <LatitudeDegrees>43.8695750</LatitudeDegrees>
      <LongitudeDegrees>4.6153725</LongitudeDegrees>
     </Position>
     <AltitudeMeters>12.270000000000001</AltitudeMeters>
     <DistanceMeters>27805.219506215766</DistanceMeters>
    </Trackpoint>
    <Trackpoint>
     <Time>2026-04-10T15:03:57+00:00</Time>
     <Position>
      <LatitudeDegrees>43.8697200</LatitudeDegrees>
      <LongitudeDegrees>4.6143800</LongitudeDegrees>
     </Position>
     <AltitudeMeters>12.4</AltitudeMeters>
     <DistanceMeters>27886.47187202204</DistanceMeters>
    </Trackpoint>
    <Trackpoint>
     <Time>2026-04-10T15:04:03+00:00</Time>
     <Position>
      <LatitudeDegrees>43.8698100</LatitudeDegrees>
      <LongitudeDegrees>4.6138900</LongitudeDegrees>
     </Position>
     <AltitudeMeters>12.4</AltitudeMeters>
     <DistanceMeters>27927.042934923684</DistanceMeters>
    </Trackpoint>
    <Trackpoint>
     <Time>2026-04-10T15:04:10+00:00</Time>
     <Position>
      <LatitudeDegrees>43.8700800</LatitudeDegrees>
      <LongitudeDegrees>4.6132500</LongitudeDegrees>
     </Position>
     <AltitudeMeters>12.4</AltitudeMeters>
     <DistanceMeters>27986.539456625633</DistanceMeters>
    </Trackpoint>
    <Trackpoint>
     <Time>2026-04-10T15:04:16+00:00</Time>
     <Position>
      <LatitudeDegrees>43.8702250</LatitudeDegrees>
      <LongitudeDegrees>4.6123300</LongitudeDegrees>
     </Position>
     <AltitudeMeters>12.4</AltitudeMeters>
     <DistanceMeters>28062.098509364998</DistanceMeters>
    </Trackpoint>
    <Trackpoint>
     <Time>2026-04-10T15:04:23+00:00</Time>
     <Position>
      <LatitudeDegrees>43.8703700</LatitudeDegrees>
      <LongitudeDegrees>4.6114100</LongitudeDegrees>
     </Position>
     <AltitudeMeters>12.4</AltitudeMeters>
     <DistanceMeters>28137.6575544231</DistanceMeters>
    </Trackpoint>
    <Trackpoint>
     <Time>2026-04-10T15:04:30+00:00</Time>
     <Position>
      <LatitudeDegrees>43.8704100</LatitudeDegrees>
      <LongitudeDegrees>4.6112900</LongitudeDegrees>
     </Position>
     <AltitudeMeters>12.4</AltitudeMeters>
     <DistanceMeters>28148.26504771445</DistanceMeters>
    </Trackpoint>
    <Trackpoint>
     <Time>2026-04-10T15:04:36+00:00</Time>
     <Position>
      <LatitudeDegrees>43.8707500</LatitudeDegrees>
      <LongitudeDegrees>4.6110800</LongitudeDegrees>
     </Position>
     <AltitudeMeters>12.190000000000001</AltitudeMeters>
     <DistanceMeters>28189.687242036052</DistanceMeters>
    </Trackpoint>
    <Trackpoint>
     <Time>2026-04-10T15:04:43+00:00</Time>
     <Position>
      <LatitudeDegrees>43.8709100</LatitudeDegrees>
      <LongitudeDegrees>4.6109000</LongitudeDegrees>
     </Position>
     <AltitudeMeters>12.190000000000001</AltitudeMeters>
     <DistanceMeters>28212.61479093462</DistanceMeters>
    </Trackpoint>
    <Trackpoint>
     <Time>2026-04-10T15:04:49+00:00</Time>
     <Position>
      <LatitudeDegrees>43.8709900</LatitudeDegrees>
      <LongitudeDegrees>4.6107700</LongitudeDegrees>
     </Position>
     <AltitudeMeters>12.190000000000001</AltitudeMeters>
     <DistanceMeters>28226.328541004445</DistanceMeters>
    </Trackpoint>
    <Trackpoint>
     <Time>2026-04-10T15:04:56+00:00</Time>
     <Position>
      <LatitudeDegrees>43.8710500</LatitudeDegrees>
      <LongitudeDegrees>4.6106000</LongitudeDegrees>
     </Position>
     <AltitudeMeters>12.190000000000001</AltitudeMeters>
     <DistanceMeters>28241.515125119255</DistanceMeters>
    </Trackpoint>
    <Trackpoint>
     <Time>2026-04-10T15:05:02+00:00</Time>
     <Position>
      <LatitudeDegrees>43.8710750</LatitudeDegrees>
      <LongitudeDegrees>4.6097450</LongitudeDegrees>
     </Position>
     <AltitudeMeters>12.15</AltitudeMeters>
     <DistanceMeters>28310.17087141556</DistanceMeters>
    </Trackpoint>
    <Trackpoint>
     <Time>2026-04-10T15:05:09+00:00</Time>
     <Position>
      <LatitudeDegrees>43.8711000</LatitudeDegrees>
      <LongitudeDegrees>4.6088900</LongitudeDegrees>
     </Position>
     <AltitudeMeters>12.15</AltitudeMeters>
     <DistanceMeters>28378.82666168255</DistanceMeters>
    </Trackpoint>
    <Trackpoint>
     <Time>2026-04-10T15:05:15+00:00</Time>
     <Position>
      <LatitudeDegrees>43.8710900</LatitudeDegrees>
      <LongitudeDegrees>4.6085700</LongitudeDegrees>
     </Position>
     <AltitudeMeters>12.46</AltitudeMeters>
     <DistanceMeters>28404.525380235274</DistanceMeters>
    </Trackpoint>
    <Trackpoint>
     <Time>2026-04-10T15:05:22+00:00</Time>
     <Position>
      <LatitudeDegrees>43.8712400</LatitudeDegrees>
      <LongitudeDegrees>4.6076100</LongitudeDegrees>
     </Position>
     <AltitudeMeters>12.88</AltitudeMeters>
     <DistanceMeters>28483.337540538974</DistanceMeters>
    </Trackpoint>
    <Trackpoint>
     <Time>2026-04-10T15:05:28+00:00</Time>
     <Position>
      <LatitudeDegrees>43.8706033</LatitudeDegrees>
      <LongitudeDegrees>4.6067500</LongitudeDegrees>
     </Position>
     <AltitudeMeters>12.88</AltitudeMeters>
     <DistanceMeters>28582.24198826988</DistanceMeters>
    </Trackpoint>
    <Trackpoint>
     <Time>2026-04-10T15:05:35+00:00</Time>
     <Position>
      <LatitudeDegrees>43.8699667</LatitudeDegrees>
      <LongitudeDegrees>4.6058900</LongitudeDegrees>
     </Position>
     <AltitudeMeters>12.88</AltitudeMeters>
     <DistanceMeters>28681.14643600121</DistanceMeters>
    </Trackpoint>
    <Trackpoint>
     <Time>2026-04-10T15:05:41+00:00</Time>
     <Position>
      <LatitudeDegrees>43.8693300</LatitudeDegrees>
      <LongitudeDegrees>4.6050300</LongitudeDegrees>
     </Position>
     <AltitudeMeters>11.8</AltitudeMeters>
     <DistanceMeters>28780.050900662347</DistanceMeters>
    </Trackpoint>
    <Trackpoint>
     <Time>2026-04-10T15:05:48+00:00</Time>
     <Position>
      <LatitudeDegrees>43.8687200</LatitudeDegrees>
      <LongitudeDegrees>4.6041750</LongitudeDegrees>
     </Position>
     <AltitudeMeters>11.8</AltitudeMeters>
     <DistanceMeters>28876.56693057449</DistanceMeters>
    </Trackpoint>
    <Trackpoint>
     <Time>2026-04-10T15:05:54+00:00</Time>
     <Position>
      <LatitudeDegrees>43.8681100</LatitudeDegrees>
      <LongitudeDegrees>4.6033200</LongitudeDegrees>
     </Position>
     <AltitudeMeters>11.8</AltitudeMeters>
     <DistanceMeters>28973.082983933702</DistanceMeters>
    </Trackpoint>
    <Trackpoint>
     <Time>2026-04-10T15:06:01+00:00</Time>
     <Position>
      <LatitudeDegrees>43.8680200</LatitudeDegrees>
      <LongitudeDegrees>4.6030600</LongitudeDegrees>
     </Position>
     <AltitudeMeters>11.8</AltitudeMeters>
     <DistanceMeters>28996.224767550848</DistanceMeters>
    </Trackpoint>
    <Trackpoint>
     <Time>2026-04-10T15:06:07+00:00</Time>
     <Position>
      <LatitudeDegrees>43.8676100</LatitudeDegrees>
      <LongitudeDegrees>4.6023800</LongitudeDegrees>
     </Position>
     <AltitudeMeters>12.040000000000001</AltitudeMeters>
     <DistanceMeters>29067.352617282082</DistanceMeters>
    </Trackpoint>
    <Trackpoint>
     <Time>2026-04-10T15:06:14+00:00</Time>
     <Position>
      <LatitudeDegrees>43.8675600</LatitudeDegrees>
      <LongitudeDegrees>4.6022500</LongitudeDegrees>
     </Position>
     <AltitudeMeters>12.040000000000001</AltitudeMeters>
     <DistanceMeters>29079.175095259598</DistanceMeters>
    </Trackpoint>
    <Trackpoint>
     <Time>2026-04-10T15:06:21+00:00</Time>
     <Position>
      <LatitudeDegrees>43.8674500</LatitudeDegrees>
      <LongitudeDegrees>4.6015400</LongitudeDegrees>
     </Position>
     <AltitudeMeters>12.040000000000001</AltitudeMeters>
     <DistanceMeters>29137.444663068512</DistanceMeters>
    </Trackpoint>
    <Trackpoint>
     <Time>2026-04-10T15:06:27+00:00</Time>
     <Position>
      <LatitudeDegrees>43.8674200</LatitudeDegrees>
      <LongitudeDegrees>4.6006700</LongitudeDegrees>
     </Position>
     <AltitudeMeters>12.040000000000001</AltitudeMeters>
     <DistanceMeters>29207.331591617352</DistanceMeters>
    </Trackpoint>
    <Trackpoint>
     <Time>2026-04-10T15:06:34+00:00</Time>
     <Position>
      <LatitudeDegrees>43.8674300</LatitudeDegrees>
      <LongitudeDegrees>4.6003800</LongitudeDegrees>
     </Position>
     <AltitudeMeters>12.040000000000001</AltitudeMeters>
     <DistanceMeters>29230.627238366247</DistanceMeters>
    </Trackpoint>
    <Trackpoint>
     <Time>2026-04-10T15:06:40+00:00</Time>
     <Position>
      <LatitudeDegrees>43.8674800</LatitudeDegrees>
      <LongitudeDegrees>4.6000300</LongitudeDegrees>
     </Position>
     <AltitudeMeters>11.250000000000002</AltitudeMeters>
     <DistanceMeters>29259.256585253454</DistanceMeters>
    </Trackpoint>
    <Trackpoint>
     <Time>2026-04-10T15:06:47+00:00</Time>
     <Position>
      <LatitudeDegrees>43.8676700</LatitudeDegrees>
      <LongitudeDegrees>4.5991100</LongitudeDegrees>
     </Position>
     <AltitudeMeters>11.250000000000002</AltitudeMeters>
     <DistanceMeters>29336.04450308594</DistanceMeters>
    </Trackpoint>
    <Trackpoint>
     <Time>2026-04-10T15:06:53+00:00</Time>
     <Position>
      <LatitudeDegrees>43.8678800</LatitudeDegrees>
      <LongitudeDegrees>4.5983100</LongitudeDegrees>
     </Position>
     <AltitudeMeters>11.250000000000002</AltitudeMeters>
     <DistanceMeters>29404.357187542475</DistanceMeters>
    </Trackpoint>
    <Trackpoint>
     <Time>2026-04-10T15:07:00+00:00</Time>
     <Position>
      <LatitudeDegrees>43.8679200</LatitudeDegrees>
      <LongitudeDegrees>4.5974600</LongitudeDegrees>
     </Position>
     <AltitudeMeters>11.250000000000002</AltitudeMeters>
     <DistanceMeters>29472.704159698304</DistanceMeters>
    </Trackpoint>
    <Trackpoint>
     <Time>2026-04-10T15:07:06+00:00</Time>
     <Position>
      <LatitudeDegrees>43.8679900</LatitudeDegrees>
      <LongitudeDegrees>4.5968600</LongitudeDegrees>
     </Position>
     <AltitudeMeters>11.080000000000002</AltitudeMeters>
     <DistanceMeters>29521.472879692155</DistanceMeters>
    </Trackpoint>
    <Trackpoint>
     <Time>2026-04-10T15:07:13+00:00</Time>
     <Position>
      <LatitudeDegrees>43.8680800</LatitudeDegrees>
      <LongitudeDegrees>4.5965500</LongitudeDegrees>
     </Position>
     <AltitudeMeters>11.080000000000002</AltitudeMeters>
     <DistanceMeters>29548.287542288424</DistanceMeters>
    </Trackpoint>
    <Trackpoint>
     <Time>2026-04-10T15:07:19+00:00</Time>
     <Position>
      <LatitudeDegrees>43.8682700</LatitudeDegrees>
      <LongitudeDegrees>4.5961200</LongitudeDegrees>
     </Position>
     <AltitudeMeters>11.080000000000002</AltitudeMeters>
     <DistanceMeters>29588.754133715156</DistanceMeters>
    </Trackpoint>
    <Trackpoint>
     <Time>2026-04-10T15:07:26+00:00</Time>
     <Position>
      <LatitudeDegrees>43.8683400</LatitudeDegrees>
      <LongitudeDegrees>4.5960200</LongitudeDegrees>
     </Position>
     <AltitudeMeters>11.080000000000002</AltitudeMeters>
     <DistanceMeters>29599.937808235863</DistanceMeters>
    </Trackpoint>
    <Trackpoint>
     <Time>2026-04-10T15:07:32+00:00</Time>
     <Position>
      <LatitudeDegrees>43.8687000</LatitudeDegrees>
      <LongitudeDegrees>4.5957400</LongitudeDegrees>
     </Position>
     <AltitudeMeters>11.080000000000002</AltitudeMeters>
     <DistanceMeters>29645.873115601426</DistanceMeters>
    </Trackpoint>
    <Trackpoint>
     <Time>2026-04-10T15:07:39+00:00</Time>
     <Position>
      <LatitudeDegrees>43.8689100</LatitudeDegrees>
      <LongitudeDegrees>4.5955200</LongitudeDegrees>
     </Position>
     <AltitudeMeters>11.080000000000002</AltitudeMeters>
     <DistanceMeters>29675.162137230785</DistanceMeters>
    </Trackpoint>
    <Trackpoint>
     <Time>2026-04-10T15:07:45+00:00</Time>
     <Position>
      <LatitudeDegrees>43.8693300</LatitudeDegrees>
      <LongitudeDegrees>4.5950250</LongitudeDegrees>
     </Position>
     <AltitudeMeters>11.080000000000002</AltitudeMeters>
     <DistanceMeters>29736.50073487993</DistanceMeters>
    </Trackpoint>
    <Trackpoint>
     <Time>2026-04-10T15:07:52+00:00</Time>
     <Position>
      <LatitudeDegrees>43.8697500</LatitudeDegrees>
      <LongitudeDegrees>4.5945300</LongitudeDegrees>
     </Position>
     <AltitudeMeters>13.09</AltitudeMeters>
     <DistanceMeters>29797.839371295748</DistanceMeters>
    </Trackpoint>
    <Trackpoint>
     <Time>2026-04-10T15:07:58+00:00</Time>
     <Position>
      <LatitudeDegrees>43.8702900</LatitudeDegrees>
      <LongitudeDegrees>4.5936900</LongitudeDegrees>
     </Position>
     <AltitudeMeters>13.09</AltitudeMeters>
     <DistanceMeters>29888.140500093647</DistanceMeters>
    </Trackpoint>
    <Trackpoint>
     <Time>2026-04-10T15:08:05+00:00</Time>
     <Position>
      <LatitudeDegrees>43.8708300</LatitudeDegrees>
      <LongitudeDegrees>4.5928500</LongitudeDegrees>
     </Position>
     <AltitudeMeters>13.09</AltitudeMeters>
     <DistanceMeters>29978.441613691328</DistanceMeters>
    </Trackpoint>
    <Trackpoint>
     <Time>2026-04-10T15:08:11+00:00</Time>
     <Position>
      <LatitudeDegrees>43.8709600</LatitudeDegrees>
      <LongitudeDegrees>4.5927500</LongitudeDegrees>
     </Position>
     <AltitudeMeters>13.09</AltitudeMeters>
     <DistanceMeters>29994.98578849649</DistanceMeters>
    </Trackpoint>
    <Trackpoint>
     <Time>2026-04-10T15:08:18+00:00</Time>
     <Position>
      <LatitudeDegrees>43.8711000</LatitudeDegrees>
      <LongitudeDegrees>4.5926700</LongitudeDegrees>
     </Position>
     <AltitudeMeters>13.09</AltitudeMeters>
     <DistanceMeters>30011.837466609133</DistanceMeters>
    </Trackpoint>
    <Trackpoint>
     <Time>2026-04-10T15:08:25+00:00</Time>
     <Position>
      <LatitudeDegrees>43.8715000</LatitudeDegrees>
      <LongitudeDegrees>4.5920500</LongitudeDegrees>
     </Position>
     <AltitudeMeters>13.510000000000002</AltitudeMeters>
     <DistanceMeters>30078.593589371943</DistanceMeters>
    </Trackpoint>
    <Trackpoint>
     <Time>2026-04-10T15:08:31+00:00</Time>
     <Position>
      <LatitudeDegrees>43.8719100</LatitudeDegrees>
      <LongitudeDegrees>4.5915300</LongitudeDegrees>
     </Position>
     <AltitudeMeters>13.510000000000002</AltitudeMeters>
     <DistanceMeters>30140.422668300613</DistanceMeters>
    </Trackpoint>
    <Trackpoint>
     <Time>2026-04-10T15:08:38+00:00</Time>
     <Position>
      <LatitudeDegrees>43.8719700</LatitudeDegrees>
      <LongitudeDegrees>4.5914800</LongitudeDegrees>
     </Position>
     <AltitudeMeters>13.510000000000002</AltitudeMeters>
     <DistanceMeters>30148.212736366666</DistanceMeters>
    </Trackpoint>
    <Trackpoint>
     <Time>2026-04-10T15:08:44+00:00</Time>
     <Position>
      <LatitudeDegrees>43.8721500</LatitudeDegrees>
      <LongitudeDegrees>4.5914300</LongitudeDegrees>
     </Position>
     <AltitudeMeters>13.510000000000002</AltitudeMeters>
     <DistanceMeters>30168.643665606993</DistanceMeters>
    </Trackpoint>
    <Trackpoint>
     <Time>2026-04-10T15:08:51+00:00</Time>
     <Position>
      <LatitudeDegrees>43.8723100</LatitudeDegrees>
      <LongitudeDegrees>4.5914100</LongitudeDegrees>
     </Position>
     <AltitudeMeters>13.510000000000002</AltitudeMeters>
     <DistanceMeters>30186.523125572414</DistanceMeters>
    </Trackpoint>
    <Trackpoint>
     <Time>2026-04-10T15:08:57+00:00</Time>
     <Position>
      <LatitudeDegrees>43.8727700</LatitudeDegrees>
      <LongitudeDegrees>4.5914500</LongitudeDegrees>
     </Position>
     <AltitudeMeters>13.1</AltitudeMeters>
     <DistanceMeters>30237.819626170916</DistanceMeters>
    </Trackpoint>
    <Trackpoint>
     <Time>2026-04-10T15:09:04+00:00</Time>
     <Position>
      <LatitudeDegrees>43.8728900</LatitudeDegrees>
      <LongitudeDegrees>4.5914400</LongitudeDegrees>
     </Position>
     <AltitudeMeters>13.1</AltitudeMeters>
     <DistanceMeters>30251.199184657897</DistanceMeters>
    </Trackpoint>
    <Trackpoint>
     <Time>2026-04-10T15:09:10+00:00</Time>
     <Position>
      <LatitudeDegrees>43.8729500</LatitudeDegrees>
      <LongitudeDegrees>4.5914100</LongitudeDegrees>
     </Position>
     <AltitudeMeters>13.1</AltitudeMeters>
     <DistanceMeters>30258.297458332054</DistanceMeters>
    </Trackpoint>
    <Trackpoint>
     <Time>2026-04-10T15:09:17+00:00</Time>
     <Position>
      <LatitudeDegrees>43.8730300</LatitudeDegrees>
      <LongitudeDegrees>4.5913100</LongitudeDegrees>
     </Position>
     <AltitudeMeters>13.1</AltitudeMeters>
     <DistanceMeters>30270.282638664103</DistanceMeters>
    </Trackpoint>
    <Trackpoint>
     <Time>2026-04-10T15:09:23+00:00</Time>
     <Position>
      <LatitudeDegrees>43.8733000</LatitudeDegrees>
      <LongitudeDegrees>4.5908100</LongitudeDegrees>
     </Position>
     <AltitudeMeters>15.93</AltitudeMeters>
     <DistanceMeters>30320.40469176377</DistanceMeters>
    </Trackpoint>
    <Trackpoint>
     <Time>2026-04-10T15:09:30+00:00</Time>
     <Position>
      <LatitudeDegrees>43.8726500</LatitudeDegrees>
      <LongitudeDegrees>4.5907500</LongitudeDegrees>
     </Position>
     <AltitudeMeters>15.93</AltitudeMeters>
     <DistanceMeters>30392.906869094248</DistanceMeters>
    </Trackpoint>
    <Trackpoint>
     <Time>2026-04-10T15:09:36+00:00</Time>
     <Position>
      <LatitudeDegrees>43.8724700</LatitudeDegrees>
      <LongitudeDegrees>4.5907100</LongitudeDegrees>
     </Position>
     <AltitudeMeters>13.620000000000001</AltitudeMeters>
     <DistanceMeters>30413.19551769785</DistanceMeters>
    </Trackpoint>
    <Trackpoint>
     <Time>2026-04-10T15:09:43+00:00</Time>
     <Position>
      <LatitudeDegrees>43.8723000</LatitudeDegrees>
      <LongitudeDegrees>4.5906200</LongitudeDegrees>
     </Position>
     <AltitudeMeters>13.620000000000001</AltitudeMeters>
     <DistanceMeters>30433.446858138457</DistanceMeters>
    </Trackpoint>
    <Trackpoint>
     <Time>2026-04-10T15:09:49+00:00</Time>
     <Position>
      <LatitudeDegrees>43.8721600</LatitudeDegrees>
      <LongitudeDegrees>4.5904900</LongitudeDegrees>
     </Position>
     <AltitudeMeters>13.620000000000001</AltitudeMeters>
     <DistanceMeters>30452.19698029969</DistanceMeters>
    </Trackpoint>
    <Trackpoint>
     <Time>2026-04-10T15:09:56+00:00</Time>
     <Position>
      <LatitudeDegrees>43.8720500</LatitudeDegrees>
      <LongitudeDegrees>4.5903300</LongitudeDegrees>
     </Position>
     <AltitudeMeters>13.620000000000001</AltitudeMeters>
     <DistanceMeters>30469.935925931357</DistanceMeters>
    </Trackpoint>
    <Trackpoint>
     <Time>2026-04-10T15:10:02+00:00</Time>
     <Position>
      <LatitudeDegrees>43.8719600</LatitudeDegrees>
      <LongitudeDegrees>4.5901600</LongitudeDegrees>
     </Position>
     <AltitudeMeters>13.620000000000001</AltitudeMeters>
     <DistanceMeters>30486.858291749588</DistanceMeters>
    </Trackpoint>
    <Trackpoint>
     <Time>2026-04-10T15:10:09+00:00</Time>
     <Position>
      <LatitudeDegrees>43.8718100</LatitudeDegrees>
      <LongitudeDegrees>4.5897400</LongitudeDegrees>
     </Position>
     <AltitudeMeters>13.620000000000001</AltitudeMeters>
     <DistanceMeters>30524.464424743448</DistanceMeters>
    </Trackpoint>
    <Trackpoint>
     <Time>2026-04-10T15:10:15+00:00</Time>
     <Position>
      <LatitudeDegrees>43.8715600</LatitudeDegrees>
      <LongitudeDegrees>4.5889500</LongitudeDegrees>
     </Position>
     <AltitudeMeters>11.500000000000002</AltitudeMeters>
     <DistanceMeters>30593.68626472087</DistanceMeters>
    </Trackpoint>
    <Trackpoint>
     <Time>2026-04-10T15:10:22+00:00</Time>
     <Position>
      <LatitudeDegrees>43.8713100</LatitudeDegrees>
      <LongitudeDegrees>4.5881600</LongitudeDegrees>
     </Position>
     <AltitudeMeters>11.500000000000002</AltitudeMeters>
     <DistanceMeters>30662.90810243022</DistanceMeters>
    </Trackpoint>
    <Trackpoint>
     <Time>2026-04-10T15:10:29+00:00</Time>
     <Position>
      <LatitudeDegrees>43.8711200</LatitudeDegrees>
      <LongitudeDegrees>4.5876400</LongitudeDegrees>
     </Position>
     <AltitudeMeters>15.91</AltitudeMeters>
     <DistanceMeters>30709.68219239997</DistanceMeters>
    </Trackpoint>
    <Trackpoint>
     <Time>2026-04-10T15:10:35+00:00</Time>
     <Position>
      <LatitudeDegrees>43.8710400</LatitudeDegrees>
      <LongitudeDegrees>4.5875700</LongitudeDegrees>
     </Position>
     <AltitudeMeters>15.91</AltitudeMeters>
     <DistanceMeters>30720.209211499314</DistanceMeters>
    </Trackpoint>
    <Trackpoint>
     <Time>2026-04-10T15:10:42+00:00</Time>
     <Position>
      <LatitudeDegrees>43.8707300</LatitudeDegrees>
      <LongitudeDegrees>4.5875500</LongitudeDegrees>
     </Position>
     <AltitudeMeters>15.91</AltitudeMeters>
     <DistanceMeters>30754.74816845153</DistanceMeters>
    </Trackpoint>
    <Trackpoint>
     <Time>2026-04-10T15:10:48+00:00</Time>
     <Position>
      <LatitudeDegrees>43.8698900</LatitudeDegrees>
      <LongitudeDegrees>4.5875900</LongitudeDegrees>
     </Position>
     <AltitudeMeters>15.05</AltitudeMeters>
     <DistanceMeters>30848.291610262848</DistanceMeters>
    </Trackpoint>
    <Trackpoint>
     <Time>2026-04-10T15:10:55+00:00</Time>
     <Position>
      <LatitudeDegrees>43.8691500</LatitudeDegrees>
      <LongitudeDegrees>4.5874800</LongitudeDegrees>
     </Position>
     <AltitudeMeters>14.980000000000002</AltitudeMeters>
     <DistanceMeters>30931.121970309083</DistanceMeters>
    </Trackpoint>
    <Trackpoint>
     <Time>2026-04-10T15:11:01+00:00</Time>
     <Position>
      <LatitudeDegrees>43.8689000</LatitudeDegrees>
      <LongitudeDegrees>4.5874100</LongitudeDegrees>
     </Position>
     <AltitudeMeters>14.980000000000002</AltitudeMeters>
     <DistanceMeters>30959.50710306992</DistanceMeters>
    </Trackpoint>
    <Trackpoint>
     <Time>2026-04-10T15:11:08+00:00</Time>
     <Position>
      <LatitudeDegrees>43.8686900</LatitudeDegrees>
      <LongitudeDegrees>4.5873300</LongitudeDegrees>
     </Position>
     <AltitudeMeters>14.93</AltitudeMeters>
     <DistanceMeters>30983.744615062846</DistanceMeters>
    </Trackpoint>
    <Trackpoint>
     <Time>2026-04-10T15:11:14+00:00</Time>
     <Position>
      <LatitudeDegrees>43.8681700</LatitudeDegrees>
      <LongitudeDegrees>4.5871000</LongitudeDegrees>
     </Position>
     <AltitudeMeters>14.66</AltitudeMeters>
     <DistanceMeters>31044.489475061073</DistanceMeters>
    </Trackpoint>
    <Trackpoint>
     <Time>2026-04-10T15:11:21+00:00</Time>
     <Position>
      <LatitudeDegrees>43.8678600</LatitudeDegrees>
      <LongitudeDegrees>4.5870400</LongitudeDegrees>
     </Position>
     <AltitudeMeters>14.72</AltitudeMeters>
     <DistanceMeters>31079.3253971846</DistanceMeters>
    </Trackpoint>
    <Trackpoint>
     <Time>2026-04-10T15:11:27+00:00</Time>
     <Position>
      <LatitudeDegrees>43.8677600</LatitudeDegrees>
      <LongitudeDegrees>4.5869600</LongitudeDegrees>
     </Position>
     <AltitudeMeters>14.700000000000001</AltitudeMeters>
     <DistanceMeters>31092.173389854135</DistanceMeters>
    </Trackpoint>
    <Trackpoint>
     <Time>2026-04-10T15:11:34+00:00</Time>
     <Position>
      <LatitudeDegrees>43.8677100</LatitudeDegrees>
      <LongitudeDegrees>4.5868200</LongitudeDegrees>
     </Position>
     <AltitudeMeters>14.700000000000001</AltitudeMeters>
     <DistanceMeters>31104.709468361565</DistanceMeters>
    </Trackpoint>
    <Trackpoint>
     <Time>2026-04-10T15:11:40+00:00</Time>
     <Position>
      <LatitudeDegrees>43.8676600</LatitudeDegrees>
      <LongitudeDegrees>4.5867200</LongitudeDegrees>
     </Position>
     <AltitudeMeters>14.66</AltitudeMeters>
     <DistanceMeters>31114.474086494552</DistanceMeters>
    </Trackpoint>
    <Trackpoint>
     <Time>2026-04-10T15:11:47+00:00</Time>
     <Position>
      <LatitudeDegrees>43.8675800</LatitudeDegrees>
      <LongitudeDegrees>4.5866800</LongitudeDegrees>
     </Position>
     <AltitudeMeters>14.66</AltitudeMeters>
     <DistanceMeters>31123.9385481696</DistanceMeters>
    </Trackpoint>
    <Trackpoint>
     <Time>2026-04-10T15:11:53+00:00</Time>
     <Position>
      <LatitudeDegrees>43.8675200</LatitudeDegrees>
      <LongitudeDegrees>4.5866800</LongitudeDegrees>
     </Position>
     <AltitudeMeters>14.66</AltitudeMeters>
     <DistanceMeters>31130.616288935795</DistanceMeters>
    </Trackpoint>
    <Trackpoint>
     <Time>2026-04-10T15:12:00+00:00</Time>
     <Position>
      <LatitudeDegrees>43.8673800</LatitudeDegrees>
      <LongitudeDegrees>4.5865900</LongitudeDegrees>
     </Position>
     <AltitudeMeters>14.34</AltitudeMeters>
     <DistanceMeters>31147.789781647152</DistanceMeters>
    </Trackpoint>
    <Trackpoint>
     <Time>2026-04-10T15:12:06+00:00</Time>
     <Position>
      <LatitudeDegrees>43.8672500</LatitudeDegrees>
      <LongitudeDegrees>4.5862900</LongitudeDegrees>
     </Position>
     <AltitudeMeters>14.34</AltitudeMeters>
     <DistanceMeters>31175.874856344148</DistanceMeters>
    </Trackpoint>
    <Trackpoint>
     <Time>2026-04-10T15:12:13+00:00</Time>
     <Position>
      <LatitudeDegrees>43.8670400</LatitudeDegrees>
      <LongitudeDegrees>4.5854100</LongitudeDegrees>
     </Position>
     <AltitudeMeters>14.14</AltitudeMeters>
     <DistanceMeters>31250.25230963187</DistanceMeters>
    </Trackpoint>
    <Trackpoint>
     <Time>2026-04-10T15:12:20+00:00</Time>
     <Position>
      <LatitudeDegrees>43.8667200</LatitudeDegrees>
      <LongitudeDegrees>4.5845900</LongitudeDegrees>
     </Position>
     <AltitudeMeters>15.320000000000002</AltitudeMeters>
     <DistanceMeters>31325.06870324348</DistanceMeters>
    </Trackpoint>
    <Trackpoint>
     <Time>2026-04-10T15:12:26+00:00</Time>
     <Position>
      <LatitudeDegrees>43.8664100</LatitudeDegrees>
      <LongitudeDegrees>4.5839100</LongitudeDegrees>
     </Position>
     <AltitudeMeters>15.450000000000001</AltitudeMeters>
     <DistanceMeters>31389.62450416195</DistanceMeters>
    </Trackpoint>
    <Trackpoint>
     <Time>2026-04-10T15:12:33+00:00</Time>
     <Position>
      <LatitudeDegrees>43.8659800</LatitudeDegrees>
      <LongitudeDegrees>4.5831400</LongitudeDegrees>
     </Position>
     <AltitudeMeters>15.450000000000001</AltitudeMeters>
     <DistanceMeters>31467.775916291583</DistanceMeters>
    </Trackpoint>
    <Trackpoint>
     <Time>2026-04-10T15:12:39+00:00</Time>
     <Position>
      <LatitudeDegrees>43.8654400</LatitudeDegrees>
      <LongitudeDegrees>4.5823750</LongitudeDegrees>
     </Position>
     <AltitudeMeters>22.12</AltitudeMeters>
     <DistanceMeters>31553.682755546884</DistanceMeters>
    </Trackpoint>
    <Trackpoint>
     <Time>2026-04-10T15:12:46+00:00</Time>
     <Position>
      <LatitudeDegrees>43.8649000</LatitudeDegrees>
      <LongitudeDegrees>4.5816100</LongitudeDegrees>
     </Position>
     <AltitudeMeters>22.12</AltitudeMeters>
     <DistanceMeters>31639.589626144196</DistanceMeters>
    </Trackpoint>
    <Trackpoint>
     <Time>2026-04-10T15:12:52+00:00</Time>
     <Position>
      <LatitudeDegrees>43.8648300</LatitudeDegrees>
      <LongitudeDegrees>4.5815400</LongitudeDegrees>
     </Position>
     <AltitudeMeters>22.12</AltitudeMeters>
     <DistanceMeters>31649.194032283896</DistanceMeters>
    </Trackpoint>
    <Trackpoint>
     <Time>2026-04-10T15:12:59+00:00</Time>
     <Position>
      <LatitudeDegrees>43.8647300</LatitudeDegrees>
      <LongitudeDegrees>4.5815000</LongitudeDegrees>
     </Position>
     <AltitudeMeters>22.12</AltitudeMeters>
     <DistanceMeters>31660.777176854823</DistanceMeters>
    </Trackpoint>
    <Trackpoint>
     <Time>2026-04-10T15:13:05+00:00</Time>
     <Position>
      <LatitudeDegrees>43.8645400</LatitudeDegrees>
      <LongitudeDegrees>4.5813900</LongitudeDegrees>
     </Position>
     <AltitudeMeters>22.12</AltitudeMeters>
     <DistanceMeters>31683.69157861176</DistanceMeters>
    </Trackpoint>
    <Trackpoint>
     <Time>2026-04-10T15:13:12+00:00</Time>
     <Position>
      <LatitudeDegrees>43.8644500</LatitudeDegrees>
      <LongitudeDegrees>4.5812900</LongitudeDegrees>
     </Position>
     <AltitudeMeters>22.12</AltitudeMeters>
     <DistanceMeters>31696.525920690132</DistanceMeters>
    </Trackpoint>
    <Trackpoint>
     <Time>2026-04-10T15:13:18+00:00</Time>
     <Position>
      <LatitudeDegrees>43.8643500</LatitudeDegrees>
      <LongitudeDegrees>4.5811200</LongitudeDegrees>
     </Position>
     <AltitudeMeters>22.18</AltitudeMeters>
     <DistanceMeters>31714.13128142336</DistanceMeters>
    </Trackpoint>
    <Trackpoint>
     <Time>2026-04-10T15:13:25+00:00</Time>
     <Position>
      <LatitudeDegrees>43.8644000</LatitudeDegrees>
      <LongitudeDegrees>4.5812200</LongitudeDegrees>
     </Position>
     <AltitudeMeters>22.12</AltitudeMeters>
     <DistanceMeters>31723.896265680396</DistanceMeters>
    </Trackpoint>
    <Trackpoint>
     <Time>2026-04-10T15:13:31+00:00</Time>
     <Position>
      <LatitudeDegrees>43.8651400</LatitudeDegrees>
      <LongitudeDegrees>4.5805200</LongitudeDegrees>
     </Position>
     <AltitudeMeters>22.12</AltitudeMeters>
     <DistanceMeters>31823.58473316831</DistanceMeters>
    </Trackpoint>
    <Trackpoint>
     <Time>2026-04-10T15:13:38+00:00</Time>
     <Position>
      <LatitudeDegrees>43.8658800</LatitudeDegrees>
      <LongitudeDegrees>4.5798201</LongitudeDegrees>
     </Position>
     <AltitudeMeters>22.12</AltitudeMeters>
     <DistanceMeters>31923.27320065406</DistanceMeters>
    </Trackpoint>
    <Trackpoint>
     <Time>2026-04-10T15:13:44+00:00</Time>
     <Position>
      <LatitudeDegrees>43.8666200</LatitudeDegrees>
      <LongitudeDegrees>4.5791201</LongitudeDegrees>
     </Position>
     <AltitudeMeters>23.71</AltitudeMeters>
     <DistanceMeters>32022.961668141717</DistanceMeters>
    </Trackpoint>
    <Trackpoint>
     <Time>2026-04-10T15:13:51+00:00</Time>
     <Position>
      <LatitudeDegrees>43.8673600</LatitudeDegrees>
      <LongitudeDegrees>4.5784200</LongitudeDegrees>
     </Position>
     <AltitudeMeters>23.71</AltitudeMeters>
     <DistanceMeters>32122.650135628384</DistanceMeters>
    </Trackpoint>
    <Trackpoint>
     <Time>2026-04-10T15:13:57+00:00</Time>
     <Position>
      <LatitudeDegrees>43.8681000</LatitudeDegrees>
      <LongitudeDegrees>4.5777200</LongitudeDegrees>
     </Position>
     <AltitudeMeters>23.71</AltitudeMeters>
     <DistanceMeters>32222.338606156798</DistanceMeters>
    </Trackpoint>
    <Trackpoint>
     <Time>2026-04-10T15:14:04+00:00</Time>
     <Position>
      <LatitudeDegrees>43.8685500</LatitudeDegrees>
      <LongitudeDegrees>4.5773600</LongitudeDegrees>
     </Position>
     <AltitudeMeters>23.71</AltitudeMeters>
     <DistanceMeters>32280.154448482</DistanceMeters>
    </Trackpoint>
    <Trackpoint>
     <Time>2026-04-10T15:14:10+00:00</Time>
     <Position>
      <LatitudeDegrees>43.8693700</LatitudeDegrees>
      <LongitudeDegrees>4.5769000</LongitudeDegrees>
     </Position>
     <AltitudeMeters>23.71</AltitudeMeters>
     <DistanceMeters>32378.597724706797</DistanceMeters>
    </Trackpoint>
    <Trackpoint>
     <Time>2026-04-10T15:14:17+00:00</Time>
     <Position>
      <LatitudeDegrees>43.8698300</LatitudeDegrees>
      <LongitudeDegrees>4.5767200</LongitudeDegrees>
     </Position>
     <AltitudeMeters>23.71</AltitudeMeters>
     <DistanceMeters>32431.791827425935</DistanceMeters>
    </Trackpoint>
    <Trackpoint>
     <Time>2026-04-10T15:14:24+00:00</Time>
     <Position>
      <LatitudeDegrees>43.8704100</LatitudeDegrees>
      <LongitudeDegrees>4.5765600</LongitudeDegrees>
     </Position>
     <AltitudeMeters>23.71</AltitudeMeters>
     <DistanceMeters>32497.60745737043</DistanceMeters>
    </Trackpoint>
    <Trackpoint>
     <Time>2026-04-10T15:14:30+00:00</Time>
     <Position>
      <LatitudeDegrees>43.8709400</LatitudeDegrees>
      <LongitudeDegrees>4.5764900</LongitudeDegrees>
     </Position>
     <AltitudeMeters>23.71</AltitudeMeters>
     <DistanceMeters>32556.86096391492</DistanceMeters>
    </Trackpoint>
    <Trackpoint>
     <Time>2026-04-10T15:14:37+00:00</Time>
     <Position>
      <LatitudeDegrees>43.8714700</LatitudeDegrees>
      <LongitudeDegrees>4.5764200</LongitudeDegrees>
     </Position>
     <AltitudeMeters>23.44</AltitudeMeters>
     <DistanceMeters>32616.11442235123</DistanceMeters>
    </Trackpoint>
    <Trackpoint>
     <Time>2026-04-10T15:14:43+00:00</Time>
     <Position>
      <LatitudeDegrees>43.8716600</LatitudeDegrees>
      <LongitudeDegrees>4.5763500</LongitudeDegrees>
     </Position>
     <AltitudeMeters>23.44</AltitudeMeters>
     <DistanceMeters>32637.993715007495</DistanceMeters>
    </Trackpoint>
    <Trackpoint>
     <Time>2026-04-10T15:14:50+00:00</Time>
     <Position>
      <LatitudeDegrees>43.8718100</LatitudeDegrees>
      <LongitudeDegrees>4.5762600</LongitudeDegrees>
     </Position>
     <AltitudeMeters>23.44</AltitudeMeters>
     <DistanceMeters>32656.182801463154</DistanceMeters>
    </Trackpoint>
    <Trackpoint>
     <Time>2026-04-10T15:14:56+00:00</Time>
     <Position>
      <LatitudeDegrees>43.8726500</LatitudeDegrees>
      <LongitudeDegrees>4.5761300</LongitudeDegrees>
     </Position>
     <AltitudeMeters>23.44</AltitudeMeters>
     <DistanceMeters>32750.2511950332</DistanceMeters>
    </Trackpoint>
    <Trackpoint>
     <Time>2026-04-10T15:15:03+00:00</Time>
     <Position>
      <LatitudeDegrees>43.8727200</LatitudeDegrees>
      <LongitudeDegrees>4.5761300</LongitudeDegrees>
     </Position>
     <AltitudeMeters>23.44</AltitudeMeters>
     <DistanceMeters>32758.04189259416</DistanceMeters>
    </Trackpoint>
    <Trackpoint>
     <Time>2026-04-10T15:15:09+00:00</Time>
     <Position>
      <LatitudeDegrees>43.8728900</LatitudeDegrees>
      <LongitudeDegrees>4.5761700</LongitudeDegrees>
     </Position>
     <AltitudeMeters>23.44</AltitudeMeters>
     <DistanceMeters>32777.232401409994</DistanceMeters>
    </Trackpoint>
    <Trackpoint>
     <Time>2026-04-10T15:15:16+00:00</Time>
     <Position>
      <LatitudeDegrees>43.8736167</LatitudeDegrees>
      <LongitudeDegrees>4.5760600</LongitudeDegrees>
     </Position>
     <AltitudeMeters>23.44</AltitudeMeters>
     <DistanceMeters>32858.58734821969</DistanceMeters>
    </Trackpoint>
    <Trackpoint>
     <Time>2026-04-10T15:15:22+00:00</Time>
     <Position>
      <LatitudeDegrees>43.8743433</LatitudeDegrees>
      <LongitudeDegrees>4.5759500</LongitudeDegrees>
     </Position>
     <AltitudeMeters>23.44</AltitudeMeters>
     <DistanceMeters>32939.94229502621</DistanceMeters>
    </Trackpoint>
    <Trackpoint>
     <Time>2026-04-10T15:15:29+00:00</Time>
     <Position>
      <LatitudeDegrees>43.8750700</LatitudeDegrees>
      <LongitudeDegrees>4.5758400</LongitudeDegrees>
     </Position>
     <AltitudeMeters>23.44</AltitudeMeters>
     <DistanceMeters>33021.297244870475</DistanceMeters>
    </Trackpoint>
    <Trackpoint>
     <Time>2026-04-10T15:15:35+00:00</Time>
     <Position>
      <LatitudeDegrees>43.8755400</LatitudeDegrees>
      <LongitudeDegrees>4.5757100</LongitudeDegrees>
     </Position>
     <AltitudeMeters>23.44</AltitudeMeters>
     <DistanceMeters>33074.63582634531</DistanceMeters>
    </Trackpoint>
    <Trackpoint>
     <Time>2026-04-10T15:15:42+00:00</Time>
     <Position>
      <LatitudeDegrees>43.8760100</LatitudeDegrees>
      <LongitudeDegrees>4.5755800</LongitudeDegrees>
     </Position>
     <AltitudeMeters>23.44</AltitudeMeters>
     <DistanceMeters>33127.97439136702</DistanceMeters>
    </Trackpoint>
    <Trackpoint>
     <Time>2026-04-10T15:15:48+00:00</Time>
     <Position>
      <LatitudeDegrees>43.8764650</LatitudeDegrees>
      <LongitudeDegrees>4.5754000</LongitudeDegrees>
     </Position>
     <AltitudeMeters>23.44</AltitudeMeters>
     <DistanceMeters>33180.63266477997</DistanceMeters>
    </Trackpoint>
    <Trackpoint>
     <Time>2026-04-10T15:15:55+00:00</Time>
     <Position>
      <LatitudeDegrees>43.8769200</LatitudeDegrees>
      <LongitudeDegrees>4.5752200</LongitudeDegrees>
     </Position>
     <AltitudeMeters>23.44</AltitudeMeters>
     <DistanceMeters>33233.29096619646</DistanceMeters>
    </Trackpoint>
    <Trackpoint>
     <Time>2026-04-10T15:16:01+00:00</Time>
     <Position>
      <LatitudeDegrees>43.8774350</LatitudeDegrees>
      <LongitudeDegrees>4.5749850</LongitudeDegrees>
     </Position>
     <AltitudeMeters>23.340000000000003</AltitudeMeters>
     <DistanceMeters>33293.62912905734</DistanceMeters>
    </Trackpoint>
    <Trackpoint>
     <Time>2026-04-10T15:16:08+00:00</Time>
     <Position>
      <LatitudeDegrees>43.8779500</LatitudeDegrees>
      <LongitudeDegrees>4.5747500</LongitudeDegrees>
     </Position>
     <AltitudeMeters>23.340000000000003</AltitudeMeters>
     <DistanceMeters>33353.96735105232</DistanceMeters>
    </Trackpoint>
    <Trackpoint>
     <Time>2026-04-10T15:16:15+00:00</Time>
     <Position>
      <LatitudeDegrees>43.8786800</LatitudeDegrees>
      <LongitudeDegrees>4.5743100</LongitudeDegrees>
     </Position>
     <AltitudeMeters>23.340000000000003</AltitudeMeters>
     <DistanceMeters>33442.549843969064</DistanceMeters>
    </Trackpoint>
    <Trackpoint>
     <Time>2026-04-10T15:16:21+00:00</Time>
     <Position>
      <LatitudeDegrees>43.8792150</LatitudeDegrees>
      <LongitudeDegrees>4.5739300</LongitudeDegrees>
     </Position>
     <AltitudeMeters>23.340000000000003</AltitudeMeters>
     <DistanceMeters>33509.44299596554</DistanceMeters>
    </Trackpoint>
    <Trackpoint>
     <Time>2026-04-10T15:16:28+00:00</Time>
     <Position>
      <LatitudeDegrees>43.8797500</LatitudeDegrees>
      <LongitudeDegrees>4.5735500</LongitudeDegrees>
     </Position>
     <AltitudeMeters>23.340000000000003</AltitudeMeters>
     <DistanceMeters>33576.33612882666</DistanceMeters>
    </Trackpoint>
    <Trackpoint>
     <Time>2026-04-10T15:16:34+00:00</Time>
     <Position>
      <LatitudeDegrees>43.8805075</LatitudeDegrees>
      <LongitudeDegrees>4.5729000</LongitudeDegrees>
     </Position>
     <AltitudeMeters>23.340000000000003</AltitudeMeters>
     <DistanceMeters>33675.46452017864</DistanceMeters>
    </Trackpoint>
    <Trackpoint>
     <Time>2026-04-10T15:16:41+00:00</Time>
     <Position>
      <LatitudeDegrees>43.8812650</LatitudeDegrees>
      <LongitudeDegrees>4.5722500</LongitudeDegrees>
     </Position>
     <AltitudeMeters>23.340000000000003</AltitudeMeters>
     <DistanceMeters>33774.59291153173</DistanceMeters>
    </Trackpoint>
    <Trackpoint>
     <Time>2026-04-10T15:16:47+00:00</Time>
     <Position>
      <LatitudeDegrees>43.8820225</LatitudeDegrees>
      <LongitudeDegrees>4.5716000</LongitudeDegrees>
     </Position>
     <AltitudeMeters>21.490000000000002</AltitudeMeters>
     <DistanceMeters>33873.721302883954</DistanceMeters>
    </Trackpoint>
    <Trackpoint>
     <Time>2026-04-10T15:16:54+00:00</Time>
     <Position>
      <LatitudeDegrees>43.8827800</LatitudeDegrees>
      <LongitudeDegrees>4.5709500</LongitudeDegrees>
     </Position>
     <AltitudeMeters>21.490000000000002</AltitudeMeters>
     <DistanceMeters>33972.84968768299</DistanceMeters>
    </Trackpoint>
    <Trackpoint>
     <Time>2026-04-10T15:17:00+00:00</Time>
     <Position>
      <LatitudeDegrees>43.8826400</LatitudeDegrees>
      <LongitudeDegrees>4.5701100</LongitudeDegrees>
     </Position>
     <AltitudeMeters>22.820000000000004</AltitudeMeters>
     <DistanceMeters>34042.010437204015</DistanceMeters>
    </Trackpoint>
    <Trackpoint>
     <Time>2026-04-10T15:17:07+00:00</Time>
     <Position>
      <LatitudeDegrees>43.8829700</LatitudeDegrees>
      <LongitudeDegrees>4.5697500</LongitudeDegrees>
     </Position>
     <AltitudeMeters>23.05</AltitudeMeters>
     <DistanceMeters>34088.73161514847</DistanceMeters>
    </Trackpoint>
    <Trackpoint>
     <Time>2026-04-10T15:17:13+00:00</Time>
     <Position>
      <LatitudeDegrees>43.8831300</LatitudeDegrees>
      <LongitudeDegrees>4.5694700</LongitudeDegrees>
     </Position>
     <AltitudeMeters>23.05</AltitudeMeters>
     <DistanceMeters>34117.39494783591</DistanceMeters>
    </Trackpoint>
    <Trackpoint>
     <Time>2026-04-10T15:17:20+00:00</Time>
     <Position>
      <LatitudeDegrees>43.8832000</LatitudeDegrees>
      <LongitudeDegrees>4.5692200</LongitudeDegrees>
     </Position>
     <AltitudeMeters>23.05</AltitudeMeters>
     <DistanceMeters>34138.909289168936</DistanceMeters>
    </Trackpoint>
    <Trackpoint>
     <Time>2026-04-10T15:17:26+00:00</Time>
     <Position>
      <LatitudeDegrees>43.8832200</LatitudeDegrees>
      <LongitudeDegrees>4.5689600</LongitudeDegrees>
     </Position>
     <AltitudeMeters>23.05</AltitudeMeters>
     <DistanceMeters>34159.884111620784</DistanceMeters>
    </Trackpoint>
    <Trackpoint>
     <Time>2026-04-10T15:17:33+00:00</Time>
     <Position>
      <LatitudeDegrees>43.8831950</LatitudeDegrees>
      <LongitudeDegrees>4.5680550</LongitudeDegrees>
     </Position>
     <AltitudeMeters>23.05</AltitudeMeters>
     <DistanceMeters>34232.53367308851</DistanceMeters>
    </Trackpoint>
    <Trackpoint>
     <Time>2026-04-10T15:17:39+00:00</Time>
     <Position>
      <LatitudeDegrees>43.8831700</LatitudeDegrees>
      <LongitudeDegrees>4.5671500</LongitudeDegrees>
     </Position>
     <AltitudeMeters>26.67</AltitudeMeters>
     <DistanceMeters>34305.183224261804</DistanceMeters>
    </Trackpoint>
    <Trackpoint>
     <Time>2026-04-10T15:17:46+00:00</Time>
     <Position>
      <LatitudeDegrees>43.8831150</LatitudeDegrees>
      <LongitudeDegrees>4.5664350</LongitudeDegrees>
     </Position>
     <AltitudeMeters>26.67</AltitudeMeters>
     <DistanceMeters>34362.86407984911</DistanceMeters>
    </Trackpoint>
    <Trackpoint>
     <Time>2026-04-10T15:17:52+00:00</Time>
     <Position>
      <LatitudeDegrees>43.8830600</LatitudeDegrees>
      <LongitudeDegrees>4.5657200</LongitudeDegrees>
     </Position>
     <AltitudeMeters>26.67</AltitudeMeters>
     <DistanceMeters>34420.54492963577</DistanceMeters>
    </Trackpoint>
    <Trackpoint>
     <Time>2026-04-10T15:17:59+00:00</Time>
     <Position>
      <LatitudeDegrees>43.8829700</LatitudeDegrees>
      <LongitudeDegrees>4.5647600</LongitudeDegrees>
     </Position>
     <AltitudeMeters>29.41</AltitudeMeters>
     <DistanceMeters>34498.20211553173</DistanceMeters>
    </Trackpoint>
    <Trackpoint>
     <Time>2026-04-10T15:18:05+00:00</Time>
     <Position>
      <LatitudeDegrees>43.8828800</LatitudeDegrees>
      <LongitudeDegrees>4.5638000</LongitudeDegrees>
     </Position>
     <AltitudeMeters>29.41</AltitudeMeters>
     <DistanceMeters>34575.85928832195</DistanceMeters>
    </Trackpoint>
    <Trackpoint>
     <Time>2026-04-10T15:18:12+00:00</Time>
     <Position>
      <LatitudeDegrees>43.8829400</LatitudeDegrees>
      <LongitudeDegrees>4.5630700</LongitudeDegrees>
     </Position>
     <AltitudeMeters>34.260000000000005</AltitudeMeters>
     <DistanceMeters>34634.797393051515</DistanceMeters>
    </Trackpoint>
    <Trackpoint>
     <Time>2026-04-10T15:18:19+00:00</Time>
     <Position>
      <LatitudeDegrees>43.8830100</LatitudeDegrees>
      <LongitudeDegrees>4.5625600</LongitudeDegrees>
     </Position>
     <AltitudeMeters>35.63</AltitudeMeters>
     <DistanceMeters>34676.44333263309</DistanceMeters>
    </Trackpoint>
    <Trackpoint>
     <Time>2026-04-10T15:18:25+00:00</Time>
     <Position>
      <LatitudeDegrees>43.8832300</LatitudeDegrees>
      <LongitudeDegrees>4.5623900</LongitudeDegrees>
     </Position>
     <AltitudeMeters>35.72</AltitudeMeters>
     <DistanceMeters>34704.469788386385</DistanceMeters>
    </Trackpoint>
    <Trackpoint>
     <Time>2026-04-10T15:18:32+00:00</Time>
     <Position>
      <LatitudeDegrees>43.8832900</LatitudeDegrees>
      <LongitudeDegrees>4.5623000</LongitudeDegrees>
     </Position>
     <AltitudeMeters>35.78000000000001</AltitudeMeters>
     <DistanceMeters>34714.304092410035</DistanceMeters>
    </Trackpoint>
    <Trackpoint>
     <Time>2026-04-10T15:18:38+00:00</Time>
     <Position>
      <LatitudeDegrees>43.8834000</LatitudeDegrees>
      <LongitudeDegrees>4.5621800</LongitudeDegrees>
     </Position>
     <AltitudeMeters>35.63</AltitudeMeters>
     <DistanceMeters>34729.87776446053</DistanceMeters>
    </Trackpoint>
    <Trackpoint>
     <Time>2026-04-10T15:18:45+00:00</Time>
     <Position>
      <LatitudeDegrees>43.8838200</LatitudeDegrees>
      <LongitudeDegrees>4.5619500</LongitudeDegrees>
     </Position>
     <AltitudeMeters>33.77</AltitudeMeters>
     <DistanceMeters>34780.131242833035</DistanceMeters>
    </Trackpoint>
    <Trackpoint>
     <Time>2026-04-10T15:18:51+00:00</Time>
     <Position>
      <LatitudeDegrees>43.8842400</LatitudeDegrees>
      <LongitudeDegrees>4.5617400</LongitudeDegrees>
     </Position>
     <AltitudeMeters>33.77</AltitudeMeters>
     <DistanceMeters>34829.81809348573</DistanceMeters>
    </Trackpoint>
    <Trackpoint>
     <Time>2026-04-10T15:18:58+00:00</Time>
     <Position>
      <LatitudeDegrees>43.8846350</LatitudeDegrees>
      <LongitudeDegrees>4.5609100</LongitudeDegrees>
     </Position>
     <AltitudeMeters>33.870000000000005</AltitudeMeters>
     <DistanceMeters>34909.60103872126</DistanceMeters>
    </Trackpoint>
    <Trackpoint>
     <Time>2026-04-10T15:19:04+00:00</Time>
     <Position>
      <LatitudeDegrees>43.8850300</LatitudeDegrees>
      <LongitudeDegrees>4.5600800</LongitudeDegrees>
     </Position>
     <AltitudeMeters>38.88</AltitudeMeters>
     <DistanceMeters>34989.38400741775</DistanceMeters>
    </Trackpoint>
    <Trackpoint>
     <Time>2026-04-10T15:19:11+00:00</Time>
     <Position>
      <LatitudeDegrees>43.8854300</LatitudeDegrees>
      <LongitudeDegrees>4.5593900</LongitudeDegrees>
     </Position>
     <AltitudeMeters>39.16</AltitudeMeters>
     <DistanceMeters>35060.4139230414</DistanceMeters>
    </Trackpoint>
    <Trackpoint>
     <Time>2026-04-10T15:19:17+00:00</Time>
     <Position>
      <LatitudeDegrees>43.8855200</LatitudeDegrees>
      <LongitudeDegrees>4.5591800</LongitudeDegrees>
     </Position>
     <AltitudeMeters>39.16</AltitudeMeters>
     <DistanceMeters>35080.011958531984</DistanceMeters>
    </Trackpoint>
    <Trackpoint>
     <Time>2026-04-10T15:19:24+00:00</Time>
     <Position>
      <LatitudeDegrees>43.8856500</LatitudeDegrees>
      <LongitudeDegrees>4.5585300</LongitudeDegrees>
     </Position>
     <AltitudeMeters>44.64000000000001</AltitudeMeters>
     <DistanceMeters>35134.121079525044</DistanceMeters>
    </Trackpoint>
    <Trackpoint>
     <Time>2026-04-10T15:19:30+00:00</Time>
     <Position>
      <LatitudeDegrees>43.8857600</LatitudeDegrees>
      <LongitudeDegrees>4.5583700</LongitudeDegrees>
     </Position>
     <AltitudeMeters>44.64000000000001</AltitudeMeters>
     <DistanceMeters>35151.8579050957</DistanceMeters>
    </Trackpoint>
    <Trackpoint>
     <Time>2026-04-10T15:19:37+00:00</Time>
     <Position>
      <LatitudeDegrees>43.8864700</LatitudeDegrees>
      <LongitudeDegrees>4.5576700</LongitudeDegrees>
     </Position>
     <AltitudeMeters>44.64000000000001</AltitudeMeters>
     <DistanceMeters>35248.79533471914</DistanceMeters>
    </Trackpoint>
    <Trackpoint>
     <Time>2026-04-10T15:19:43+00:00</Time>
     <Position>
      <LatitudeDegrees>43.8871500</LatitudeDegrees>
      <LongitudeDegrees>4.5570700</LongitudeDegrees>
     </Position>
     <AltitudeMeters>69.16</AltitudeMeters>
     <DistanceMeters>35338.48284726928</DistanceMeters>
    </Trackpoint>
    <Trackpoint>
     <Time>2026-04-10T15:19:50+00:00</Time>
     <Position>
      <LatitudeDegrees>43.8873400</LatitudeDegrees>
      <LongitudeDegrees>4.5567800</LongitudeDegrees>
     </Position>
     <AltitudeMeters>69.16</AltitudeMeters>
     <DistanceMeters>35369.9192798595</DistanceMeters>
    </Trackpoint>
    <Trackpoint>
     <Time>2026-04-10T15:19:56+00:00</Time>
     <Position>
      <LatitudeDegrees>43.8874500</LatitudeDegrees>
      <LongitudeDegrees>4.5565700</LongitudeDegrees>
     </Position>
     <AltitudeMeters>69.16</AltitudeMeters>
     <DistanceMeters>35390.742622933874</DistanceMeters>
    </Trackpoint>
    <Trackpoint>
     <Time>2026-04-10T15:20:03+00:00</Time>
     <Position>
      <LatitudeDegrees>43.8875800</LatitudeDegrees>
      <LongitudeDegrees>4.5561900</LongitudeDegrees>
     </Position>
     <AltitudeMeters>69.16</AltitudeMeters>
     <DistanceMeters>35424.4824807378</DistanceMeters>
    </Trackpoint>
    <Trackpoint>
     <Time>2026-04-10T15:20:09+00:00</Time>
     <Position>
      <LatitudeDegrees>43.8876000</LatitudeDegrees>
      <LongitudeDegrees>4.5559800</LongitudeDegrees>
     </Position>
     <AltitudeMeters>69.16</AltitudeMeters>
     <DistanceMeters>35441.473214636215</DistanceMeters>
    </Trackpoint>
    <Trackpoint>
     <Time>2026-04-10T15:20:16+00:00</Time>
     <Position>
      <LatitudeDegrees>43.8875100</LatitudeDegrees>
      <LongitudeDegrees>4.5548500</LongitudeDegrees>
     </Position>
     <AltitudeMeters>74.09</AltitudeMeters>
     <DistanceMeters>35532.66342589851</DistanceMeters>
    </Trackpoint>
    <Trackpoint>
     <Time>2026-04-10T15:20:23+00:00</Time>
     <Position>
      <LatitudeDegrees>43.8875300</LatitudeDegrees>
      <LongitudeDegrees>4.5545900</LongitudeDegrees>
     </Position>
     <AltitudeMeters>74.09</AltitudeMeters>
     <DistanceMeters>35553.63674791814</DistanceMeters>
    </Trackpoint>
    <Trackpoint>
     <Time>2026-04-10T15:20:29+00:00</Time>
     <Position>
      <LatitudeDegrees>43.8875800</LatitudeDegrees>
      <LongitudeDegrees>4.5543300</LongitudeDegrees>
     </Position>
     <AltitudeMeters>74.09</AltitudeMeters>
     <DistanceMeters>35575.22127605231</DistanceMeters>
    </Trackpoint>
    <Trackpoint>
     <Time>2026-04-10T15:20:36+00:00</Time>
     <Position>
      <LatitudeDegrees>43.8878500</LatitudeDegrees>
      <LongitudeDegrees>4.5535800</LongitudeDegrees>
     </Position>
     <AltitudeMeters>74.9</AltitudeMeters>
     <DistanceMeters>35642.46699584411</DistanceMeters>
    </Trackpoint>
    <Trackpoint>
     <Time>2026-04-10T15:20:42+00:00</Time>
     <Position>
      <LatitudeDegrees>43.8879300</LatitudeDegrees>
      <LongitudeDegrees>4.5532300</LongitudeDegrees>
     </Position>
     <AltitudeMeters>74.9</AltitudeMeters>
     <DistanceMeters>35671.91876955961</DistanceMeters>
    </Trackpoint>
    <Trackpoint>
     <Time>2026-04-10T15:20:49+00:00</Time>
     <Position>
      <LatitudeDegrees>43.8881200</LatitudeDegrees>
      <LongitudeDegrees>4.5521200</LongitudeDegrees>
     </Position>
     <AltitudeMeters>74.86000000000001</AltitudeMeters>
     <DistanceMeters>35763.42900713564</DistanceMeters>
    </Trackpoint>
    <Trackpoint>
     <Time>2026-04-10T15:20:55+00:00</Time>
     <Position>
      <LatitudeDegrees>43.8884000</LatitudeDegrees>
      <LongitudeDegrees>4.5512300</LongitudeDegrees>
     </Position>
     <AltitudeMeters>74.02</AltitudeMeters>
     <DistanceMeters>35841.32132797638</DistanceMeters>
    </Trackpoint>
    <Trackpoint>
     <Time>2026-04-10T15:21:02+00:00</Time>
     <Position>
      <LatitudeDegrees>43.8885000</LatitudeDegrees>
      <LongitudeDegrees>4.5507600</LongitudeDegrees>
     </Position>
     <AltitudeMeters>74.02</AltitudeMeters>
     <DistanceMeters>35880.62847105027</DistanceMeters>
    </Trackpoint>
    <Trackpoint>
     <Time>2026-04-10T15:21:08+00:00</Time>
     <Position>
      <LatitudeDegrees>43.8885575</LatitudeDegrees>
      <LongitudeDegrees>4.5497425</LongitudeDegrees>
     </Position>
     <AltitudeMeters>74.02</AltitudeMeters>
     <DistanceMeters>35962.49221113728</DistanceMeters>
    </Trackpoint>
    <Trackpoint>
     <Time>2026-04-10T15:21:15+00:00</Time>
     <Position>
      <LatitudeDegrees>43.8886150</LatitudeDegrees>
      <LongitudeDegrees>4.5487250</LongitudeDegrees>
     </Position>
     <AltitudeMeters>73.00000000000001</AltitudeMeters>
     <DistanceMeters>36044.35595122403</DistanceMeters>
    </Trackpoint>
    <Trackpoint>
     <Time>2026-04-10T15:21:21+00:00</Time>
     <Position>
      <LatitudeDegrees>43.8886725</LatitudeDegrees>
      <LongitudeDegrees>4.5477075</LongitudeDegrees>
     </Position>
     <AltitudeMeters>73.00000000000001</AltitudeMeters>
     <DistanceMeters>36126.219691310864</DistanceMeters>
    </Trackpoint>
    <Trackpoint>
     <Time>2026-04-10T15:21:28+00:00</Time>
     <Position>
      <LatitudeDegrees>43.8887300</LatitudeDegrees>
      <LongitudeDegrees>4.5466900</LongitudeDegrees>
     </Position>
     <AltitudeMeters>73.00000000000001</AltitudeMeters>
     <DistanceMeters>36208.08343914072</DistanceMeters>
    </Trackpoint>
    <Trackpoint>
     <Time>2026-04-10T15:21:34+00:00</Time>
     <Position>
      <LatitudeDegrees>43.8889333</LatitudeDegrees>
      <LongitudeDegrees>4.5456533</LongitudeDegrees>
     </Position>
     <AltitudeMeters>73.00000000000001</AltitudeMeters>
     <DistanceMeters>36294.257926200255</DistanceMeters>
    </Trackpoint>
    <Trackpoint>
     <Time>2026-04-10T15:21:41+00:00</Time>
     <Position>
      <LatitudeDegrees>43.8891367</LatitudeDegrees>
      <LongitudeDegrees>4.5446167</LongitudeDegrees>
     </Position>
     <AltitudeMeters>74.18</AltitudeMeters>
     <DistanceMeters>36380.432413259114</DistanceMeters>
    </Trackpoint>
    <Trackpoint>
     <Time>2026-04-10T15:21:47+00:00</Time>
     <Position>
      <LatitudeDegrees>43.8893400</LatitudeDegrees>
      <LongitudeDegrees>4.5435800</LongitudeDegrees>
     </Position>
     <AltitudeMeters>74.18</AltitudeMeters>
     <DistanceMeters>36466.606916321085</DistanceMeters>
    </Trackpoint>
    <Trackpoint>
     <Time>2026-04-10T15:21:54+00:00</Time>
     <Position>
      <LatitudeDegrees>43.8894550</LatitudeDegrees>
      <LongitudeDegrees>4.5425950</LongitudeDegrees>
     </Position>
     <AltitudeMeters>74.18</AltitudeMeters>
     <DistanceMeters>36546.64221393078</DistanceMeters>
    </Trackpoint>
    <Trackpoint>
     <Time>2026-04-10T15:22:00+00:00</Time>
     <Position>
      <LatitudeDegrees>43.8895700</LatitudeDegrees>
      <LongitudeDegrees>4.5416100</LongitudeDegrees>
     </Position>
     <AltitudeMeters>74.18</AltitudeMeters>
     <DistanceMeters>36626.67755158941</DistanceMeters>
    </Trackpoint>
    <Trackpoint>
     <Time>2026-04-10T15:22:07+00:00</Time>
     <Position>
      <LatitudeDegrees>43.8896700</LatitudeDegrees>
      <LongitudeDegrees>4.5404133</LongitudeDegrees>
     </Position>
     <AltitudeMeters>74.18</AltitudeMeters>
     <DistanceMeters>36723.302977917614</DistanceMeters>
    </Trackpoint>
    <Trackpoint>
     <Time>2026-04-10T15:22:14+00:00</Time>
     <Position>
      <LatitudeDegrees>43.8897700</LatitudeDegrees>
      <LongitudeDegrees>4.5392167</LongitudeDegrees>
     </Position>
     <AltitudeMeters>70.12</AltitudeMeters>
     <DistanceMeters>36819.9284042458</DistanceMeters>
    </Trackpoint>
    <Trackpoint>
     <Time>2026-04-10T15:22:20+00:00</Time>
     <Position>
      <LatitudeDegrees>43.8898700</LatitudeDegrees>
      <LongitudeDegrees>4.5380200</LongitudeDegrees>
     </Position>
     <AltitudeMeters>70.12</AltitudeMeters>
     <DistanceMeters>36916.5538441052</DistanceMeters>
    </Trackpoint>
    <Trackpoint>
     <Time>2026-04-10T15:22:27+00:00</Time>
     <Position>
      <LatitudeDegrees>43.8899033</LatitudeDegrees>
      <LongitudeDegrees>4.5371333</LongitudeDegrees>
     </Position>
     <AltitudeMeters>70.12</AltitudeMeters>
     <DistanceMeters>36987.76812933126</DistanceMeters>
    </Trackpoint>
    <Trackpoint>
     <Time>2026-04-10T15:22:33+00:00</Time>
     <Position>
      <LatitudeDegrees>43.8899367</LatitudeDegrees>
      <LongitudeDegrees>4.5362467</LongitudeDegrees>
     </Position>
     <AltitudeMeters>70.12</AltitudeMeters>
     <DistanceMeters>37058.98241455741</DistanceMeters>
    </Trackpoint>
    <Trackpoint>
     <Time>2026-04-10T15:22:40+00:00</Time>
     <Position>
      <LatitudeDegrees>43.8899700</LatitudeDegrees>
      <LongitudeDegrees>4.5353600</LongitudeDegrees>
     </Position>
     <AltitudeMeters>70.12</AltitudeMeters>
     <DistanceMeters>37130.19668565698</DistanceMeters>
    </Trackpoint>
    <Trackpoint>
     <Time>2026-04-10T15:22:46+00:00</Time>
     <Position>
      <LatitudeDegrees>43.8901325</LatitudeDegrees>
      <LongitudeDegrees>4.5342475</LongitudeDegrees>
     </Position>
     <AltitudeMeters>70.12</AltitudeMeters>
     <DistanceMeters>37221.24167531174</DistanceMeters>
    </Trackpoint>
    <Trackpoint>
     <Time>2026-04-10T15:22:53+00:00</Time>
     <Position>
      <LatitudeDegrees>43.8902950</LatitudeDegrees>
      <LongitudeDegrees>4.5331350</LongitudeDegrees>
     </Position>
     <AltitudeMeters>70.12</AltitudeMeters>
     <DistanceMeters>37312.286664966705</DistanceMeters>
    </Trackpoint>
    <Trackpoint>
     <Time>2026-04-10T15:22:59+00:00</Time>
     <Position>
      <LatitudeDegrees>43.8904575</LatitudeDegrees>
      <LongitudeDegrees>4.5320225</LongitudeDegrees>
     </Position>
     <AltitudeMeters>70.37</AltitudeMeters>
     <DistanceMeters>37403.33165462158</DistanceMeters>
    </Trackpoint>
    <Trackpoint>
     <Time>2026-04-10T15:23:06+00:00</Time>
     <Position>
      <LatitudeDegrees>43.8906200</LatitudeDegrees>
      <LongitudeDegrees>4.5309100</LongitudeDegrees>
     </Position>
     <AltitudeMeters>70.37</AltitudeMeters>
     <DistanceMeters>37494.37664247474</DistanceMeters>
    </Trackpoint>
    <Trackpoint>
     <Time>2026-04-10T15:23:12+00:00</Time>
     <Position>
      <LatitudeDegrees>43.8908300</LatitudeDegrees>
      <LongitudeDegrees>4.5297100</LongitudeDegrees>
     </Position>
     <AltitudeMeters>70.37</AltitudeMeters>
     <DistanceMeters>37593.42180328896</DistanceMeters>
    </Trackpoint>
    <Trackpoint>
     <Time>2026-04-10T15:23:19+00:00</Time>
     <Position>
      <LatitudeDegrees>43.8909300</LatitudeDegrees>
      <LongitudeDegrees>4.5286925</LongitudeDegrees>
     </Position>
     <AltitudeMeters>70.78</AltitudeMeters>
     <DistanceMeters>37675.78712505451</DistanceMeters>
    </Trackpoint>
    <Trackpoint>
     <Time>2026-04-10T15:23:25+00:00</Time>
     <Position>
      <LatitudeDegrees>43.8910300</LatitudeDegrees>
      <LongitudeDegrees>4.5276750</LongitudeDegrees>
     </Position>
     <AltitudeMeters>70.78</AltitudeMeters>
     <DistanceMeters>37758.15244681983</DistanceMeters>
    </Trackpoint>
    <Trackpoint>
     <Time>2026-04-10T15:23:32+00:00</Time>
     <Position>
      <LatitudeDegrees>43.8911300</LatitudeDegrees>
      <LongitudeDegrees>4.5266575</LongitudeDegrees>
     </Position>
     <AltitudeMeters>70.78</AltitudeMeters>
     <DistanceMeters>37840.51776858545</DistanceMeters>
    </Trackpoint>
    <Trackpoint>
     <Time>2026-04-10T15:23:38+00:00</Time>
     <Position>
      <LatitudeDegrees>43.8912300</LatitudeDegrees>
      <LongitudeDegrees>4.5256400</LongitudeDegrees>
     </Position>
     <AltitudeMeters>70.78</AltitudeMeters>
     <DistanceMeters>37922.88307981966</DistanceMeters>
    </Trackpoint>
    <Trackpoint>
     <Time>2026-04-10T15:23:45+00:00</Time>
     <Position>
      <LatitudeDegrees>43.8913200</LatitudeDegrees>
      <LongitudeDegrees>4.5248700</LongitudeDegrees>
     </Position>
     <AltitudeMeters>70.78</AltitudeMeters>
     <DistanceMeters>37985.44866511176</DistanceMeters>
    </Trackpoint>
    <Trackpoint>
     <Time>2026-04-10T15:23:51+00:00</Time>
     <Position>
      <LatitudeDegrees>43.8914100</LatitudeDegrees>
      <LongitudeDegrees>4.5241000</LongitudeDegrees>
     </Position>
     <AltitudeMeters>72.89000000000001</AltitudeMeters>
     <DistanceMeters>38048.01423726333</DistanceMeters>
    </Trackpoint>
    <Trackpoint>
     <Time>2026-04-10T15:23:58+00:00</Time>
     <Position>
      <LatitudeDegrees>43.8915900</LatitudeDegrees>
      <LongitudeDegrees>4.5230000</LongitudeDegrees>
     </Position>
     <AltitudeMeters>72.89000000000001</AltitudeMeters>
     <DistanceMeters>38138.48632998371</DistanceMeters>
    </Trackpoint>
    <Trackpoint>
     <Time>2026-04-10T15:24:04+00:00</Time>
     <Position>
      <LatitudeDegrees>43.8916800</LatitudeDegrees>
      <LongitudeDegrees>4.5219350</LongitudeDegrees>
     </Position>
     <AltitudeMeters>72.89000000000001</AltitudeMeters>
     <DistanceMeters>38224.49041313393</DistanceMeters>
    </Trackpoint>
    <Trackpoint>
     <Time>2026-04-10T15:24:11+00:00</Time>
     <Position>
      <LatitudeDegrees>43.8917700</LatitudeDegrees>
      <LongitudeDegrees>4.5208700</LongitudeDegrees>
     </Position>
     <AltitudeMeters>71.95</AltitudeMeters>
     <DistanceMeters>38310.49448292419</DistanceMeters>
    </Trackpoint>
    <Trackpoint>
     <Time>2026-04-10T15:24:18+00:00</Time>
     <Position>
      <LatitudeDegrees>43.8922850</LatitudeDegrees>
      <LongitudeDegrees>4.5216650</LongitudeDegrees>
     </Position>
     <AltitudeMeters>71.95</AltitudeMeters>
     <DistanceMeters>38396.23215027711</DistanceMeters>
    </Trackpoint>
    <Trackpoint>
     <Time>2026-04-10T15:24:24+00:00</Time>
     <Position>
      <LatitudeDegrees>43.8928000</LatitudeDegrees>
      <LongitudeDegrees>4.5224600</LongitudeDegrees>
     </Position>
     <AltitudeMeters>71.95</AltitudeMeters>
     <DistanceMeters>38481.96982320504</DistanceMeters>
    </Trackpoint>
    <Trackpoint>
     <Time>2026-04-10T15:24:31+00:00</Time>
     <Position>
      <LatitudeDegrees>43.8932400</LatitudeDegrees>
      <LongitudeDegrees>4.5231833</LongitudeDegrees>
     </Position>
     <AltitudeMeters>73.4</AltitudeMeters>
     <DistanceMeters>38557.88846027596</DistanceMeters>
    </Trackpoint>
    <Trackpoint>
     <Time>2026-04-10T15:24:37+00:00</Time>
     <Position>
      <LatitudeDegrees>43.8936800</LatitudeDegrees>
      <LongitudeDegrees>4.5239067</LongitudeDegrees>
     </Position>
     <AltitudeMeters>73.4</AltitudeMeters>
     <DistanceMeters>38633.807097347504</DistanceMeters>
    </Trackpoint>
    <Trackpoint>
     <Time>2026-04-10T15:24:44+00:00</Time>
     <Position>
      <LatitudeDegrees>43.8941200</LatitudeDegrees>
      <LongitudeDegrees>4.5246300</LongitudeDegrees>
     </Position>
     <AltitudeMeters>73.4</AltitudeMeters>
     <DistanceMeters>38709.72574521972</DistanceMeters>
    </Trackpoint>
    <Trackpoint>
     <Time>2026-04-10T15:24:50+00:00</Time>
     <Position>
      <LatitudeDegrees>43.8945700</LatitudeDegrees>
      <LongitudeDegrees>4.5251700</LongitudeDegrees>
     </Position>
     <AltitudeMeters>73.4</AltitudeMeters>
     <DistanceMeters>38775.93728215716</DistanceMeters>
    </Trackpoint>
    <Trackpoint>
     <Time>2026-04-10T15:24:57+00:00</Time>
     <Position>
      <LatitudeDegrees>43.8950200</LatitudeDegrees>
      <LongitudeDegrees>4.5257100</LongitudeDegrees>
     </Position>
     <AltitudeMeters>73.4</AltitudeMeters>
     <DistanceMeters>38842.1488144798</DistanceMeters>
    </Trackpoint>
    <Trackpoint>
     <Time>2026-04-10T15:25:03+00:00</Time>
     <Position>
      <LatitudeDegrees>43.8954050</LatitudeDegrees>
      <LongitudeDegrees>4.5263750</LongitudeDegrees>
     </Position>
     <AltitudeMeters>74.44</AltitudeMeters>
     <DistanceMeters>38910.562711746235</DistanceMeters>
    </Trackpoint>
    <Trackpoint>
     <Time>2026-04-10T15:25:10+00:00</Time>
     <Position>
      <LatitudeDegrees>43.8957900</LatitudeDegrees>
      <LongitudeDegrees>4.5270400</LongitudeDegrees>
     </Position>
     <AltitudeMeters>74.44</AltitudeMeters>
     <DistanceMeters>38978.976605195145</DistanceMeters>
    </Trackpoint>
    <Trackpoint>
     <Time>2026-04-10T15:25:16+00:00</Time>
     <Position>
      <LatitudeDegrees>43.8963100</LatitudeDegrees>
      <LongitudeDegrees>4.5280200</LongitudeDegrees>
     </Position>
     <AltitudeMeters>74.51</AltitudeMeters>
     <DistanceMeters>39076.58107512605</DistanceMeters>
    </Trackpoint>
    <Trackpoint>
     <Time>2026-04-10T15:25:23+00:00</Time>
     <Position>
      <LatitudeDegrees>43.8965900</LatitudeDegrees>
      <LongitudeDegrees>4.5286100</LongitudeDegrees>
     </Position>
     <AltitudeMeters>74.68</AltitudeMeters>
     <DistanceMeters>39133.23844157253</DistanceMeters>
    </Trackpoint>
    <Trackpoint>
     <Time>2026-04-10T15:25:29+00:00</Time>
     <Position>
      <LatitudeDegrees>43.8968950</LatitudeDegrees>
      <LongitudeDegrees>4.5279900</LongitudeDegrees>
     </Position>
     <AltitudeMeters>74.68</AltitudeMeters>
     <DistanceMeters>39193.443520521454</DistanceMeters>
    </Trackpoint>
    <Trackpoint>
     <Time>2026-04-10T15:25:36+00:00</Time>
     <Position>
      <LatitudeDegrees>43.8972000</LatitudeDegrees>
      <LongitudeDegrees>4.5273700</LongitudeDegrees>
     </Position>
     <AltitudeMeters>74.68</AltitudeMeters>
     <DistanceMeters>39253.64863034255</DistanceMeters>
    </Trackpoint>
    <Trackpoint>
     <Time>2026-04-10T15:25:42+00:00</Time>
     <Position>
      <LatitudeDegrees>43.8975667</LatitudeDegrees>
      <LongitudeDegrees>4.5263367</LongitudeDegrees>
     </Position>
     <AltitudeMeters>74.68</AltitudeMeters>
     <DistanceMeters>39346.022037510425</DistanceMeters>
    </Trackpoint>
    <Trackpoint>
     <Time>2026-04-10T15:25:49+00:00</Time>
     <Position>
      <LatitudeDegrees>43.8979333</LatitudeDegrees>
      <LongitudeDegrees>4.5253033</LongitudeDegrees>
     </Position>
     <AltitudeMeters>74.68</AltitudeMeters>
     <DistanceMeters>39438.39544467885</DistanceMeters>
    </Trackpoint>
    <Trackpoint>
     <Time>2026-04-10T15:25:55+00:00</Time>
     <Position>
      <LatitudeDegrees>43.8983000</LatitudeDegrees>
      <LongitudeDegrees>4.5242700</LongitudeDegrees>
     </Position>
     <AltitudeMeters>86.95000000000002</AltitudeMeters>
     <DistanceMeters>39530.768849753</DistanceMeters>
    </Trackpoint>
    <Trackpoint>
     <Time>2026-04-10T15:26:02+00:00</Time>
     <Position>
      <LatitudeDegrees>43.8987100</LatitudeDegrees>
      <LongitudeDegrees>4.5235100</LongitudeDegrees>
     </Position>
     <AltitudeMeters>86.95000000000002</AltitudeMeters>
     <DistanceMeters>39606.90692762613</DistanceMeters>
    </Trackpoint>
    <Trackpoint>
     <Time>2026-04-10T15:26:08+00:00</Time>
     <Position>
      <LatitudeDegrees>43.8992200</LatitudeDegrees>
      <LongitudeDegrees>4.5227300</LongitudeDegrees>
     </Position>
     <AltitudeMeters>86.95000000000002</AltitudeMeters>
     <DistanceMeters>39691.373570132324</DistanceMeters>
    </Trackpoint>
    <Trackpoint>
     <Time>2026-04-10T15:26:15+00:00</Time>
     <Position>
      <LatitudeDegrees>43.8997500</LatitudeDegrees>
      <LongitudeDegrees>4.5220600</LongitudeDegrees>
     </Position>
     <AltitudeMeters>86.95000000000002</AltitudeMeters>
     <DistanceMeters>39771.163349559756</DistanceMeters>
    </Trackpoint>
    <Trackpoint>
     <Time>2026-04-10T15:26:22+00:00</Time>
     <Position>
      <LatitudeDegrees>43.8999900</LatitudeDegrees>
      <LongitudeDegrees>4.5218700</LongitudeDegrees>
     </Position>
     <AltitudeMeters>86.95000000000002</AltitudeMeters>
     <DistanceMeters>39801.91460596164</DistanceMeters>
    </Trackpoint>
    <Trackpoint>
     <Time>2026-04-10T15:26:28+00:00</Time>
     <Position>
      <LatitudeDegrees>43.9004900</LatitudeDegrees>
      <LongitudeDegrees>4.5215250</LongitudeDegrees>
     </Position>
     <AltitudeMeters>86.64</AltitudeMeters>
     <DistanceMeters>39864.06069099385</DistanceMeters>
    </Trackpoint>
    <Trackpoint>
     <Time>2026-04-10T15:26:35+00:00</Time>
     <Position>
      <LatitudeDegrees>43.9009900</LatitudeDegrees>
      <LongitudeDegrees>4.5211800</LongitudeDegrees>
     </Position>
     <AltitudeMeters>86.64</AltitudeMeters>
     <DistanceMeters>39926.20672618617</DistanceMeters>
    </Trackpoint>
    <Trackpoint>
     <Time>2026-04-10T15:26:41+00:00</Time>
     <Position>
      <LatitudeDegrees>43.9012800</LatitudeDegrees>
      <LongitudeDegrees>4.5209200</LongitudeDegrees>
     </Position>
     <AltitudeMeters>86.64</AltitudeMeters>
     <DistanceMeters>39964.63133503782</DistanceMeters>
    </Trackpoint>
    <Trackpoint>
     <Time>2026-04-10T15:26:48+00:00</Time>
     <Position>
      <LatitudeDegrees>43.9017500</LatitudeDegrees>
      <LongitudeDegrees>4.5203050</LongitudeDegrees>
     </Position>
     <AltitudeMeters>84.12</AltitudeMeters>
     <DistanceMeters>40036.52358137231</DistanceMeters>
    </Trackpoint>
    <Trackpoint>
     <Time>2026-04-10T15:26:54+00:00</Time>
     <Position>
      <LatitudeDegrees>43.9022200</LatitudeDegrees>
      <LongitudeDegrees>4.5196900</LongitudeDegrees>
     </Position>
     <AltitudeMeters>84.12</AltitudeMeters>
     <DistanceMeters>40108.41580297665</DistanceMeters>
    </Trackpoint>
    <Trackpoint>
     <Time>2026-04-10T15:27:01+00:00</Time>
     <Position>
      <LatitudeDegrees>43.9026100</LatitudeDegrees>
      <LongitudeDegrees>4.5192800</LongitudeDegrees>
     </Position>
     <AltitudeMeters>84.95</AltitudeMeters>
     <DistanceMeters>40162.86765235136</DistanceMeters>
    </Trackpoint>
    <Trackpoint>
     <Time>2026-04-10T15:27:07+00:00</Time>
     <Position>
      <LatitudeDegrees>43.9028100</LatitudeDegrees>
      <LongitudeDegrees>4.5191200</LongitudeDegrees>
     </Position>
     <AltitudeMeters>85.49000000000001</AltitudeMeters>
     <DistanceMeters>40188.55988185237</DistanceMeters>
    </Trackpoint>
    <Trackpoint>
     <Time>2026-04-10T15:27:14+00:00</Time>
     <Position>
      <LatitudeDegrees>43.9028300</LatitudeDegrees>
      <LongitudeDegrees>4.5190500</LongitudeDegrees>
     </Position>
     <AltitudeMeters>85.49000000000001</AltitudeMeters>
     <DistanceMeters>40194.59843829181</DistanceMeters>
    </Trackpoint>
    <Trackpoint>
     <Time>2026-04-10T15:27:20+00:00</Time>
     <Position>
      <LatitudeDegrees>43.9031900</LatitudeDegrees>
      <LongitudeDegrees>4.5186000</LongitudeDegrees>
     </Position>
     <AltitudeMeters>86.64</AltitudeMeters>
     <DistanceMeters>40248.519573792204</DistanceMeters>
    </Trackpoint>
    <Trackpoint>
     <Time>2026-04-10T15:27:27+00:00</Time>
     <Position>
      <LatitudeDegrees>43.9038700</LatitudeDegrees>
      <LongitudeDegrees>4.5179300</LongitudeDegrees>
     </Position>
     <AltitudeMeters>90.76</AltitudeMeters>
     <DistanceMeters>40341.332153895026</DistanceMeters>
    </Trackpoint>
    <Trackpoint>
     <Time>2026-04-10T15:27:33+00:00</Time>
     <Position>
      <LatitudeDegrees>43.9045500</LatitudeDegrees>
      <LongitudeDegrees>4.5172600</LongitudeDegrees>
     </Position>
     <AltitudeMeters>90.57000000000001</AltitudeMeters>
     <DistanceMeters>40434.14473200555</DistanceMeters>
    </Trackpoint>
    <Trackpoint>
     <Time>2026-04-10T15:27:40+00:00</Time>
     <Position>
      <LatitudeDegrees>43.9052500</LatitudeDegrees>
      <LongitudeDegrees>4.5166500</LongitudeDegrees>
     </Position>
     <AltitudeMeters>90.57000000000001</AltitudeMeters>
     <DistanceMeters>40526.134516282</DistanceMeters>
    </Trackpoint>
    <Trackpoint>
     <Time>2026-04-10T15:27:46+00:00</Time>
     <Position>
      <LatitudeDegrees>43.9059933</LatitudeDegrees>
      <LongitudeDegrees>4.5162733</LongitudeDegrees>
     </Position>
     <AltitudeMeters>90.57000000000001</AltitudeMeters>
     <DistanceMeters>40614.20525102271</DistanceMeters>
    </Trackpoint>
    <Trackpoint>
     <Time>2026-04-10T15:27:53+00:00</Time>
     <Position>
      <LatitudeDegrees>43.9067367</LatitudeDegrees>
      <LongitudeDegrees>4.5158967</LongitudeDegrees>
     </Position>
     <AltitudeMeters>101.03</AltitudeMeters>
     <DistanceMeters>40702.27598576202</DistanceMeters>
    </Trackpoint>
    <Trackpoint>
     <Time>2026-04-10T15:27:59+00:00</Time>
     <Position>
      <LatitudeDegrees>43.9074800</LatitudeDegrees>
      <LongitudeDegrees>4.5155200</LongitudeDegrees>
     </Position>
     <AltitudeMeters>101.03</AltitudeMeters>
     <DistanceMeters>40790.34673101426</DistanceMeters>
    </Trackpoint>
    <Trackpoint>
     <Time>2026-04-10T15:28:06+00:00</Time>
     <Position>
      <LatitudeDegrees>43.9082300</LatitudeDegrees>
      <LongitudeDegrees>4.5153267</LongitudeDegrees>
     </Position>
     <AltitudeMeters>101.03</AltitudeMeters>
     <DistanceMeters>40875.24577211328</DistanceMeters>
    </Trackpoint>
    <Trackpoint>
     <Time>2026-04-10T15:28:13+00:00</Time>
     <Position>
      <LatitudeDegrees>43.9089800</LatitudeDegrees>
      <LongitudeDegrees>4.5151333</LongitudeDegrees>
     </Position>
     <AltitudeMeters>101.03</AltitudeMeters>
     <DistanceMeters>40960.14481321047</DistanceMeters>
    </Trackpoint>
    <Trackpoint>
     <Time>2026-04-10T15:28:19+00:00</Time>
     <Position>
      <LatitudeDegrees>43.9097300</LatitudeDegrees>
      <LongitudeDegrees>4.5149400</LongitudeDegrees>
     </Position>
     <AltitudeMeters>105.37</AltitudeMeters>
     <DistanceMeters>41045.04383182677</DistanceMeters>
    </Trackpoint>
    <Trackpoint>
     <Time>2026-04-10T15:28:26+00:00</Time>
     <Position>
      <LatitudeDegrees>43.9098700</LatitudeDegrees>
      <LongitudeDegrees>4.5148800</LongitudeDegrees>
     </Position>
     <AltitudeMeters>105.37</AltitudeMeters>
     <DistanceMeters>41061.3510161969</DistanceMeters>
    </Trackpoint>
    <Trackpoint>
     <Time>2026-04-10T15:28:32+00:00</Time>
     <Position>
      <LatitudeDegrees>43.9099400</LatitudeDegrees>
      <LongitudeDegrees>4.5148200</LongitudeDegrees>
     </Position>
     <AltitudeMeters>105.37</AltitudeMeters>
     <DistanceMeters>41070.5073951189</DistanceMeters>
    </Trackpoint>
    <Trackpoint>
     <Time>2026-04-10T15:28:39+00:00</Time>
     <Position>
      <LatitudeDegrees>43.9100400</LatitudeDegrees>
      <LongitudeDegrees>4.5146700</LongitudeDegrees>
     </Position>
     <AltitudeMeters>105.37</AltitudeMeters>
     <DistanceMeters>41086.893937918605</DistanceMeters>
    </Trackpoint>
    <Trackpoint>
     <Time>2026-04-10T15:28:45+00:00</Time>
     <Position>
      <LatitudeDegrees>43.9101900</LatitudeDegrees>
      <LongitudeDegrees>4.5142000</LongitudeDegrees>
     </Position>
     <AltitudeMeters>105.46000000000001</AltitudeMeters>
     <DistanceMeters>41128.11106695054</DistanceMeters>
    </Trackpoint>
    <Trackpoint>
     <Time>2026-04-10T15:28:52+00:00</Time>
     <Position>
      <LatitudeDegrees>43.9103700</LatitudeDegrees>
      <LongitudeDegrees>4.5139500</LongitudeDegrees>
     </Position>
     <AltitudeMeters>105.46000000000001</AltitudeMeters>
     <DistanceMeters>41156.450717773296</DistanceMeters>
    </Trackpoint>
    <Trackpoint>
     <Time>2026-04-10T15:28:58+00:00</Time>
     <Position>
      <LatitudeDegrees>43.9107750</LatitudeDegrees>
      <LongitudeDegrees>4.5135300</LongitudeDegrees>
     </Position>
     <AltitudeMeters>110.2</AltitudeMeters>
     <DistanceMeters>41212.715896484806</DistanceMeters>
    </Trackpoint>
    <Trackpoint>
     <Time>2026-04-10T15:29:05+00:00</Time>
     <Position>
      <LatitudeDegrees>43.9111800</LatitudeDegrees>
      <LongitudeDegrees>4.5131100</LongitudeDegrees>
     </Position>
     <AltitudeMeters>110.2</AltitudeMeters>
     <DistanceMeters>41268.981086409854</DistanceMeters>
    </Trackpoint>
    <Trackpoint>
     <Time>2026-04-10T15:29:11+00:00</Time>
     <Position>
      <LatitudeDegrees>43.9113900</LatitudeDegrees>
      <LongitudeDegrees>4.5129500</LongitudeDegrees>
     </Position>
     <AltitudeMeters>110.2</AltitudeMeters>
     <DistanceMeters>41295.64245957985</DistanceMeters>
    </Trackpoint>
    <Trackpoint>
     <Time>2026-04-10T15:29:18+00:00</Time>
     <Position>
      <LatitudeDegrees>43.9115500</LatitudeDegrees>
      <LongitudeDegrees>4.5128700</LongitudeDegrees>
     </Position>
     <AltitudeMeters>110.2</AltitudeMeters>
     <DistanceMeters>41314.569781457656</DistanceMeters>
    </Trackpoint>
    <Trackpoint>
     <Time>2026-04-10T15:29:24+00:00</Time>
     <Position>
      <LatitudeDegrees>43.9119800</LatitudeDegrees>
      <LongitudeDegrees>4.5126850</LongitudeDegrees>
     </Position>
     <AltitudeMeters>110.2</AltitudeMeters>
     <DistanceMeters>41364.67291952709</DistanceMeters>
    </Trackpoint>
    <Trackpoint>
     <Time>2026-04-10T15:29:31+00:00</Time>
     <Position>
      <LatitudeDegrees>43.9124100</LatitudeDegrees>
      <LongitudeDegrees>4.5125000</LongitudeDegrees>
     </Position>
     <AltitudeMeters>111.00000000000001</AltitudeMeters>
     <DistanceMeters>41414.77601578534</DistanceMeters>
    </Trackpoint>
    <Trackpoint>
     <Time>2026-04-10T15:29:37+00:00</Time>
     <Position>
      <LatitudeDegrees>43.9130900</LatitudeDegrees>
      <LongitudeDegrees>4.5123400</LongitudeDegrees>
     </Position>
     <AltitudeMeters>111.00000000000001</AltitudeMeters>
     <DistanceMeters>41491.53661211773</DistanceMeters>
    </Trackpoint>
    <Trackpoint>
     <Time>2026-04-10T15:29:44+00:00</Time>
     <Position>
      <LatitudeDegrees>43.9134600</LatitudeDegrees>
      <LongitudeDegrees>4.5122200</LongitudeDegrees>
     </Position>
     <AltitudeMeters>111.00000000000001</AltitudeMeters>
     <DistanceMeters>41533.82502473053</DistanceMeters>
    </Trackpoint>
    <Trackpoint>
     <Time>2026-04-10T15:29:50+00:00</Time>
     <Position>
      <LatitudeDegrees>43.9137100</LatitudeDegrees>
      <LongitudeDegrees>4.5120800</LongitudeDegrees>
     </Position>
     <AltitudeMeters>111.00000000000001</AltitudeMeters>
     <DistanceMeters>41563.82773836057</DistanceMeters>
    </Trackpoint>
    <Trackpoint>
     <Time>2026-04-10T15:29:57+00:00</Time>
     <Position>
      <LatitudeDegrees>43.9142800</LatitudeDegrees>
      <LongitudeDegrees>4.5114250</LongitudeDegrees>
     </Position>
     <AltitudeMeters>111.99000000000001</AltitudeMeters>
     <DistanceMeters>41646.18206292818</DistanceMeters>
    </Trackpoint>
    <Trackpoint>
     <Time>2026-04-10T15:30:03+00:00</Time>
     <Position>
      <LatitudeDegrees>43.9148500</LatitudeDegrees>
      <LongitudeDegrees>4.5107700</LongitudeDegrees>
     </Position>
     <AltitudeMeters>116.61</AltitudeMeters>
     <DistanceMeters>41728.53636716134</DistanceMeters>
    </Trackpoint>
    <Trackpoint>
     <Time>2026-04-10T15:30:10+00:00</Time>
     <Position>
      <LatitudeDegrees>43.9149700</LatitudeDegrees>
      <LongitudeDegrees>4.5106500</LongitudeDegrees>
     </Position>
     <AltitudeMeters>116.61</AltitudeMeters>
     <DistanceMeters>41744.996335050986</DistanceMeters>
    </Trackpoint>
    <Trackpoint>
     <Time>2026-04-10T15:30:17+00:00</Time>
     <Position>
      <LatitudeDegrees>43.9149200</LatitudeDegrees>
      <LongitudeDegrees>4.5105000</LongitudeDegrees>
     </Position>
     <AltitudeMeters>116.61</AltitudeMeters>
     <DistanceMeters>41758.247532655136</DistanceMeters>
    </Trackpoint>
    <Trackpoint>
     <Time>2026-04-10T15:30:23+00:00</Time>
     <Position>
      <LatitudeDegrees>43.9148600</LatitudeDegrees>
      <LongitudeDegrees>4.5098000</LongitudeDegrees>
     </Position>
     <AltitudeMeters>119.11</AltitudeMeters>
     <DistanceMeters>41814.76533337421</DistanceMeters>
    </Trackpoint>
    <Trackpoint>
     <Time>2026-04-10T15:30:30+00:00</Time>
     <Position>
      <LatitudeDegrees>43.9148200</LatitudeDegrees>
      <LongitudeDegrees>4.5094800</LongitudeDegrees>
     </Position>
     <AltitudeMeters>119.11</AltitudeMeters>
     <DistanceMeters>41840.80446803354</DistanceMeters>
    </Trackpoint>
    <Trackpoint>
     <Time>2026-04-10T15:30:36+00:00</Time>
     <Position>
      <LatitudeDegrees>43.9148000</LatitudeDegrees>
      <LongitudeDegrees>4.5090800</LongitudeDegrees>
     </Position>
     <AltitudeMeters>122.06000000000002</AltitudeMeters>
     <DistanceMeters>41872.95133400341</DistanceMeters>
    </Trackpoint>
    <Trackpoint>
     <Time>2026-04-10T15:30:43+00:00</Time>
     <Position>
      <LatitudeDegrees>43.9146700</LatitudeDegrees>
      <LongitudeDegrees>4.5089800</LongitudeDegrees>
     </Position>
     <AltitudeMeters>121.71000000000001</AltitudeMeters>
     <DistanceMeters>41889.49264632888</DistanceMeters>
    </Trackpoint>
    <Trackpoint>
     <Time>2026-04-10T15:30:49+00:00</Time>
     <Position>
      <LatitudeDegrees>43.9145300</LatitudeDegrees>
      <LongitudeDegrees>4.5088200</LongitudeDegrees>
     </Position>
     <AltitudeMeters>122.96000000000001</AltitudeMeters>
     <DistanceMeters>41909.67520422873</DistanceMeters>
    </Trackpoint>
    <Trackpoint>
     <Time>2026-04-10T15:30:56+00:00</Time>
     <Position>
      <LatitudeDegrees>43.9143800</LatitudeDegrees>
      <LongitudeDegrees>4.5085600</LongitudeDegrees>
     </Position>
     <AltitudeMeters>122.74000000000001</AltitudeMeters>
     <DistanceMeters>41936.38163757753</DistanceMeters>
    </Trackpoint>
    <Trackpoint>
     <Time>2026-04-10T15:31:02+00:00</Time>
     <Position>
      <LatitudeDegrees>43.9140500</LatitudeDegrees>
      <LongitudeDegrees>4.5079200</LongitudeDegrees>
     </Position>
     <AltitudeMeters>126.47</AltitudeMeters>
     <DistanceMeters>41999.4834686666</DistanceMeters>
    </Trackpoint>
    <Trackpoint>
     <Time>2026-04-10T15:31:09+00:00</Time>
     <Position>
      <LatitudeDegrees>43.9137300</LatitudeDegrees>
      <LongitudeDegrees>4.5075000</LongitudeDegrees>
     </Position>
     <AltitudeMeters>126.53</AltitudeMeters>
     <DistanceMeters>42048.49693752932</DistanceMeters>
    </Trackpoint>
    <Trackpoint>
     <Time>2026-04-10T15:31:15+00:00</Time>
     <Position>
      <LatitudeDegrees>43.9132900</LatitudeDegrees>
      <LongitudeDegrees>4.5071700</LongitudeDegrees>
     </Position>
     <AltitudeMeters>127.28</AltitudeMeters>
     <DistanceMeters>42104.157525481234</DistanceMeters>
    </Trackpoint>
    <Trackpoint>
     <Time>2026-04-10T15:31:22+00:00</Time>
     <Position>
      <LatitudeDegrees>43.9125700</LatitudeDegrees>
      <LongitudeDegrees>4.5067550</LongitudeDegrees>
     </Position>
     <AltitudeMeters>128.52</AltitudeMeters>
     <DistanceMeters>42190.92394376039</DistanceMeters>
    </Trackpoint>
    <Trackpoint>
     <Time>2026-04-10T15:31:28+00:00</Time>
     <Position>
      <LatitudeDegrees>43.9118500</LatitudeDegrees>
      <LongitudeDegrees>4.5063400</LongitudeDegrees>
     </Position>
     <AltitudeMeters>128.52</AltitudeMeters>
     <DistanceMeters>42277.69035611556</DistanceMeters>
    </Trackpoint>
    <Trackpoint>
     <Time>2026-04-10T15:31:35+00:00</Time>
     <Position>
      <LatitudeDegrees>43.9111800</LatitudeDegrees>
      <LongitudeDegrees>4.5058000</LongitudeDegrees>
     </Position>
     <AltitudeMeters>128.79999999999998</AltitudeMeters>
     <DistanceMeters>42363.916742559624</DistanceMeters>
    </Trackpoint>
    <Trackpoint>
     <Time>2026-04-10T15:31:41+00:00</Time>
     <Position>
      <LatitudeDegrees>43.9106100</LatitudeDegrees>
      <LongitudeDegrees>4.5054500</LongitudeDegrees>
     </Position>
     <AltitudeMeters>128.44</AltitudeMeters>
     <DistanceMeters>42433.28511525605</DistanceMeters>
    </Trackpoint>
    <Trackpoint>
     <Time>2026-04-10T15:31:48+00:00</Time>
     <Position>
      <LatitudeDegrees>43.9099700</LatitudeDegrees>
      <LongitudeDegrees>4.5049450</LongitudeDegrees>
     </Position>
     <AltitudeMeters>122.71000000000001</AltitudeMeters>
     <DistanceMeters>42515.21893763452</DistanceMeters>
    </Trackpoint>
    <Trackpoint>
     <Time>2026-04-10T15:31:54+00:00</Time>
     <Position>
      <LatitudeDegrees>43.9093300</LatitudeDegrees>
      <LongitudeDegrees>4.5044400</LongitudeDegrees>
     </Position>
     <AltitudeMeters>122.71000000000001</AltitudeMeters>
     <DistanceMeters>42597.152737618286</DistanceMeters>
    </Trackpoint>
    <Trackpoint>
     <Time>2026-04-10T15:32:01+00:00</Time>
     <Position>
      <LatitudeDegrees>43.9091000</LatitudeDegrees>
      <LongitudeDegrees>4.5042900</LongitudeDegrees>
     </Position>
     <AltitudeMeters>122.71000000000001</AltitudeMeters>
     <DistanceMeters>42625.43547430457</DistanceMeters>
    </Trackpoint>
    <Trackpoint>
     <Time>2026-04-10T15:32:08+00:00</Time>
     <Position>
      <LatitudeDegrees>43.9084350</LatitudeDegrees>
      <LongitudeDegrees>4.5039900</LongitudeDegrees>
     </Position>
     <AltitudeMeters>122.62</AltitudeMeters>
     <DistanceMeters>42703.2580788156</DistanceMeters>
    </Trackpoint>
    <Trackpoint>
     <Time>2026-04-10T15:32:14+00:00</Time>
     <Position>
      <LatitudeDegrees>43.9077700</LatitudeDegrees>
      <LongitudeDegrees>4.5036900</LongitudeDegrees>
     </Position>
     <AltitudeMeters>122.62</AltitudeMeters>
     <DistanceMeters>42781.08067530538</DistanceMeters>
    </Trackpoint>
    <Trackpoint>
     <Time>2026-04-10T15:32:21+00:00</Time>
     <Position>
      <LatitudeDegrees>43.9073100</LatitudeDegrees>
      <LongitudeDegrees>4.5034900</LongitudeDegrees>
     </Position>
     <AltitudeMeters>122.62</AltitudeMeters>
     <DistanceMeters>42834.72965593841</DistanceMeters>
    </Trackpoint>
    <Trackpoint>
     <Time>2026-04-10T15:32:27+00:00</Time>
     <Position>
      <LatitudeDegrees>43.9068500</LatitudeDegrees>
      <LongitudeDegrees>4.5032900</LongitudeDegrees>
     </Position>
     <AltitudeMeters>122.62</AltitudeMeters>
     <DistanceMeters>42888.37863586889</DistanceMeters>
    </Trackpoint>
    <Trackpoint>
     <Time>2026-04-10T15:32:34+00:00</Time>
     <Position>
      <LatitudeDegrees>43.9062600</LatitudeDegrees>
      <LongitudeDegrees>4.5031800</LongitudeDegrees>
     </Position>
     <AltitudeMeters>122.29</AltitudeMeters>
     <DistanceMeters>42954.63283913653</DistanceMeters>
    </Trackpoint>
    <Trackpoint>
     <Time>2026-04-10T15:32:40+00:00</Time>
     <Position>
      <LatitudeDegrees>43.9057500</LatitudeDegrees>
      <LongitudeDegrees>4.5029050</LongitudeDegrees>
     </Position>
     <AltitudeMeters>122.29</AltitudeMeters>
     <DistanceMeters>43015.52658561116</DistanceMeters>
    </Trackpoint>
    <Trackpoint>
     <Time>2026-04-10T15:32:47+00:00</Time>
     <Position>
      <LatitudeDegrees>43.9052400</LatitudeDegrees>
      <LongitudeDegrees>4.5026300</LongitudeDegrees>
     </Position>
     <AltitudeMeters>122.29</AltitudeMeters>
     <DistanceMeters>43076.420310796064</DistanceMeters>
    </Trackpoint>
    <Trackpoint>
     <Time>2026-04-10T15:32:53+00:00</Time>
     <Position>
      <LatitudeDegrees>43.9044100</LatitudeDegrees>
      <LongitudeDegrees>4.5022400</LongitudeDegrees>
     </Position>
     <AltitudeMeters>122.29</AltitudeMeters>
     <DistanceMeters>43173.945850884054</DistanceMeters>
    </Trackpoint>
    <Trackpoint>
     <Time>2026-04-10T15:33:00+00:00</Time>
     <Position>
      <LatitudeDegrees>43.9039700</LatitudeDegrees>
      <LongitudeDegrees>4.5019900</LongitudeDegrees>
     </Position>
     <AltitudeMeters>124.71000000000001</AltitudeMeters>
     <DistanceMeters>43226.860486211386</DistanceMeters>
    </Trackpoint>
    <Trackpoint>
     <Time>2026-04-10T15:33:06+00:00</Time>
     <Position>
      <LatitudeDegrees>43.9035100</LatitudeDegrees>
      <LongitudeDegrees>4.5017700</LongitudeDegrees>
     </Position>
     <AltitudeMeters>124.71000000000001</AltitudeMeters>
     <DistanceMeters>43281.01081865485</DistanceMeters>
    </Trackpoint>
    <Trackpoint>
     <Time>2026-04-10T15:33:13+00:00</Time>
     <Position>
      <LatitudeDegrees>43.9032200</LatitudeDegrees>
      <LongitudeDegrees>4.5014400</LongitudeDegrees>
     </Position>
     <AltitudeMeters>124.71000000000001</AltitudeMeters>
     <DistanceMeters>43322.74800802923</DistanceMeters>
    </Trackpoint>
    <Trackpoint>
     <Time>2026-04-10T15:33:19+00:00</Time>
     <Position>
      <LatitudeDegrees>43.9030400</LatitudeDegrees>
      <LongitudeDegrees>4.5010400</LongitudeDegrees>
     </Position>
     <AltitudeMeters>126.17</AltitudeMeters>
     <DistanceMeters>43360.56599339968</DistanceMeters>
    </Trackpoint>
    <Trackpoint>
     <Time>2026-04-10T15:33:26+00:00</Time>
     <Position>
      <LatitudeDegrees>43.9027700</LatitudeDegrees>
      <LongitudeDegrees>4.5003200</LongitudeDegrees>
     </Position>
     <AltitudeMeters>126.97</AltitudeMeters>
     <DistanceMeters>43425.65482929894</DistanceMeters>
    </Trackpoint>
    <Trackpoint>
     <Time>2026-04-10T15:33:32+00:00</Time>
     <Position>
      <LatitudeDegrees>43.9027300</LatitudeDegrees>
      <LongitudeDegrees>4.4999600</LongitudeDegrees>
     </Position>
     <AltitudeMeters>126.97</AltitudeMeters>
     <DistanceMeters>43454.864658499755</DistanceMeters>
    </Trackpoint>
    <Trackpoint>
     <Time>2026-04-10T15:33:39+00:00</Time>
     <Position>
      <LatitudeDegrees>43.9027700</LatitudeDegrees>
      <LongitudeDegrees>4.4993200</LongitudeDegrees>
     </Position>
     <AltitudeMeters>126.97</AltitudeMeters>
     <DistanceMeters>43506.37931316942</DistanceMeters>
    </Trackpoint>
    <Trackpoint>
     <Time>2026-04-10T15:33:45+00:00</Time>
     <Position>
      <LatitudeDegrees>43.9028400</LatitudeDegrees>
      <LongitudeDegrees>4.4988000</LongitudeDegrees>
     </Position>
     <AltitudeMeters>136.57000000000002</AltitudeMeters>
     <DistanceMeters>43548.799877640886</DistanceMeters>
    </Trackpoint>
    <Trackpoint>
     <Time>2026-04-10T15:33:52+00:00</Time>
     <Position>
      <LatitudeDegrees>43.9029300</LatitudeDegrees>
      <LongitudeDegrees>4.4978800</LongitudeDegrees>
     </Position>
     <AltitudeMeters>136.57000000000002</AltitudeMeters>
     <DistanceMeters>43623.25187366526</DistanceMeters>
    </Trackpoint>
    <Trackpoint>
     <Time>2026-04-10T15:33:58+00:00</Time>
     <Position>
      <LatitudeDegrees>43.9030600</LatitudeDegrees>
      <LongitudeDegrees>4.4969100</LongitudeDegrees>
     </Position>
     <AltitudeMeters>136.57000000000002</AltitudeMeters>
     <DistanceMeters>43702.37053088352</DistanceMeters>
    </Trackpoint>
    <Trackpoint>
     <Time>2026-04-10T15:34:05+00:00</Time>
     <Position>
      <LatitudeDegrees>43.9030900</LatitudeDegrees>
      <LongitudeDegrees>4.4965200</LongitudeDegrees>
     </Position>
     <AltitudeMeters>136.57000000000002</AltitudeMeters>
     <DistanceMeters>43733.82238976503</DistanceMeters>
    </Trackpoint>
    <Trackpoint>
     <Time>2026-04-10T15:34:12+00:00</Time>
     <Position>
      <LatitudeDegrees>43.9030400</LatitudeDegrees>
      <LongitudeDegrees>4.4960500</LongitudeDegrees>
     </Position>
     <AltitudeMeters>138.78</AltitudeMeters>
     <DistanceMeters>43771.92033716853</DistanceMeters>
    </Trackpoint>
    <Trackpoint>
     <Time>2026-04-10T15:34:18+00:00</Time>
     <Position>
      <LatitudeDegrees>43.9029000</LatitudeDegrees>
      <LongitudeDegrees>4.4955000</LongitudeDegrees>
     </Position>
     <AltitudeMeters>139.0</AltitudeMeters>
     <DistanceMeters>43818.69637499523</DistanceMeters>
    </Trackpoint>
    <Trackpoint>
     <Time>2026-04-10T15:34:25+00:00</Time>
     <Position>
      <LatitudeDegrees>43.9027200</LatitudeDegrees>
      <LongitudeDegrees>4.4946200</LongitudeDegrees>
     </Position>
     <AltitudeMeters>137.12</AltitudeMeters>
     <DistanceMeters>43892.05245473828</DistanceMeters>
    </Trackpoint>
    <Trackpoint>
     <Time>2026-04-10T15:34:31+00:00</Time>
     <Position>
      <LatitudeDegrees>43.9027100</LatitudeDegrees>
      <LongitudeDegrees>4.4941700</LongitudeDegrees>
     </Position>
     <AltitudeMeters>137.12</AltitudeMeters>
     <DistanceMeters>43928.15536942426</DistanceMeters>
    </Trackpoint>
    <Trackpoint>
     <Time>2026-04-10T15:34:38+00:00</Time>
     <Position>
      <LatitudeDegrees>43.9027300</LatitudeDegrees>
      <LongitudeDegrees>4.4939000</LongitudeDegrees>
     </Position>
     <AltitudeMeters>137.12</AltitudeMeters>
     <DistanceMeters>43949.9209397573</DistanceMeters>
    </Trackpoint>
    <Trackpoint>
     <Time>2026-04-10T15:34:44+00:00</Time>
     <Position>
      <LatitudeDegrees>43.9028400</LatitudeDegrees>
      <LongitudeDegrees>4.4932000</LongitudeDegrees>
     </Position>
     <AltitudeMeters>127.37</AltitudeMeters>
     <DistanceMeters>44007.37379324314</DistanceMeters>
    </Trackpoint>
    <Trackpoint>
     <Time>2026-04-10T15:34:51+00:00</Time>
     <Position>
      <LatitudeDegrees>43.9030300</LatitudeDegrees>
      <LongitudeDegrees>4.4925600</LongitudeDegrees>
     </Position>
     <AltitudeMeters>127.37</AltitudeMeters>
     <DistanceMeters>44062.88131886647</DistanceMeters>
    </Trackpoint>
    <Trackpoint>
     <Time>2026-04-10T15:34:57+00:00</Time>
     <Position>
      <LatitudeDegrees>43.9031200</LatitudeDegrees>
      <LongitudeDegrees>4.4921400</LongitudeDegrees>
     </Position>
     <AltitudeMeters>127.37</AltitudeMeters>
     <DistanceMeters>44098.01910186243</DistanceMeters>
    </Trackpoint>
    <Trackpoint>
     <Time>2026-04-10T15:35:04+00:00</Time>
     <Position>
      <LatitudeDegrees>43.9031300</LatitudeDegrees>
      <LongitudeDegrees>4.4918100</LongitudeDegrees>
     </Position>
     <AltitudeMeters>127.37</AltitudeMeters>
     <DistanceMeters>44124.50520102845</DistanceMeters>
    </Trackpoint>
    <Trackpoint>
     <Time>2026-04-10T15:35:10+00:00</Time>
     <Position>
      <LatitudeDegrees>43.9032750</LatitudeDegrees>
      <LongitudeDegrees>4.4906150</LongitudeDegrees>
     </Position>
     <AltitudeMeters>127.37</AltitudeMeters>
     <DistanceMeters>44221.68139898125</DistanceMeters>
    </Trackpoint>
    <Trackpoint>
     <Time>2026-04-10T15:35:17+00:00</Time>
     <Position>
      <LatitudeDegrees>43.9034200</LatitudeDegrees>
      <LongitudeDegrees>4.4894200</LongitudeDegrees>
     </Position>
     <AltitudeMeters>132.73000000000002</AltitudeMeters>
     <DistanceMeters>44318.85758135266</DistanceMeters>
    </Trackpoint>
    <Trackpoint>
     <Time>2026-04-10T15:35:23+00:00</Time>
     <Position>
      <LatitudeDegrees>43.9035200</LatitudeDegrees>
      <LongitudeDegrees>4.4890600</LongitudeDegrees>
     </Position>
     <AltitudeMeters>132.73000000000002</AltitudeMeters>
     <DistanceMeters>44349.79691685094</DistanceMeters>
    </Trackpoint>
    <Trackpoint>
     <Time>2026-04-10T15:35:30+00:00</Time>
     <Position>
      <LatitudeDegrees>43.9037000</LatitudeDegrees>
      <LongitudeDegrees>4.4885600</LongitudeDegrees>
     </Position>
     <AltitudeMeters>132.73000000000002</AltitudeMeters>
     <DistanceMeters>44394.617821360254</DistanceMeters>
    </Trackpoint>
    <Trackpoint>
     <Time>2026-04-10T15:35:36+00:00</Time>
     <Position>
      <LatitudeDegrees>43.9037800</LatitudeDegrees>
      <LongitudeDegrees>4.4882800</LongitudeDegrees>
     </Position>
     <AltitudeMeters>132.73000000000002</AltitudeMeters>
     <DistanceMeters>44418.771724566606</DistanceMeters>
    </Trackpoint>
    <Trackpoint>
     <Time>2026-04-10T15:35:43+00:00</Time>
     <Position>
      <LatitudeDegrees>43.9038300</LatitudeDegrees>
      <LongitudeDegrees>4.4872500</LongitudeDegrees>
     </Position>
     <AltitudeMeters>133.61</AltitudeMeters>
     <DistanceMeters>44501.55374802302</DistanceMeters>
    </Trackpoint>
    <Trackpoint>
     <Time>2026-04-10T15:35:49+00:00</Time>
     <Position>
      <LatitudeDegrees>43.9038600</LatitudeDegrees>
      <LongitudeDegrees>4.4860100</LongitudeDegrees>
     </Position>
     <AltitudeMeters>133.4</AltitudeMeters>
     <DistanceMeters>44601.04420718325</DistanceMeters>
    </Trackpoint>
    <Trackpoint>
     <Time>2026-04-10T15:35:56+00:00</Time>
     <Position>
      <LatitudeDegrees>43.9039200</LatitudeDegrees>
      <LongitudeDegrees>4.4854600</LongitudeDegrees>
     </Position>
     <AltitudeMeters>133.4</AltitudeMeters>
     <DistanceMeters>44645.65082038342</DistanceMeters>
    </Trackpoint>
    <Trackpoint>
     <Time>2026-04-10T15:36:02+00:00</Time>
     <Position>
      <LatitudeDegrees>43.9039700</LatitudeDegrees>
      <LongitudeDegrees>4.4844200</LongitudeDegrees>
     </Position>
     <AltitudeMeters>134.25</AltitudeMeters>
     <DistanceMeters>44729.232742686276</DistanceMeters>
    </Trackpoint>
    <Trackpoint>
     <Time>2026-04-10T15:36:09+00:00</Time>
     <Position>
      <LatitudeDegrees>43.9039100</LatitudeDegrees>
      <LongitudeDegrees>4.4839600</LongitudeDegrees>
     </Position>
     <AltitudeMeters>134.25</AltitudeMeters>
     <DistanceMeters>44766.71921756349</DistanceMeters>
    </Trackpoint>
    <Trackpoint>
     <Time>2026-04-10T15:36:16+00:00</Time>
     <Position>
      <LatitudeDegrees>43.9037750</LatitudeDegrees>
      <LongitudeDegrees>4.4833300</LongitudeDegrees>
     </Position>
     <AltitudeMeters>134.25</AltitudeMeters>
     <DistanceMeters>44819.4253080013</DistanceMeters>
    </Trackpoint>
    <Trackpoint>
     <Time>2026-04-10T15:36:22+00:00</Time>
     <Position>
      <LatitudeDegrees>43.9036400</LatitudeDegrees>
      <LongitudeDegrees>4.4827000</LongitudeDegrees>
     </Position>
     <AltitudeMeters>134.25</AltitudeMeters>
     <DistanceMeters>44872.131427791974</DistanceMeters>
    </Trackpoint>
    <Trackpoint>
     <Time>2026-04-10T15:36:29+00:00</Time>
     <Position>
      <LatitudeDegrees>43.9036400</LatitudeDegrees>
      <LongitudeDegrees>4.4824100</LongitudeDegrees>
     </Position>
     <AltitudeMeters>134.25</AltitudeMeters>
     <DistanceMeters>44895.38633134844</DistanceMeters>
    </Trackpoint>
    <Trackpoint>
     <Time>2026-04-10T15:36:35+00:00</Time>
     <Position>
      <LatitudeDegrees>43.9036700</LatitudeDegrees>
      <LongitudeDegrees>4.4821900</LongitudeDegrees>
     </Position>
     <AltitudeMeters>134.25</AltitudeMeters>
     <DistanceMeters>44913.34115654073</DistanceMeters>
    </Trackpoint>
    <Trackpoint>
     <Time>2026-04-10T15:36:42+00:00</Time>
     <Position>
      <LatitudeDegrees>43.9038100</LatitudeDegrees>
      <LongitudeDegrees>4.4815100</LongitudeDegrees>
     </Position>
     <AltitudeMeters>134.25</AltitudeMeters>
     <DistanceMeters>44970.05229567916</DistanceMeters>
    </Trackpoint>
    <Trackpoint>
     <Time>2026-04-10T15:36:48+00:00</Time>
     <Position>
      <LatitudeDegrees>43.9038300</LatitudeDegrees>
      <LongitudeDegrees>4.4811200</LongitudeDegrees>
     </Position>
     <AltitudeMeters>130.60000000000002</AltitudeMeters>
     <DistanceMeters>45001.40515174584</DistanceMeters>
    </Trackpoint>
    <Trackpoint>
     <Time>2026-04-10T15:36:55+00:00</Time>
     <Position>
      <LatitudeDegrees>43.9038200</LatitudeDegrees>
      <LongitudeDegrees>4.4805900</LongitudeDegrees>
     </Position>
     <AltitudeMeters>130.60000000000002</AltitudeMeters>
     <DistanceMeters>45043.91993070673</DistanceMeters>
    </Trackpoint>
    <Trackpoint>
     <Time>2026-04-10T15:37:01+00:00</Time>
     <Position>
      <LatitudeDegrees>43.9038900</LatitudeDegrees>
      <LongitudeDegrees>4.4802000</LongitudeDegrees>
     </Position>
     <AltitudeMeters>130.60000000000002</AltitudeMeters>
     <DistanceMeters>45076.14943133401</DistanceMeters>
    </Trackpoint>
    <Trackpoint>
     <Time>2026-04-10T15:37:08+00:00</Time>
     <Position>
      <LatitudeDegrees>43.9041100</LatitudeDegrees>
      <LongitudeDegrees>4.4794700</LongitudeDegrees>
     </Position>
     <AltitudeMeters>130.60000000000002</AltitudeMeters>
     <DistanceMeters>45139.601757590055</DistanceMeters>
    </Trackpoint>
    <Trackpoint>
     <Time>2026-04-10T15:37:14+00:00</Time>
     <Position>
      <LatitudeDegrees>43.9042300</LatitudeDegrees>
      <LongitudeDegrees>4.4787900</LongitudeDegrees>
     </Position>
     <AltitudeMeters>130.60000000000002</AltitudeMeters>
     <DistanceMeters>45195.74175546629</DistanceMeters>
    </Trackpoint>
    <Trackpoint>
     <Time>2026-04-10T15:37:21+00:00</Time>
     <Position>
      <LatitudeDegrees>43.9042200</LatitudeDegrees>
      <LongitudeDegrees>4.4784500</LongitudeDegrees>
     </Position>
     <AltitudeMeters>130.60000000000002</AltitudeMeters>
     <DistanceMeters>45223.02856396306</DistanceMeters>
    </Trackpoint>
    <Trackpoint>
     <Time>2026-04-10T15:37:27+00:00</Time>
     <Position>
      <LatitudeDegrees>43.9040500</LatitudeDegrees>
      <LongitudeDegrees>4.4775400</LongitudeDegrees>
     </Position>
     <AltitudeMeters>131.84</AltitudeMeters>
     <DistanceMeters>45298.41319146498</DistanceMeters>
    </Trackpoint>
    <Trackpoint>
     <Time>2026-04-10T15:37:34+00:00</Time>
     <Position>
      <LatitudeDegrees>43.9039700</LatitudeDegrees>
      <LongitudeDegrees>4.4770100</LongitudeDegrees>
     </Position>
     <AltitudeMeters>131.84</AltitudeMeters>
     <DistanceMeters>45341.83589971514</DistanceMeters>
    </Trackpoint>
    <Trackpoint>
     <Time>2026-04-10T15:37:40+00:00</Time>
     <Position>
      <LatitudeDegrees>43.9039700</LatitudeDegrees>
      <LongitudeDegrees>4.4767800</LongitudeDegrees>
     </Position>
     <AltitudeMeters>131.09</AltitudeMeters>
     <DistanceMeters>45360.27934167705</DistanceMeters>
    </Trackpoint>
    <Trackpoint>
     <Time>2026-04-10T15:37:47+00:00</Time>
     <Position>
      <LatitudeDegrees>43.9040800</LatitudeDegrees>
      <LongitudeDegrees>4.4761300</LongitudeDegrees>
     </Position>
     <AltitudeMeters>131.09</AltitudeMeters>
     <DistanceMeters>45413.82050283129</DistanceMeters>
    </Trackpoint>
    <Trackpoint>
     <Time>2026-04-10T15:37:53+00:00</Time>
     <Position>
      <LatitudeDegrees>43.9041900</LatitudeDegrees>
      <LongitudeDegrees>4.4754800</LongitudeDegrees>
     </Position>
     <AltitudeMeters>131.09</AltitudeMeters>
     <DistanceMeters>45467.36160171684</DistanceMeters>
    </Trackpoint>
    <Trackpoint>
     <Time>2026-04-10T15:38:00+00:00</Time>
     <Position>
      <LatitudeDegrees>43.9041900</LatitudeDegrees>
      <LongitudeDegrees>4.4753800</LongitudeDegrees>
     </Position>
     <AltitudeMeters>133.78</AltitudeMeters>
     <DistanceMeters>45475.38045989201</DistanceMeters>
    </Trackpoint>
    <Trackpoint>
     <Time>2026-04-10T15:38:07+00:00</Time>
     <Position>
      <LatitudeDegrees>43.9040700</LatitudeDegrees>
      <LongitudeDegrees>4.4750800</LongitudeDegrees>
     </Position>
     <AltitudeMeters>133.78</AltitudeMeters>
     <DistanceMeters>45502.89570714616</DistanceMeters>
    </Trackpoint>
    <Trackpoint>
     <Time>2026-04-10T15:38:13+00:00</Time>
     <Position>
      <LatitudeDegrees>43.9040400</LatitudeDegrees>
      <LongitudeDegrees>4.4749500</LongitudeDegrees>
     </Position>
     <AltitudeMeters>133.78</AltitudeMeters>
     <DistanceMeters>45513.8418970945</DistanceMeters>
    </Trackpoint>
    <Trackpoint>
     <Time>2026-04-10T15:38:20+00:00</Time>
     <Position>
      <LatitudeDegrees>43.9040200</LatitudeDegrees>
      <LongitudeDegrees>4.4747500</LongitudeDegrees>
     </Position>
     <AltitudeMeters>133.78</AltitudeMeters>
     <DistanceMeters>45530.0333892938</DistanceMeters>
    </Trackpoint>
    <Trackpoint>
     <Time>2026-04-10T15:38:26+00:00</Time>
     <Position>
      <LatitudeDegrees>43.9041000</LatitudeDegrees>
      <LongitudeDegrees>4.4744500</LongitudeDegrees>
     </Position>
     <AltitudeMeters>133.78</AltitudeMeters>
     <DistanceMeters>45555.68482914335</DistanceMeters>
    </Trackpoint>
    <Trackpoint>
     <Time>2026-04-10T15:38:33+00:00</Time>
     <Position>
      <LatitudeDegrees>43.9042500</LatitudeDegrees>
      <LongitudeDegrees>4.4735500</LongitudeDegrees>
     </Position>
     <AltitudeMeters>138.51000000000002</AltitudeMeters>
     <DistanceMeters>45629.76028399725</DistanceMeters>
    </Trackpoint>
    <Trackpoint>
     <Time>2026-04-10T15:38:39+00:00</Time>
     <Position>
      <LatitudeDegrees>43.9043200</LatitudeDegrees>
      <LongitudeDegrees>4.4733900</LongitudeDegrees>
     </Position>
     <AltitudeMeters>141.46</AltitudeMeters>
     <DistanceMeters>45644.770539970086</DistanceMeters>
    </Trackpoint>
    <Trackpoint>
     <Time>2026-04-10T15:38:46+00:00</Time>
     <Position>
      <LatitudeDegrees>43.9044700</LatitudeDegrees>
      <LongitudeDegrees>4.4734300</LongitudeDegrees>
     </Position>
     <AltitudeMeters>141.46</AltitudeMeters>
     <DistanceMeters>45661.77023552215</DistanceMeters>
    </Trackpoint>
    <Trackpoint>
     <Time>2026-04-10T15:38:52+00:00</Time>
     <Position>
      <LatitudeDegrees>43.9049500</LatitudeDegrees>
      <LongitudeDegrees>4.4730900</LongitudeDegrees>
     </Position>
     <AltitudeMeters>147.03000000000003</AltitudeMeters>
     <DistanceMeters>45721.74707542525</DistanceMeters>
    </Trackpoint>
    <Trackpoint>
     <Time>2026-04-10T15:38:59+00:00</Time>
     <Position>
      <LatitudeDegrees>43.9050100</LatitudeDegrees>
      <LongitudeDegrees>4.4727400</LongitudeDegrees>
     </Position>
     <AltitudeMeters>147.42000000000002</AltitudeMeters>
     <DistanceMeters>45750.59619801399</DistanceMeters>
    </Trackpoint>
    <Trackpoint>
     <Time>2026-04-10T15:39:05+00:00</Time>
     <Position>
      <LatitudeDegrees>43.9050500</LatitudeDegrees>
      <LongitudeDegrees>4.4726500</LongitudeDegrees>
     </Position>
     <AltitudeMeters>148.57</AltitudeMeters>
     <DistanceMeters>45759.07570185281</DistanceMeters>
    </Trackpoint>
    <Trackpoint>
     <Time>2026-04-10T15:39:12+00:00</Time>
     <Position>
      <LatitudeDegrees>43.9051400</LatitudeDegrees>
      <LongitudeDegrees>4.4725100</LongitudeDegrees>
     </Position>
     <AltitudeMeters>148.57</AltitudeMeters>
     <DistanceMeters>45774.120992025266</DistanceMeters>
    </Trackpoint>
    <Trackpoint>
     <Time>2026-04-10T15:39:18+00:00</Time>
     <Position>
      <LatitudeDegrees>43.9051300</LatitudeDegrees>
      <LongitudeDegrees>4.4725200</LongitudeDegrees>
     </Position>
     <AltitudeMeters>148.57</AltitudeMeters>
     <DistanceMeters>45774.120992025266</DistanceMeters>
    </Trackpoint>
    <Trackpoint>
     <Time>2026-04-10T15:39:25+00:00</Time>
     <Position>
      <LatitudeDegrees>43.9055000</LatitudeDegrees>
      <LongitudeDegrees>4.4723300</LongitudeDegrees>
     </Position>
     <AltitudeMeters>150.78000000000003</AltitudeMeters>
     <DistanceMeters>45818.0284499057</DistanceMeters>
    </Trackpoint>
    <Trackpoint>
     <Time>2026-04-10T15:39:31+00:00</Time>
     <Position>
      <LatitudeDegrees>43.9058000</LatitudeDegrees>
      <LongitudeDegrees>4.4722700</LongitudeDegrees>
     </Position>
     <AltitudeMeters>156.99</AltitudeMeters>
     <DistanceMeters>45851.762011224884</DistanceMeters>
    </Trackpoint>
    <Trackpoint>
     <Time>2026-04-10T15:39:38+00:00</Time>
     <Position>
      <LatitudeDegrees>43.9058700</LatitudeDegrees>
      <LongitudeDegrees>4.4723100</LongitudeDegrees>
     </Position>
     <AltitudeMeters>156.99</AltitudeMeters>
     <DistanceMeters>45860.187136369896</DistanceMeters>
    </Trackpoint>
    <Trackpoint>
     <Time>2026-04-10T15:39:44+00:00</Time>
     <Position>
      <LatitudeDegrees>43.9059200</LatitudeDegrees>
      <LongitudeDegrees>4.4724100</LongitudeDegrees>
     </Position>
     <AltitudeMeters>156.99</AltitudeMeters>
     <DistanceMeters>45869.94752692343</DistanceMeters>
    </Trackpoint>
    <Trackpoint>
     <Time>2026-04-10T15:39:51+00:00</Time>
     <Position>
      <LatitudeDegrees>43.9059900</LatitudeDegrees>
      <LongitudeDegrees>4.4724200</LongitudeDegrees>
     </Position>
     <AltitudeMeters>156.99</AltitudeMeters>
     <DistanceMeters>45877.7793818264</DistanceMeters>
    </Trackpoint>
    <Trackpoint>
     <Time>2026-04-10T15:39:57+00:00</Time>
     <Position>
      <LatitudeDegrees>43.9060300</LatitudeDegrees>
      <LongitudeDegrees>4.4726300</LongitudeDegrees>
     </Position>
     <AltitudeMeters>157.32000000000002</AltitudeMeters>
     <DistanceMeters>45895.19700586891</DistanceMeters>
    </Trackpoint>
    <Trackpoint>
     <Time>2026-04-10T15:40:04+00:00</Time>
     <Position>
      <LatitudeDegrees>43.9065300</LatitudeDegrees>
      <LongitudeDegrees>4.4735200</LongitudeDegrees>
     </Position>
     <AltitudeMeters>159.46</AltitudeMeters>
     <DistanceMeters>45985.6939267805</DistanceMeters>
    </Trackpoint>
    <Trackpoint>
     <Time>2026-04-10T15:40:11+00:00</Time>
     <Position>
      <LatitudeDegrees>43.9067600</LatitudeDegrees>
      <LongitudeDegrees>4.4738600</LongitudeDegrees>
     </Position>
     <AltitudeMeters>159.46</AltitudeMeters>
     <DistanceMeters>46023.090834874274</DistanceMeters>
    </Trackpoint>
    <Trackpoint>
     <Time>2026-04-10T15:40:17+00:00</Time>
     <Position>
      <LatitudeDegrees>43.9068800</LatitudeDegrees>
      <LongitudeDegrees>4.4739500</LongitudeDegrees>
     </Position>
     <AltitudeMeters>159.46</AltitudeMeters>
     <DistanceMeters>46038.271380808335</DistanceMeters>
    </Trackpoint>
    <Trackpoint>
     <Time>2026-04-10T15:40:24+00:00</Time>
     <Position>
      <LatitudeDegrees>43.9069800</LatitudeDegrees>
      <LongitudeDegrees>4.4739300</LongitudeDegrees>
     </Position>
     <AltitudeMeters>159.46</AltitudeMeters>
     <DistanceMeters>46049.515896330005</DistanceMeters>
    </Trackpoint>
    <Trackpoint>
     <Time>2026-04-10T15:40:30+00:00</Time>
     <Position>
      <LatitudeDegrees>43.9070400</LatitudeDegrees>
      <LongitudeDegrees>4.4738900</LongitudeDegrees>
     </Position>
     <AltitudeMeters>159.46</AltitudeMeters>
     <DistanceMeters>46056.92397171003</DistanceMeters>
    </Trackpoint>
    <Trackpoint>
     <Time>2026-04-10T15:40:37+00:00</Time>
     <Position>
      <LatitudeDegrees>43.9076200</LatitudeDegrees>
      <LongitudeDegrees>4.4734200</LongitudeDegrees>
     </Position>
     <AltitudeMeters>159.46</AltitudeMeters>
     <DistanceMeters>46131.67130038127</DistanceMeters>
    </Trackpoint>
    <Trackpoint>
     <Time>2026-04-10T15:40:43+00:00</Time>
     <Position>
      <LatitudeDegrees>43.9082000</LatitudeDegrees>
      <LongitudeDegrees>4.4729500</LongitudeDegrees>
     </Position>
     <AltitudeMeters>182.83</AltitudeMeters>
     <DistanceMeters>46206.418651110645</DistanceMeters>
    </Trackpoint>
    <Trackpoint>
     <Time>2026-04-10T15:40:50+00:00</Time>
     <Position>
      <LatitudeDegrees>43.9086200</LatitudeDegrees>
      <LongitudeDegrees>4.4724800</LongitudeDegrees>
     </Position>
     <AltitudeMeters>182.83</AltitudeMeters>
     <DistanceMeters>46266.46238992286</DistanceMeters>
    </Trackpoint>
    <Trackpoint>
     <Time>2026-04-10T15:40:56+00:00</Time>
     <Position>
      <LatitudeDegrees>43.9088200</LatitudeDegrees>
      <LongitudeDegrees>4.4720200</LongitudeDegrees>
     </Position>
     <AltitudeMeters>182.83</AltitudeMeters>
     <DistanceMeters>46309.54248048293</DistanceMeters>
    </Trackpoint>
    <Trackpoint>
     <Time>2026-04-10T15:41:03+00:00</Time>
     <Position>
      <LatitudeDegrees>43.9091800</LatitudeDegrees>
      <LongitudeDegrees>4.4716200</LongitudeDegrees>
     </Position>
     <AltitudeMeters>182.83</AltitudeMeters>
     <DistanceMeters>46360.86486456333</DistanceMeters>
    </Trackpoint>
    <Trackpoint>
     <Time>2026-04-10T15:41:09+00:00</Time>
     <Position>
      <LatitudeDegrees>43.9093400</LatitudeDegrees>
      <LongitudeDegrees>4.4716600</LongitudeDegrees>
     </Position>
     <AltitudeMeters>182.83</AltitudeMeters>
     <DistanceMeters>46378.95869845412</DistanceMeters>
    </Trackpoint>
    <Trackpoint>
     <Time>2026-04-10T15:41:16+00:00</Time>
     <Position>
      <LatitudeDegrees>43.9095600</LatitudeDegrees>
      <LongitudeDegrees>4.4718700</LongitudeDegrees>
     </Position>
     <AltitudeMeters>182.83</AltitudeMeters>
     <DistanceMeters>46408.67468299209</DistanceMeters>
    </Trackpoint>
    <Trackpoint>
     <Time>2026-04-10T15:41:22+00:00</Time>
     <Position>
      <LatitudeDegrees>43.9097600</LatitudeDegrees>
      <LongitudeDegrees>4.4719900</LongitudeDegrees>
     </Position>
     <AltitudeMeters>182.83</AltitudeMeters>
     <DistanceMeters>46432.924365846826</DistanceMeters>
    </Trackpoint>
    <Trackpoint>
     <Time>2026-04-10T15:41:29+00:00</Time>
     <Position>
      <LatitudeDegrees>43.9102800</LatitudeDegrees>
      <LongitudeDegrees>4.4720100</LongitudeDegrees>
     </Position>
     <AltitudeMeters>182.83</AltitudeMeters>
     <DistanceMeters>46490.82033204222</DistanceMeters>
    </Trackpoint>
    <Trackpoint>
     <Time>2026-04-10T15:41:35+00:00</Time>
     <Position>
      <LatitudeDegrees>43.9104900</LatitudeDegrees>
      <LongitudeDegrees>4.4719800</LongitudeDegrees>
     </Position>
     <AltitudeMeters>182.83</AltitudeMeters>
     <DistanceMeters>46514.31587842168</DistanceMeters>
    </Trackpoint>
    <Trackpoint>
     <Time>2026-04-10T15:41:42+00:00</Time>
     <Position>
      <LatitudeDegrees>43.9110400</LatitudeDegrees>
      <LongitudeDegrees>4.4716800</LongitudeDegrees>
     </Position>
     <AltitudeMeters>203.93000000000004</AltitudeMeters>
     <DistanceMeters>46580.08499153976</DistanceMeters>
    </Trackpoint>
    <Trackpoint>
     <Time>2026-04-10T15:41:48+00:00</Time>
     <Position>
      <LatitudeDegrees>43.9116500</LatitudeDegrees>
      <LongitudeDegrees>4.4715000</LongitudeDegrees>
     </Position>
     <AltitudeMeters>203.93000000000004</AltitudeMeters>
     <DistanceMeters>46649.49241380378</DistanceMeters>
    </Trackpoint>
    <Trackpoint>
     <Time>2026-04-10T15:41:55+00:00</Time>
     <Position>
      <LatitudeDegrees>43.9124100</LatitudeDegrees>
      <LongitudeDegrees>4.4716100</LongitudeDegrees>
     </Position>
     <AltitudeMeters>203.93000000000004</AltitudeMeters>
     <DistanceMeters>46734.53569263959</DistanceMeters>
    </Trackpoint>
    <Trackpoint>
     <Time>2026-04-10T15:42:01+00:00</Time>
     <Position>
      <LatitudeDegrees>43.9125400</LatitudeDegrees>
      <LongitudeDegrees>4.4717100</LongitudeDegrees>
     </Position>
     <AltitudeMeters>203.93000000000004</AltitudeMeters>
     <DistanceMeters>46751.07715254531</DistanceMeters>
    </Trackpoint>
    <Trackpoint>
     <Time>2026-04-10T15:42:08+00:00</Time>
     <Position>
      <LatitudeDegrees>43.9126800</LatitudeDegrees>
      <LongitudeDegrees>4.4721500</LongitudeDegrees>
     </Position>
     <AltitudeMeters>203.93000000000004</AltitudeMeters>
     <DistanceMeters>46789.64289006567</DistanceMeters>
    </Trackpoint>
    <Trackpoint>
     <Time>2026-04-10T15:42:15+00:00</Time>
     <Position>
      <LatitudeDegrees>43.9128100</LatitudeDegrees>
      <LongitudeDegrees>4.4724500</LongitudeDegrees>
     </Position>
     <AltitudeMeters>203.93000000000004</AltitudeMeters>
     <DistanceMeters>46817.71223547084</DistanceMeters>
    </Trackpoint>
    <Trackpoint>
     <Time>2026-04-10T15:42:21+00:00</Time>
     <Position>
      <LatitudeDegrees>43.9133800</LatitudeDegrees>
      <LongitudeDegrees>4.4729050</LongitudeDegrees>
     </Position>
     <AltitudeMeters>204.17000000000002</AltitudeMeters>
     <DistanceMeters>46890.891807172615</DistanceMeters>
    </Trackpoint>
    <Trackpoint>
     <Time>2026-04-10T15:42:28+00:00</Time>
     <Position>
      <LatitudeDegrees>43.9139500</LatitudeDegrees>
      <LongitudeDegrees>4.4733600</LongitudeDegrees>
     </Position>
     <AltitudeMeters>201.87</AltitudeMeters>
     <DistanceMeters>46964.07139565147</DistanceMeters>
    </Trackpoint>
    <Trackpoint>
     <Time>2026-04-10T15:42:34+00:00</Time>
     <Position>
      <LatitudeDegrees>43.9141900</LatitudeDegrees>
      <LongitudeDegrees>4.4735800</LongitudeDegrees>
     </Position>
     <AltitudeMeters>201.87</AltitudeMeters>
     <DistanceMeters>46996.08068088604</DistanceMeters>
    </Trackpoint>
    <Trackpoint>
     <Time>2026-04-10T15:42:41+00:00</Time>
     <Position>
      <LatitudeDegrees>43.9144300</LatitudeDegrees>
      <LongitudeDegrees>4.4736900</LongitudeDegrees>
     </Position>
     <AltitudeMeters>201.87</AltitudeMeters>
     <DistanceMeters>47024.20992934496</DistanceMeters>
    </Trackpoint>
    <Trackpoint>
     <Time>2026-04-10T15:42:47+00:00</Time>
     <Position>
      <LatitudeDegrees>43.9147800</LatitudeDegrees>
      <LongitudeDegrees>4.4737700</LongitudeDegrees>
     </Position>
     <AltitudeMeters>201.87</AltitudeMeters>
     <DistanceMeters>47063.687937748975</DistanceMeters>
    </Trackpoint>
    <Trackpoint>
     <Time>2026-04-10T15:42:54+00:00</Time>
     <Position>
      <LatitudeDegrees>43.9155400</LatitudeDegrees>
      <LongitudeDegrees>4.4740300</LongitudeDegrees>
     </Position>
     <AltitudeMeters>200.9</AltitudeMeters>
     <DistanceMeters>47150.80335627471</DistanceMeters>
    </Trackpoint>
    <Trackpoint>
     <Time>2026-04-10T15:43:00+00:00</Time>
     <Position>
      <LatitudeDegrees>43.9159000</LatitudeDegrees>
      <LongitudeDegrees>4.4741100</LongitudeDegrees>
     </Position>
     <AltitudeMeters>200.9</AltitudeMeters>
     <DistanceMeters>47191.37991818617</DistanceMeters>
    </Trackpoint>
    <Trackpoint>
     <Time>2026-04-10T15:43:07+00:00</Time>
     <Position>
      <LatitudeDegrees>43.9165650</LatitudeDegrees>
      <LongitudeDegrees>4.4740500</LongitudeDegrees>
     </Position>
     <AltitudeMeters>198.92000000000002</AltitudeMeters>
     <DistanceMeters>47265.54769394298</DistanceMeters>
    </Trackpoint>
    <Trackpoint>
     <Time>2026-04-10T15:43:13+00:00</Time>
     <Position>
      <LatitudeDegrees>43.9172300</LatitudeDegrees>
      <LongitudeDegrees>4.4739900</LongitudeDegrees>
     </Position>
     <AltitudeMeters>198.83</AltitudeMeters>
     <DistanceMeters>47339.7154841523</DistanceMeters>
    </Trackpoint>
    <Trackpoint>
     <Time>2026-04-10T15:43:20+00:00</Time>
     <Position>
      <LatitudeDegrees>43.9176100</LatitudeDegrees>
      <LongitudeDegrees>4.4739300</LongitudeDegrees>
     </Position>
     <AltitudeMeters>198.83</AltitudeMeters>
     <DistanceMeters>47382.28051701918</DistanceMeters>
    </Trackpoint>
    <Trackpoint>
     <Time>2026-04-10T15:43:26+00:00</Time>
     <Position>
      <LatitudeDegrees>43.9182400</LatitudeDegrees>
      <LongitudeDegrees>4.4737967</LongitudeDegrees>
     </Position>
     <AltitudeMeters>198.83</AltitudeMeters>
     <DistanceMeters>47453.20690671341</DistanceMeters>
    </Trackpoint>
    <Trackpoint>
     <Time>2026-04-10T15:43:33+00:00</Time>
     <Position>
      <LatitudeDegrees>43.9188700</LatitudeDegrees>
      <LongitudeDegrees>4.4736633</LongitudeDegrees>
     </Position>
     <AltitudeMeters>198.83</AltitudeMeters>
     <DistanceMeters>47524.133296407665</DistanceMeters>
    </Trackpoint>
    <Trackpoint>
     <Time>2026-04-10T15:43:39+00:00</Time>
     <Position>
      <LatitudeDegrees>43.9195000</LatitudeDegrees>
      <LongitudeDegrees>4.4735300</LongitudeDegrees>
     </Position>
     <AltitudeMeters>198.83</AltitudeMeters>
     <DistanceMeters>47595.059672195704</DistanceMeters>
    </Trackpoint>
    <Trackpoint>
     <Time>2026-04-10T15:43:46+00:00</Time>
     <Position>
      <LatitudeDegrees>43.9200400</LatitudeDegrees>
      <LongitudeDegrees>4.4734800</LongitudeDegrees>
     </Position>
     <AltitudeMeters>198.83</AltitudeMeters>
     <DistanceMeters>47655.292861288464</DistanceMeters>
    </Trackpoint>
    <Trackpoint>
     <Time>2026-04-10T15:43:52+00:00</Time>
     <Position>
      <LatitudeDegrees>43.9207625</LatitudeDegrees>
      <LongitudeDegrees>4.4735525</LongitudeDegrees>
     </Position>
     <AltitudeMeters>191.95000000000002</AltitudeMeters>
     <DistanceMeters>47735.9137565529</DistanceMeters>
    </Trackpoint>
    <Trackpoint>
     <Time>2026-04-10T15:43:59+00:00</Time>
     <Position>
      <LatitudeDegrees>43.9214850</LatitudeDegrees>
      <LongitudeDegrees>4.4736250</LongitudeDegrees>
     </Position>
     <AltitudeMeters>191.95000000000002</AltitudeMeters>
     <DistanceMeters>47816.53465181549</DistanceMeters>
    </Trackpoint>
    <Trackpoint>
     <Time>2026-04-10T15:44:06+00:00</Time>
     <Position>
      <LatitudeDegrees>43.9222075</LatitudeDegrees>
      <LongitudeDegrees>4.4736975</LongitudeDegrees>
     </Position>
     <AltitudeMeters>191.95000000000002</AltitudeMeters>
     <DistanceMeters>47897.15554708043</DistanceMeters>
    </Trackpoint>
    <Trackpoint>
     <Time>2026-04-10T15:44:12+00:00</Time>
     <Position>
      <LatitudeDegrees>43.9229300</LatitudeDegrees>
      <LongitudeDegrees>4.4737700</LongitudeDegrees>
     </Position>
     <AltitudeMeters>191.95000000000002</AltitudeMeters>
     <DistanceMeters>47977.77644140131</DistanceMeters>
    </Trackpoint>
    <Trackpoint>
     <Time>2026-04-10T15:44:19+00:00</Time>
     <Position>
      <LatitudeDegrees>43.9235100</LatitudeDegrees>
      <LongitudeDegrees>4.4738100</LongitudeDegrees>
     </Position>
     <AltitudeMeters>191.95000000000002</AltitudeMeters>
     <DistanceMeters>48042.40752636377</DistanceMeters>
    </Trackpoint>
    <Trackpoint>
     <Time>2026-04-10T15:44:25+00:00</Time>
     <Position>
      <LatitudeDegrees>43.9237500</LatitudeDegrees>
      <LongitudeDegrees>4.4736800</LongitudeDegrees>
     </Position>
     <AltitudeMeters>191.95000000000002</AltitudeMeters>
     <DistanceMeters>48071.07937839867</DistanceMeters>
    </Trackpoint>
    <Trackpoint>
     <Time>2026-04-10T15:44:32+00:00</Time>
     <Position>
      <LatitudeDegrees>43.9239300</LatitudeDegrees>
      <LongitudeDegrees>4.4733700</LongitudeDegrees>
     </Position>
     <AltitudeMeters>187.35000000000002</AltitudeMeters>
     <DistanceMeters>48102.999044680226</DistanceMeters>
    </Trackpoint>
    <Trackpoint>
     <Time>2026-04-10T15:44:38+00:00</Time>
     <Position>
      <LatitudeDegrees>43.9239700</LatitudeDegrees>
      <LongitudeDegrees>4.4732100</LongitudeDegrees>
     </Position>
     <AltitudeMeters>187.35000000000002</AltitudeMeters>
     <DistanceMeters>48116.57559889877</DistanceMeters>
    </Trackpoint>
    <Trackpoint>
     <Time>2026-04-10T15:44:45+00:00</Time>
     <Position>
      <LatitudeDegrees>43.9240450</LatitudeDegrees>
      <LongitudeDegrees>4.4724350</LongitudeDegrees>
     </Position>
     <AltitudeMeters>187.35000000000002</AltitudeMeters>
     <DistanceMeters>48179.25928342349</DistanceMeters>
    </Trackpoint>
    <Trackpoint>
     <Time>2026-04-10T15:44:51+00:00</Time>
     <Position>
      <LatitudeDegrees>43.9241200</LatitudeDegrees>
      <LongitudeDegrees>4.4716600</LongitudeDegrees>
     </Position>
     <AltitudeMeters>186.75000000000003</AltitudeMeters>
     <DistanceMeters>48241.94294903605</DistanceMeters>
    </Trackpoint>
    <Trackpoint>
     <Time>2026-04-10T15:44:58+00:00</Time>
     <Position>
      <LatitudeDegrees>43.9242500</LatitudeDegrees>
      <LongitudeDegrees>4.4715200</LongitudeDegrees>
     </Position>
     <AltitudeMeters>186.75000000000003</AltitudeMeters>
     <DistanceMeters>48260.25368722191</DistanceMeters>
    </Trackpoint>
    <Trackpoint>
     <Time>2026-04-10T15:45:04+00:00</Time>
     <Position>
      <LatitudeDegrees>43.9244300</LatitudeDegrees>
      <LongitudeDegrees>4.4715500</LongitudeDegrees>
     </Position>
     <AltitudeMeters>186.75000000000003</AltitudeMeters>
     <DistanceMeters>48280.43073521463</DistanceMeters>
    </Trackpoint>
    <Trackpoint>
     <Time>2026-04-10T15:45:11+00:00</Time>
     <Position>
      <LatitudeDegrees>43.9245900</LatitudeDegrees>
      <LongitudeDegrees>4.4717100</LongitudeDegrees>
     </Position>
     <AltitudeMeters>186.75000000000003</AltitudeMeters>
     <DistanceMeters>48302.37614944279</DistanceMeters>
    </Trackpoint>
    <Trackpoint>
     <Time>2026-04-10T15:45:17+00:00</Time>
     <Position>
      <LatitudeDegrees>43.9248000</LatitudeDegrees>
      <LongitudeDegrees>4.4718700</LongitudeDegrees>
     </Position>
     <AltitudeMeters>186.75000000000003</AltitudeMeters>
     <DistanceMeters>48329.03613172624</DistanceMeters>
    </Trackpoint>
    <Trackpoint>
     <Time>2026-04-10T15:45:24+00:00</Time>
     <Position>
      <LatitudeDegrees>43.9252300</LatitudeDegrees>
      <LongitudeDegrees>4.4720800</LongitudeDegrees>
     </Position>
     <AltitudeMeters>186.75000000000003</AltitudeMeters>
     <DistanceMeters>48379.76758010875</DistanceMeters>
    </Trackpoint>
    <Trackpoint>
     <Time>2026-04-10T15:45:30+00:00</Time>
     <Position>
      <LatitudeDegrees>43.9255900</LatitudeDegrees>
      <LongitudeDegrees>4.4719900</LongitudeDegrees>
     </Position>
     <AltitudeMeters>186.75000000000003</AltitudeMeters>
     <DistanceMeters>48420.47835927624</DistanceMeters>
    </Trackpoint>
    <Trackpoint>
     <Time>2026-04-10T15:45:37+00:00</Time>
     <Position>
      <LatitudeDegrees>43.9259200</LatitudeDegrees>
      <LongitudeDegrees>4.4718100</LongitudeDegrees>
     </Position>
     <AltitudeMeters>183.01</AltitudeMeters>
     <DistanceMeters>48459.93849768744</DistanceMeters>
    </Trackpoint>
    <Trackpoint>
     <Time>2026-04-10T15:45:43+00:00</Time>
     <Position>
      <LatitudeDegrees>43.9262800</LatitudeDegrees>
      <LongitudeDegrees>4.4717200</LongitudeDegrees>
     </Position>
     <AltitudeMeters>183.01</AltitudeMeters>
     <DistanceMeters>48500.649262025545</DistanceMeters>
    </Trackpoint>
    <Trackpoint>
     <Time>2026-04-10T15:45:50+00:00</Time>
     <Position>
      <LatitudeDegrees>43.9268200</LatitudeDegrees>
      <LongitudeDegrees>4.4717000</LongitudeDegrees>
     </Position>
     <AltitudeMeters>183.01</AltitudeMeters>
     <DistanceMeters>48560.77030752972</DistanceMeters>
    </Trackpoint>
    <Trackpoint>
     <Time>2026-04-10T15:45:56+00:00</Time>
     <Position>
      <LatitudeDegrees>43.9275800</LatitudeDegrees>
      <LongitudeDegrees>4.4717900</LongitudeDegrees>
     </Position>
     <AltitudeMeters>183.01</AltitudeMeters>
     <DistanceMeters>48645.66211319758</DistanceMeters>
    </Trackpoint>
    <Trackpoint>
     <Time>2026-04-10T15:46:03+00:00</Time>
     <Position>
      <LatitudeDegrees>43.9280800</LatitudeDegrees>
      <LongitudeDegrees>4.4719300</LongitudeDegrees>
     </Position>
     <AltitudeMeters>182.97000000000003</AltitudeMeters>
     <DistanceMeters>48702.4301857088</DistanceMeters>
    </Trackpoint>
    <Trackpoint>
     <Time>2026-04-10T15:46:10+00:00</Time>
     <Position>
      <LatitudeDegrees>43.9287900</LatitudeDegrees>
      <LongitudeDegrees>4.4721900</LongitudeDegrees>
     </Position>
     <AltitudeMeters>182.97000000000003</AltitudeMeters>
     <DistanceMeters>48784.15213960722</DistanceMeters>
    </Trackpoint>
    <Trackpoint>
     <Time>2026-04-10T15:46:16+00:00</Time>
     <Position>
      <LatitudeDegrees>43.9288700</LatitudeDegrees>
      <LongitudeDegrees>4.4723700</LongitudeDegrees>
     </Position>
     <AltitudeMeters>182.97000000000003</AltitudeMeters>
     <DistanceMeters>48801.10623506331</DistanceMeters>
    </Trackpoint>
    <Trackpoint>
     <Time>2026-04-10T15:46:23+00:00</Time>
     <Position>
      <LatitudeDegrees>43.9289700</LatitudeDegrees>
      <LongitudeDegrees>4.4729400</LongitudeDegrees>
     </Position>
     <AltitudeMeters>182.97000000000003</AltitudeMeters>
     <DistanceMeters>48848.130763567795</DistanceMeters>
    </Trackpoint>
    <Trackpoint>
     <Time>2026-04-10T15:46:29+00:00</Time>
     <Position>
      <LatitudeDegrees>43.9290700</LatitudeDegrees>
      <LongitudeDegrees>4.4731100</LongitudeDegrees>
     </Position>
     <AltitudeMeters>172.38</AltitudeMeters>
     <DistanceMeters>48865.72466275981</DistanceMeters>
    </Trackpoint>
    <Trackpoint>
     <Time>2026-04-10T15:46:36+00:00</Time>
     <Position>
      <LatitudeDegrees>43.9295300</LatitudeDegrees>
      <LongitudeDegrees>4.4734100</LongitudeDegrees>
     </Position>
     <AltitudeMeters>172.38</AltitudeMeters>
     <DistanceMeters>48922.2866841304</DistanceMeters>
    </Trackpoint>
    <Trackpoint>
     <Time>2026-04-10T15:46:42+00:00</Time>
     <Position>
      <LatitudeDegrees>43.9299950</LatitudeDegrees>
      <LongitudeDegrees>4.4736750</LongitudeDegrees>
     </Position>
     <AltitudeMeters>172.38</AltitudeMeters>
     <DistanceMeters>48978.228523140526</DistanceMeters>
    </Trackpoint>
    <Trackpoint>
     <Time>2026-04-10T15:46:49+00:00</Time>
     <Position>
      <LatitudeDegrees>43.9304600</LatitudeDegrees>
      <LongitudeDegrees>4.4739400</LongitudeDegrees>
     </Position>
     <AltitudeMeters>172.38</AltitudeMeters>
     <DistanceMeters>49034.170377879505</DistanceMeters>
    </Trackpoint>
    <Trackpoint>
     <Time>2026-04-10T15:46:55+00:00</Time>
     <Position>
      <LatitudeDegrees>43.9310100</LatitudeDegrees>
      <LongitudeDegrees>4.4743100</LongitudeDegrees>
     </Position>
     <AltitudeMeters>172.72</AltitudeMeters>
     <DistanceMeters>49102.188726798195</DistanceMeters>
    </Trackpoint>
    <Trackpoint>
     <Time>2026-04-10T15:47:02+00:00</Time>
     <Position>
      <LatitudeDegrees>43.9311100</LatitudeDegrees>
      <LongitudeDegrees>4.4744000</LongitudeDegrees>
     </Position>
     <AltitudeMeters>172.72</AltitudeMeters>
     <DistanceMeters>49115.451643268345</DistanceMeters>
    </Trackpoint>
    <Trackpoint>
     <Time>2026-04-10T15:47:08+00:00</Time>
     <Position>
      <LatitudeDegrees>43.9314900</LatitudeDegrees>
      <LongitudeDegrees>4.4749400</LongitudeDegrees>
     </Position>
     <AltitudeMeters>165.36</AltitudeMeters>
     <DistanceMeters>49175.96597698936</DistanceMeters>
    </Trackpoint>
    <Trackpoint>
     <Time>2026-04-10T15:47:15+00:00</Time>
     <Position>
      <LatitudeDegrees>43.9316100</LatitudeDegrees>
      <LongitudeDegrees>4.4749700</LongitudeDegrees>
     </Position>
     <AltitudeMeters>165.36</AltitudeMeters>
     <DistanceMeters>49189.53619272521</DistanceMeters>
    </Trackpoint>
    <Trackpoint>
     <Time>2026-04-10T15:47:21+00:00</Time>
     <Position>
      <LatitudeDegrees>43.9317300</LatitudeDegrees>
      <LongitudeDegrees>4.4749100</LongitudeDegrees>
     </Position>
     <AltitudeMeters>165.36</AltitudeMeters>
     <DistanceMeters>49203.73113077261</DistanceMeters>
    </Trackpoint>
    <Trackpoint>
     <Time>2026-04-10T15:47:28+00:00</Time>
     <Position>
      <LatitudeDegrees>43.9319200</LatitudeDegrees>
      <LongitudeDegrees>4.4746600</LongitudeDegrees>
     </Position>
     <AltitudeMeters>165.36</AltitudeMeters>
     <DistanceMeters>49232.86317151008</DistanceMeters>
    </Trackpoint>
    <Trackpoint>
     <Time>2026-04-10T15:47:34+00:00</Time>
     <Position>
      <LatitudeDegrees>43.9320300</LatitudeDegrees>
      <LongitudeDegrees>4.4745800</LongitudeDegrees>
     </Position>
     <AltitudeMeters>165.36</AltitudeMeters>
     <DistanceMeters>49246.68324137514</DistanceMeters>
    </Trackpoint>
    <Trackpoint>
     <Time>2026-04-10T15:47:41+00:00</Time>
     <Position>
      <LatitudeDegrees>43.9321800</LatitudeDegrees>
      <LongitudeDegrees>4.4745800</LongitudeDegrees>
     </Position>
     <AltitudeMeters>165.36</AltitudeMeters>
     <DistanceMeters>49263.37759329103</DistanceMeters>
    </Trackpoint>
    <Trackpoint>
     <Time>2026-04-10T15:47:47+00:00</Time>
     <Position>
      <LatitudeDegrees>43.9326200</LatitudeDegrees>
      <LongitudeDegrees>4.4747800</LongitudeDegrees>
     </Position>
     <AltitudeMeters>165.36</AltitudeMeters>
     <DistanceMeters>49314.904626616764</DistanceMeters>
    </Trackpoint>
    <Trackpoint>
     <Time>2026-04-10T15:47:54+00:00</Time>
     <Position>
      <LatitudeDegrees>43.9328100</LatitudeDegrees>
      <LongitudeDegrees>4.4747700</LongitudeDegrees>
     </Position>
     <AltitudeMeters>165.36</AltitudeMeters>
     <DistanceMeters>49336.06598987323</DistanceMeters>
    </Trackpoint>
    <Trackpoint>
     <Time>2026-04-10T15:48:01+00:00</Time>
     <Position>
      <LatitudeDegrees>43.9328800</LatitudeDegrees>
      <LongitudeDegrees>4.4747100</LongitudeDegrees>
     </Position>
     <AltitudeMeters>165.36</AltitudeMeters>
     <DistanceMeters>49345.22139449829</DistanceMeters>
    </Trackpoint>
    <Trackpoint>
     <Time>2026-04-10T15:48:07+00:00</Time>
     <Position>
      <LatitudeDegrees>43.9329200</LatitudeDegrees>
      <LongitudeDegrees>4.4745900</LongitudeDegrees>
     </Position>
     <AltitudeMeters>165.36</AltitudeMeters>
     <DistanceMeters>49355.819717741266</DistanceMeters>
    </Trackpoint>
    <Trackpoint>
     <Time>2026-04-10T15:48:14+00:00</Time>
     <Position>
      <LatitudeDegrees>43.9329800</LatitudeDegrees>
      <LongitudeDegrees>4.4736600</LongitudeDegrees>
     </Position>
     <AltitudeMeters>165.36</AltitudeMeters>
     <DistanceMeters>49430.6575818573</DistanceMeters>
    </Trackpoint>
    <Trackpoint>
     <Time>2026-04-10T15:48:20+00:00</Time>
     <Position>
      <LatitudeDegrees>43.9330700</LatitudeDegrees>
      <LongitudeDegrees>4.4735200</LongitudeDegrees>
     </Position>
     <AltitudeMeters>165.36</AltitudeMeters>
     <DistanceMeters>49445.69894125721</DistanceMeters>
    </Trackpoint>
    <Trackpoint>
     <Time>2026-04-10T15:48:27+00:00</Time>
     <Position>
      <LatitudeDegrees>43.9332100</LatitudeDegrees>
      <LongitudeDegrees>4.4734500</LongitudeDegrees>
     </Position>
     <AltitudeMeters>146.39000000000001</AltitudeMeters>
     <DistanceMeters>49462.259655330745</DistanceMeters>
    </Trackpoint>
    <Trackpoint>
     <Time>2026-04-10T15:48:33+00:00</Time>
     <Position>
      <LatitudeDegrees>43.9333700</LatitudeDegrees>
      <LongitudeDegrees>4.4734900</LongitudeDegrees>
     </Position>
     <AltitudeMeters>146.39000000000001</AltitudeMeters>
     <DistanceMeters>49480.35325969101</DistanceMeters>
    </Trackpoint>
    <Trackpoint>
     <Time>2026-04-10T15:48:40+00:00</Time>
     <Position>
      <LatitudeDegrees>43.9337000</LatitudeDegrees>
      <LongitudeDegrees>4.4739200</LongitudeDegrees>
     </Position>
     <AltitudeMeters>146.39000000000001</AltitudeMeters>
     <DistanceMeters>49530.71880448398</DistanceMeters>
    </Trackpoint>
    <Trackpoint>
     <Time>2026-04-10T15:48:46+00:00</Time>
     <Position>
      <LatitudeDegrees>43.9338000</LatitudeDegrees>
      <LongitudeDegrees>4.4739900</LongitudeDegrees>
     </Position>
     <AltitudeMeters>146.39000000000001</AltitudeMeters>
     <DistanceMeters>49543.18251234194</DistanceMeters>
    </Trackpoint>
    <Trackpoint>
     <Time>2026-04-10T15:48:53+00:00</Time>
     <Position>
      <LatitudeDegrees>43.9339200</LatitudeDegrees>
      <LongitudeDegrees>4.4740400</LongitudeDegrees>
     </Position>
     <AltitudeMeters>146.39000000000001</AltitudeMeters>
     <DistanceMeters>49557.126270234</DistanceMeters>
    </Trackpoint>
    <Trackpoint>
     <Time>2026-04-10T15:48:59+00:00</Time>
     <Position>
      <LatitudeDegrees>43.9340200</LatitudeDegrees>
      <LongitudeDegrees>4.4739800</LongitudeDegrees>
     </Position>
     <AltitudeMeters>146.39000000000001</AltitudeMeters>
     <DistanceMeters>49569.25033197225</DistanceMeters>
    </Trackpoint>
    <Trackpoint>
     <Time>2026-04-10T15:49:06+00:00</Time>
     <Position>
      <LatitudeDegrees>43.9343600</LatitudeDegrees>
      <LongitudeDegrees>4.4735600</LongitudeDegrees>
     </Position>
     <AltitudeMeters>146.39000000000001</AltitudeMeters>
     <DistanceMeters>49619.896667800036</DistanceMeters>
    </Trackpoint>
    <Trackpoint>
     <Time>2026-04-10T15:49:12+00:00</Time>
     <Position>
      <LatitudeDegrees>43.9349400</LatitudeDegrees>
      <LongitudeDegrees>4.4730200</LongitudeDegrees>
     </Position>
     <AltitudeMeters>146.39000000000001</AltitudeMeters>
     <DistanceMeters>49697.61426794266</DistanceMeters>
    </Trackpoint>
    <Trackpoint>
     <Time>2026-04-10T15:49:19+00:00</Time>
     <Position>
      <LatitudeDegrees>43.9350000</LatitudeDegrees>
      <LongitudeDegrees>4.4729300</LongitudeDegrees>
     </Position>
     <AltitudeMeters>146.39000000000001</AltitudeMeters>
     <DistanceMeters>49707.443970391054</DistanceMeters>
    </Trackpoint>
    <Trackpoint>
     <Time>2026-04-10T15:49:25+00:00</Time>
     <Position>
      <LatitudeDegrees>43.9350200</LatitudeDegrees>
      <LongitudeDegrees>4.4728100</LongitudeDegrees>
     </Position>
     <AltitudeMeters>146.39000000000001</AltitudeMeters>
     <DistanceMeters>49717.31584040162</DistanceMeters>
    </Trackpoint>
    <Trackpoint>
     <Time>2026-04-10T15:49:32+00:00</Time>
     <Position>
      <LatitudeDegrees>43.9349100</LatitudeDegrees>
      <LongitudeDegrees>4.4725000</LongitudeDegrees>
     </Position>
     <AltitudeMeters>146.39000000000001</AltitudeMeters>
     <DistanceMeters>49745.013918721415</DistanceMeters>
    </Trackpoint>
    <Trackpoint>
     <Time>2026-04-10T15:49:38+00:00</Time>
     <Position>
      <LatitudeDegrees>43.9348900</LatitudeDegrees>
      <LongitudeDegrees>4.4723800</LongitudeDegrees>
     </Position>
     <AltitudeMeters>146.39000000000001</AltitudeMeters>
     <DistanceMeters>49754.885806064325</DistanceMeters>
    </Trackpoint>
    <Trackpoint>
     <Time>2026-04-10T15:49:45+00:00</Time>
     <Position>
      <LatitudeDegrees>43.9349300</LatitudeDegrees>
      <LongitudeDegrees>4.4721800</LongitudeDegrees>
     </Position>
     <AltitudeMeters>146.39000000000001</AltitudeMeters>
     <DistanceMeters>49771.521960866376</DistanceMeters>
    </Trackpoint>
    <Trackpoint>
     <Time>2026-04-10T15:49:51+00:00</Time>
     <Position>
      <LatitudeDegrees>43.9350500</LatitudeDegrees>
      <LongitudeDegrees>4.4721300</LongitudeDegrees>
     </Position>
     <AltitudeMeters>146.39000000000001</AltitudeMeters>
     <DistanceMeters>49785.46569687442</DistanceMeters>
    </Trackpoint>
    <Trackpoint>
     <Time>2026-04-10T15:49:58+00:00</Time>
     <Position>
      <LatitudeDegrees>43.9352500</LatitudeDegrees>
      <LongitudeDegrees>4.4721700</LongitudeDegrees>
     </Position>
     <AltitudeMeters>146.39000000000001</AltitudeMeters>
     <DistanceMeters>49807.95451104461</DistanceMeters>
    </Trackpoint>
    <Trackpoint>
     <Time>2026-04-10T15:50:05+00:00</Time>
     <Position>
      <LatitudeDegrees>43.9357600</LatitudeDegrees>
      <LongitudeDegrees>4.4726200</LongitudeDegrees>
     </Position>
     <AltitudeMeters>150.81</AltitudeMeters>
     <DistanceMeters>49875.20430902098</DistanceMeters>
    </Trackpoint>
    <Trackpoint>
     <Time>2026-04-10T15:50:11+00:00</Time>
     <Position>
      <LatitudeDegrees>43.9360200</LatitudeDegrees>
      <LongitudeDegrees>4.4729400</LongitudeDegrees>
     </Position>
     <AltitudeMeters>150.81</AltitudeMeters>
     <DistanceMeters>49913.87076640783</DistanceMeters>
    </Trackpoint>
    <Trackpoint>
     <Time>2026-04-10T15:50:18+00:00</Time>
     <Position>
      <LatitudeDegrees>43.9360900</LatitudeDegrees>
      <LongitudeDegrees>4.4734700</LongitudeDegrees>
     </Position>
     <AltitudeMeters>150.81</AltitudeMeters>
     <DistanceMeters>49957.056491687545</DistanceMeters>
    </Trackpoint>
    <Trackpoint>
     <Time>2026-04-10T15:50:24+00:00</Time>
     <Position>
      <LatitudeDegrees>43.9361400</LatitudeDegrees>
      <LongitudeDegrees>4.4736200</LongitudeDegrees>
     </Position>
     <AltitudeMeters>150.81</AltitudeMeters>
     <DistanceMeters>49970.303805907795</DistanceMeters>
    </Trackpoint>
    <Trackpoint>
     <Time>2026-04-10T15:50:31+00:00</Time>
     <Position>
      <LatitudeDegrees>43.9362300</LatitudeDegrees>
      <LongitudeDegrees>4.4737800</LongitudeDegrees>
     </Position>
     <AltitudeMeters>150.81</AltitudeMeters>
     <DistanceMeters>49986.5755265133</DistanceMeters>
    </Trackpoint>
    <Trackpoint>
     <Time>2026-04-10T15:50:37+00:00</Time>
     <Position>
      <LatitudeDegrees>43.9366100</LatitudeDegrees>
      <LongitudeDegrees>4.4742750</LongitudeDegrees>
     </Position>
     <AltitudeMeters>150.81</AltitudeMeters>
     <DistanceMeters>50044.5625145502</DistanceMeters>
    </Trackpoint>
    <Trackpoint>
     <Time>2026-04-10T15:50:44+00:00</Time>
     <Position>
      <LatitudeDegrees>43.9369900</LatitudeDegrees>
      <LongitudeDegrees>4.4747700</LongitudeDegrees>
     </Position>
     <AltitudeMeters>150.81</AltitudeMeters>
     <DistanceMeters>50102.54947718985</DistanceMeters>
    </Trackpoint>
    <Trackpoint>
     <Time>2026-04-10T15:50:50+00:00</Time>
     <Position>
      <LatitudeDegrees>43.9370300</LatitudeDegrees>
      <LongitudeDegrees>4.4749100</LongitudeDegrees>
     </Position>
     <AltitudeMeters>150.81</AltitudeMeters>
     <DistanceMeters>50114.620594987784</DistanceMeters>
    </Trackpoint>
    <Trackpoint>
     <Time>2026-04-10T15:50:57+00:00</Time>
     <Position>
      <LatitudeDegrees>43.9369200</LatitudeDegrees>
      <LongitudeDegrees>4.4755700</LongitudeDegrees>
     </Position>
     <AltitudeMeters>150.81</AltitudeMeters>
     <DistanceMeters>50168.91417710525</DistanceMeters>
    </Trackpoint>
    <Trackpoint>
     <Time>2026-04-10T15:51:03+00:00</Time>
     <Position>
      <LatitudeDegrees>43.9369100</LatitudeDegrees>
      <LongitudeDegrees>4.4757300</LongitudeDegrees>
     </Position>
     <AltitudeMeters>150.81</AltitudeMeters>
     <DistanceMeters>50181.78550291126</DistanceMeters>
    </Trackpoint>
    <Trackpoint>
     <Time>2026-04-10T15:51:10+00:00</Time>
     <Position>
      <LatitudeDegrees>43.9369700</LatitudeDegrees>
      <LongitudeDegrees>4.4759100</LongitudeDegrees>
     </Position>
     <AltitudeMeters>150.81</AltitudeMeters>
     <DistanceMeters>50197.682098341465</DistanceMeters>
    </Trackpoint>
    <Trackpoint>
     <Time>2026-04-10T15:51:16+00:00</Time>
     <Position>
      <LatitudeDegrees>43.9372000</LatitudeDegrees>
      <LongitudeDegrees>4.4762400</LongitudeDegrees>
     </Position>
     <AltitudeMeters>150.81</AltitudeMeters>
     <DistanceMeters>50234.48880627524</DistanceMeters>
    </Trackpoint>
    <Trackpoint>
     <Time>2026-04-10T15:51:23+00:00</Time>
     <Position>
      <LatitudeDegrees>43.9372500</LatitudeDegrees>
      <LongitudeDegrees>4.4763600</LongitudeDegrees>
     </Position>
     <AltitudeMeters>150.81</AltitudeMeters>
     <DistanceMeters>50245.600019352176</DistanceMeters>
    </Trackpoint>
    <Trackpoint>
     <Time>2026-04-10T15:51:29+00:00</Time>
     <Position>
      <LatitudeDegrees>43.9373200</LatitudeDegrees>
      <LongitudeDegrees>4.4767300</LongitudeDegrees>
     </Position>
     <AltitudeMeters>150.81</AltitudeMeters>
     <DistanceMeters>50276.259630198794</DistanceMeters>
    </Trackpoint>
    <Trackpoint>
     <Time>2026-04-10T15:51:36+00:00</Time>
     <Position>
      <LatitudeDegrees>43.9373100</LatitudeDegrees>
      <LongitudeDegrees>4.4768500</LongitudeDegrees>
     </Position>
     <AltitudeMeters>150.81</AltitudeMeters>
     <DistanceMeters>50285.941088158324</DistanceMeters>
    </Trackpoint>
    <Trackpoint>
     <Time>2026-04-10T15:51:42+00:00</Time>
     <Position>
      <LatitudeDegrees>43.9371900</LatitudeDegrees>
      <LongitudeDegrees>4.4773100</LongitudeDegrees>
     </Position>
     <AltitudeMeters>150.81</AltitudeMeters>
     <DistanceMeters>50325.151925416845</DistanceMeters>
    </Trackpoint>
    <Trackpoint>
     <Time>2026-04-10T15:51:49+00:00</Time>
     <Position>
      <LatitudeDegrees>43.9372000</LatitudeDegrees>
      <LongitudeDegrees>4.4774200</LongitudeDegrees>
     </Position>
     <AltitudeMeters>150.81</AltitudeMeters>
     <DistanceMeters>50334.03775240481</DistanceMeters>
    </Trackpoint>
    <Trackpoint>
     <Time>2026-04-10T15:51:55+00:00</Time>
     <Position>
      <LatitudeDegrees>43.9374300</LatitudeDegrees>
      <LongitudeDegrees>4.4779900</LongitudeDegrees>
     </Position>
     <AltitudeMeters>150.81</AltitudeMeters>
     <DistanceMeters>50386.40289031816</DistanceMeters>
    </Trackpoint>
    <Trackpoint>
     <Time>2026-04-10T15:52:02+00:00</Time>
     <Position>
      <LatitudeDegrees>43.9374900</LatitudeDegrees>
      <LongitudeDegrees>4.4780600</LongitudeDegrees>
     </Position>
     <AltitudeMeters>108.34</AltitudeMeters>
     <DistanceMeters>50395.1244168639</DistanceMeters>
    </Trackpoint>
    <Trackpoint>
     <Time>2026-04-10T15:52:09+00:00</Time>
     <Position>
      <LatitudeDegrees>43.9380100</LatitudeDegrees>
      <LongitudeDegrees>4.4782900</LongitudeDegrees>
     </Position>
     <AltitudeMeters>108.34</AltitudeMeters>
     <DistanceMeters>50455.8627558742</DistanceMeters>
    </Trackpoint>
    <Trackpoint>
     <Time>2026-04-10T15:52:15+00:00</Time>
     <Position>
      <LatitudeDegrees>43.9381400</LatitudeDegrees>
      <LongitudeDegrees>4.4783100</LongitudeDegrees>
     </Position>
     <AltitudeMeters>108.34</AltitudeMeters>
     <DistanceMeters>50470.41970826588</DistanceMeters>
    </Trackpoint>
    <Trackpoint>
     <Time>2026-04-10T15:52:22+00:00</Time>
     <Position>
      <LatitudeDegrees>43.9389700</LatitudeDegrees>
      <LongitudeDegrees>4.4780900</LongitudeDegrees>
     </Position>
     <AltitudeMeters>108.34</AltitudeMeters>
     <DistanceMeters>50564.46267649269</DistanceMeters>
    </Trackpoint>
    <Trackpoint>
     <Time>2026-04-10T15:52:28+00:00</Time>
     <Position>
      <LatitudeDegrees>43.9391300</LatitudeDegrees>
      <LongitudeDegrees>4.4780700</LongitudeDegrees>
     </Position>
     <AltitudeMeters>108.34</AltitudeMeters>
     <DistanceMeters>50582.34197498472</DistanceMeters>
    </Trackpoint>
    <Trackpoint>
     <Time>2026-04-10T15:52:35+00:00</Time>
     <Position>
      <LatitudeDegrees>43.9399033</LatitudeDegrees>
      <LongitudeDegrees>4.4782133</LongitudeDegrees>
     </Position>
     <AltitudeMeters>108.34</AltitudeMeters>
     <DistanceMeters>50669.17375545514</DistanceMeters>
    </Trackpoint>
    <Trackpoint>
     <Time>2026-04-10T15:52:41+00:00</Time>
     <Position>
      <LatitudeDegrees>43.9406767</LatitudeDegrees>
      <LongitudeDegrees>4.4783567</LongitudeDegrees>
     </Position>
     <AltitudeMeters>108.34</AltitudeMeters>
     <DistanceMeters>50756.00553592405</DistanceMeters>
    </Trackpoint>
    <Trackpoint>
     <Time>2026-04-10T15:52:48+00:00</Time>
     <Position>
      <LatitudeDegrees>43.9414500</LatitudeDegrees>
      <LongitudeDegrees>4.4785000</LongitudeDegrees>
     </Position>
     <AltitudeMeters>108.34</AltitudeMeters>
     <DistanceMeters>50842.83732956517</DistanceMeters>
    </Trackpoint>
    <Trackpoint>
     <Time>2026-04-10T15:52:54+00:00</Time>
     <Position>
      <LatitudeDegrees>43.9416200</LatitudeDegrees>
      <LongitudeDegrees>4.4786400</LongitudeDegrees>
     </Position>
     <AltitudeMeters>108.34</AltitudeMeters>
     <DistanceMeters>50864.833929433196</DistanceMeters>
    </Trackpoint>
    <Trackpoint>
     <Time>2026-04-10T15:53:01+00:00</Time>
     <Position>
      <LatitudeDegrees>43.9417300</LatitudeDegrees>
      <LongitudeDegrees>4.4787800</LongitudeDegrees>
     </Position>
     <AltitudeMeters>108.34</AltitudeMeters>
     <DistanceMeters>50881.43973498911</DistanceMeters>
    </Trackpoint>
    <Trackpoint>
     <Time>2026-04-10T15:53:07+00:00</Time>
     <Position>
      <LatitudeDegrees>43.9418400</LatitudeDegrees>
      <LongitudeDegrees>4.4790200</LongitudeDegrees>
     </Position>
     <AltitudeMeters>108.34</AltitudeMeters>
     <DistanceMeters>50904.238673758686</DistanceMeters>
    </Trackpoint>
    <Trackpoint>
     <Time>2026-04-10T15:53:14+00:00</Time>
     <Position>
      <LatitudeDegrees>43.9418800</LatitudeDegrees>
      <LongitudeDegrees>4.4794200</LongitudeDegrees>
     </Position>
     <AltitudeMeters>105.54</AltitudeMeters>
     <DistanceMeters>50936.60146185563</DistanceMeters>
    </Trackpoint>
    <Trackpoint>
     <Time>2026-04-10T15:53:20+00:00</Time>
     <Position>
      <LatitudeDegrees>43.9419500</LatitudeDegrees>
      <LongitudeDegrees>4.4797800</LongitudeDegrees>
     </Position>
     <AltitudeMeters>105.54</AltitudeMeters>
     <DistanceMeters>50966.484463244</DistanceMeters>
    </Trackpoint>
    <Trackpoint>
     <Time>2026-04-10T15:53:27+00:00</Time>
     <Position>
      <LatitudeDegrees>43.9420900</LatitudeDegrees>
      <LongitudeDegrees>4.4799900</LongitudeDegrees>
     </Position>
     <AltitudeMeters>105.54</AltitudeMeters>
     <DistanceMeters>50989.418971323255</DistanceMeters>
    </Trackpoint>
    <Trackpoint>
     <Time>2026-04-10T15:53:33+00:00</Time>
     <Position>
      <LatitudeDegrees>43.9422700</LatitudeDegrees>
      <LongitudeDegrees>4.4802200</LongitudeDegrees>
     </Position>
     <AltitudeMeters>105.54</AltitudeMeters>
     <DistanceMeters>51016.64127597765</DistanceMeters>
    </Trackpoint>
    <Trackpoint>
     <Time>2026-04-10T15:53:40+00:00</Time>
     <Position>
      <LatitudeDegrees>43.9430050</LatitudeDegrees>
      <LongitudeDegrees>4.4804950</LongitudeDegrees>
     </Position>
     <AltitudeMeters>103.36</AltitudeMeters>
     <DistanceMeters>51101.36005519403</DistanceMeters>
    </Trackpoint>
    <Trackpoint>
     <Time>2026-04-10T15:53:46+00:00</Time>
     <Position>
      <LatitudeDegrees>43.9437400</LatitudeDegrees>
      <LongitudeDegrees>4.4807700</LongitudeDegrees>
     </Position>
     <AltitudeMeters>96.78</AltitudeMeters>
     <DistanceMeters>51186.078823807424</DistanceMeters>
    </Trackpoint>
    <Trackpoint>
     <Time>2026-04-10T15:53:53+00:00</Time>
     <Position>
      <LatitudeDegrees>43.9438500</LatitudeDegrees>
      <LongitudeDegrees>4.4807700</LongitudeDegrees>
     </Position>
     <AltitudeMeters>96.78</AltitudeMeters>
     <DistanceMeters>51198.32134854584</DistanceMeters>
    </Trackpoint>
    <Trackpoint>
     <Time>2026-04-10T15:54:00+00:00</Time>
     <Position>
      <LatitudeDegrees>43.9442500</LatitudeDegrees>
      <LongitudeDegrees>4.4806200</LongitudeDegrees>
     </Position>
     <AltitudeMeters>85.42</AltitudeMeters>
     <DistanceMeters>51244.43384645989</DistanceMeters>
    </Trackpoint>
    <Trackpoint>
     <Time>2026-04-10T15:54:06+00:00</Time>
     <Position>
      <LatitudeDegrees>43.9443900</LatitudeDegrees>
      <LongitudeDegrees>4.4806900</LongitudeDegrees>
     </Position>
     <AltitudeMeters>85.42</AltitudeMeters>
     <DistanceMeters>51260.994203203474</DistanceMeters>
    </Trackpoint>
    <Trackpoint>
     <Time>2026-04-10T15:54:13+00:00</Time>
     <Position>
      <LatitudeDegrees>43.9444500</LatitudeDegrees>
      <LongitudeDegrees>4.4808200</LongitudeDegrees>
     </Position>
     <AltitudeMeters>85.42</AltitudeMeters>
     <DistanceMeters>51273.36820284834</DistanceMeters>
    </Trackpoint>
    <Trackpoint>
     <Time>2026-04-10T15:54:19+00:00</Time>
     <Position>
      <LatitudeDegrees>43.9445800</LatitudeDegrees>
      <LongitudeDegrees>4.4814900</LongitudeDegrees>
     </Position>
     <AltitudeMeters>85.42</AltitudeMeters>
     <DistanceMeters>51328.97346961951</DistanceMeters>
    </Trackpoint>
    <Trackpoint>
     <Time>2026-04-10T15:54:26+00:00</Time>
     <Position>
      <LatitudeDegrees>43.9446600</LatitudeDegrees>
      <LongitudeDegrees>4.4816700</LongitudeDegrees>
     </Position>
     <AltitudeMeters>85.42</AltitudeMeters>
     <DistanceMeters>51345.924305215274</DistanceMeters>
    </Trackpoint>
    <Trackpoint>
     <Time>2026-04-10T15:54:32+00:00</Time>
     <Position>
      <LatitudeDegrees>43.9447800</LatitudeDegrees>
      <LongitudeDegrees>4.4817700</LongitudeDegrees>
     </Position>
     <AltitudeMeters>85.42</AltitudeMeters>
     <DistanceMeters>51361.49939473889</DistanceMeters>
    </Trackpoint>
    <Trackpoint>
     <Time>2026-04-10T15:54:39+00:00</Time>
     <Position>
      <LatitudeDegrees>43.9450100</LatitudeDegrees>
      <LongitudeDegrees>4.4816800</LongitudeDegrees>
     </Position>
     <AltitudeMeters>85.42</AltitudeMeters>
     <DistanceMeters>51388.093969100446</DistanceMeters>
    </Trackpoint>
    <Trackpoint>
     <Time>2026-04-10T15:54:45+00:00</Time>
     <Position>
      <LatitudeDegrees>43.9452100</LatitudeDegrees>
      <LongitudeDegrees>4.4814500</LongitudeDegrees>
     </Position>
     <AltitudeMeters>85.42</AltitudeMeters>
     <DistanceMeters>51416.99309572375</DistanceMeters>
    </Trackpoint>
    <Trackpoint>
     <Time>2026-04-10T15:54:52+00:00</Time>
     <Position>
      <LatitudeDegrees>43.9453100</LatitudeDegrees>
      <LongitudeDegrees>4.4813600</LongitudeDegrees>
     </Position>
     <AltitudeMeters>85.42</AltitudeMeters>
     <DistanceMeters>51430.25507537585</DistanceMeters>
    </Trackpoint>
    <Trackpoint>
     <Time>2026-04-10T15:54:58+00:00</Time>
     <Position>
      <LatitudeDegrees>43.9454200</LatitudeDegrees>
      <LongitudeDegrees>4.4813600</LongitudeDegrees>
     </Position>
     <AltitudeMeters>85.42</AltitudeMeters>
     <DistanceMeters>51442.49760011427</DistanceMeters>
    </Trackpoint>
    <Trackpoint>
     <Time>2026-04-10T15:55:05+00:00</Time>
     <Position>
      <LatitudeDegrees>43.9456000</LatitudeDegrees>
      <LongitudeDegrees>4.4814900</LongitudeDegrees>
     </Position>
     <AltitudeMeters>85.42</AltitudeMeters>
     <DistanceMeters>51465.07745089864</DistanceMeters>
    </Trackpoint>
    <Trackpoint>
     <Time>2026-04-10T15:55:11+00:00</Time>
     <Position>
      <LatitudeDegrees>43.9462200</LatitudeDegrees>
      <LongitudeDegrees>4.4821700</LongitudeDegrees>
     </Position>
     <AltitudeMeters>85.42</AltitudeMeters>
     <DistanceMeters>51553.001390642516</DistanceMeters>
    </Trackpoint>
    <Trackpoint>
     <Time>2026-04-10T15:55:18+00:00</Time>
     <Position>
      <LatitudeDegrees>43.9463300</LatitudeDegrees>
      <LongitudeDegrees>4.4823600</LongitudeDegrees>
     </Position>
     <AltitudeMeters>85.42</AltitudeMeters>
     <DistanceMeters>51572.53806706704</DistanceMeters>
    </Trackpoint>
    <Trackpoint>
     <Time>2026-04-10T15:55:24+00:00</Time>
     <Position>
      <LatitudeDegrees>43.9464100</LatitudeDegrees>
      <LongitudeDegrees>4.4826000</LongitudeDegrees>
     </Position>
     <AltitudeMeters>85.42</AltitudeMeters>
     <DistanceMeters>51593.730759250866</DistanceMeters>
    </Trackpoint>
    <Trackpoint>
     <Time>2026-04-10T15:55:31+00:00</Time>
     <Position>
      <LatitudeDegrees>43.9464500</LatitudeDegrees>
      <LongitudeDegrees>4.4827900</LongitudeDegrees>
     </Position>
     <AltitudeMeters>85.42</AltitudeMeters>
     <DistanceMeters>51609.593289632234</DistanceMeters>
    </Trackpoint>
    <Trackpoint>
     <Time>2026-04-10T15:55:37+00:00</Time>
     <Position>
      <LatitudeDegrees>43.9463900</LatitudeDegrees>
      <LongitudeDegrees>4.4832200</LongitudeDegrees>
     </Position>
     <AltitudeMeters>85.42</AltitudeMeters>
     <DistanceMeters>51644.69102334588</DistanceMeters>
    </Trackpoint>
    <Trackpoint>
     <Time>2026-04-10T15:55:44+00:00</Time>
     <Position>
      <LatitudeDegrees>43.9464300</LatitudeDegrees>
      <LongitudeDegrees>4.4834500</LongitudeDegrees>
     </Position>
     <AltitudeMeters>85.42</AltitudeMeters>
     <DistanceMeters>51663.65135818113</DistanceMeters>
    </Trackpoint>
    <Trackpoint>
     <Time>2026-04-10T15:55:50+00:00</Time>
     <Position>
      <LatitudeDegrees>43.9466400</LatitudeDegrees>
      <LongitudeDegrees>4.4837800</LongitudeDegrees>
     </Position>
     <AltitudeMeters>85.42</AltitudeMeters>
     <DistanceMeters>51698.94311657546</DistanceMeters>
    </Trackpoint>
    <Trackpoint>
     <Time>2026-04-10T15:55:57+00:00</Time>
     <Position>
      <LatitudeDegrees>43.9467500</LatitudeDegrees>
      <LongitudeDegrees>4.4838200</LongitudeDegrees>
     </Position>
     <AltitudeMeters>85.42</AltitudeMeters>
     <DistanceMeters>51711.59827574273</DistanceMeters>
    </Trackpoint>
    <Trackpoint>
     <Time>2026-04-10T15:56:04+00:00</Time>
     <Position>
      <LatitudeDegrees>43.9472300</LatitudeDegrees>
      <LongitudeDegrees>4.4838300</LongitudeDegrees>
     </Position>
     <AltitudeMeters>85.42</AltitudeMeters>
     <DistanceMeters>51765.02621120604</DistanceMeters>
    </Trackpoint>
    <Trackpoint>
     <Time>2026-04-10T15:56:10+00:00</Time>
     <Position>
      <LatitudeDegrees>43.9473300</LatitudeDegrees>
      <LongitudeDegrees>4.4838500</LongitudeDegrees>
     </Position>
     <AltitudeMeters>85.42</AltitudeMeters>
     <DistanceMeters>51776.27057167931</DistanceMeters>
    </Trackpoint>
    <Trackpoint>
     <Time>2026-04-10T15:56:17+00:00</Time>
     <Position>
      <LatitudeDegrees>43.9474500</LatitudeDegrees>
      <LongitudeDegrees>4.4839500</LongitudeDegrees>
     </Position>
     <AltitudeMeters>85.42</AltitudeMeters>
     <DistanceMeters>51791.84547602394</DistanceMeters>
    </Trackpoint>
    <Trackpoint>
     <Time>2026-04-10T15:56:23+00:00</Time>
     <Position>
      <LatitudeDegrees>43.9477100</LatitudeDegrees>
      <LongitudeDegrees>4.4844700</LongitudeDegrees>
     </Position>
     <AltitudeMeters>52.550000000000004</AltitudeMeters>
     <DistanceMeters>51842.57551206919</DistanceMeters>
    </Trackpoint>
    <Trackpoint>
     <Time>2026-04-10T15:56:30+00:00</Time>
     <Position>
      <LatitudeDegrees>43.9478000</LatitudeDegrees>
      <LongitudeDegrees>4.4845400</LongitudeDegrees>
     </Position>
     <AltitudeMeters>52.550000000000004</AltitudeMeters>
     <DistanceMeters>51854.05568646367</DistanceMeters>
    </Trackpoint>
    <Trackpoint>
     <Time>2026-04-10T15:56:36+00:00</Time>
     <Position>
      <LatitudeDegrees>43.9479000</LatitudeDegrees>
      <LongitudeDegrees>4.4845600</LongitudeDegrees>
     </Position>
     <AltitudeMeters>52.550000000000004</AltitudeMeters>
     <DistanceMeters>51865.30004474739</DistanceMeters>
    </Trackpoint>
    <Trackpoint>
     <Time>2026-04-10T15:56:43+00:00</Time>
     <Position>
      <LatitudeDegrees>43.9485700</LatitudeDegrees>
      <LongitudeDegrees>4.4845800</LongitudeDegrees>
     </Position>
     <AltitudeMeters>52.550000000000004</AltitudeMeters>
     <DistanceMeters>51939.885369002244</DistanceMeters>
    </Trackpoint>
    <Trackpoint>
     <Time>2026-04-10T15:56:49+00:00</Time>
     <Position>
      <LatitudeDegrees>43.9493600</LatitudeDegrees>
      <LongitudeDegrees>4.4850300</LongitudeDegrees>
     </Position>
     <AltitudeMeters>52.550000000000004</AltitudeMeters>
     <DistanceMeters>52034.91544614058</DistanceMeters>
    </Trackpoint>
    <Trackpoint>
     <Time>2026-04-10T15:56:56+00:00</Time>
     <Position>
      <LatitudeDegrees>43.9495300</LatitudeDegrees>
      <LongitudeDegrees>4.4850900</LongitudeDegrees>
     </Position>
     <AltitudeMeters>52.550000000000004</AltitudeMeters>
     <DistanceMeters>52054.436972758274</DistanceMeters>
    </Trackpoint>
    <Trackpoint>
     <Time>2026-04-10T15:57:02+00:00</Time>
     <Position>
      <LatitudeDegrees>43.9501850</LatitudeDegrees>
      <LongitudeDegrees>4.4852250</LongitudeDegrees>
     </Position>
     <AltitudeMeters>52.550000000000004</AltitudeMeters>
     <DistanceMeters>52128.13383103655</DistanceMeters>
    </Trackpoint>
    <Trackpoint>
     <Time>2026-04-10T15:57:09+00:00</Time>
     <Position>
      <LatitudeDegrees>43.9508400</LatitudeDegrees>
      <LongitudeDegrees>4.4853600</LongitudeDegrees>
     </Position>
     <AltitudeMeters>52.550000000000004</AltitudeMeters>
     <DistanceMeters>52201.83067072118</DistanceMeters>
    </Trackpoint>
    <Trackpoint>
     <Time>2026-04-10T15:57:15+00:00</Time>
     <Position>
      <LatitudeDegrees>43.9512700</LatitudeDegrees>
      <LongitudeDegrees>4.4857200</LongitudeDegrees>
     </Position>
     <AltitudeMeters>52.550000000000004</AltitudeMeters>
     <DistanceMeters>52257.708598902565</DistanceMeters>
    </Trackpoint>
    <Trackpoint>
     <Time>2026-04-10T15:57:22+00:00</Time>
     <Position>
      <LatitudeDegrees>43.9517000</LatitudeDegrees>
      <LongitudeDegrees>4.4860800</LongitudeDegrees>
     </Position>
     <AltitudeMeters>52.550000000000004</AltitudeMeters>
     <DistanceMeters>52313.58652831751</DistanceMeters>
    </Trackpoint>
    <Trackpoint>
     <Time>2026-04-10T15:57:28+00:00</Time>
     <Position>
      <LatitudeDegrees>43.9518400</LatitudeDegrees>
      <LongitudeDegrees>4.4861700</LongitudeDegrees>
     </Position>
     <AltitudeMeters>52.550000000000004</AltitudeMeters>
     <DistanceMeters>52330.755724670664</DistanceMeters>
    </Trackpoint>
    <Trackpoint>
     <Time>2026-04-10T15:57:35+00:00</Time>
     <Position>
      <LatitudeDegrees>43.9520100</LatitudeDegrees>
      <LongitudeDegrees>4.4862400</LongitudeDegrees>
     </Position>
     <AltitudeMeters>52.550000000000004</AltitudeMeters>
     <DistanceMeters>52350.489805281184</DistanceMeters>
    </Trackpoint>
    <Trackpoint>
     <Time>2026-04-10T15:57:41+00:00</Time>
     <Position>
      <LatitudeDegrees>43.9522300</LatitudeDegrees>
      <LongitudeDegrees>4.4862100</LongitudeDegrees>
     </Position>
     <AltitudeMeters>52.550000000000004</AltitudeMeters>
     <DistanceMeters>52375.09255952613</DistanceMeters>
    </Trackpoint>
    <Trackpoint>
     <Time>2026-04-10T15:57:48+00:00</Time>
     <Position>
      <LatitudeDegrees>43.9523800</LatitudeDegrees>
      <LongitudeDegrees>4.4860700</LongitudeDegrees>
     </Position>
     <AltitudeMeters>52.550000000000004</AltitudeMeters>
     <DistanceMeters>52395.20548422463</DistanceMeters>
    </Trackpoint>
    <Trackpoint>
     <Time>2026-04-10T15:57:54+00:00</Time>
     <Position>
      <LatitudeDegrees>43.9525000</LatitudeDegrees>
      <LongitudeDegrees>4.4857700</LongitudeDegrees>
     </Position>
     <AltitudeMeters>52.550000000000004</AltitudeMeters>
     <DistanceMeters>52422.703657258986</DistanceMeters>
    </Trackpoint>
    <Trackpoint>
     <Time>2026-04-10T15:58:01+00:00</Time>
     <Position>
      <LatitudeDegrees>43.9527400</LatitudeDegrees>
      <LongitudeDegrees>4.4846100</LongitudeDegrees>
     </Position>
     <AltitudeMeters>46.61000000000001</AltitudeMeters>
     <DistanceMeters>52519.40862476295</DistanceMeters>
    </Trackpoint>
    <Trackpoint>
     <Time>2026-04-10T15:58:08+00:00</Time>
     <Position>
      <LatitudeDegrees>43.9529800</LatitudeDegrees>
      <LongitudeDegrees>4.4834500</LongitudeDegrees>
     </Position>
     <AltitudeMeters>37.660000000000004</AltitudeMeters>
     <DistanceMeters>52616.113592683236</DistanceMeters>
    </Trackpoint>
    <Trackpoint>
     <Time>2026-04-10T15:58:14+00:00</Time>
     <Position>
      <LatitudeDegrees>43.9531825</LatitudeDegrees>
      <LongitudeDegrees>4.4824450</LongitudeDegrees>
     </Position>
     <AltitudeMeters>30.590000000000003</AltitudeMeters>
     <DistanceMeters>52699.730996081584</DistanceMeters>
    </Trackpoint>
    <Trackpoint>
     <Time>2026-04-10T15:58:21+00:00</Time>
     <Position>
      <LatitudeDegrees>43.9533850</LatitudeDegrees>
      <LongitudeDegrees>4.4814400</LongitudeDegrees>
     </Position>
     <AltitudeMeters>41.53</AltitudeMeters>
     <DistanceMeters>52783.348399479735</DistanceMeters>
    </Trackpoint>
    <Trackpoint>
     <Time>2026-04-10T15:58:27+00:00</Time>
     <Position>
      <LatitudeDegrees>43.9535875</LatitudeDegrees>
      <LongitudeDegrees>4.4804350</LongitudeDegrees>
     </Position>
     <AltitudeMeters>47.00000000000001</AltitudeMeters>
     <DistanceMeters>52866.965802878345</DistanceMeters>
    </Trackpoint>
    <Trackpoint>
     <Time>2026-04-10T15:58:34+00:00</Time>
     <Position>
      <LatitudeDegrees>43.9537900</LatitudeDegrees>
      <LongitudeDegrees>4.4794300</LongitudeDegrees>
     </Position>
     <AltitudeMeters>49.79</AltitudeMeters>
     <DistanceMeters>52950.58320797208</DistanceMeters>
    </Trackpoint>
    <Trackpoint>
     <Time>2026-04-10T15:58:40+00:00</Time>
     <Position>
      <LatitudeDegrees>43.9538200</LatitudeDegrees>
      <LongitudeDegrees>4.4793600</LongitudeDegrees>
     </Position>
     <AltitudeMeters>51.49</AltitudeMeters>
     <DistanceMeters>52957.11034792809</DistanceMeters>
    </Trackpoint>
    <Trackpoint>
     <Time>2026-04-10T15:58:47+00:00</Time>
     <Position>
      <LatitudeDegrees>43.9539200</LatitudeDegrees>
      <LongitudeDegrees>4.4792200</LongitudeDegrees>
     </Position>
     <AltitudeMeters>51.7</AltitudeMeters>
     <DistanceMeters>52972.91189879122</DistanceMeters>
    </Trackpoint>
    <Trackpoint>
     <Time>2026-04-10T15:58:53+00:00</Time>
     <Position>
      <LatitudeDegrees>43.9541400</LatitudeDegrees>
      <LongitudeDegrees>4.4792100</LongitudeDegrees>
     </Position>
     <AltitudeMeters>52.29</AltitudeMeters>
     <DistanceMeters>52997.4100536608</DistanceMeters>
    </Trackpoint>
    <Trackpoint>
     <Time>2026-04-10T15:59:00+00:00</Time>
     <Position>
      <LatitudeDegrees>43.9544400</LatitudeDegrees>
      <LongitudeDegrees>4.4794800</LongitudeDegrees>
     </Position>
     <AltitudeMeters>51.86</AltitudeMeters>
     <DistanceMeters>53037.19420527505</DistanceMeters>
    </Trackpoint>
    <Trackpoint>
     <Time>2026-04-10T15:59:06+00:00</Time>
     <Position>
      <LatitudeDegrees>43.9549400</LatitudeDegrees>
      <LongitudeDegrees>4.4800600</LongitudeDegrees>
     </Position>
     <AltitudeMeters>48.74</AltitudeMeters>
     <DistanceMeters>53109.69340632227</DistanceMeters>
    </Trackpoint>
    <Trackpoint>
     <Time>2026-04-10T15:59:13+00:00</Time>
     <Position>
      <LatitudeDegrees>43.9555000</LatitudeDegrees>
      <LongitudeDegrees>4.4806600</LongitudeDegrees>
     </Position>
     <AltitudeMeters>46.73</AltitudeMeters>
     <DistanceMeters>53188.404169869566</DistanceMeters>
    </Trackpoint>
    <Trackpoint>
     <Time>2026-04-10T15:59:19+00:00</Time>
     <Position>
      <LatitudeDegrees>43.9555900</LatitudeDegrees>
      <LongitudeDegrees>4.4807200</LongitudeDegrees>
     </Position>
     <AltitudeMeters>43.440000000000005</AltitudeMeters>
     <DistanceMeters>53199.51458432191</DistanceMeters>
    </Trackpoint>
    <Trackpoint>
     <Time>2026-04-10T15:59:26+00:00</Time>
     <Position>
      <LatitudeDegrees>43.9559600</LatitudeDegrees>
      <LongitudeDegrees>4.4808600</LongitudeDegrees>
     </Position>
     <AltitudeMeters>43.440000000000005</AltitudeMeters>
     <DistanceMeters>53242.194283939854</DistanceMeters>
    </Trackpoint>
    <Trackpoint>
     <Time>2026-04-10T15:59:32+00:00</Time>
     <Position>
      <LatitudeDegrees>43.9562000</LatitudeDegrees>
      <LongitudeDegrees>4.4809800</LongitudeDegrees>
     </Position>
     <AltitudeMeters>40.010000000000005</AltitudeMeters>
     <DistanceMeters>53270.58282256003</DistanceMeters>
    </Trackpoint>
    <Trackpoint>
     <Time>2026-04-10T15:59:39+00:00</Time>
     <Position>
      <LatitudeDegrees>43.9563100</LatitudeDegrees>
      <LongitudeDegrees>4.4811000</LongitudeDegrees>
     </Position>
     <AltitudeMeters>40.010000000000005</AltitudeMeters>
     <DistanceMeters>53286.14921085771</DistanceMeters>
    </Trackpoint>
    <Trackpoint>
     <Time>2026-04-10T15:59:45+00:00</Time>
     <Position>
      <LatitudeDegrees>43.9564400</LatitudeDegrees>
      <LongitudeDegrees>4.4813300</LongitudeDegrees>
     </Position>
     <AltitudeMeters>39.85</AltitudeMeters>
     <DistanceMeters>53309.57776932798</DistanceMeters>
    </Trackpoint>
    <Trackpoint>
     <Time>2026-04-10T15:59:52+00:00</Time>
     <Position>
      <LatitudeDegrees>43.9565400</LatitudeDegrees>
      <LongitudeDegrees>4.4815300</LongitudeDegrees>
     </Position>
     <AltitudeMeters>36.25000000000001</AltitudeMeters>
     <DistanceMeters>53329.0873484076</DistanceMeters>
    </Trackpoint>
    <Trackpoint>
     <Time>2026-04-10T15:59:59+00:00</Time>
     <Position>
      <LatitudeDegrees>43.9569200</LatitudeDegrees>
      <LongitudeDegrees>4.4824800</LongitudeDegrees>
     </Position>
     <AltitudeMeters>36.38</AltitudeMeters>
     <DistanceMeters>53416.160093212755</DistanceMeters>
    </Trackpoint>
    <Trackpoint>
     <Time>2026-04-10T16:00:05+00:00</Time>
     <Position>
      <LatitudeDegrees>43.9570800</LatitudeDegrees>
      <LongitudeDegrees>4.4827900</LongitudeDegrees>
     </Position>
     <AltitudeMeters>37.87</AltitudeMeters>
     <DistanceMeters>53446.720637868224</DistanceMeters>
    </Trackpoint>
    <Trackpoint>
     <Time>2026-04-10T16:00:12+00:00</Time>
     <Position>
      <LatitudeDegrees>43.9572200</LatitudeDegrees>
      <LongitudeDegrees>4.4829600</LongitudeDegrees>
     </Position>
     <AltitudeMeters>37.87</AltitudeMeters>
     <DistanceMeters>53467.415619076186</DistanceMeters>
    </Trackpoint>
    <Trackpoint>
     <Time>2026-04-10T16:00:18+00:00</Time>
     <Position>
      <LatitudeDegrees>43.9576400</LatitudeDegrees>
      <LongitudeDegrees>4.4834200</LongitudeDegrees>
     </Position>
     <AltitudeMeters>37.14000000000001</AltitudeMeters>
     <DistanceMeters>53526.940548418876</DistanceMeters>
    </Trackpoint>
    <Trackpoint>
     <Time>2026-04-10T16:00:25+00:00</Time>
     <Position>
      <LatitudeDegrees>43.9578400</LatitudeDegrees>
      <LongitudeDegrees>4.4837500</LongitudeDegrees>
     </Position>
     <AltitudeMeters>37.14000000000001</AltitudeMeters>
     <DistanceMeters>53561.50149461268</DistanceMeters>
    </Trackpoint>
    <Trackpoint>
     <Time>2026-04-10T16:00:31+00:00</Time>
     <Position>
      <LatitudeDegrees>43.9582500</LatitudeDegrees>
      <LongitudeDegrees>4.4844800</LongitudeDegrees>
     </Position>
     <AltitudeMeters>39.13</AltitudeMeters>
     <DistanceMeters>53635.681458492414</DistanceMeters>
    </Trackpoint>
    <Trackpoint>
     <Time>2026-04-10T16:00:38+00:00</Time>
     <Position>
      <LatitudeDegrees>43.9583800</LatitudeDegrees>
      <LongitudeDegrees>4.4846700</LongitudeDegrees>
     </Position>
     <AltitudeMeters>39.900000000000006</AltitudeMeters>
     <DistanceMeters>53656.68250891538</DistanceMeters>
    </Trackpoint>
    <Trackpoint>
     <Time>2026-04-10T16:00:44+00:00</Time>
     <Position>
      <LatitudeDegrees>43.9585100</LatitudeDegrees>
      <LongitudeDegrees>4.4848200</LongitudeDegrees>
     </Position>
     <AltitudeMeters>39.900000000000006</AltitudeMeters>
     <DistanceMeters>53675.49079633063</DistanceMeters>
    </Trackpoint>
    <Trackpoint>
     <Time>2026-04-10T16:00:51+00:00</Time>
     <Position>
      <LatitudeDegrees>43.9586400</LatitudeDegrees>
      <LongitudeDegrees>4.4849000</LongitudeDegrees>
     </Position>
     <AltitudeMeters>39.27</AltitudeMeters>
     <DistanceMeters>53691.31526623095</DistanceMeters>
    </Trackpoint>
    <Trackpoint>
     <Time>2026-04-10T16:00:57+00:00</Time>
     <Position>
      <LatitudeDegrees>43.9587700</LatitudeDegrees>
      <LongitudeDegrees>4.4849300</LongitudeDegrees>
     </Position>
     <AltitudeMeters>39.27</AltitudeMeters>
     <DistanceMeters>53705.98197328422</DistanceMeters>
    </Trackpoint>
    <Trackpoint>
     <Time>2026-04-10T16:01:04+00:00</Time>
     <Position>
      <LatitudeDegrees>43.9589500</LatitudeDegrees>
      <LongitudeDegrees>4.4849300</LongitudeDegrees>
     </Position>
     <AltitudeMeters>39.27</AltitudeMeters>
     <DistanceMeters>53726.015195583605</DistanceMeters>
    </Trackpoint>
    <Trackpoint>
     <Time>2026-04-10T16:01:10+00:00</Time>
     <Position>
      <LatitudeDegrees>43.9596900</LatitudeDegrees>
      <LongitudeDegrees>4.4847900</LongitudeDegrees>
     </Position>
     <AltitudeMeters>39.190000000000005</AltitudeMeters>
     <DistanceMeters>53809.134212934754</DistanceMeters>
    </Trackpoint>
    <Trackpoint>
     <Time>2026-04-10T16:01:17+00:00</Time>
     <Position>
      <LatitudeDegrees>43.9597000</LatitudeDegrees>
      <LongitudeDegrees>4.4847800</LongitudeDegrees>
     </Position>
     <AltitudeMeters>39.190000000000005</AltitudeMeters>
     <DistanceMeters>53809.134212934754</DistanceMeters>
    </Trackpoint>
    <Trackpoint>
     <Time>2026-04-10T16:01:23+00:00</Time>
     <Position>
      <LatitudeDegrees>43.9599700</LatitudeDegrees>
      <LongitudeDegrees>4.4846900</LongitudeDegrees>
     </Position>
     <AltitudeMeters>39.190000000000005</AltitudeMeters>
     <DistanceMeters>53840.03696048707</DistanceMeters>
    </Trackpoint>
    <Trackpoint>
     <Time>2026-04-10T16:01:30+00:00</Time>
     <Position>
      <LatitudeDegrees>43.9601300</LatitudeDegrees>
      <LongitudeDegrees>4.4845800</LongitudeDegrees>
     </Position>
     <AltitudeMeters>39.190000000000005</AltitudeMeters>
     <DistanceMeters>53859.90552223826</DistanceMeters>
    </Trackpoint>
    <Trackpoint>
     <Time>2026-04-10T16:01:36+00:00</Time>
     <Position>
      <LatitudeDegrees>43.9607900</LatitudeDegrees>
      <LongitudeDegrees>4.4840200</LongitudeDegrees>
     </Position>
     <AltitudeMeters>39.190000000000005</AltitudeMeters>
     <DistanceMeters>53945.977352577574</DistanceMeters>
    </Trackpoint>
    <Trackpoint>
     <Time>2026-04-10T16:01:43+00:00</Time>
     <Position>
      <LatitudeDegrees>43.9610100</LatitudeDegrees>
      <LongitudeDegrees>4.4839000</LongitudeDegrees>
     </Position>
     <AltitudeMeters>39.190000000000005</AltitudeMeters>
     <DistanceMeters>53972.28203333287</DistanceMeters>
    </Trackpoint>
    <Trackpoint>
     <Time>2026-04-10T16:01:49+00:00</Time>
     <Position>
      <LatitudeDegrees>43.9612800</LatitudeDegrees>
      <LongitudeDegrees>4.4838000</LongitudeDegrees>
     </Position>
     <AltitudeMeters>39.190000000000005</AltitudeMeters>
     <DistanceMeters>54003.38141486473</DistanceMeters>
    </Trackpoint>
    <Trackpoint>
     <Time>2026-04-10T16:01:56+00:00</Time>
     <Position>
      <LatitudeDegrees>43.9621050</LatitudeDegrees>
      <LongitudeDegrees>4.4836350</LongitudeDegrees>
     </Position>
     <AltitudeMeters>38.74</AltitudeMeters>
     <DistanceMeters>54096.14692256302</DistanceMeters>
    </Trackpoint>
    <Trackpoint>
     <Time>2026-04-10T16:02:03+00:00</Time>
     <Position>
      <LatitudeDegrees>43.9629300</LatitudeDegrees>
      <LongitudeDegrees>4.4834700</LongitudeDegrees>
     </Position>
     <AltitudeMeters>38.74</AltitudeMeters>
     <DistanceMeters>54188.91242269749</DistanceMeters>
    </Trackpoint>
    <Trackpoint>
     <Time>2026-04-10T16:02:09+00:00</Time>
     <Position>
      <LatitudeDegrees>43.9636700</LatitudeDegrees>
      <LongitudeDegrees>4.4834300</LongitudeDegrees>
     </Position>
     <AltitudeMeters>38.74</AltitudeMeters>
     <DistanceMeters>54271.3335383055</DistanceMeters>
    </Trackpoint>
    <Trackpoint>
     <Time>2026-04-10T16:02:16+00:00</Time>
     <Position>
      <LatitudeDegrees>43.9642700</LatitudeDegrees>
      <LongitudeDegrees>4.4834400</LongitudeDegrees>
     </Position>
     <AltitudeMeters>38.940000000000005</AltitudeMeters>
     <DistanceMeters>54338.11575078648</DistanceMeters>
    </Trackpoint>
    <Trackpoint>
     <Time>2026-04-10T16:02:22+00:00</Time>
     <Position>
      <LatitudeDegrees>43.9644100</LatitudeDegrees>
      <LongitudeDegrees>4.4834100</LongitudeDegrees>
     </Position>
     <AltitudeMeters>38.940000000000005</AltitudeMeters>
     <DistanceMeters>54353.881389574606</DistanceMeters>
    </Trackpoint>
    <Trackpoint>
     <Time>2026-04-10T16:02:29+00:00</Time>
     <Position>
      <LatitudeDegrees>43.9645700</LatitudeDegrees>
      <LongitudeDegrees>4.4833300</LongitudeDegrees>
     </Position>
     <AltitudeMeters>39.150000000000006</AltitudeMeters>
     <DistanceMeters>54372.80677477103</DistanceMeters>
    </Trackpoint>
    <Trackpoint>
     <Time>2026-04-10T16:02:35+00:00</Time>
     <Position>
      <LatitudeDegrees>43.9651100</LatitudeDegrees>
      <LongitudeDegrees>4.4828400</LongitudeDegrees>
     </Position>
     <AltitudeMeters>38.56</AltitudeMeters>
     <DistanceMeters>54444.589203492906</DistanceMeters>
    </Trackpoint>
    <Trackpoint>
     <Time>2026-04-10T16:02:42+00:00</Time>
     <Position>
      <LatitudeDegrees>43.9653500</LatitudeDegrees>
      <LongitudeDegrees>4.4826500</LongitudeDegrees>
     </Position>
     <AltitudeMeters>38.56</AltitudeMeters>
     <DistanceMeters>54475.33217060633</DistanceMeters>
    </Trackpoint>
    <Trackpoint>
     <Time>2026-04-10T16:02:48+00:00</Time>
     <Position>
      <LatitudeDegrees>43.9655400</LatitudeDegrees>
      <LongitudeDegrees>4.4825300</LongitudeDegrees>
     </Position>
     <AltitudeMeters>38.56</AltitudeMeters>
     <DistanceMeters>54498.56071623776</DistanceMeters>
    </Trackpoint>
    <Trackpoint>
     <Time>2026-04-10T16:02:55+00:00</Time>
     <Position>
      <LatitudeDegrees>43.9657200</LatitudeDegrees>
      <LongitudeDegrees>4.4824500</LongitudeDegrees>
     </Position>
     <AltitudeMeters>38.56</AltitudeMeters>
     <DistanceMeters>54519.59398466487</DistanceMeters>
    </Trackpoint>
    <Trackpoint>
     <Time>2026-04-10T16:03:01+00:00</Time>
     <Position>
      <LatitudeDegrees>43.9663500</LatitudeDegrees>
      <LongitudeDegrees>4.4823000</LongitudeDegrees>
     </Position>
     <AltitudeMeters>38.09</AltitudeMeters>
     <DistanceMeters>54590.732381608155</DistanceMeters>
    </Trackpoint>
    <Trackpoint>
     <Time>2026-04-10T16:03:08+00:00</Time>
     <Position>
      <LatitudeDegrees>43.9665600</LatitudeDegrees>
      <LongitudeDegrees>4.4822700</LongitudeDegrees>
     </Position>
     <AltitudeMeters>38.09</AltitudeMeters>
     <DistanceMeters>54614.22769598291</DistanceMeters>
    </Trackpoint>
    <Trackpoint>
     <Time>2026-04-10T16:03:14+00:00</Time>
     <Position>
      <LatitudeDegrees>43.9665900</LatitudeDegrees>
      <LongitudeDegrees>4.4822200</LongitudeDegrees>
     </Position>
     <AltitudeMeters>38.05</AltitudeMeters>
     <DistanceMeters>54619.44208788664</DistanceMeters>
    </Trackpoint>
    <Trackpoint>
     <Time>2026-04-10T16:03:21+00:00</Time>
     <Position>
      <LatitudeDegrees>43.9666100</LatitudeDegrees>
      <LongitudeDegrees>4.4821100</LongitudeDegrees>
     </Position>
     <AltitudeMeters>38.05</AltitudeMeters>
     <DistanceMeters>54628.530380960256</DistanceMeters>
    </Trackpoint>
    <Trackpoint>
     <Time>2026-04-10T16:03:27+00:00</Time>
     <Position>
      <LatitudeDegrees>43.9666000</LatitudeDegrees>
      <LongitudeDegrees>4.4817200</LongitudeDegrees>
     </Position>
     <AltitudeMeters>38.05</AltitudeMeters>
     <DistanceMeters>54659.79093871863</DistanceMeters>
    </Trackpoint>
    <Trackpoint>
     <Time>2026-04-10T16:03:34+00:00</Time>
     <Position>
      <LatitudeDegrees>43.9665000</LatitudeDegrees>
      <LongitudeDegrees>4.4809800</LongitudeDegrees>
     </Position>
     <AltitudeMeters>38.05</AltitudeMeters>
     <DistanceMeters>54720.104056141725</DistanceMeters>
    </Trackpoint>
    <Trackpoint>
     <Time>2026-04-10T16:03:40+00:00</Time>
     <Position>
      <LatitudeDegrees>43.9665300</LatitudeDegrees>
      <LongitudeDegrees>4.4807300</LongitudeDegrees>
     </Position>
     <AltitudeMeters>38.05</AltitudeMeters>
     <DistanceMeters>54740.406631171005</DistanceMeters>
    </Trackpoint>
    <Trackpoint>
     <Time>2026-04-10T16:03:47+00:00</Time>
     <Position>
      <LatitudeDegrees>43.9666500</LatitudeDegrees>
      <LongitudeDegrees>4.4805100</LongitudeDegrees>
     </Position>
     <AltitudeMeters>38.05</AltitudeMeters>
     <DistanceMeters>54762.518585184094</DistanceMeters>
    </Trackpoint>
    <Trackpoint>
     <Time>2026-04-10T16:03:54+00:00</Time>
     <Position>
      <LatitudeDegrees>43.9669500</LatitudeDegrees>
      <LongitudeDegrees>4.4802700</LongitudeDegrees>
     </Position>
     <AltitudeMeters>38.05</AltitudeMeters>
     <DistanceMeters>54801.046580836</DistanceMeters>
    </Trackpoint>
    <Trackpoint>
     <Time>2026-04-10T16:04:00+00:00</Time>
     <Position>
      <LatitudeDegrees>43.9673100</LatitudeDegrees>
      <LongitudeDegrees>4.4800900</LongitudeDegrees>
     </Position>
     <AltitudeMeters>38.05</AltitudeMeters>
     <DistanceMeters>54843.62848053578</DistanceMeters>
    </Trackpoint>
    <Trackpoint>
     <Time>2026-04-10T16:04:07+00:00</Time>
     <Position>
      <LatitudeDegrees>43.9676500</LatitudeDegrees>
      <LongitudeDegrees>4.4799700</LongitudeDegrees>
     </Position>
     <AltitudeMeters>37.18000000000001</AltitudeMeters>
     <DistanceMeters>54882.67081522397</DistanceMeters>
    </Trackpoint>
    <Trackpoint>
     <Time>2026-04-10T16:04:13+00:00</Time>
     <Position>
      <LatitudeDegrees>43.9680550</LatitudeDegrees>
      <LongitudeDegrees>4.4794950</LongitudeDegrees>
     </Position>
     <AltitudeMeters>37.18000000000001</AltitudeMeters>
     <DistanceMeters>54941.65755143388</DistanceMeters>
    </Trackpoint>
    <Trackpoint>
     <Time>2026-04-10T16:04:20+00:00</Time>
     <Position>
      <LatitudeDegrees>43.9684600</LatitudeDegrees>
      <LongitudeDegrees>4.4790200</LongitudeDegrees>
     </Position>
     <AltitudeMeters>37.18000000000001</AltitudeMeters>
     <DistanceMeters>55000.64430190312</DistanceMeters>
    </Trackpoint>
    <Trackpoint>
     <Time>2026-04-10T16:04:26+00:00</Time>
     <Position>
      <LatitudeDegrees>43.9692900</LatitudeDegrees>
      <LongitudeDegrees>4.4785800</LongitudeDegrees>
     </Position>
     <AltitudeMeters>37.18000000000001</AltitudeMeters>
     <DistanceMeters>55099.514924528194</DistanceMeters>
    </Trackpoint>
    <Trackpoint>
     <Time>2026-04-10T16:04:33+00:00</Time>
     <Position>
      <LatitudeDegrees>43.9694500</LatitudeDegrees>
      <LongitudeDegrees>4.4785500</LongitudeDegrees>
     </Position>
     <AltitudeMeters>37.18000000000001</AltitudeMeters>
     <DistanceMeters>55117.483640618695</DistanceMeters>
    </Trackpoint>
    <Trackpoint>
     <Time>2026-04-10T16:04:39+00:00</Time>
     <Position>
      <LatitudeDegrees>43.9701633</LatitudeDegrees>
      <LongitudeDegrees>4.4786433</LongitudeDegrees>
     </Position>
     <AltitudeMeters>37.18000000000001</AltitudeMeters>
     <DistanceMeters>55197.22577127686</DistanceMeters>
    </Trackpoint>
    <Trackpoint>
     <Time>2026-04-10T16:04:46+00:00</Time>
     <Position>
      <LatitudeDegrees>43.9708767</LatitudeDegrees>
      <LongitudeDegrees>4.4787367</LongitudeDegrees>
     </Position>
     <AltitudeMeters>41.230000000000004</AltitudeMeters>
     <DistanceMeters>55276.96790193387</DistanceMeters>
    </Trackpoint>
    <Trackpoint>
     <Time>2026-04-10T16:04:52+00:00</Time>
     <Position>
      <LatitudeDegrees>43.9715900</LatitudeDegrees>
      <LongitudeDegrees>4.4788300</LongitudeDegrees>
     </Position>
     <AltitudeMeters>41.230000000000004</AltitudeMeters>
     <DistanceMeters>55356.710030547154</DistanceMeters>
    </Trackpoint>
    <Trackpoint>
     <Time>2026-04-10T16:04:59+00:00</Time>
     <Position>
      <LatitudeDegrees>43.9717500</LatitudeDegrees>
      <LongitudeDegrees>4.4788000</LongitudeDegrees>
     </Position>
     <AltitudeMeters>41.230000000000004</AltitudeMeters>
     <DistanceMeters>55374.678734192385</DistanceMeters>
    </Trackpoint>
    <Trackpoint>
     <Time>2026-04-10T16:05:05+00:00</Time>
     <Position>
      <LatitudeDegrees>43.9719100</LatitudeDegrees>
      <LongitudeDegrees>4.4786800</LongitudeDegrees>
     </Position>
     <AltitudeMeters>41.230000000000004</AltitudeMeters>
     <DistanceMeters>55394.914465485504</DistanceMeters>
    </Trackpoint>
    <Trackpoint>
     <Time>2026-04-10T16:05:12+00:00</Time>
     <Position>
      <LatitudeDegrees>43.9721500</LatitudeDegrees>
      <LongitudeDegrees>4.4784600</LongitudeDegrees>
     </Position>
     <AltitudeMeters>41.230000000000004</AltitudeMeters>
     <DistanceMeters>55426.91428245899</DistanceMeters>
    </Trackpoint>
    <Trackpoint>
     <Time>2026-04-10T16:05:18+00:00</Time>
     <Position>
      <LatitudeDegrees>43.9723200</LatitudeDegrees>
      <LongitudeDegrees>4.4783900</LongitudeDegrees>
     </Position>
     <AltitudeMeters>41.230000000000004</AltitudeMeters>
     <DistanceMeters>55446.647818298516</DistanceMeters>
    </Trackpoint>
    <Trackpoint>
     <Time>2026-04-10T16:05:25+00:00</Time>
     <Position>
      <LatitudeDegrees>43.9729500</LatitudeDegrees>
      <LongitudeDegrees>4.4782800</LongitudeDegrees>
     </Position>
     <AltitudeMeters>49.510000000000005</AltitudeMeters>
     <DistanceMeters>55517.31547981424</DistanceMeters>
    </Trackpoint>
    <Trackpoint>
     <Time>2026-04-10T16:05:31+00:00</Time>
     <Position>
      <LatitudeDegrees>43.9735800</LatitudeDegrees>
      <LongitudeDegrees>4.4781700</LongitudeDegrees>
     </Position>
     <AltitudeMeters>49.510000000000005</AltitudeMeters>
     <DistanceMeters>55587.983139104064</DistanceMeters>
    </Trackpoint>
    <Trackpoint>
     <Time>2026-04-10T16:05:38+00:00</Time>
     <Position>
      <LatitudeDegrees>43.9741300</LatitudeDegrees>
      <LongitudeDegrees>4.4780200</LongitudeDegrees>
     </Position>
     <AltitudeMeters>49.510000000000005</AltitudeMeters>
     <DistanceMeters>55650.363635717586</DistanceMeters>
    </Trackpoint>
    <Trackpoint>
     <Time>2026-04-10T16:05:44+00:00</Time>
     <Position>
      <LatitudeDegrees>43.9747800</LatitudeDegrees>
      <LongitudeDegrees>4.4780150</LongitudeDegrees>
     </Position>
     <AltitudeMeters>49.510000000000005</AltitudeMeters>
     <DistanceMeters>55722.706910419976</DistanceMeters>
    </Trackpoint>
    <Trackpoint>
     <Time>2026-04-10T16:05:51+00:00</Time>
     <Position>
      <LatitudeDegrees>43.9754300</LatitudeDegrees>
      <LongitudeDegrees>4.4780100</LongitudeDegrees>
     </Position>
     <AltitudeMeters>49.510000000000005</AltitudeMeters>
     <DistanceMeters>55795.05023585373</DistanceMeters>
    </Trackpoint>
    <Trackpoint>
     <Time>2026-04-10T16:05:58+00:00</Time>
     <Position>
      <LatitudeDegrees>43.9762500</LatitudeDegrees>
      <LongitudeDegrees>4.4778200</LongitudeDegrees>
     </Position>
     <AltitudeMeters>55.11000000000001</AltitudeMeters>
     <DistanceMeters>55887.57270777786</DistanceMeters>
    </Trackpoint>
    <Trackpoint>
     <Time>2026-04-10T16:06:04+00:00</Time>
     <Position>
      <LatitudeDegrees>43.9764200</LatitudeDegrees>
      <LongitudeDegrees>4.4778100</LongitudeDegrees>
     </Position>
     <AltitudeMeters>55.11000000000001</AltitudeMeters>
     <DistanceMeters>55906.509917419986</DistanceMeters>
    </Trackpoint>
    <Trackpoint>
     <Time>2026-04-10T16:06:11+00:00</Time>
     <Position>
      <LatitudeDegrees>43.9771600</LatitudeDegrees>
      <LongitudeDegrees>4.4778700</LongitudeDegrees>
     </Position>
     <AltitudeMeters>55.160000000000004</AltitudeMeters>
     <DistanceMeters>55989.008794278685</DistanceMeters>
    </Trackpoint>
    <Trackpoint>
     <Time>2026-04-10T16:06:17+00:00</Time>
     <Position>
      <LatitudeDegrees>43.9773700</LatitudeDegrees>
      <LongitudeDegrees>4.4768150</LongitudeDegrees>
     </Position>
     <AltitudeMeters>55.160000000000004</AltitudeMeters>
     <DistanceMeters>56076.67658183976</DistanceMeters>
    </Trackpoint>
    <Trackpoint>
     <Time>2026-04-10T16:06:24+00:00</Time>
     <Position>
      <LatitudeDegrees>43.9775800</LatitudeDegrees>
      <LongitudeDegrees>4.4757600</LongitudeDegrees>
     </Position>
     <AltitudeMeters>55.160000000000004</AltitudeMeters>
     <DistanceMeters>56164.34436817485</DistanceMeters>
    </Trackpoint>
    <Trackpoint>
     <Time>2026-04-10T16:06:30+00:00</Time>
     <Position>
      <LatitudeDegrees>43.9779100</LatitudeDegrees>
      <LongitudeDegrees>4.4747200</LongitudeDegrees>
     </Position>
     <AltitudeMeters>55.160000000000004</AltitudeMeters>
     <DistanceMeters>56255.37535602721</DistanceMeters>
    </Trackpoint>
    <Trackpoint>
     <Time>2026-04-10T16:06:37+00:00</Time>
     <Position>
      <LatitudeDegrees>43.9781800</LatitudeDegrees>
      <LongitudeDegrees>4.4739500</LongitudeDegrees>
     </Position>
     <AltitudeMeters>55.160000000000004</AltitudeMeters>
     <DistanceMeters>56323.97551602306</DistanceMeters>
    </Trackpoint>
    <Trackpoint>
     <Time>2026-04-10T16:06:43+00:00</Time>
     <Position>
      <LatitudeDegrees>43.9784500</LatitudeDegrees>
      <LongitudeDegrees>4.4731800</LongitudeDegrees>
     </Position>
     <AltitudeMeters>54.580000000000005</AltitudeMeters>
     <DistanceMeters>56392.57573127135</DistanceMeters>
    </Trackpoint>
    <Trackpoint>
     <Time>2026-04-10T16:06:50+00:00</Time>
     <Position>
      <LatitudeDegrees>43.9786750</LatitudeDegrees>
      <LongitudeDegrees>4.4724900</LongitudeDegrees>
     </Position>
     <AltitudeMeters>54.580000000000005</AltitudeMeters>
     <DistanceMeters>56453.24563367539</DistanceMeters>
    </Trackpoint>
    <Trackpoint>
     <Time>2026-04-10T16:06:56+00:00</Time>
     <Position>
      <LatitudeDegrees>43.9789000</LatitudeDegrees>
      <LongitudeDegrees>4.4718000</LongitudeDegrees>
     </Position>
     <AltitudeMeters>54.580000000000005</AltitudeMeters>
     <DistanceMeters>56513.91557008642</DistanceMeters>
    </Trackpoint>
    <Trackpoint>
     <Time>2026-04-10T16:07:03+00:00</Time>
     <Position>
      <LatitudeDegrees>43.9792500</LatitudeDegrees>
      <LongitudeDegrees>4.4708000</LongitudeDegrees>
     </Position>
     <AltitudeMeters>54.580000000000005</AltitudeMeters>
     <DistanceMeters>56602.973815691825</DistanceMeters>
    </Trackpoint>
    <Trackpoint>
     <Time>2026-04-10T16:07:09+00:00</Time>
     <Position>
      <LatitudeDegrees>43.9796000</LatitudeDegrees>
      <LongitudeDegrees>4.4698000</LongitudeDegrees>
     </Position>
     <AltitudeMeters>54.59</AltitudeMeters>
     <DistanceMeters>56692.03201255892</DistanceMeters>
    </Trackpoint>
    <Trackpoint>
     <Time>2026-04-10T16:07:16+00:00</Time>
     <Position>
      <LatitudeDegrees>43.9798900</LatitudeDegrees>
      <LongitudeDegrees>4.4689400</LongitudeDegrees>
     </Position>
     <AltitudeMeters>54.59</AltitudeMeters>
     <DistanceMeters>56768.09375347946</DistanceMeters>
    </Trackpoint>
    <Trackpoint>
     <Time>2026-04-10T16:07:22+00:00</Time>
     <Position>
      <LatitudeDegrees>43.9801800</LatitudeDegrees>
      <LongitudeDegrees>4.4680800</LongitudeDegrees>
     </Position>
     <AltitudeMeters>54.59</AltitudeMeters>
     <DistanceMeters>56844.15549439968</DistanceMeters>
    </Trackpoint>
    <Trackpoint>
     <Time>2026-04-10T16:07:29+00:00</Time>
     <Position>
      <LatitudeDegrees>43.9804700</LatitudeDegrees>
      <LongitudeDegrees>4.4672200</LongitudeDegrees>
     </Position>
     <AltitudeMeters>55.510000000000005</AltitudeMeters>
     <DistanceMeters>56920.21721310491</DistanceMeters>
    </Trackpoint>
    <Trackpoint>
     <Time>2026-04-10T16:07:35+00:00</Time>
     <Position>
      <LatitudeDegrees>43.9806800</LatitudeDegrees>
      <LongitudeDegrees>4.4665150</LongitudeDegrees>
     </Position>
     <AltitudeMeters>55.510000000000005</AltitudeMeters>
     <DistanceMeters>56981.323789288064</DistanceMeters>
    </Trackpoint>
    <Trackpoint>
     <Time>2026-04-10T16:07:42+00:00</Time>
     <Position>
      <LatitudeDegrees>43.9808900</LatitudeDegrees>
      <LongitudeDegrees>4.4658100</LongitudeDegrees>
     </Position>
     <AltitudeMeters>55.510000000000005</AltitudeMeters>
     <DistanceMeters>57042.43040076141</DistanceMeters>
    </Trackpoint>
    <Trackpoint>
     <Time>2026-04-10T16:07:48+00:00</Time>
     <Position>
      <LatitudeDegrees>43.9811000</LatitudeDegrees>
      <LongitudeDegrees>4.4647500</LongitudeDegrees>
     </Position>
     <AltitudeMeters>55.510000000000005</AltitudeMeters>
     <DistanceMeters>57130.47921191171</DistanceMeters>
    </Trackpoint>
    <Trackpoint>
     <Time>2026-04-10T16:07:55+00:00</Time>
     <Position>
      <LatitudeDegrees>43.9812600</LatitudeDegrees>
      <LongitudeDegrees>4.4635900</LongitudeDegrees>
     </Position>
     <AltitudeMeters>55.510000000000005</AltitudeMeters>
     <DistanceMeters>57225.06852232173</DistanceMeters>
    </Trackpoint>
    <Trackpoint>
     <Time>2026-04-10T16:08:02+00:00</Time>
     <Position>
      <LatitudeDegrees>43.9814200</LatitudeDegrees>
      <LongitudeDegrees>4.4624300</LongitudeDegrees>
     </Position>
     <AltitudeMeters>55.510000000000005</AltitudeMeters>
     <DistanceMeters>57319.65783273203</DistanceMeters>
    </Trackpoint>
    <Trackpoint>
     <Time>2026-04-10T16:08:08+00:00</Time>
     <Position>
      <LatitudeDegrees>43.9815800</LatitudeDegrees>
      <LongitudeDegrees>4.4612700</LongitudeDegrees>
     </Position>
     <AltitudeMeters>55.510000000000005</AltitudeMeters>
     <DistanceMeters>57414.247143141976</DistanceMeters>
    </Trackpoint>
    <Trackpoint>
     <Time>2026-04-10T16:08:15+00:00</Time>
     <Position>
      <LatitudeDegrees>43.9817400</LatitudeDegrees>
      <LongitudeDegrees>4.4601100</LongitudeDegrees>
     </Position>
     <AltitudeMeters>60.95</AltitudeMeters>
     <DistanceMeters>57508.83645611346</DistanceMeters>
    </Trackpoint>
    <Trackpoint>
     <Time>2026-04-10T16:08:21+00:00</Time>
     <Position>
      <LatitudeDegrees>43.9818900</LatitudeDegrees>
      <LongitudeDegrees>4.4591000</LongitudeDegrees>
     </Position>
     <AltitudeMeters>60.95</AltitudeMeters>
     <DistanceMeters>57591.42590190129</DistanceMeters>
    </Trackpoint>
    <Trackpoint>
     <Time>2026-04-10T16:08:28+00:00</Time>
     <Position>
      <LatitudeDegrees>43.9820400</LatitudeDegrees>
      <LongitudeDegrees>4.4580900</LongitudeDegrees>
     </Position>
     <AltitudeMeters>60.95</AltitudeMeters>
     <DistanceMeters>57674.01534768913</DistanceMeters>
    </Trackpoint>
    <Trackpoint>
     <Time>2026-04-10T16:08:34+00:00</Time>
     <Position>
      <LatitudeDegrees>43.9821900</LatitudeDegrees>
      <LongitudeDegrees>4.4570800</LongitudeDegrees>
     </Position>
     <AltitudeMeters>60.95</AltitudeMeters>
     <DistanceMeters>57756.604798302855</DistanceMeters>
    </Trackpoint>
    <Trackpoint>
     <Time>2026-04-10T16:08:41+00:00</Time>
     <Position>
      <LatitudeDegrees>43.9822750</LatitudeDegrees>
      <LongitudeDegrees>4.4564050</LongitudeDegrees>
     </Position>
     <AltitudeMeters>60.95</AltitudeMeters>
     <DistanceMeters>57811.48261223247</DistanceMeters>
    </Trackpoint>
    <Trackpoint>
     <Time>2026-04-10T16:08:47+00:00</Time>
     <Position>
      <LatitudeDegrees>43.9823600</LatitudeDegrees>
      <LongitudeDegrees>4.4557300</LongitudeDegrees>
     </Position>
     <AltitudeMeters>60.95</AltitudeMeters>
     <DistanceMeters>57866.360375716715</DistanceMeters>
    </Trackpoint>
    <Trackpoint>
     <Time>2026-04-10T16:08:54+00:00</Time>
     <Position>
      <LatitudeDegrees>43.9824700</LatitudeDegrees>
      <LongitudeDegrees>4.4551200</LongitudeDegrees>
     </Position>
     <AltitudeMeters>60.95</AltitudeMeters>
     <DistanceMeters>57916.721785533024</DistanceMeters>
    </Trackpoint>
    <Trackpoint>
     <Time>2026-04-10T16:09:00+00:00</Time>
     <Position>
      <LatitudeDegrees>43.9826400</LatitudeDegrees>
      <LongitudeDegrees>4.4539833</LongitudeDegrees>
     </Position>
     <AltitudeMeters>60.95</AltitudeMeters>
     <DistanceMeters>58009.69466246826</DistanceMeters>
    </Trackpoint>
    <Trackpoint>
     <Time>2026-04-10T16:09:07+00:00</Time>
     <Position>
      <LatitudeDegrees>43.9828100</LatitudeDegrees>
      <LongitudeDegrees>4.4528467</LongitudeDegrees>
     </Position>
     <AltitudeMeters>60.95</AltitudeMeters>
     <DistanceMeters>58102.66753940342</DistanceMeters>
    </Trackpoint>
    <Trackpoint>
     <Time>2026-04-10T16:09:13+00:00</Time>
     <Position>
      <LatitudeDegrees>43.9829800</LatitudeDegrees>
      <LongitudeDegrees>4.4517100</LongitudeDegrees>
     </Position>
     <AltitudeMeters>61.22</AltitudeMeters>
     <DistanceMeters>58195.64042009135</DistanceMeters>
    </Trackpoint>
    <Trackpoint>
     <Time>2026-04-10T16:09:20+00:00</Time>
     <Position>
      <LatitudeDegrees>43.9831400</LatitudeDegrees>
      <LongitudeDegrees>4.4508400</LongitudeDegrees>
     </Position>
     <AltitudeMeters>61.22</AltitudeMeters>
     <DistanceMeters>58267.551672068796</DistanceMeters>
    </Trackpoint>
    <Trackpoint>
     <Time>2026-04-10T16:09:26+00:00</Time>
     <Position>
      <LatitudeDegrees>43.9832500</LatitudeDegrees>
      <LongitudeDegrees>4.4503400</LongitudeDegrees>
     </Position>
     <AltitudeMeters>61.22</AltitudeMeters>
     <DistanceMeters>58309.42247895991</DistanceMeters>
    </Trackpoint>
    <Trackpoint>
     <Time>2026-04-10T16:09:33+00:00</Time>
     <Position>
      <LatitudeDegrees>43.9836000</LatitudeDegrees>
      <LongitudeDegrees>4.4492600</LongitudeDegrees>
     </Position>
     <AltitudeMeters>61.22</AltitudeMeters>
     <DistanceMeters>58404.27817471151</DistanceMeters>
    </Trackpoint>
    <Trackpoint>
     <Time>2026-04-10T16:09:39+00:00</Time>
     <Position>
      <LatitudeDegrees>43.9838500</LatitudeDegrees>
      <LongitudeDegrees>4.4493500</LongitudeDegrees>
     </Position>
     <AltitudeMeters>61.88</AltitudeMeters>
     <DistanceMeters>58433.0204088757</DistanceMeters>
    </Trackpoint>
    <Trackpoint>
     <Time>2026-04-10T16:09:46+00:00</Time>
     <Position>
      <LatitudeDegrees>43.9842400</LatitudeDegrees>
      <LongitudeDegrees>4.4493800</LongitudeDegrees>
     </Position>
     <AltitudeMeters>62.96</AltitudeMeters>
     <DistanceMeters>58476.492158663765</DistanceMeters>
    </Trackpoint>
    <Trackpoint>
     <Time>2026-04-10T16:09:53+00:00</Time>
     <Position>
      <LatitudeDegrees>43.9847800</LatitudeDegrees>
      <LongitudeDegrees>4.4493200</LongitudeDegrees>
     </Position>
     <AltitudeMeters>62.96</AltitudeMeters>
     <DistanceMeters>58536.78358627341</DistanceMeters>
    </Trackpoint>
    <Trackpoint>
     <Time>2026-04-10T16:09:59+00:00</Time>
     <Position>
      <LatitudeDegrees>43.9852850</LatitudeDegrees>
      <LongitudeDegrees>4.4493400</LongitudeDegrees>
     </Position>
     <AltitudeMeters>62.96</AltitudeMeters>
     <DistanceMeters>58593.01071998322</DistanceMeters>
    </Trackpoint>
    <Trackpoint>
     <Time>2026-04-10T16:10:06+00:00</Time>
     <Position>
      <LatitudeDegrees>43.9857900</LatitudeDegrees>
      <LongitudeDegrees>4.4493600</LongitudeDegrees>
     </Position>
     <AltitudeMeters>65.78</AltitudeMeters>
     <DistanceMeters>58649.23785165348</DistanceMeters>
    </Trackpoint>
    <Trackpoint>
     <Time>2026-04-10T16:10:12+00:00</Time>
     <Position>
      <LatitudeDegrees>43.9865800</LatitudeDegrees>
      <LongitudeDegrees>4.4495800</LongitudeDegrees>
     </Position>
     <AltitudeMeters>65.78</AltitudeMeters>
     <DistanceMeters>58738.9090389394</DistanceMeters>
    </Trackpoint>
    <Trackpoint>
     <Time>2026-04-10T16:10:19+00:00</Time>
     <Position>
      <LatitudeDegrees>43.9866600</LatitudeDegrees>
      <LongitudeDegrees>4.4496400</LongitudeDegrees>
     </Position>
     <AltitudeMeters>66.97</AltitudeMeters>
     <DistanceMeters>58749.02633609646</DistanceMeters>
    </Trackpoint>
    <Trackpoint>
     <Time>2026-04-10T16:10:25+00:00</Time>
     <Position>
      <LatitudeDegrees>43.9867100</LatitudeDegrees>
      <LongitudeDegrees>4.4497200</LongitudeDegrees>
     </Position>
     <AltitudeMeters>66.97</AltitudeMeters>
     <DistanceMeters>58757.51197645912</DistanceMeters>
    </Trackpoint>
    <Trackpoint>
     <Time>2026-04-10T16:10:32+00:00</Time>
     <Position>
      <LatitudeDegrees>43.9867400</LatitudeDegrees>
      <LongitudeDegrees>4.4498200</LongitudeDegrees>
     </Position>
     <AltitudeMeters>66.97</AltitudeMeters>
     <DistanceMeters>58766.18791047568</DistanceMeters>
    </Trackpoint>
    <Trackpoint>
     <Time>2026-04-10T16:10:38+00:00</Time>
     <Position>
      <LatitudeDegrees>43.9867500</LatitudeDegrees>
      <LongitudeDegrees>4.4499400</LongitudeDegrees>
     </Position>
     <AltitudeMeters>67.32000000000001</AltitudeMeters>
     <DistanceMeters>58775.861423151844</DistanceMeters>
    </Trackpoint>
    <Trackpoint>
     <Time>2026-04-10T16:10:45+00:00</Time>
     <Position>
      <LatitudeDegrees>43.9867800</LatitudeDegrees>
      <LongitudeDegrees>4.4500200</LongitudeDegrees>
     </Position>
     <AltitudeMeters>67.32000000000001</AltitudeMeters>
     <DistanceMeters>58783.085495170104</DistanceMeters>
    </Trackpoint>
    <Trackpoint>
     <Time>2026-04-10T16:10:51+00:00</Time>
     <Position>
      <LatitudeDegrees>43.9868400</LatitudeDegrees>
      <LongitudeDegrees>4.4500900</LongitudeDegrees>
     </Position>
     <AltitudeMeters>67.32000000000001</AltitudeMeters>
     <DistanceMeters>58791.80402611335</DistanceMeters>
    </Trackpoint>
    <Trackpoint>
     <Time>2026-04-10T16:10:58+00:00</Time>
     <Position>
      <LatitudeDegrees>43.9869600</LatitudeDegrees>
      <LongitudeDegrees>4.4501200</LongitudeDegrees>
     </Position>
     <AltitudeMeters>67.59</AltitudeMeters>
     <DistanceMeters>58805.373845300084</DistanceMeters>
    </Trackpoint>
    <Trackpoint>
     <Time>2026-04-10T16:11:04+00:00</Time>
     <Position>
      <LatitudeDegrees>43.9870000</LatitudeDegrees>
      <LongitudeDegrees>4.4501000</LongitudeDegrees>
     </Position>
     <AltitudeMeters>67.59</AltitudeMeters>
     <DistanceMeters>58810.104986198996</DistanceMeters>
    </Trackpoint>
    <Trackpoint>
     <Time>2026-04-10T16:11:11+00:00</Time>
     <Position>
      <LatitudeDegrees>43.9870600</LatitudeDegrees>
      <LongitudeDegrees>4.4500400</LongitudeDegrees>
     </Position>
     <AltitudeMeters>67.61</AltitudeMeters>
     <DistanceMeters>58818.331561655825</DistanceMeters>
    </Trackpoint>
    <Trackpoint>
     <Time>2026-04-10T16:11:17+00:00</Time>
     <Position>
      <LatitudeDegrees>43.9872100</LatitudeDegrees>
      <LongitudeDegrees>4.4500500</LongitudeDegrees>
     </Position>
     <AltitudeMeters>68.09</AltitudeMeters>
     <DistanceMeters>58835.045107503116</DistanceMeters>
    </Trackpoint>
    <Trackpoint>
     <Time>2026-04-10T16:11:24+00:00</Time>
     <Position>
      <LatitudeDegrees>43.9873600</LatitudeDegrees>
      <LongitudeDegrees>4.4501400</LongitudeDegrees>
     </Position>
     <AltitudeMeters>68.09</AltitudeMeters>
     <DistanceMeters>58853.22863477709</DistanceMeters>
    </Trackpoint>
    <Trackpoint>
     <Time>2026-04-10T16:11:30+00:00</Time>
     <Position>
      <LatitudeDegrees>43.9880233</LatitudeDegrees>
      <LongitudeDegrees>4.4505900</LongitudeDegrees>
     </Position>
     <AltitudeMeters>68.09</AltitudeMeters>
     <DistanceMeters>58935.37930112089</DistanceMeters>
    </Trackpoint>
    <Trackpoint>
     <Time>2026-04-10T16:11:37+00:00</Time>
     <Position>
      <LatitudeDegrees>43.9886867</LatitudeDegrees>
      <LongitudeDegrees>4.4510400</LongitudeDegrees>
     </Position>
     <AltitudeMeters>82.88000000000001</AltitudeMeters>
     <DistanceMeters>59017.529967463226</DistanceMeters>
    </Trackpoint>
    <Trackpoint>
     <Time>2026-04-10T16:11:43+00:00</Time>
     <Position>
      <LatitudeDegrees>43.9893500</LatitudeDegrees>
      <LongitudeDegrees>4.4514900</LongitudeDegrees>
     </Position>
     <AltitudeMeters>82.88000000000001</AltitudeMeters>
     <DistanceMeters>59099.68065620731</DistanceMeters>
    </Trackpoint>
    <Trackpoint>
     <Time>2026-04-10T16:11:50+00:00</Time>
     <Position>
      <LatitudeDegrees>43.9896700</LatitudeDegrees>
      <LongitudeDegrees>4.4516900</LongitudeDegrees>
     </Position>
     <AltitudeMeters>82.88000000000001</AltitudeMeters>
     <DistanceMeters>59138.730265784034</DistanceMeters>
    </Trackpoint>
    <Trackpoint>
     <Time>2026-04-10T16:11:57+00:00</Time>
     <Position>
      <LatitudeDegrees>43.9898400</LatitudeDegrees>
      <LongitudeDegrees>4.4517500</LongitudeDegrees>
     </Position>
     <AltitudeMeters>82.88000000000001</AltitudeMeters>
     <DistanceMeters>59158.25098936867</DistanceMeters>
    </Trackpoint>
    <Trackpoint>
     <Time>2026-04-10T16:12:03+00:00</Time>
     <Position>
      <LatitudeDegrees>43.9899400</LatitudeDegrees>
      <LongitudeDegrees>4.4517400</LongitudeDegrees>
     </Position>
     <AltitudeMeters>83.87</AltitudeMeters>
     <DistanceMeters>59169.409324907865</DistanceMeters>
    </Trackpoint>
    <Trackpoint>
     <Time>2026-04-10T16:12:10+00:00</Time>
     <Position>
      <LatitudeDegrees>43.9900800</LatitudeDegrees>
      <LongitudeDegrees>4.4516700</LongitudeDegrees>
     </Position>
     <AltitudeMeters>83.87</AltitudeMeters>
     <DistanceMeters>59185.96822119596</DistanceMeters>
    </Trackpoint>
    <Trackpoint>
     <Time>2026-04-10T16:12:16+00:00</Time>
     <Position>
      <LatitudeDegrees>43.9907700</LatitudeDegrees>
      <LongitudeDegrees>4.4512250</LongitudeDegrees>
     </Position>
     <AltitudeMeters>89.11000000000001</AltitudeMeters>
     <DistanceMeters>59270.62593992185</DistanceMeters>
    </Trackpoint>
    <Trackpoint>
     <Time>2026-04-10T16:12:23+00:00</Time>
     <Position>
      <LatitudeDegrees>43.9914600</LatitudeDegrees>
      <LongitudeDegrees>4.4507800</LongitudeDegrees>
     </Position>
     <AltitudeMeters>99.42</AltitudeMeters>
     <DistanceMeters>59355.283658646615</DistanceMeters>
    </Trackpoint>
    <Trackpoint>
     <Time>2026-04-10T16:12:29+00:00</Time>
     <Position>
      <LatitudeDegrees>43.9921500</LatitudeDegrees>
      <LongitudeDegrees>4.4503350</LongitudeDegrees>
     </Position>
     <AltitudeMeters>99.42</AltitudeMeters>
     <DistanceMeters>59439.94137737349</DistanceMeters>
    </Trackpoint>
    <Trackpoint>
     <Time>2026-04-10T16:12:36+00:00</Time>
     <Position>
      <LatitudeDegrees>43.9928400</LatitudeDegrees>
      <LongitudeDegrees>4.4498900</LongitudeDegrees>
     </Position>
     <AltitudeMeters>111.42</AltitudeMeters>
     <DistanceMeters>59524.59910716293</DistanceMeters>
    </Trackpoint>
    <Trackpoint>
     <Time>2026-04-10T16:12:42+00:00</Time>
     <Position>
      <LatitudeDegrees>43.9931650</LatitudeDegrees>
      <LongitudeDegrees>4.4494400</LongitudeDegrees>
     </Position>
     <AltitudeMeters>111.42</AltitudeMeters>
     <DistanceMeters>59575.65370411324</DistanceMeters>
    </Trackpoint>
    <Trackpoint>
     <Time>2026-04-10T16:12:49+00:00</Time>
     <Position>
      <LatitudeDegrees>43.9934900</LatitudeDegrees>
      <LongitudeDegrees>4.4489900</LongitudeDegrees>
     </Position>
     <AltitudeMeters>111.42</AltitudeMeters>
     <DistanceMeters>59626.70832069171</DistanceMeters>
    </Trackpoint>
    <Trackpoint>
     <Time>2026-04-10T16:12:55+00:00</Time>
     <Position>
      <LatitudeDegrees>43.9936300</LatitudeDegrees>
      <LongitudeDegrees>4.4489600</LongitudeDegrees>
     </Position>
     <AltitudeMeters>113.65</AltitudeMeters>
     <DistanceMeters>59642.47377928603</DistanceMeters>
    </Trackpoint>
    <Trackpoint>
     <Time>2026-04-10T16:13:02+00:00</Time>
     <Position>
      <LatitudeDegrees>43.9938200</LatitudeDegrees>
      <LongitudeDegrees>4.4490000</LongitudeDegrees>
     </Position>
     <AltitudeMeters>116.73000000000002</AltitudeMeters>
     <DistanceMeters>59663.86111840445</DistanceMeters>
    </Trackpoint>
    <Trackpoint>
     <Time>2026-04-10T16:13:08+00:00</Time>
     <Position>
      <LatitudeDegrees>43.9942200</LatitudeDegrees>
      <LongitudeDegrees>4.4491500</LongitudeDegrees>
     </Position>
     <AltitudeMeters>116.73000000000002</AltitudeMeters>
     <DistanceMeters>59709.970982364015</DistanceMeters>
    </Trackpoint>
    <Trackpoint>
     <Time>2026-04-10T16:13:15+00:00</Time>
     <Position>
      <LatitudeDegrees>43.9943200</LatitudeDegrees>
      <LongitudeDegrees>4.4491100</LongitudeDegrees>
     </Position>
     <AltitudeMeters>116.73000000000002</AltitudeMeters>
     <DistanceMeters>59721.55219467087</DistanceMeters>
    </Trackpoint>
    <Trackpoint>
     <Time>2026-04-10T16:13:21+00:00</Time>
     <Position>
      <LatitudeDegrees>43.9946500</LatitudeDegrees>
      <LongitudeDegrees>4.4489000</LongitudeDegrees>
     </Position>
     <AltitudeMeters>116.73000000000002</AltitudeMeters>
     <DistanceMeters>59761.9455929038</DistanceMeters>
    </Trackpoint>
    <Trackpoint>
     <Time>2026-04-10T16:13:28+00:00</Time>
     <Position>
      <LatitudeDegrees>43.9949900</LatitudeDegrees>
      <LongitudeDegrees>4.4485500</LongitudeDegrees>
     </Position>
     <AltitudeMeters>131.99</AltitudeMeters>
     <DistanceMeters>59809.0328288614</DistanceMeters>
    </Trackpoint>
    <Trackpoint>
     <Time>2026-04-10T16:13:34+00:00</Time>
     <Position>
      <LatitudeDegrees>43.9950700</LatitudeDegrees>
      <LongitudeDegrees>4.4485300</LongitudeDegrees>
     </Position>
     <AltitudeMeters>131.99</AltitudeMeters>
     <DistanceMeters>59818.079336152936</DistanceMeters>
    </Trackpoint>
    <Trackpoint>
     <Time>2026-04-10T16:13:41+00:00</Time>
     <Position>
      <LatitudeDegrees>43.9951500</LatitudeDegrees>
      <LongitudeDegrees>4.4485600</LongitudeDegrees>
     </Position>
     <AltitudeMeters>131.99</AltitudeMeters>
     <DistanceMeters>59827.301297452905</DistanceMeters>
    </Trackpoint>
    <Trackpoint>
     <Time>2026-04-10T16:13:47+00:00</Time>
     <Position>
      <LatitudeDegrees>43.9953900</LatitudeDegrees>
      <LongitudeDegrees>4.4487000</LongitudeDegrees>
     </Position>
     <AltitudeMeters>131.99</AltitudeMeters>
     <DistanceMeters>59856.268899403454</DistanceMeters>
    </Trackpoint>
    <Trackpoint>
     <Time>2026-04-10T16:13:54+00:00</Time>
     <Position>
      <LatitudeDegrees>43.9958600</LatitudeDegrees>
      <LongitudeDegrees>4.4491000</LongitudeDegrees>
     </Position>
     <AltitudeMeters>135.64000000000001</AltitudeMeters>
     <DistanceMeters>59917.60323742472</DistanceMeters>
    </Trackpoint>
    <Trackpoint>
     <Time>2026-04-10T16:14:01+00:00</Time>
     <Position>
      <LatitudeDegrees>43.9964600</LatitudeDegrees>
      <LongitudeDegrees>4.4496700</LongitudeDegrees>
     </Position>
     <AltitudeMeters>135.83</AltitudeMeters>
     <DistanceMeters>59998.48550582696</DistanceMeters>
    </Trackpoint>
    <Trackpoint>
     <Time>2026-04-10T16:14:07+00:00</Time>
     <Position>
      <LatitudeDegrees>43.9968100</LatitudeDegrees>
      <LongitudeDegrees>4.4498500</LongitudeDegrees>
     </Position>
     <AltitudeMeters>135.83</AltitudeMeters>
     <DistanceMeters>60040.019418154254</DistanceMeters>
    </Trackpoint>
    <Trackpoint>
     <Time>2026-04-10T16:14:14+00:00</Time>
     <Position>
      <LatitudeDegrees>43.9973933</LatitudeDegrees>
      <LongitudeDegrees>4.4500967</LongitudeDegrees>
     </Position>
     <AltitudeMeters>151.24</AltitudeMeters>
     <DistanceMeters>60107.87914374847</DistanceMeters>
    </Trackpoint>
    <Trackpoint>
     <Time>2026-04-10T16:14:20+00:00</Time>
     <Position>
      <LatitudeDegrees>43.9979767</LatitudeDegrees>
      <LongitudeDegrees>4.4503433</LongitudeDegrees>
     </Position>
     <AltitudeMeters>151.24</AltitudeMeters>
     <DistanceMeters>60175.7388693441</DistanceMeters>
    </Trackpoint>
    <Trackpoint>
     <Time>2026-04-10T16:14:27+00:00</Time>
     <Position>
      <LatitudeDegrees>43.9985600</LatitudeDegrees>
      <LongitudeDegrees>4.4505900</LongitudeDegrees>
     </Position>
     <AltitudeMeters>151.24</AltitudeMeters>
     <DistanceMeters>60243.59858348327</DistanceMeters>
    </Trackpoint>
    <Trackpoint>
     <Time>2026-04-10T16:14:33+00:00</Time>
     <Position>
      <LatitudeDegrees>43.9991000</LatitudeDegrees>
      <LongitudeDegrees>4.4509100</LongitudeDegrees>
     </Position>
     <AltitudeMeters>165.60000000000002</AltitudeMeters>
     <DistanceMeters>60308.93103798712</DistanceMeters>
    </Trackpoint>
    <Trackpoint>
     <Time>2026-04-10T16:14:40+00:00</Time>
     <Position>
      <LatitudeDegrees>43.9996500</LatitudeDegrees>
      <LongitudeDegrees>4.4511800</LongitudeDegrees>
     </Position>
     <AltitudeMeters>165.60000000000002</AltitudeMeters>
     <DistanceMeters>60373.848280536884</DistanceMeters>
    </Trackpoint>
    <Trackpoint>
     <Time>2026-04-10T16:14:46+00:00</Time>
     <Position>
      <LatitudeDegrees>44.0002100</LatitudeDegrees>
      <LongitudeDegrees>4.4513900</LongitudeDegrees>
     </Position>
     <AltitudeMeters>166.07000000000002</AltitudeMeters>
     <DistanceMeters>60438.40165392287</DistanceMeters>
    </Trackpoint>
    <Trackpoint>
     <Time>2026-04-10T16:14:53+00:00</Time>
     <Position>
      <LatitudeDegrees>44.0002900</LatitudeDegrees>
      <LongitudeDegrees>4.4513900</LongitudeDegrees>
     </Position>
     <AltitudeMeters>166.07000000000002</AltitudeMeters>
     <DistanceMeters>60447.30530827859</DistanceMeters>
    </Trackpoint>
    <Trackpoint>
     <Time>2026-04-10T16:14:59+00:00</Time>
     <Position>
      <LatitudeDegrees>44.0004900</LatitudeDegrees>
      <LongitudeDegrees>4.4513500</LongitudeDegrees>
     </Position>
     <AltitudeMeters>166.07000000000002</AltitudeMeters>
     <DistanceMeters>60469.793621037454</DistanceMeters>
    </Trackpoint>
    <Trackpoint>
     <Time>2026-04-10T16:15:06+00:00</Time>
     <Position>
      <LatitudeDegrees>44.0009700</LatitudeDegrees>
      <LongitudeDegrees>4.4510550</LongitudeDegrees>
     </Position>
     <AltitudeMeters>167.97</AltitudeMeters>
     <DistanceMeters>60528.20314099694</DistanceMeters>
    </Trackpoint>
    <Trackpoint>
     <Time>2026-04-10T16:15:12+00:00</Time>
     <Position>
      <LatitudeDegrees>44.0014500</LatitudeDegrees>
      <LongitudeDegrees>4.4507600</LongitudeDegrees>
     </Position>
     <AltitudeMeters>167.97</AltitudeMeters>
     <DistanceMeters>60586.612652204254</DistanceMeters>
    </Trackpoint>
    <Trackpoint>
     <Time>2026-04-10T16:15:19+00:00</Time>
     <Position>
      <LatitudeDegrees>44.0022100</LatitudeDegrees>
      <LongitudeDegrees>4.4504300</LongitudeDegrees>
     </Position>
     <AltitudeMeters>171.56</AltitudeMeters>
     <DistanceMeters>60675.22713613782</DistanceMeters>
    </Trackpoint>
    <Trackpoint>
     <Time>2026-04-10T16:15:25+00:00</Time>
     <Position>
      <LatitudeDegrees>44.0028100</LatitudeDegrees>
      <LongitudeDegrees>4.4500300</LongitudeDegrees>
     </Position>
     <AltitudeMeters>171.83</AltitudeMeters>
     <DistanceMeters>60749.28560569464</DistanceMeters>
    </Trackpoint>
    <Trackpoint>
     <Time>2026-04-10T16:15:32+00:00</Time>
     <Position>
      <LatitudeDegrees>44.0028800</LatitudeDegrees>
      <LongitudeDegrees>4.4500100</LongitudeDegrees>
     </Position>
     <AltitudeMeters>171.83</AltitudeMeters>
     <DistanceMeters>60757.239128585854</DistanceMeters>
    </Trackpoint>
    <Trackpoint>
     <Time>2026-04-10T16:15:38+00:00</Time>
     <Position>
      <LatitudeDegrees>44.0031700</LatitudeDegrees>
      <LongitudeDegrees>4.4500200</LongitudeDegrees>
     </Position>
     <AltitudeMeters>173.17000000000002</AltitudeMeters>
     <DistanceMeters>60789.524802381406</DistanceMeters>
    </Trackpoint>
    <Trackpoint>
     <Time>2026-04-10T16:15:45+00:00</Time>
     <Position>
      <LatitudeDegrees>44.0037150</LatitudeDegrees>
      <LongitudeDegrees>4.4501700</LongitudeDegrees>
     </Position>
     <AltitudeMeters>173.17000000000002</AltitudeMeters>
     <DistanceMeters>60851.35816829724</DistanceMeters>
    </Trackpoint>
    <Trackpoint>
     <Time>2026-04-10T16:15:52+00:00</Time>
     <Position>
      <LatitudeDegrees>44.0042600</LatitudeDegrees>
      <LongitudeDegrees>4.4503200</LongitudeDegrees>
     </Position>
     <AltitudeMeters>174.44</AltitudeMeters>
     <DistanceMeters>60913.191513574086</DistanceMeters>
    </Trackpoint>
    <Trackpoint>
     <Time>2026-04-10T16:15:58+00:00</Time>
     <Position>
      <LatitudeDegrees>44.0047700</LatitudeDegrees>
      <LongitudeDegrees>4.4504400</LongitudeDegrees>
     </Position>
     <AltitudeMeters>174.44</AltitudeMeters>
     <DistanceMeters>60970.759481311565</DistanceMeters>
    </Trackpoint>
    <Trackpoint>
     <Time>2026-04-10T16:16:05+00:00</Time>
     <Position>
      <LatitudeDegrees>44.0051500</LatitudeDegrees>
      <LongitudeDegrees>4.4504800</LongitudeDegrees>
     </Position>
     <AltitudeMeters>174.44</AltitudeMeters>
     <DistanceMeters>61013.17288793609</DistanceMeters>
    </Trackpoint>
    <Trackpoint>
     <Time>2026-04-10T16:16:11+00:00</Time>
     <Position>
      <LatitudeDegrees>44.0055500</LatitudeDegrees>
      <LongitudeDegrees>4.4506700</LongitudeDegrees>
     </Position>
     <AltitudeMeters>174.44</AltitudeMeters>
     <DistanceMeters>61060.21773976657</DistanceMeters>
    </Trackpoint>
    <Trackpoint>
     <Time>2026-04-10T16:16:18+00:00</Time>
     <Position>
      <LatitudeDegrees>44.0062150</LatitudeDegrees>
      <LongitudeDegrees>4.4512100</LongitudeDegrees>
     </Position>
     <AltitudeMeters>175.15000000000003</AltitudeMeters>
     <DistanceMeters>61145.92854881133</DistanceMeters>
    </Trackpoint>
    <Trackpoint>
     <Time>2026-04-10T16:16:24+00:00</Time>
     <Position>
      <LatitudeDegrees>44.0068800</LatitudeDegrees>
      <LongitudeDegrees>4.4517500</LongitudeDegrees>
     </Position>
     <AltitudeMeters>175.15000000000003</AltitudeMeters>
     <DistanceMeters>61231.63935207701</DistanceMeters>
    </Trackpoint>
    <Trackpoint>
     <Time>2026-04-10T16:16:31+00:00</Time>
     <Position>
      <LatitudeDegrees>44.0070000</LatitudeDegrees>
      <LongitudeDegrees>4.4519900</LongitudeDegrees>
     </Position>
     <AltitudeMeters>175.36</AltitudeMeters>
     <DistanceMeters>61255.03743451228</DistanceMeters>
    </Trackpoint>
    <Trackpoint>
     <Time>2026-04-10T16:16:37+00:00</Time>
     <Position>
      <LatitudeDegrees>44.0072400</LatitudeDegrees>
      <LongitudeDegrees>4.4526200</LongitudeDegrees>
     </Position>
     <AltitudeMeters>175.36</AltitudeMeters>
     <DistanceMeters>61312.10580817039</DistanceMeters>
    </Trackpoint>
    <Trackpoint>
     <Time>2026-04-10T16:16:44+00:00</Time>
     <Position>
      <LatitudeDegrees>44.0073100</LatitudeDegrees>
      <LongitudeDegrees>4.4530800</LongitudeDegrees>
     </Position>
     <AltitudeMeters>175.36</AltitudeMeters>
     <DistanceMeters>61349.74374865596</DistanceMeters>
    </Trackpoint>
    <Trackpoint>
     <Time>2026-04-10T16:16:50+00:00</Time>
     <Position>
      <LatitudeDegrees>44.0072700</LatitudeDegrees>
      <LongitudeDegrees>4.4534700</LongitudeDegrees>
     </Position>
     <AltitudeMeters>175.36</AltitudeMeters>
     <DistanceMeters>61381.27889699514</DistanceMeters>
    </Trackpoint>
    <Trackpoint>
     <Time>2026-04-10T16:16:57+00:00</Time>
     <Position>
      <LatitudeDegrees>44.0071500</LatitudeDegrees>
      <LongitudeDegrees>4.4539800</LongitudeDegrees>
     </Position>
     <AltitudeMeters>175.36</AltitudeMeters>
     <DistanceMeters>61424.233257760454</DistanceMeters>
    </Trackpoint>
    <Trackpoint>
     <Time>2026-04-10T16:17:03+00:00</Time>
     <Position>
      <LatitudeDegrees>44.0069300</LatitudeDegrees>
      <LongitudeDegrees>4.4546800</LongitudeDegrees>
     </Position>
     <AltitudeMeters>176.78000000000003</AltitudeMeters>
     <DistanceMeters>61485.384152681305</DistanceMeters>
    </Trackpoint>
    <Trackpoint>
     <Time>2026-04-10T16:17:10+00:00</Time>
     <Position>
      <LatitudeDegrees>44.0068500</LatitudeDegrees>
      <LongitudeDegrees>4.4552000</LongitudeDegrees>
     </Position>
     <AltitudeMeters>177.21</AltitudeMeters>
     <DistanceMeters>61527.95179156023</DistanceMeters>
    </Trackpoint>
    <Trackpoint>
     <Time>2026-04-10T16:17:16+00:00</Time>
     <Position>
      <LatitudeDegrees>44.0068600</LatitudeDegrees>
      <LongitudeDegrees>4.4555600</LongitudeDegrees>
     </Position>
     <AltitudeMeters>177.21</AltitudeMeters>
     <DistanceMeters>61556.791332921515</DistanceMeters>
    </Trackpoint>
    <Trackpoint>
     <Time>2026-04-10T16:17:23+00:00</Time>
     <Position>
      <LatitudeDegrees>44.0069300</LatitudeDegrees>
      <LongitudeDegrees>4.4557500</LongitudeDegrees>
     </Position>
     <AltitudeMeters>177.21</AltitudeMeters>
     <DistanceMeters>61573.88005667836</DistanceMeters>
    </Trackpoint>
    <Trackpoint>
     <Time>2026-04-10T16:17:29+00:00</Time>
     <Position>
      <LatitudeDegrees>44.0071100</LatitudeDegrees>
      <LongitudeDegrees>4.4560100</LongitudeDegrees>
     </Position>
     <AltitudeMeters>177.21</AltitudeMeters>
     <DistanceMeters>61602.76794863469</DistanceMeters>
    </Trackpoint>
    <Trackpoint>
     <Time>2026-04-10T16:17:36+00:00</Time>
     <Position>
      <LatitudeDegrees>44.0077300</LatitudeDegrees>
      <LongitudeDegrees>4.4566350</LongitudeDegrees>
     </Position>
     <AltitudeMeters>178.14000000000001</AltitudeMeters>
     <DistanceMeters>61688.00009791531</DistanceMeters>
    </Trackpoint>
    <Trackpoint>
     <Time>2026-04-10T16:17:42+00:00</Time>
     <Position>
      <LatitudeDegrees>44.0083500</LatitudeDegrees>
      <LongitudeDegrees>4.4572600</LongitudeDegrees>
     </Position>
     <AltitudeMeters>178.14000000000001</AltitudeMeters>
     <DistanceMeters>61773.23226239277</DistanceMeters>
    </Trackpoint>
    <Trackpoint>
     <Time>2026-04-10T16:17:49+00:00</Time>
     <Position>
      <LatitudeDegrees>44.0088300</LatitudeDegrees>
      <LongitudeDegrees>4.4577300</LongitudeDegrees>
     </Position>
     <AltitudeMeters>178.14000000000001</AltitudeMeters>
     <DistanceMeters>61838.57246108538</DistanceMeters>
    </Trackpoint>
    <Trackpoint>
     <Time>2026-04-10T16:17:56+00:00</Time>
     <Position>
      <LatitudeDegrees>44.0093100</LatitudeDegrees>
      <LongitudeDegrees>4.4582000</LongitudeDegrees>
     </Position>
     <AltitudeMeters>178.14000000000001</AltitudeMeters>
     <DistanceMeters>61903.91265710196</DistanceMeters>
    </Trackpoint>
    <Trackpoint>
     <Time>2026-04-10T16:18:02+00:00</Time>
     <Position>
      <LatitudeDegrees>44.0098950</LatitudeDegrees>
      <LongitudeDegrees>4.4587100</LongitudeDegrees>
     </Position>
     <AltitudeMeters>180.45000000000002</AltitudeMeters>
     <DistanceMeters>61980.76058631623</DistanceMeters>
    </Trackpoint>
    <Trackpoint>
     <Time>2026-04-10T16:18:09+00:00</Time>
     <Position>
      <LatitudeDegrees>44.0104800</LatitudeDegrees>
      <LongitudeDegrees>4.4592200</LongitudeDegrees>
     </Position>
     <AltitudeMeters>180.45000000000002</AltitudeMeters>
     <DistanceMeters>62057.60853097977</DistanceMeters>
    </Trackpoint>
    <Trackpoint>
     <Time>2026-04-10T16:18:15+00:00</Time>
     <Position>
      <LatitudeDegrees>44.0108100</LatitudeDegrees>
      <LongitudeDegrees>4.4595800</LongitudeDegrees>
     </Position>
     <AltitudeMeters>180.51</AltitudeMeters>
     <DistanceMeters>62104.29138710268</DistanceMeters>
    </Trackpoint>
    <Trackpoint>
     <Time>2026-04-10T16:18:22+00:00</Time>
     <Position>
      <LatitudeDegrees>44.0112000</LatitudeDegrees>
      <LongitudeDegrees>4.4602700</LongitudeDegrees>
     </Position>
     <AltitudeMeters>181.15</AltitudeMeters>
     <DistanceMeters>62174.53707571012</DistanceMeters>
    </Trackpoint>
    <Trackpoint>
     <Time>2026-04-10T16:18:28+00:00</Time>
     <Position>
      <LatitudeDegrees>44.0111900</LatitudeDegrees>
      <LongitudeDegrees>4.4604000</LongitudeDegrees>
     </Position>
     <AltitudeMeters>181.03000000000003</AltitudeMeters>
     <DistanceMeters>62185.00218462866</DistanceMeters>
    </Trackpoint>
    <Trackpoint>
     <Time>2026-04-10T16:18:35+00:00</Time>
     <Position>
      <LatitudeDegrees>44.0112300</LatitudeDegrees>
      <LongitudeDegrees>4.4604700</LongitudeDegrees>
     </Position>
     <AltitudeMeters>181.01</AltitudeMeters>
     <DistanceMeters>62192.15854498033</DistanceMeters>
    </Trackpoint>
    <Trackpoint>
     <Time>2026-04-10T16:18:41+00:00</Time>
     <Position>
      <LatitudeDegrees>44.0113200</LatitudeDegrees>
      <LongitudeDegrees>4.4604900</LongitudeDegrees>
     </Position>
     <AltitudeMeters>181.18</AltitudeMeters>
     <DistanceMeters>62202.30227842848</DistanceMeters>
    </Trackpoint>
    <Trackpoint>
     <Time>2026-04-10T16:18:48+00:00</Time>
     <Position>
      <LatitudeDegrees>44.0113400</LatitudeDegrees>
      <LongitudeDegrees>4.4606100</LongitudeDegrees>
     </Position>
     <AltitudeMeters>181.18</AltitudeMeters>
     <DistanceMeters>62212.16211496508</DistanceMeters>
    </Trackpoint>
    <Trackpoint>
     <Time>2026-04-10T16:18:54+00:00</Time>
     <Position>
      <LatitudeDegrees>44.0116200</LatitudeDegrees>
      <LongitudeDegrees>4.4617100</LongitudeDegrees>
     </Position>
     <AltitudeMeters>181.73</AltitudeMeters>
     <DistanceMeters>62305.56246113245</DistanceMeters>
    </Trackpoint>
    <Trackpoint>
     <Time>2026-04-10T16:19:01+00:00</Time>
     <Position>
      <LatitudeDegrees>44.0118400</LatitudeDegrees>
      <LongitudeDegrees>4.4622500</LongitudeDegrees>
     </Position>
     <AltitudeMeters>181.73</AltitudeMeters>
     <DistanceMeters>62355.239332737</DistanceMeters>
    </Trackpoint>
    <Trackpoint>
     <Time>2026-04-10T16:19:07+00:00</Time>
     <Position>
      <LatitudeDegrees>44.0120800</LatitudeDegrees>
      <LongitudeDegrees>4.4627800</LongitudeDegrees>
     </Position>
     <AltitudeMeters>181.73</AltitudeMeters>
     <DistanceMeters>62405.370968261166</DistanceMeters>
    </Trackpoint>
    <Trackpoint>
     <Time>2026-04-10T16:19:14+00:00</Time>
     <Position>
      <LatitudeDegrees>44.0125100</LatitudeDegrees>
      <LongitudeDegrees>4.4636200</LongitudeDegrees>
     </Position>
     <AltitudeMeters>187.41000000000003</AltitudeMeters>
     <DistanceMeters>62487.89943096866</DistanceMeters>
    </Trackpoint>
    <Trackpoint>
     <Time>2026-04-10T16:19:20+00:00</Time>
     <Position>
      <LatitudeDegrees>44.0129400</LatitudeDegrees>
      <LongitudeDegrees>4.4644600</LongitudeDegrees>
     </Position>
     <AltitudeMeters>187.27</AltitudeMeters>
     <DistanceMeters>62570.4279128287</DistanceMeters>
    </Trackpoint>
    <Trackpoint>
     <Time>2026-04-10T16:19:27+00:00</Time>
     <Position>
      <LatitudeDegrees>44.0131000</LatitudeDegrees>
      <LongitudeDegrees>4.4648000</LongitudeDegrees>
     </Position>
     <AltitudeMeters>187.27</AltitudeMeters>
     <DistanceMeters>62602.9504333248</DistanceMeters>
    </Trackpoint>
    <Trackpoint>
     <Time>2026-04-10T16:19:33+00:00</Time>
     <Position>
      <LatitudeDegrees>44.0131500</LatitudeDegrees>
      <LongitudeDegrees>4.4650500</LongitudeDegrees>
     </Position>
     <AltitudeMeters>186.02</AltitudeMeters>
     <DistanceMeters>62623.720217229995</DistanceMeters>
    </Trackpoint>
    <Trackpoint>
     <Time>2026-04-10T16:19:40+00:00</Time>
     <Position>
      <LatitudeDegrees>44.0131300</LatitudeDegrees>
      <LongitudeDegrees>4.4658150</LongitudeDegrees>
     </Position>
     <AltitudeMeters>186.02</AltitudeMeters>
     <DistanceMeters>62684.9925574245</DistanceMeters>
    </Trackpoint>
    <Trackpoint>
     <Time>2026-04-10T16:19:47+00:00</Time>
     <Position>
      <LatitudeDegrees>44.0131100</LatitudeDegrees>
      <LongitudeDegrees>4.4665800</LongitudeDegrees>
     </Position>
     <AltitudeMeters>182.88000000000002</AltitudeMeters>
     <DistanceMeters>62746.26489712875</DistanceMeters>
    </Trackpoint>
    <Trackpoint>
     <Time>2026-04-10T16:19:53+00:00</Time>
     <Position>
      <LatitudeDegrees>44.0131400</LatitudeDegrees>
      <LongitudeDegrees>4.4668000</LongitudeDegrees>
     </Position>
     <AltitudeMeters>182.88000000000002</AltitudeMeters>
     <DistanceMeters>62764.187817087644</DistanceMeters>
    </Trackpoint>
    <Trackpoint>
     <Time>2026-04-10T16:20:00+00:00</Time>
     <Position>
      <LatitudeDegrees>44.0131000</LatitudeDegrees>
      <LongitudeDegrees>4.4668400</LongitudeDegrees>
     </Position>
     <AltitudeMeters>182.88000000000002</AltitudeMeters>
     <DistanceMeters>62769.67137841087</DistanceMeters>
    </Trackpoint>
    <Trackpoint>
     <Time>2026-04-10T16:20:06+00:00</Time>
     <Position>
      <LatitudeDegrees>44.0130800</LatitudeDegrees>
      <LongitudeDegrees>4.4669000</LongitudeDegrees>
     </Position>
     <AltitudeMeters>182.66000000000003</AltitudeMeters>
     <DistanceMeters>62774.96465184518</DistanceMeters>
    </Trackpoint>
    <Trackpoint>
     <Time>2026-04-10T16:20:13+00:00</Time>
     <Position>
      <LatitudeDegrees>44.0130900</LatitudeDegrees>
      <LongitudeDegrees>4.4669700</LongitudeDegrees>
     </Position>
     <AltitudeMeters>182.66000000000003</AltitudeMeters>
     <DistanceMeters>62780.677043291435</DistanceMeters>
    </Trackpoint>
    <Trackpoint>
     <Time>2026-04-10T16:20:19+00:00</Time>
     <Position>
      <LatitudeDegrees>44.0131200</LatitudeDegrees>
      <LongitudeDegrees>4.4670200</LongitudeDegrees>
     </Position>
     <AltitudeMeters>182.66000000000003</AltitudeMeters>
     <DistanceMeters>62785.88902471388</DistanceMeters>
    </Trackpoint>
    <Trackpoint>
     <Time>2026-04-10T16:20:26+00:00</Time>
     <Position>
      <LatitudeDegrees>44.0132000</LatitudeDegrees>
      <LongitudeDegrees>4.4670200</LongitudeDegrees>
     </Position>
     <AltitudeMeters>182.66000000000003</AltitudeMeters>
     <DistanceMeters>62794.79267906959</DistanceMeters>
    </Trackpoint>
    <Trackpoint>
     <Time>2026-04-10T16:20:32+00:00</Time>
     <Position>
      <LatitudeDegrees>44.0132400</LatitudeDegrees>
      <LongitudeDegrees>4.4669300</LongitudeDegrees>
     </Position>
     <AltitudeMeters>182.76</AltitudeMeters>
     <DistanceMeters>62803.26101157862</DistanceMeters>
    </Trackpoint>
    <Trackpoint>
     <Time>2026-04-10T16:20:39+00:00</Time>
     <Position>
      <LatitudeDegrees>44.0134000</LatitudeDegrees>
      <LongitudeDegrees>4.4669500</LongitudeDegrees>
     </Position>
     <AltitudeMeters>182.32</AltitudeMeters>
     <DistanceMeters>62821.14013057598</DistanceMeters>
    </Trackpoint>
    <Trackpoint>
     <Time>2026-04-10T16:20:45+00:00</Time>
     <Position>
      <LatitudeDegrees>44.0137100</LatitudeDegrees>
      <LongitudeDegrees>4.4668600</LongitudeDegrees>
     </Position>
     <AltitudeMeters>180.87</AltitudeMeters>
     <DistanceMeters>62856.38580960153</DistanceMeters>
    </Trackpoint>
    <Trackpoint>
     <Time>2026-04-10T16:20:52+00:00</Time>
     <Position>
      <LatitudeDegrees>44.0138300</LatitudeDegrees>
      <LongitudeDegrees>4.4668000</LongitudeDegrees>
     </Position>
     <AltitudeMeters>180.87</AltitudeMeters>
     <DistanceMeters>62870.57849822673</DistanceMeters>
    </Trackpoint>
    <Trackpoint>
     <Time>2026-04-10T16:20:58+00:00</Time>
     <Position>
      <LatitudeDegrees>44.0140200</LatitudeDegrees>
      <LongitudeDegrees>4.4665300</LongitudeDegrees>
     </Position>
     <AltitudeMeters>180.87</AltitudeMeters>
     <DistanceMeters>62900.81415264803</DistanceMeters>
    </Trackpoint>
    <Trackpoint>
     <Time>2026-04-10T16:21:05+00:00</Time>
     <Position>
      <LatitudeDegrees>44.0141900</LatitudeDegrees>
      <LongitudeDegrees>4.4663700</LongitudeDegrees>
     </Position>
     <AltitudeMeters>180.87</AltitudeMeters>
     <DistanceMeters>62923.661075232194</DistanceMeters>
    </Trackpoint>
    <Trackpoint>
     <Time>2026-04-10T16:21:11+00:00</Time>
     <Position>
      <LatitudeDegrees>44.0145100</LatitudeDegrees>
      <LongitudeDegrees>4.4661200</LongitudeDegrees>
     </Position>
     <AltitudeMeters>178.08</AltitudeMeters>
     <DistanceMeters>62964.51204259703</DistanceMeters>
    </Trackpoint>
    <Trackpoint>
     <Time>2026-04-10T16:21:18+00:00</Time>
     <Position>
      <LatitudeDegrees>44.0146500</LatitudeDegrees>
      <LongitudeDegrees>4.4660400</LongitudeDegrees>
     </Position>
     <AltitudeMeters>178.08</AltitudeMeters>
     <DistanceMeters>62981.35783059616</DistanceMeters>
    </Trackpoint>
    <Trackpoint>
     <Time>2026-04-10T16:21:24+00:00</Time>
     <Position>
      <LatitudeDegrees>44.0147600</LatitudeDegrees>
      <LongitudeDegrees>4.4660200</LongitudeDegrees>
     </Position>
     <AltitudeMeters>178.08</AltitudeMeters>
     <DistanceMeters>62993.704568824454</DistanceMeters>
    </Trackpoint>
    <Trackpoint>
     <Time>2026-04-10T16:21:31+00:00</Time>
     <Position>
      <LatitudeDegrees>44.0152600</LatitudeDegrees>
      <LongitudeDegrees>4.4660500</LongitudeDegrees>
     </Position>
     <AltitudeMeters>167.46</AltitudeMeters>
     <DistanceMeters>63049.40418915809</DistanceMeters>
    </Trackpoint>
    <Trackpoint>
     <Time>2026-04-10T16:21:37+00:00</Time>
     <Position>
      <LatitudeDegrees>44.0155700</LatitudeDegrees>
      <LongitudeDegrees>4.4661000</LongitudeDegrees>
     </Position>
     <AltitudeMeters>167.46</AltitudeMeters>
     <DistanceMeters>63084.13717107946</DistanceMeters>
    </Trackpoint>
    <Trackpoint>
     <Time>2026-04-10T16:21:44+00:00</Time>
     <Position>
      <LatitudeDegrees>44.0156400</LatitudeDegrees>
      <LongitudeDegrees>4.4661600</LongitudeDegrees>
     </Position>
     <AltitudeMeters>167.46</AltitudeMeters>
     <DistanceMeters>63093.289059661256</DistanceMeters>
    </Trackpoint>
    <Trackpoint>
     <Time>2026-04-10T16:21:51+00:00</Time>
     <Position>
      <LatitudeDegrees>44.0158100</LatitudeDegrees>
      <LongitudeDegrees>4.4667100</LongitudeDegrees>
     </Position>
     <AltitudeMeters>167.46</AltitudeMeters>
     <DistanceMeters>63141.2038307885</DistanceMeters>
    </Trackpoint>
    <Trackpoint>
     <Time>2026-04-10T16:21:57+00:00</Time>
     <Position>
      <LatitudeDegrees>44.0158100</LatitudeDegrees>
      <LongitudeDegrees>4.4668700</LongitudeDegrees>
     </Position>
     <AltitudeMeters>167.46</AltitudeMeters>
     <DistanceMeters>63154.00992285921</DistanceMeters>
    </Trackpoint>
    <Trackpoint>
     <Time>2026-04-10T16:22:04+00:00</Time>
     <Position>
      <LatitudeDegrees>44.0157500</LatitudeDegrees>
      <LongitudeDegrees>4.4669600</LongitudeDegrees>
     </Position>
     <AltitudeMeters>167.46</AltitudeMeters>
     <DistanceMeters>63163.83242924806</DistanceMeters>
    </Trackpoint>
    <Trackpoint>
     <Time>2026-04-10T16:22:10+00:00</Time>
     <Position>
      <LatitudeDegrees>44.0153700</LatitudeDegrees>
      <LongitudeDegrees>4.4672100</LongitudeDegrees>
     </Position>
     <AltitudeMeters>167.46</AltitudeMeters>
     <DistanceMeters>63210.619476409105</DistanceMeters>
    </Trackpoint>
    <Trackpoint>
     <Time>2026-04-10T16:22:17+00:00</Time>
     <Position>
      <LatitudeDegrees>44.0152600</LatitudeDegrees>
      <LongitudeDegrees>4.4673000</LongitudeDegrees>
     </Position>
     <AltitudeMeters>153.95</AltitudeMeters>
     <DistanceMeters>63224.82404031601</DistanceMeters>
    </Trackpoint>
    <Trackpoint>
     <Time>2026-04-10T16:22:23+00:00</Time>
     <Position>
      <LatitudeDegrees>44.0152200</LatitudeDegrees>
      <LongitudeDegrees>4.4674100</LongitudeDegrees>
     </Position>
     <AltitudeMeters>153.95</AltitudeMeters>
     <DistanceMeters>63234.689839168146</DistanceMeters>
    </Trackpoint>
    <Trackpoint>
     <Time>2026-04-10T16:22:30+00:00</Time>
     <Position>
      <LatitudeDegrees>44.0152400</LatitudeDegrees>
      <LongitudeDegrees>4.4674900</LongitudeDegrees>
     </Position>
     <AltitudeMeters>153.95</AltitudeMeters>
     <DistanceMeters>63241.468813416235</DistanceMeters>
    </Trackpoint>
    <Trackpoint>
     <Time>2026-04-10T16:22:36+00:00</Time>
     <Position>
      <LatitudeDegrees>44.0152900</LatitudeDegrees>
      <LongitudeDegrees>4.4675400</LongitudeDegrees>
     </Position>
     <AltitudeMeters>153.95</AltitudeMeters>
     <DistanceMeters>63248.32318055213</DistanceMeters>
    </Trackpoint>
    <Trackpoint>
     <Time>2026-04-10T16:22:43+00:00</Time>
     <Position>
      <LatitudeDegrees>44.0154300</LatitudeDegrees>
      <LongitudeDegrees>4.4675600</LongitudeDegrees>
     </Position>
     <AltitudeMeters>153.95</AltitudeMeters>
     <DistanceMeters>63263.98658855436</DistanceMeters>
    </Trackpoint>
    <Trackpoint>
     <Time>2026-04-10T16:22:49+00:00</Time>
     <Position>
      <LatitudeDegrees>44.0157800</LatitudeDegrees>
      <LongitudeDegrees>4.4675000</LongitudeDegrees>
     </Position>
     <AltitudeMeters>153.95</AltitudeMeters>
     <DistanceMeters>63303.234980983674</DistanceMeters>
    </Trackpoint>
    <Trackpoint>
     <Time>2026-04-10T16:22:56+00:00</Time>
     <Position>
      <LatitudeDegrees>44.0159400</LatitudeDegrees>
      <LongitudeDegrees>4.4674300</LongitudeDegrees>
     </Position>
     <AltitudeMeters>153.95</AltitudeMeters>
     <DistanceMeters>63321.902869155696</DistanceMeters>
    </Trackpoint>
    <Trackpoint>
     <Time>2026-04-10T16:23:02+00:00</Time>
     <Position>
      <LatitudeDegrees>44.0163300</LatitudeDegrees>
      <LongitudeDegrees>4.4673500</LongitudeDegrees>
     </Position>
     <AltitudeMeters>153.95</AltitudeMeters>
     <DistanceMeters>63365.77791807682</DistanceMeters>
    </Trackpoint>
    <Trackpoint>
     <Time>2026-04-10T16:23:09+00:00</Time>
     <Position>
      <LatitudeDegrees>44.0164400</LatitudeDegrees>
      <LongitudeDegrees>4.4673900</LongitudeDegrees>
     </Position>
     <AltitudeMeters>153.95</AltitudeMeters>
     <DistanceMeters>63378.432125394014</DistanceMeters>
    </Trackpoint>
    <Trackpoint>
     <Time>2026-04-10T16:23:15+00:00</Time>
     <Position>
      <LatitudeDegrees>44.0166800</LatitudeDegrees>
      <LongitudeDegrees>4.4675300</LongitudeDegrees>
     </Position>
     <AltitudeMeters>149.56</AltitudeMeters>
     <DistanceMeters>63407.39817111627</DistanceMeters>
    </Trackpoint>
    <Trackpoint>
     <Time>2026-04-10T16:23:22+00:00</Time>
     <Position>
      <LatitudeDegrees>44.0168100</LatitudeDegrees>
      <LongitudeDegrees>4.4675700</LongitudeDegrees>
     </Position>
     <AltitudeMeters>149.56</AltitudeMeters>
     <DistanceMeters>63422.21657636292</DistanceMeters>
    </Trackpoint>
    <Trackpoint>
     <Time>2026-04-10T16:23:28+00:00</Time>
     <Position>
      <LatitudeDegrees>44.0169500</LatitudeDegrees>
      <LongitudeDegrees>4.4675600</LongitudeDegrees>
     </Position>
     <AltitudeMeters>147.84</AltitudeMeters>
     <DistanceMeters>63437.81851406803</DistanceMeters>
    </Trackpoint>
    <Trackpoint>
     <Time>2026-04-10T16:23:35+00:00</Time>
     <Position>
      <LatitudeDegrees>44.0172900</LatitudeDegrees>
      <LongitudeDegrees>4.4675700</LongitudeDegrees>
     </Position>
     <AltitudeMeters>147.9</AltitudeMeters>
     <DistanceMeters>63475.667508350154</DistanceMeters>
    </Trackpoint>
    <Trackpoint>
     <Time>2026-04-10T16:23:41+00:00</Time>
     <Position>
      <LatitudeDegrees>44.0174900</LatitudeDegrees>
      <LongitudeDegrees>4.4676400</LongitudeDegrees>
     </Position>
     <AltitudeMeters>147.9</AltitudeMeters>
     <DistanceMeters>63498.62088099962</DistanceMeters>
    </Trackpoint>
    <Trackpoint>
     <Time>2026-04-10T16:23:48+00:00</Time>
     <Position>
      <LatitudeDegrees>44.0175600</LatitudeDegrees>
      <LongitudeDegrees>4.4676900</LongitudeDegrees>
     </Position>
     <AltitudeMeters>147.9</AltitudeMeters>
     <DistanceMeters>63507.3792641793</DistanceMeters>
    </Trackpoint>
    <Trackpoint>
     <Time>2026-04-10T16:23:55+00:00</Time>
     <Position>
      <LatitudeDegrees>44.0176200</LatitudeDegrees>
      <LongitudeDegrees>4.4678100</LongitudeDegrees>
     </Position>
     <AltitudeMeters>147.9</AltitudeMeters>
     <DistanceMeters>63519.07688916632</DistanceMeters>
    </Trackpoint>
    <Trackpoint>
     <Time>2026-04-10T16:24:01+00:00</Time>
     <Position>
      <LatitudeDegrees>44.0177700</LatitudeDegrees>
      <LongitudeDegrees>4.4679600</LongitudeDegrees>
     </Position>
     <AltitudeMeters>133.04000000000002</AltitudeMeters>
     <DistanceMeters>63539.639703331806</DistanceMeters>
    </Trackpoint>
    <Trackpoint>
     <Time>2026-04-10T16:24:08+00:00</Time>
     <Position>
      <LatitudeDegrees>44.0179300</LatitudeDegrees>
      <LongitudeDegrees>4.4680300</LongitudeDegrees>
     </Position>
     <AltitudeMeters>133.04000000000002</AltitudeMeters>
     <DistanceMeters>63558.30753507553</DistanceMeters>
    </Trackpoint>
    <Trackpoint>
     <Time>2026-04-10T16:24:14+00:00</Time>
     <Position>
      <LatitudeDegrees>44.0181500</LatitudeDegrees>
      <LongitudeDegrees>4.4680900</LongitudeDegrees>
     </Position>
     <AltitudeMeters>133.04000000000002</AltitudeMeters>
     <DistanceMeters>63583.25904505011</DistanceMeters>
    </Trackpoint>
    <Trackpoint>
     <Time>2026-04-10T16:24:21+00:00</Time>
     <Position>
      <LatitudeDegrees>44.0182400</LatitudeDegrees>
      <LongitudeDegrees>4.4680700</LongitudeDegrees>
     </Position>
     <AltitudeMeters>133.04000000000002</AltitudeMeters>
     <DistanceMeters>63593.402749019035</DistanceMeters>
    </Trackpoint>
    <Trackpoint>
     <Time>2026-04-10T16:24:27+00:00</Time>
     <Position>
      <LatitudeDegrees>44.0188600</LatitudeDegrees>
      <LongitudeDegrees>4.4680300</LongitudeDegrees>
     </Position>
     <AltitudeMeters>133.04000000000002</AltitudeMeters>
     <DistanceMeters>63662.48029001523</DistanceMeters>
    </Trackpoint>
    <Trackpoint>
     <Time>2026-04-10T16:24:34+00:00</Time>
     <Position>
      <LatitudeDegrees>44.0194800</LatitudeDegrees>
      <LongitudeDegrees>4.4679900</LongitudeDegrees>
     </Position>
     <AltitudeMeters>133.04000000000002</AltitudeMeters>
     <DistanceMeters>63731.557836355016</DistanceMeters>
    </Trackpoint>
    <Trackpoint>
     <Time>2026-04-10T16:24:40+00:00</Time>
     <Position>
      <LatitudeDegrees>44.0200300</LatitudeDegrees>
      <LongitudeDegrees>4.4680300</LongitudeDegrees>
     </Position>
     <AltitudeMeters>112.32000000000001</AltitudeMeters>
     <DistanceMeters>63792.85411426173</DistanceMeters>
    </Trackpoint>
    <Trackpoint>
     <Time>2026-04-10T16:24:47+00:00</Time>
     <Position>
      <LatitudeDegrees>44.0206400</LatitudeDegrees>
      <LongitudeDegrees>4.4681500</LongitudeDegrees>
     </Position>
     <AltitudeMeters>112.32000000000001</AltitudeMeters>
     <DistanceMeters>63861.42037777259</DistanceMeters>
    </Trackpoint>
    <Trackpoint>
     <Time>2026-04-10T16:24:53+00:00</Time>
     <Position>
      <LatitudeDegrees>44.0212500</LatitudeDegrees>
      <LongitudeDegrees>4.4682700</LongitudeDegrees>
     </Position>
     <AltitudeMeters>112.32000000000001</AltitudeMeters>
     <DistanceMeters>63929.9866412865</DistanceMeters>
    </Trackpoint>
    <Trackpoint>
     <Time>2026-04-10T16:25:00+00:00</Time>
     <Position>
      <LatitudeDegrees>44.0218600</LatitudeDegrees>
      <LongitudeDegrees>4.4683900</LongitudeDegrees>
     </Position>
     <AltitudeMeters>112.32000000000001</AltitudeMeters>
     <DistanceMeters>63998.5529237104</DistanceMeters>
    </Trackpoint>
    <Trackpoint>
     <Time>2026-04-10T16:25:06+00:00</Time>
     <Position>
      <LatitudeDegrees>44.0221000</LatitudeDegrees>
      <LongitudeDegrees>4.4684900</LongitudeDegrees>
     </Position>
     <AltitudeMeters>112.32000000000001</AltitudeMeters>
     <DistanceMeters>64026.43702584841</DistanceMeters>
    </Trackpoint>
    <Trackpoint>
     <Time>2026-04-10T16:25:13+00:00</Time>
     <Position>
      <LatitudeDegrees>44.0226000</LatitudeDegrees>
      <LongitudeDegrees>4.4688200</LongitudeDegrees>
     </Position>
     <AltitudeMeters>110.85000000000001</AltitudeMeters>
     <DistanceMeters>64088.033712195676</DistanceMeters>
    </Trackpoint>
    <Trackpoint>
     <Time>2026-04-10T16:25:19+00:00</Time>
     <Position>
      <LatitudeDegrees>44.0224100</LatitudeDegrees>
      <LongitudeDegrees>4.4700300</LongitudeDegrees>
     </Position>
     <AltitudeMeters>110.85000000000001</AltitudeMeters>
     <DistanceMeters>64187.1508375409</DistanceMeters>
    </Trackpoint>
    <Trackpoint>
     <Time>2026-04-10T16:25:26+00:00</Time>
     <Position>
      <LatitudeDegrees>44.0223550</LatitudeDegrees>
      <LongitudeDegrees>4.4707250</LongitudeDegrees>
     </Position>
     <AltitudeMeters>110.85000000000001</AltitudeMeters>
     <DistanceMeters>64243.10697885715</DistanceMeters>
    </Trackpoint>
    <Trackpoint>
     <Time>2026-04-10T16:25:32+00:00</Time>
     <Position>
      <LatitudeDegrees>44.0223000</LatitudeDegrees>
      <LongitudeDegrees>4.4714200</LongitudeDegrees>
     </Position>
     <AltitudeMeters>110.85000000000001</AltitudeMeters>
     <DistanceMeters>64299.063126696936</DistanceMeters>
    </Trackpoint>
    <Trackpoint>
     <Time>2026-04-10T16:25:39+00:00</Time>
     <Position>
      <LatitudeDegrees>44.0221625</LatitudeDegrees>
      <LongitudeDegrees>4.4723375</LongitudeDegrees>
     </Position>
     <AltitudeMeters>114.19000000000001</AltitudeMeters>
     <DistanceMeters>64374.06810343858</DistanceMeters>
    </Trackpoint>
    <Trackpoint>
     <Time>2026-04-10T16:25:46+00:00</Time>
     <Position>
      <LatitudeDegrees>44.0220250</LatitudeDegrees>
      <LongitudeDegrees>4.4732550</LongitudeDegrees>
     </Position>
     <AltitudeMeters>114.19000000000001</AltitudeMeters>
     <DistanceMeters>64449.073080180155</DistanceMeters>
    </Trackpoint>
    <Trackpoint>
     <Time>2026-04-10T16:25:52+00:00</Time>
     <Position>
      <LatitudeDegrees>44.0218875</LatitudeDegrees>
      <LongitudeDegrees>4.4741725</LongitudeDegrees>
     </Position>
     <AltitudeMeters>114.19000000000001</AltitudeMeters>
     <DistanceMeters>64524.078056921746</DistanceMeters>
    </Trackpoint>
    <Trackpoint>
     <Time>2026-04-10T16:25:59+00:00</Time>
     <Position>
      <LatitudeDegrees>44.0217500</LatitudeDegrees>
      <LongitudeDegrees>4.4750900</LongitudeDegrees>
     </Position>
     <AltitudeMeters>114.19000000000001</AltitudeMeters>
     <DistanceMeters>64599.08301251254</DistanceMeters>
    </Trackpoint>
    <Trackpoint>
     <Time>2026-04-10T16:26:05+00:00</Time>
     <Position>
      <LatitudeDegrees>44.0216400</LatitudeDegrees>
      <LongitudeDegrees>4.4754800</LongitudeDegrees>
     </Position>
     <AltitudeMeters>114.19000000000001</AltitudeMeters>
     <DistanceMeters>64632.60990973173</DistanceMeters>
    </Trackpoint>
    <Trackpoint>
     <Time>2026-04-10T16:26:12+00:00</Time>
     <Position>
      <LatitudeDegrees>44.0213800</LatitudeDegrees>
      <LongitudeDegrees>4.4760250</LongitudeDegrees>
     </Position>
     <AltitudeMeters>115.16000000000001</AltitudeMeters>
     <DistanceMeters>64684.9525560883</DistanceMeters>
    </Trackpoint>
    <Trackpoint>
     <Time>2026-04-10T16:26:18+00:00</Time>
     <Position>
      <LatitudeDegrees>44.0211200</LatitudeDegrees>
      <LongitudeDegrees>4.4765700</LongitudeDegrees>
     </Position>
     <AltitudeMeters>115.16000000000001</AltitudeMeters>
     <DistanceMeters>64737.29525347215</DistanceMeters>
    </Trackpoint>
    <Trackpoint>
     <Time>2026-04-10T16:26:25+00:00</Time>
     <Position>
      <LatitudeDegrees>44.0209400</LatitudeDegrees>
      <LongitudeDegrees>4.4772300</LongitudeDegrees>
     </Position>
     <AltitudeMeters>115.16000000000001</AltitudeMeters>
     <DistanceMeters>64793.787138232874</DistanceMeters>
    </Trackpoint>
    <Trackpoint>
     <Time>2026-04-10T16:26:31+00:00</Time>
     <Position>
      <LatitudeDegrees>44.0208000</LatitudeDegrees>
      <LongitudeDegrees>4.4783000</LongitudeDegrees>
     </Position>
     <AltitudeMeters>116.85000000000001</AltitudeMeters>
     <DistanceMeters>64880.826581330635</DistanceMeters>
    </Trackpoint>
    <Trackpoint>
     <Time>2026-04-10T16:26:38+00:00</Time>
     <Position>
      <LatitudeDegrees>44.0206400</LatitudeDegrees>
      <LongitudeDegrees>4.4794700</LongitudeDegrees>
     </Position>
     <AltitudeMeters>116.85000000000001</AltitudeMeters>
     <DistanceMeters>64976.14158248246</DistanceMeters>
    </Trackpoint>
    <Trackpoint>
     <Time>2026-04-10T16:26:44+00:00</Time>
     <Position>
      <LatitudeDegrees>44.0204400</LatitudeDegrees>
      <LongitudeDegrees>4.4804250</LongitudeDegrees>
     </Position>
     <AltitudeMeters>123.4</AltitudeMeters>
     <DistanceMeters>65055.74733277292</DistanceMeters>
    </Trackpoint>
    <Trackpoint>
     <Time>2026-04-10T16:26:51+00:00</Time>
     <Position>
      <LatitudeDegrees>44.0202400</LatitudeDegrees>
      <LongitudeDegrees>4.4813800</LongitudeDegrees>
     </Position>
     <AltitudeMeters>123.4</AltitudeMeters>
     <DistanceMeters>65135.35306714955</DistanceMeters>
    </Trackpoint>
    <Trackpoint>
     <Time>2026-04-10T16:26:57+00:00</Time>
     <Position>
      <LatitudeDegrees>44.0200500</LatitudeDegrees>
      <LongitudeDegrees>4.4825600</LongitudeDegrees>
     </Position>
     <AltitudeMeters>124.96000000000001</AltitudeMeters>
     <DistanceMeters>65232.12962084444</DistanceMeters>
    </Trackpoint>
    <Trackpoint>
     <Time>2026-04-10T16:27:04+00:00</Time>
     <Position>
      <LatitudeDegrees>44.0200300</LatitudeDegrees>
      <LongitudeDegrees>4.4834400</LongitudeDegrees>
     </Position>
     <AltitudeMeters>124.96000000000001</AltitudeMeters>
     <DistanceMeters>65302.593269317076</DistanceMeters>
    </Trackpoint>
    <Trackpoint>
     <Time>2026-04-10T16:27:10+00:00</Time>
     <Position>
      <LatitudeDegrees>44.0200400</LatitudeDegrees>
      <LongitudeDegrees>4.4839400</LongitudeDegrees>
     </Position>
     <AltitudeMeters>125.25</AltitudeMeters>
     <DistanceMeters>65342.62492975304</DistanceMeters>
    </Trackpoint>
    <Trackpoint>
     <Time>2026-04-10T16:27:17+00:00</Time>
     <Position>
      <LatitudeDegrees>44.0201400</LatitudeDegrees>
      <LongitudeDegrees>4.4846550</LongitudeDegrees>
     </Position>
     <AltitudeMeters>125.25</AltitudeMeters>
     <DistanceMeters>65400.92025668978</DistanceMeters>
    </Trackpoint>
    <Trackpoint>
     <Time>2026-04-10T16:27:23+00:00</Time>
     <Position>
      <LatitudeDegrees>44.0202400</LatitudeDegrees>
      <LongitudeDegrees>4.4853700</LongitudeDegrees>
     </Position>
     <AltitudeMeters>125.25</AltitudeMeters>
     <DistanceMeters>65459.215566878964</DistanceMeters>
    </Trackpoint>
    <Trackpoint>
     <Time>2026-04-10T16:27:30+00:00</Time>
     <Position>
      <LatitudeDegrees>44.0203700</LatitudeDegrees>
      <LongitudeDegrees>4.4864050</LongitudeDegrees>
     </Position>
     <AltitudeMeters>125.68</AltitudeMeters>
     <DistanceMeters>65543.30270911966</DistanceMeters>
    </Trackpoint>
    <Trackpoint>
     <Time>2026-04-10T16:27:36+00:00</Time>
     <Position>
      <LatitudeDegrees>44.0205000</LatitudeDegrees>
      <LongitudeDegrees>4.4874400</LongitudeDegrees>
     </Position>
     <AltitudeMeters>125.68</AltitudeMeters>
     <DistanceMeters>65627.38985529507</DistanceMeters>
    </Trackpoint>
    <Trackpoint>
     <Time>2026-04-10T16:27:43+00:00</Time>
     <Position>
      <LatitudeDegrees>44.0204250</LatitudeDegrees>
      <LongitudeDegrees>4.4882000</LongitudeDegrees>
     </Position>
     <AltitudeMeters>128.19</AltitudeMeters>
     <DistanceMeters>65688.78414291995</DistanceMeters>
    </Trackpoint>
    <Trackpoint>
     <Time>2026-04-10T16:27:50+00:00</Time>
     <Position>
      <LatitudeDegrees>44.0203500</LatitudeDegrees>
      <LongitudeDegrees>4.4889600</LongitudeDegrees>
     </Position>
     <AltitudeMeters>128.19</AltitudeMeters>
     <DistanceMeters>65750.1784382032</DistanceMeters>
    </Trackpoint>
    <Trackpoint>
     <Time>2026-04-10T16:27:56+00:00</Time>
     <Position>
      <LatitudeDegrees>44.0203800</LatitudeDegrees>
      <LongitudeDegrees>4.4898100</LongitudeDegrees>
     </Position>
     <AltitudeMeters>130.56</AltitudeMeters>
     <DistanceMeters>65818.28746525466</DistanceMeters>
    </Trackpoint>
    <Trackpoint>
     <Time>2026-04-10T16:28:03+00:00</Time>
     <Position>
      <LatitudeDegrees>44.0202600</LatitudeDegrees>
      <LongitudeDegrees>4.4907500</LongitudeDegrees>
     </Position>
     <AltitudeMeters>130.56</AltitudeMeters>
     <DistanceMeters>65894.69382693972</DistanceMeters>
    </Trackpoint>
    <Trackpoint>
     <Time>2026-04-10T16:28:09+00:00</Time>
     <Position>
      <LatitudeDegrees>44.0202100</LatitudeDegrees>
      <LongitudeDegrees>4.4916600</LongitudeDegrees>
     </Position>
     <AltitudeMeters>132.5</AltitudeMeters>
     <DistanceMeters>65967.73532979269</DistanceMeters>
    </Trackpoint>
    <Trackpoint>
     <Time>2026-04-10T16:28:16+00:00</Time>
     <Position>
      <LatitudeDegrees>44.0200600</LatitudeDegrees>
      <LongitudeDegrees>4.4924700</LongitudeDegrees>
     </Position>
     <AltitudeMeters>132.5</AltitudeMeters>
     <DistanceMeters>66034.67654459782</DistanceMeters>
    </Trackpoint>
    <Trackpoint>
     <Time>2026-04-10T16:28:22+00:00</Time>
     <Position>
      <LatitudeDegrees>44.0198450</LatitudeDegrees>
      <LongitudeDegrees>4.4931500</LongitudeDegrees>
     </Position>
     <AltitudeMeters>139.40000000000003</AltitudeMeters>
     <DistanceMeters>66094.12696085659</DistanceMeters>
    </Trackpoint>
    <Trackpoint>
     <Time>2026-04-10T16:28:29+00:00</Time>
     <Position>
      <LatitudeDegrees>44.0196300</LatitudeDegrees>
      <LongitudeDegrees>4.4938300</LongitudeDegrees>
     </Position>
     <AltitudeMeters>139.40000000000003</AltitudeMeters>
     <DistanceMeters>66153.57736095098</DistanceMeters>
    </Trackpoint>
    <Trackpoint>
     <Time>2026-04-10T16:28:35+00:00</Time>
     <Position>
      <LatitudeDegrees>44.0195250</LatitudeDegrees>
      <LongitudeDegrees>4.4944400</LongitudeDegrees>
     </Position>
     <AltitudeMeters>140.61</AltitudeMeters>
     <DistanceMeters>66203.77668351094</DistanceMeters>
    </Trackpoint>
    <Trackpoint>
     <Time>2026-04-10T16:28:42+00:00</Time>
     <Position>
      <LatitudeDegrees>44.0194200</LatitudeDegrees>
      <LongitudeDegrees>4.4950500</LongitudeDegrees>
     </Position>
     <AltitudeMeters>140.84000000000003</AltitudeMeters>
     <DistanceMeters>66253.97601441262</DistanceMeters>
    </Trackpoint>
    <Trackpoint>
     <Time>2026-04-10T16:28:48+00:00</Time>
     <Position>
      <LatitudeDegrees>44.0192800</LatitudeDegrees>
      <LongitudeDegrees>4.4955100</LongitudeDegrees>
     </Position>
     <AltitudeMeters>140.84000000000003</AltitudeMeters>
     <DistanceMeters>66293.95285043726</DistanceMeters>
    </Trackpoint>
    <Trackpoint>
     <Time>2026-04-10T16:28:55+00:00</Time>
     <Position>
      <LatitudeDegrees>44.0192100</LatitudeDegrees>
      <LongitudeDegrees>4.4958800</LongitudeDegrees>
     </Position>
     <AltitudeMeters>140.39000000000001</AltitudeMeters>
     <DistanceMeters>66324.57290216682</DistanceMeters>
    </Trackpoint>
    <Trackpoint>
     <Time>2026-04-10T16:29:01+00:00</Time>
     <Position>
      <LatitudeDegrees>44.0192200</LatitudeDegrees>
      <LongitudeDegrees>4.4962500</LongitudeDegrees>
     </Position>
     <AltitudeMeters>140.39000000000001</AltitudeMeters>
     <DistanceMeters>66354.20619694871</DistanceMeters>
    </Trackpoint>
    <Trackpoint>
     <Time>2026-04-10T16:29:08+00:00</Time>
     <Position>
      <LatitudeDegrees>44.0192800</LatitudeDegrees>
      <LongitudeDegrees>4.4968400</LongitudeDegrees>
     </Position>
     <AltitudeMeters>140.39000000000001</AltitudeMeters>
     <DistanceMeters>66401.89576236557</DistanceMeters>
    </Trackpoint>
    <Trackpoint>
     <Time>2026-04-10T16:29:14+00:00</Time>
     <Position>
      <LatitudeDegrees>44.0192600</LatitudeDegrees>
      <LongitudeDegrees>4.4974500</LongitudeDegrees>
     </Position>
     <AltitudeMeters>140.39000000000001</AltitudeMeters>
     <DistanceMeters>66450.76685727536</DistanceMeters>
    </Trackpoint>
    <Trackpoint>
     <Time>2026-04-10T16:29:21+00:00</Time>
     <Position>
      <LatitudeDegrees>44.0191600</LatitudeDegrees>
      <LongitudeDegrees>4.4982500</LongitudeDegrees>
     </Position>
     <AltitudeMeters>144.06000000000003</AltitudeMeters>
     <DistanceMeters>66515.75375583676</DistanceMeters>
    </Trackpoint>
    <Trackpoint>
     <Time>2026-04-10T16:29:27+00:00</Time>
     <Position>
      <LatitudeDegrees>44.0191300</LatitudeDegrees>
      <LongitudeDegrees>4.4990350</LongitudeDegrees>
     </Position>
     <AltitudeMeters>144.06000000000003</AltitudeMeters>
     <DistanceMeters>66578.66877623198</DistanceMeters>
    </Trackpoint>
    <Trackpoint>
     <Time>2026-04-10T16:29:34+00:00</Time>
     <Position>
      <LatitudeDegrees>44.0191000</LatitudeDegrees>
      <LongitudeDegrees>4.4998200</LongitudeDegrees>
     </Position>
     <AltitudeMeters>144.06000000000003</AltitudeMeters>
     <DistanceMeters>66641.58381585016</DistanceMeters>
    </Trackpoint>
    <Trackpoint>
     <Time>2026-04-10T16:29:40+00:00</Time>
     <Position>
      <LatitudeDegrees>44.0190300</LatitudeDegrees>
      <LongitudeDegrees>4.5009900</LongitudeDegrees>
     </Position>
     <AltitudeMeters>146.77</AltitudeMeters>
     <DistanceMeters>66735.54675357521</DistanceMeters>
    </Trackpoint>
    <Trackpoint>
     <Time>2026-04-10T16:29:47+00:00</Time>
     <Position>
      <LatitudeDegrees>44.0190600</LatitudeDegrees>
      <LongitudeDegrees>4.5018200</LongitudeDegrees>
     </Position>
     <AltitudeMeters>146.77</AltitudeMeters>
     <DistanceMeters>66802.05858987237</DistanceMeters>
    </Trackpoint>
    <Trackpoint>
     <Time>2026-04-10T16:29:54+00:00</Time>
     <Position>
      <LatitudeDegrees>44.0191400</LatitudeDegrees>
      <LongitudeDegrees>4.5023400</LongitudeDegrees>
     </Position>
     <AltitudeMeters>148.45</AltitudeMeters>
     <DistanceMeters>66844.61784898877</DistanceMeters>
    </Trackpoint>
    <Trackpoint>
     <Time>2026-04-10T16:30:00+00:00</Time>
     <Position>
      <LatitudeDegrees>44.0192000</LatitudeDegrees>
      <LongitudeDegrees>4.5024400</LongitudeDegrees>
     </Position>
     <AltitudeMeters>148.45</AltitudeMeters>
     <DistanceMeters>66855.04118325711</DistanceMeters>
    </Trackpoint>
    <Trackpoint>
     <Time>2026-04-10T16:30:07+00:00</Time>
     <Position>
      <LatitudeDegrees>44.0194500</LatitudeDegrees>
      <LongitudeDegrees>4.5025100</LongitudeDegrees>
     </Position>
     <AltitudeMeters>148.45</AltitudeMeters>
     <DistanceMeters>66883.4235132055</DistanceMeters>
    </Trackpoint>
    <Trackpoint>
     <Time>2026-04-10T16:30:13+00:00</Time>
     <Position>
      <LatitudeDegrees>44.0200600</LatitudeDegrees>
      <LongitudeDegrees>4.5028000</LongitudeDegrees>
     </Position>
     <AltitudeMeters>151.33</AltitudeMeters>
     <DistanceMeters>66955.1715610357</DistanceMeters>
    </Trackpoint>
    <Trackpoint>
     <Time>2026-04-10T16:30:20+00:00</Time>
     <Position>
      <LatitudeDegrees>44.0204200</LatitudeDegrees>
      <LongitudeDegrees>4.5030100</LongitudeDegrees>
     </Position>
     <AltitudeMeters>151.33</AltitudeMeters>
     <DistanceMeters>66998.620226107</DistanceMeters>
    </Trackpoint>
    <Trackpoint>
     <Time>2026-04-10T16:30:26+00:00</Time>
     <Position>
      <LatitudeDegrees>44.0208100</LatitudeDegrees>
      <LongitudeDegrees>4.5033300</LongitudeDegrees>
     </Position>
     <AltitudeMeters>153.56</AltitudeMeters>
     <DistanceMeters>67049.01763710854</DistanceMeters>
    </Trackpoint>
    <Trackpoint>
     <Time>2026-04-10T16:30:33+00:00</Time>
     <Position>
      <LatitudeDegrees>44.0208700</LatitudeDegrees>
      <LongitudeDegrees>4.5034300</LongitudeDegrees>
     </Position>
     <AltitudeMeters>153.56</AltitudeMeters>
     <DistanceMeters>67059.44079828993</DistanceMeters>
    </Trackpoint>
    <Trackpoint>
     <Time>2026-04-10T16:30:39+00:00</Time>
     <Position>
      <LatitudeDegrees>44.0208200</LatitudeDegrees>
      <LongitudeDegrees>4.5036200</LongitudeDegrees>
     </Position>
     <AltitudeMeters>153.56</AltitudeMeters>
     <DistanceMeters>67075.63300396145</DistanceMeters>
    </Trackpoint>
    <Trackpoint>
     <Time>2026-04-10T16:30:46+00:00</Time>
     <Position>
      <LatitudeDegrees>44.0205500</LatitudeDegrees>
      <LongitudeDegrees>4.5042550</LongitudeDegrees>
     </Position>
     <AltitudeMeters>154.95</AltitudeMeters>
     <DistanceMeters>67134.6726209999</DistanceMeters>
    </Trackpoint>
    <Trackpoint>
     <Time>2026-04-10T16:30:52+00:00</Time>
     <Position>
      <LatitudeDegrees>44.0202800</LatitudeDegrees>
      <LongitudeDegrees>4.5048900</LongitudeDegrees>
     </Position>
     <AltitudeMeters>155.22000000000003</AltitudeMeters>
     <DistanceMeters>67193.71224164756</DistanceMeters>
    </Trackpoint>
    <Trackpoint>
     <Time>2026-04-10T16:30:59+00:00</Time>
     <Position>
      <LatitudeDegrees>44.0199900</LatitudeDegrees>
      <LongitudeDegrees>4.5057600</LongitudeDegrees>
     </Position>
     <AltitudeMeters>155.97000000000003</AltitudeMeters>
     <DistanceMeters>67270.45720065405</DistanceMeters>
    </Trackpoint>
    <Trackpoint>
     <Time>2026-04-10T16:31:05+00:00</Time>
     <Position>
      <LatitudeDegrees>44.0197900</LatitudeDegrees>
      <LongitudeDegrees>4.5062400</LongitudeDegrees>
     </Position>
     <AltitudeMeters>159.35999999999999</AltitudeMeters>
     <DistanceMeters>67314.85573635386</DistanceMeters>
    </Trackpoint>
    <Trackpoint>
     <Time>2026-04-10T16:31:12+00:00</Time>
     <Position>
      <LatitudeDegrees>44.0196700</LatitudeDegrees>
      <LongitudeDegrees>4.5064400</LongitudeDegrees>
     </Position>
     <AltitudeMeters>161.05</AltitudeMeters>
     <DistanceMeters>67335.70228880834</DistanceMeters>
    </Trackpoint>
    <Trackpoint>
     <Time>2026-04-10T16:31:18+00:00</Time>
     <Position>
      <LatitudeDegrees>44.0197100</LatitudeDegrees>
      <LongitudeDegrees>4.5065200</LongitudeDegrees>
     </Position>
     <AltitudeMeters>161.05</AltitudeMeters>
     <DistanceMeters>67343.5005192803</DistanceMeters>
    </Trackpoint>
    <Trackpoint>
     <Time>2026-04-10T16:31:25+00:00</Time>
     <Position>
      <LatitudeDegrees>44.0201300</LatitudeDegrees>
      <LongitudeDegrees>4.5070300</LongitudeDegrees>
     </Position>
     <AltitudeMeters>163.57000000000002</AltitudeMeters>
     <DistanceMeters>67405.55704848774</DistanceMeters>
    </Trackpoint>
    <Trackpoint>
     <Time>2026-04-10T16:31:31+00:00</Time>
     <Position>
      <LatitudeDegrees>44.0208400</LatitudeDegrees>
      <LongitudeDegrees>4.5076900</LongitudeDegrees>
     </Position>
     <AltitudeMeters>168.03</AltitudeMeters>
     <DistanceMeters>67500.60547855867</DistanceMeters>
    </Trackpoint>
    <Trackpoint>
     <Time>2026-04-10T16:31:38+00:00</Time>
     <Position>
      <LatitudeDegrees>44.0209400</LatitudeDegrees>
      <LongitudeDegrees>4.5078300</LongitudeDegrees>
     </Position>
     <AltitudeMeters>170.23000000000002</AltitudeMeters>
     <DistanceMeters>67516.39804651718</DistanceMeters>
    </Trackpoint>
    <Trackpoint>
     <Time>2026-04-10T16:31:45+00:00</Time>
     <Position>
      <LatitudeDegrees>44.0209700</LatitudeDegrees>
      <LongitudeDegrees>4.5079700</LongitudeDegrees>
     </Position>
     <AltitudeMeters>170.23000000000002</AltitudeMeters>
     <DistanceMeters>67528.08931250015</DistanceMeters>
    </Trackpoint>
    <Trackpoint>
     <Time>2026-04-10T16:31:51+00:00</Time>
     <Position>
      <LatitudeDegrees>44.0209500</LatitudeDegrees>
      <LongitudeDegrees>4.5081000</LongitudeDegrees>
     </Position>
     <AltitudeMeters>170.23000000000002</AltitudeMeters>
     <DistanceMeters>67538.72880810937</DistanceMeters>
    </Trackpoint>
    <Trackpoint>
     <Time>2026-04-10T16:31:58+00:00</Time>
     <Position>
      <LatitudeDegrees>44.0205800</LatitudeDegrees>
      <LongitudeDegrees>4.5084400</LongitudeDegrees>
     </Position>
     <AltitudeMeters>173.42000000000002</AltitudeMeters>
     <DistanceMeters>67588.08631767027</DistanceMeters>
    </Trackpoint>
    <Trackpoint>
     <Time>2026-04-10T16:32:04+00:00</Time>
     <Position>
      <LatitudeDegrees>44.0200700</LatitudeDegrees>
      <LongitudeDegrees>4.5089600</LongitudeDegrees>
     </Position>
     <AltitudeMeters>173.42000000000002</AltitudeMeters>
     <DistanceMeters>67658.46907072849</DistanceMeters>
    </Trackpoint>
    <Trackpoint>
     <Time>2026-04-10T16:32:11+00:00</Time>
     <Position>
      <LatitudeDegrees>44.0195000</LatitudeDegrees>
      <LongitudeDegrees>4.5091400</LongitudeDegrees>
     </Position>
     <AltitudeMeters>181.49</AltitudeMeters>
     <DistanceMeters>67723.52272255413</DistanceMeters>
    </Trackpoint>
    <Trackpoint>
     <Time>2026-04-10T16:32:17+00:00</Time>
     <Position>
      <LatitudeDegrees>44.0194200</LatitudeDegrees>
      <LongitudeDegrees>4.5092000</LongitudeDegrees>
     </Position>
     <AltitudeMeters>181.49</AltitudeMeters>
     <DistanceMeters>67733.6387572758</DistanceMeters>
    </Trackpoint>
    <Trackpoint>
     <Time>2026-04-10T16:32:24+00:00</Time>
     <Position>
      <LatitudeDegrees>44.0193400</LatitudeDegrees>
      <LongitudeDegrees>4.5093100</LongitudeDegrees>
     </Position>
     <AltitudeMeters>181.49</AltitudeMeters>
     <DistanceMeters>67746.15991773458</DistanceMeters>
    </Trackpoint>
    <Trackpoint>
     <Time>2026-04-10T16:32:30+00:00</Time>
     <Position>
      <LatitudeDegrees>44.0193100</LatitudeDegrees>
      <LongitudeDegrees>4.5094800</LongitudeDegrees>
     </Position>
     <AltitudeMeters>181.49</AltitudeMeters>
     <DistanceMeters>67760.16927924163</DistanceMeters>
    </Trackpoint>
    <Trackpoint>
     <Time>2026-04-10T16:32:37+00:00</Time>
     <Position>
      <LatitudeDegrees>44.0194200</LatitudeDegrees>
      <LongitudeDegrees>4.5096900</LongitudeDegrees>
     </Position>
     <AltitudeMeters>181.49</AltitudeMeters>
     <DistanceMeters>67780.96240942879</DistanceMeters>
    </Trackpoint>
    <Trackpoint>
     <Time>2026-04-10T16:32:43+00:00</Time>
     <Position>
      <LatitudeDegrees>44.0198200</LatitudeDegrees>
      <LongitudeDegrees>4.5101900</LongitudeDegrees>
     </Position>
     <AltitudeMeters>181.49</AltitudeMeters>
     <DistanceMeters>67840.82219645551</DistanceMeters>
    </Trackpoint>
    <Trackpoint>
     <Time>2026-04-10T16:32:50+00:00</Time>
     <Position>
      <LatitudeDegrees>44.0205350</LatitudeDegrees>
      <LongitudeDegrees>4.5109350</LongitudeDegrees>
     </Position>
     <AltitudeMeters>191.97000000000003</AltitudeMeters>
     <DistanceMeters>67940.25749978865</DistanceMeters>
    </Trackpoint>
    <Trackpoint>
     <Time>2026-04-10T16:32:56+00:00</Time>
     <Position>
      <LatitudeDegrees>44.0212500</LatitudeDegrees>
      <LongitudeDegrees>4.5116800</LongitudeDegrees>
     </Position>
     <AltitudeMeters>196.17000000000002</AltitudeMeters>
     <DistanceMeters>68039.6928135881</DistanceMeters>
    </Trackpoint>
    <Trackpoint>
     <Time>2026-04-10T16:33:03+00:00</Time>
     <Position>
      <LatitudeDegrees>44.0215100</LatitudeDegrees>
      <LongitudeDegrees>4.5120600</LongitudeDegrees>
     </Position>
     <AltitudeMeters>196.17000000000002</AltitudeMeters>
     <DistanceMeters>68081.67148619966</DistanceMeters>
    </Trackpoint>
    <Trackpoint>
     <Time>2026-04-10T16:33:09+00:00</Time>
     <Position>
      <LatitudeDegrees>44.0215800</LatitudeDegrees>
      <LongitudeDegrees>4.5123200</LongitudeDegrees>
     </Position>
     <AltitudeMeters>196.17000000000002</AltitudeMeters>
     <DistanceMeters>68103.89001734153</DistanceMeters>
    </Trackpoint>
    <Trackpoint>
     <Time>2026-04-10T16:33:16+00:00</Time>
     <Position>
      <LatitudeDegrees>44.0217233</LatitudeDegrees>
      <LongitudeDegrees>4.5134300</LongitudeDegrees>
     </Position>
     <AltitudeMeters>196.17000000000002</AltitudeMeters>
     <DistanceMeters>68194.14428671697</DistanceMeters>
    </Trackpoint>
    <Trackpoint>
     <Time>2026-04-10T16:33:22+00:00</Time>
     <Position>
      <LatitudeDegrees>44.0218667</LatitudeDegrees>
      <LongitudeDegrees>4.5145400</LongitudeDegrees>
     </Position>
     <AltitudeMeters>196.17000000000002</AltitudeMeters>
     <DistanceMeters>68284.39855609197</DistanceMeters>
    </Trackpoint>
    <Trackpoint>
     <Time>2026-04-10T16:33:29+00:00</Time>
     <Position>
      <LatitudeDegrees>44.0220100</LatitudeDegrees>
      <LongitudeDegrees>4.5156500</LongitudeDegrees>
     </Position>
     <AltitudeMeters>196.17000000000002</AltitudeMeters>
     <DistanceMeters>68374.65282323804</DistanceMeters>
    </Trackpoint>
    <Trackpoint>
     <Time>2026-04-10T16:33:35+00:00</Time>
     <Position>
      <LatitudeDegrees>44.0220367</LatitudeDegrees>
      <LongitudeDegrees>4.5165867</LongitudeDegrees>
     </Position>
     <AltitudeMeters>198.43</AltitudeMeters>
     <DistanceMeters>68449.67266033922</DistanceMeters>
    </Trackpoint>
    <Trackpoint>
     <Time>2026-04-10T16:33:42+00:00</Time>
     <Position>
      <LatitudeDegrees>44.0220633</LatitudeDegrees>
      <LongitudeDegrees>4.5175233</LongitudeDegrees>
     </Position>
     <AltitudeMeters>198.43</AltitudeMeters>
     <DistanceMeters>68524.69249744041</DistanceMeters>
    </Trackpoint>
    <Trackpoint>
     <Time>2026-04-10T16:33:49+00:00</Time>
     <Position>
      <LatitudeDegrees>44.0220900</LatitudeDegrees>
      <LongitudeDegrees>4.5184600</LongitudeDegrees>
     </Position>
     <AltitudeMeters>198.43</AltitudeMeters>
     <DistanceMeters>68599.71233613977</DistanceMeters>
    </Trackpoint>
    <Trackpoint>
     <Time>2026-04-10T16:33:55+00:00</Time>
     <Position>
      <LatitudeDegrees>44.0220075</LatitudeDegrees>
      <LongitudeDegrees>4.5195325</LongitudeDegrees>
     </Position>
     <AltitudeMeters>198.43</AltitudeMeters>
     <DistanceMeters>68686.03403924117</DistanceMeters>
    </Trackpoint>
    <Trackpoint>
     <Time>2026-04-10T16:34:02+00:00</Time>
     <Position>
      <LatitudeDegrees>44.0219250</LatitudeDegrees>
      <LongitudeDegrees>4.5206050</LongitudeDegrees>
     </Position>
     <AltitudeMeters>198.43</AltitudeMeters>
     <DistanceMeters>68772.35574234268</DistanceMeters>
    </Trackpoint>
    <Trackpoint>
     <Time>2026-04-10T16:34:08+00:00</Time>
     <Position>
      <LatitudeDegrees>44.0218425</LatitudeDegrees>
      <LongitudeDegrees>4.5216775</LongitudeDegrees>
     </Position>
     <AltitudeMeters>198.43</AltitudeMeters>
     <DistanceMeters>68858.67744544403</DistanceMeters>
    </Trackpoint>
    <Trackpoint>
     <Time>2026-04-10T16:34:15+00:00</Time>
     <Position>
      <LatitudeDegrees>44.0217600</LatitudeDegrees>
      <LongitudeDegrees>4.5227500</LongitudeDegrees>
     </Position>
     <AltitudeMeters>198.43</AltitudeMeters>
     <DistanceMeters>68944.9991510417</DistanceMeters>
    </Trackpoint>
    <Trackpoint>
     <Time>2026-04-10T16:34:21+00:00</Time>
     <Position>
      <LatitudeDegrees>44.0217250</LatitudeDegrees>
      <LongitudeDegrees>4.5235050</LongitudeDegrees>
     </Position>
     <AltitudeMeters>194.12</AltitudeMeters>
     <DistanceMeters>69005.54730604241</DistanceMeters>
    </Trackpoint>
    <Trackpoint>
     <Time>2026-04-10T16:34:28+00:00</Time>
     <Position>
      <LatitudeDegrees>44.0216900</LatitudeDegrees>
      <LongitudeDegrees>4.5242600</LongitudeDegrees>
     </Position>
     <AltitudeMeters>194.12</AltitudeMeters>
     <DistanceMeters>69066.09545493106</DistanceMeters>
    </Trackpoint>
    <Trackpoint>
     <Time>2026-04-10T16:34:34+00:00</Time>
     <Position>
      <LatitudeDegrees>44.0216100</LatitudeDegrees>
      <LongitudeDegrees>4.5250200</LongitudeDegrees>
     </Position>
     <AltitudeMeters>194.12</AltitudeMeters>
     <DistanceMeters>69127.56663403251</DistanceMeters>
    </Trackpoint>
    <Trackpoint>
     <Time>2026-04-10T16:34:41+00:00</Time>
     <Position>
      <LatitudeDegrees>44.0215300</LatitudeDegrees>
      <LongitudeDegrees>4.5257000</LongitudeDegrees>
     </Position>
     <AltitudeMeters>194.12</AltitudeMeters>
     <DistanceMeters>69182.71078366794</DistanceMeters>
    </Trackpoint>
    <Trackpoint>
     <Time>2026-04-10T16:34:47+00:00</Time>
     <Position>
      <LatitudeDegrees>44.0215800</LatitudeDegrees>
      <LongitudeDegrees>4.5267000</LongitudeDegrees>
     </Position>
     <AltitudeMeters>194.12</AltitudeMeters>
     <DistanceMeters>69262.93434044995</DistanceMeters>
    </Trackpoint>
    <Trackpoint>
     <Time>2026-04-10T16:34:54+00:00</Time>
     <Position>
      <LatitudeDegrees>44.0217600</LatitudeDegrees>
      <LongitudeDegrees>4.5277100</LongitudeDegrees>
     </Position>
     <AltitudeMeters>194.12</AltitudeMeters>
     <DistanceMeters>69346.21035393045</DistanceMeters>
    </Trackpoint>
    <Trackpoint>
     <Time>2026-04-10T16:35:00+00:00</Time>
     <Position>
      <LatitudeDegrees>44.0217500</LatitudeDegrees>
      <LongitudeDegrees>4.5279200</LongitudeDegrees>
     </Position>
     <AltitudeMeters>186.38000000000002</AltitudeMeters>
     <DistanceMeters>69363.05347570236</DistanceMeters>
    </Trackpoint>
    <Trackpoint>
     <Time>2026-04-10T16:35:07+00:00</Time>
     <Position>
      <LatitudeDegrees>44.0216000</LatitudeDegrees>
      <LongitudeDegrees>4.5287600</LongitudeDegrees>
     </Position>
     <AltitudeMeters>186.38000000000002</AltitudeMeters>
     <DistanceMeters>69432.3206889669</DistanceMeters>
    </Trackpoint>
    <Trackpoint>
     <Time>2026-04-10T16:35:13+00:00</Time>
     <Position>
      <LatitudeDegrees>44.0216200</LatitudeDegrees>
      <LongitudeDegrees>4.5297700</LongitudeDegrees>
     </Position>
     <AltitudeMeters>186.38000000000002</AltitudeMeters>
     <DistanceMeters>69513.18184866721</DistanceMeters>
    </Trackpoint>
    <Trackpoint>
     <Time>2026-04-10T16:35:20+00:00</Time>
     <Position>
      <LatitudeDegrees>44.0216400</LatitudeDegrees>
      <LongitudeDegrees>4.5307800</LongitudeDegrees>
     </Position>
     <AltitudeMeters>186.88000000000002</AltitudeMeters>
     <DistanceMeters>69594.04304532931</DistanceMeters>
    </Trackpoint>
    <Trackpoint>
     <Time>2026-04-10T16:35:26+00:00</Time>
     <Position>
      <LatitudeDegrees>44.0217200</LatitudeDegrees>
      <LongitudeDegrees>4.5309300</LongitudeDegrees>
     </Position>
     <AltitudeMeters>186.88000000000002</AltitudeMeters>
     <DistanceMeters>69608.98906916988</DistanceMeters>
    </Trackpoint>
    <Trackpoint>
     <Time>2026-04-10T16:35:33+00:00</Time>
     <Position>
      <LatitudeDegrees>44.0221000</LatitudeDegrees>
      <LongitudeDegrees>4.5313400</LongitudeDegrees>
     </Position>
     <AltitudeMeters>186.88000000000002</AltitudeMeters>
     <DistanceMeters>69662.51743855735</DistanceMeters>
    </Trackpoint>
    <Trackpoint>
     <Time>2026-04-10T16:35:40+00:00</Time>
     <Position>
      <LatitudeDegrees>44.0222000</LatitudeDegrees>
      <LongitudeDegrees>4.5314900</LongitudeDegrees>
     </Position>
     <AltitudeMeters>186.88000000000002</AltitudeMeters>
     <DistanceMeters>69678.88733671015</DistanceMeters>
    </Trackpoint>
    <Trackpoint>
     <Time>2026-04-10T16:35:46+00:00</Time>
     <Position>
      <LatitudeDegrees>44.0222400</LatitudeDegrees>
      <LongitudeDegrees>4.5316300</LongitudeDegrees>
     </Position>
     <AltitudeMeters>186.88000000000002</AltitudeMeters>
     <DistanceMeters>69690.94349915911</DistanceMeters>
    </Trackpoint>
    <Trackpoint>
     <Time>2026-04-10T16:35:53+00:00</Time>
     <Position>
      <LatitudeDegrees>44.0222100</LatitudeDegrees>
      <LongitudeDegrees>4.5318500</LongitudeDegrees>
     </Position>
     <AltitudeMeters>186.88000000000002</AltitudeMeters>
     <DistanceMeters>69708.86376415318</DistanceMeters>
    </Trackpoint>
    <Trackpoint>
     <Time>2026-04-10T16:35:59+00:00</Time>
     <Position>
      <LatitudeDegrees>44.0219700</LatitudeDegrees>
      <LongitudeDegrees>4.5330500</LongitudeDegrees>
     </Position>
     <AltitudeMeters>195.58</AltitudeMeters>
     <DistanceMeters>69808.54473686847</DistanceMeters>
    </Trackpoint>
    <Trackpoint>
     <Time>2026-04-10T16:36:06+00:00</Time>
     <Position>
      <LatitudeDegrees>44.0219500</LatitudeDegrees>
      <LongitudeDegrees>4.5341000</LongitudeDegrees>
     </Position>
     <AltitudeMeters>195.58</AltitudeMeters>
     <DistanceMeters>69892.60547356778</DistanceMeters>
    </Trackpoint>
    <Trackpoint>
     <Time>2026-04-10T16:36:12+00:00</Time>
     <Position>
      <LatitudeDegrees>44.0219300</LatitudeDegrees>
      <LongitudeDegrees>4.5351500</LongitudeDegrees>
     </Position>
     <AltitudeMeters>196.63000000000002</AltitudeMeters>
     <DistanceMeters>69976.6662428711</DistanceMeters>
    </Trackpoint>
    <Trackpoint>
     <Time>2026-04-10T16:36:19+00:00</Time>
     <Position>
      <LatitudeDegrees>44.0219000</LatitudeDegrees>
      <LongitudeDegrees>4.5353500</LongitudeDegrees>
     </Position>
     <AltitudeMeters>196.63000000000002</AltitudeMeters>
     <DistanceMeters>69993.01674848444</DistanceMeters>
    </Trackpoint>
    <Trackpoint>
     <Time>2026-04-10T16:36:25+00:00</Time>
     <Position>
      <LatitudeDegrees>44.0218900</LatitudeDegrees>
      <LongitudeDegrees>4.5353600</LongitudeDegrees>
     </Position>
     <AltitudeMeters>196.63000000000002</AltitudeMeters>
     <DistanceMeters>69993.01674848444</DistanceMeters>
    </Trackpoint>
    <Trackpoint>
     <Time>2026-04-10T16:36:32+00:00</Time>
     <Position>
      <LatitudeDegrees>44.0218500</LatitudeDegrees>
      <LongitudeDegrees>4.5354800</LongitudeDegrees>
     </Position>
     <AltitudeMeters>196.63000000000002</AltitudeMeters>
     <DistanceMeters>70003.60200509205</DistanceMeters>
    </Trackpoint>
    <Trackpoint>
     <Time>2026-04-10T16:36:38+00:00</Time>
     <Position>
      <LatitudeDegrees>44.0214450</LatitudeDegrees>
      <LongitudeDegrees>4.5359400</LongitudeDegrees>
     </Position>
     <AltitudeMeters>196.63000000000002</AltitudeMeters>
     <DistanceMeters>70061.79998319129</DistanceMeters>
    </Trackpoint>
    <Trackpoint>
     <Time>2026-04-10T16:36:45+00:00</Time>
     <Position>
      <LatitudeDegrees>44.0210400</LatitudeDegrees>
      <LongitudeDegrees>4.5364000</LongitudeDegrees>
     </Position>
     <AltitudeMeters>196.63000000000002</AltitudeMeters>
     <DistanceMeters>70119.99796492947</DistanceMeters>
    </Trackpoint>
    <Trackpoint>
     <Time>2026-04-10T16:36:51+00:00</Time>
     <Position>
      <LatitudeDegrees>44.0204800</LatitudeDegrees>
      <LongitudeDegrees>4.5369800</LongitudeDegrees>
     </Position>
     <AltitudeMeters>198.92000000000002</AltitudeMeters>
     <DistanceMeters>70197.70979196201</DistanceMeters>
    </Trackpoint>
    <Trackpoint>
     <Time>2026-04-10T16:36:58+00:00</Time>
     <Position>
      <LatitudeDegrees>44.0198600</LatitudeDegrees>
      <LongitudeDegrees>4.5375900</LongitudeDegrees>
     </Position>
     <AltitudeMeters>198.92000000000002</AltitudeMeters>
     <DistanceMeters>70282.2368007416</DistanceMeters>
    </Trackpoint>
    <Trackpoint>
     <Time>2026-04-10T16:37:04+00:00</Time>
     <Position>
      <LatitudeDegrees>44.0195000</LatitudeDegrees>
      <LongitudeDegrees>4.5378700</LongitudeDegrees>
     </Position>
     <AltitudeMeters>198.92000000000002</AltitudeMeters>
     <DistanceMeters>70328.14423107493</DistanceMeters>
    </Trackpoint>
    <Trackpoint>
     <Time>2026-04-10T16:37:11+00:00</Time>
     <Position>
      <LatitudeDegrees>44.0189200</LatitudeDegrees>
      <LongitudeDegrees>4.5382050</LongitudeDegrees>
     </Position>
     <AltitudeMeters>198.92000000000002</AltitudeMeters>
     <DistanceMeters>70398.0423253468</DistanceMeters>
    </Trackpoint>
    <Trackpoint>
     <Time>2026-04-10T16:37:17+00:00</Time>
     <Position>
      <LatitudeDegrees>44.0183400</LatitudeDegrees>
      <LongitudeDegrees>4.5385400</LongitudeDegrees>
     </Position>
     <AltitudeMeters>198.92000000000002</AltitudeMeters>
     <DistanceMeters>70467.94042305072</DistanceMeters>
    </Trackpoint>
    <Trackpoint>
     <Time>2026-04-10T16:37:24+00:00</Time>
     <Position>
      <LatitudeDegrees>44.0178200</LatitudeDegrees>
      <LongitudeDegrees>4.5390500</LongitudeDegrees>
     </Position>
     <AltitudeMeters>198.92000000000002</AltitudeMeters>
     <DistanceMeters>70538.76039677278</DistanceMeters>
    </Trackpoint>
    <Trackpoint>
     <Time>2026-04-10T16:37:30+00:00</Time>
     <Position>
      <LatitudeDegrees>44.0174400</LatitudeDegrees>
      <LongitudeDegrees>4.5394800</LongitudeDegrees>
     </Position>
     <AltitudeMeters>198.92000000000002</AltitudeMeters>
     <DistanceMeters>70593.28614797603</DistanceMeters>
    </Trackpoint>
    <Trackpoint>
     <Time>2026-04-10T16:37:37+00:00</Time>
     <Position>
      <LatitudeDegrees>44.0168900</LatitudeDegrees>
      <LongitudeDegrees>4.5402100</LongitudeDegrees>
     </Position>
     <AltitudeMeters>176.71</AltitudeMeters>
     <DistanceMeters>70677.90669230487</DistanceMeters>
    </Trackpoint>
    <Trackpoint>
     <Time>2026-04-10T16:37:44+00:00</Time>
     <Position>
      <LatitudeDegrees>44.0168100</LatitudeDegrees>
      <LongitudeDegrees>4.5404700</LongitudeDegrees>
     </Position>
     <AltitudeMeters>176.71</AltitudeMeters>
     <DistanceMeters>70700.54099796788</DistanceMeters>
    </Trackpoint>
    <Trackpoint>
     <Time>2026-04-10T16:37:50+00:00</Time>
     <Position>
      <LatitudeDegrees>44.0168100</LatitudeDegrees>
      <LongitudeDegrees>4.5407200</LongitudeDegrees>
     </Position>
     <AltitudeMeters>176.71</AltitudeMeters>
     <DistanceMeters>70720.55017938963</DistanceMeters>
    </Trackpoint>
    <Trackpoint>
     <Time>2026-04-10T16:37:57+00:00</Time>
     <Position>
      <LatitudeDegrees>44.0168800</LatitudeDegrees>
      <LongitudeDegrees>4.5408800</LongitudeDegrees>
     </Position>
     <AltitudeMeters>176.71</AltitudeMeters>
     <DistanceMeters>70735.5396836451</DistanceMeters>
    </Trackpoint>
    <Trackpoint>
     <Time>2026-04-10T16:38:03+00:00</Time>
     <Position>
      <LatitudeDegrees>44.0173000</LatitudeDegrees>
      <LongitudeDegrees>4.5416300</LongitudeDegrees>
     </Position>
     <AltitudeMeters>176.71</AltitudeMeters>
     <DistanceMeters>70811.6205018995</DistanceMeters>
    </Trackpoint>
    <Trackpoint>
     <Time>2026-04-10T16:38:10+00:00</Time>
     <Position>
      <LatitudeDegrees>44.0175000</LatitudeDegrees>
      <LongitudeDegrees>4.5422000</LongitudeDegrees>
     </Position>
     <AltitudeMeters>176.71</AltitudeMeters>
     <DistanceMeters>70862.38168096059</DistanceMeters>
    </Trackpoint>
    <Trackpoint>
     <Time>2026-04-10T16:38:16+00:00</Time>
     <Position>
      <LatitudeDegrees>44.0175600</LatitudeDegrees>
      <LongitudeDegrees>4.5425400</LongitudeDegrees>
     </Position>
     <AltitudeMeters>176.71</AltitudeMeters>
     <DistanceMeters>70890.40120402389</DistanceMeters>
    </Trackpoint>
    <Trackpoint>
     <Time>2026-04-10T16:38:23+00:00</Time>
     <Position>
      <LatitudeDegrees>44.0175400</LatitudeDegrees>
      <LongitudeDegrees>4.5429500</LongitudeDegrees>
     </Position>
     <AltitudeMeters>176.71</AltitudeMeters>
     <DistanceMeters>70923.2912605044</DistanceMeters>
    </Trackpoint>
    <Trackpoint>
     <Time>2026-04-10T16:38:29+00:00</Time>
     <Position>
      <LatitudeDegrees>44.0174100</LatitudeDegrees>
      <LongitudeDegrees>4.5433100</LongitudeDegrees>
     </Position>
     <AltitudeMeters>176.71</AltitudeMeters>
     <DistanceMeters>70955.5328300255</DistanceMeters>
    </Trackpoint>
    <Trackpoint>
     <Time>2026-04-10T16:38:36+00:00</Time>
     <Position>
      <LatitudeDegrees>44.0172200</LatitudeDegrees>
      <LongitudeDegrees>4.5434700</LongitudeDegrees>
     </Position>
     <AltitudeMeters>176.71</AltitudeMeters>
     <DistanceMeters>70980.25424907812</DistanceMeters>
    </Trackpoint>
    <Trackpoint>
     <Time>2026-04-10T16:38:42+00:00</Time>
     <Position>
      <LatitudeDegrees>44.0163700</LatitudeDegrees>
      <LongitudeDegrees>4.5436500</LongitudeDegrees>
     </Position>
     <AltitudeMeters>191.27</AltitudeMeters>
     <DistanceMeters>71075.94626391791</DistanceMeters>
    </Trackpoint>
    <Trackpoint>
     <Time>2026-04-10T16:38:49+00:00</Time>
     <Position>
      <LatitudeDegrees>44.0160300</LatitudeDegrees>
      <LongitudeDegrees>4.5438700</LongitudeDegrees>
     </Position>
     <AltitudeMeters>191.27</AltitudeMeters>
     <DistanceMeters>71117.68301792596</DistanceMeters>
    </Trackpoint>
    <Trackpoint>
     <Time>2026-04-10T16:38:55+00:00</Time>
     <Position>
      <LatitudeDegrees>44.0156700</LatitudeDegrees>
      <LongitudeDegrees>4.5442500</LongitudeDegrees>
     </Position>
     <AltitudeMeters>191.27</AltitudeMeters>
     <DistanceMeters>71167.98574571463</DistanceMeters>
    </Trackpoint>
    <Trackpoint>
     <Time>2026-04-10T16:39:02+00:00</Time>
     <Position>
      <LatitudeDegrees>44.0153100</LatitudeDegrees>
      <LongitudeDegrees>4.5446300</LongitudeDegrees>
     </Position>
     <AltitudeMeters>191.27</AltitudeMeters>
     <DistanceMeters>71218.28847016323</DistanceMeters>
    </Trackpoint>
    <Trackpoint>
     <Time>2026-04-10T16:39:08+00:00</Time>
     <Position>
      <LatitudeDegrees>44.0148200</LatitudeDegrees>
      <LongitudeDegrees>4.5450000</LongitudeDegrees>
     </Position>
     <AltitudeMeters>191.27</AltitudeMeters>
     <DistanceMeters>71280.34545764246</DistanceMeters>
    </Trackpoint>
    <Trackpoint>
     <Time>2026-04-10T16:39:15+00:00</Time>
     <Position>
      <LatitudeDegrees>44.0140100</LatitudeDegrees>
      <LongitudeDegrees>4.5452500</LongitudeDegrees>
     </Position>
     <AltitudeMeters>192.20000000000002</AltitudeMeters>
     <DistanceMeters>71372.68901234766</DistanceMeters>
    </Trackpoint>
    <Trackpoint>
     <Time>2026-04-10T16:39:21+00:00</Time>
     <Position>
      <LatitudeDegrees>44.0132700</LatitudeDegrees>
      <LongitudeDegrees>4.5453600</LongitudeDegrees>
     </Position>
     <AltitudeMeters>192.20000000000002</AltitudeMeters>
     <DistanceMeters>71455.51709817069</DistanceMeters>
    </Trackpoint>
    <Trackpoint>
     <Time>2026-04-10T16:39:28+00:00</Time>
     <Position>
      <LatitudeDegrees>44.0124350</LatitudeDegrees>
      <LongitudeDegrees>4.5454100</LongitudeDegrees>
     </Position>
     <AltitudeMeters>192.20000000000002</AltitudeMeters>
     <DistanceMeters>71548.53511851889</DistanceMeters>
    </Trackpoint>
    <Trackpoint>
     <Time>2026-04-10T16:39:34+00:00</Time>
     <Position>
      <LatitudeDegrees>44.0116000</LatitudeDegrees>
      <LongitudeDegrees>4.5454600</LongitudeDegrees>
     </Position>
     <AltitudeMeters>192.20000000000002</AltitudeMeters>
     <DistanceMeters>71641.5531556377</DistanceMeters>
    </Trackpoint>
    <Trackpoint>
     <Time>2026-04-10T16:39:41+00:00</Time>
     <Position>
      <LatitudeDegrees>44.0110100</LatitudeDegrees>
      <LongitudeDegrees>4.5454400</LongitudeDegrees>
     </Position>
     <AltitudeMeters>174.69</AltitudeMeters>
     <DistanceMeters>71707.23711817614</DistanceMeters>
    </Trackpoint>
    <Trackpoint>
     <Time>2026-04-10T16:39:48+00:00</Time>
     <Position>
      <LatitudeDegrees>44.0105200</LatitudeDegrees>
      <LongitudeDegrees>4.5452500</LongitudeDegrees>
     </Position>
     <AltitudeMeters>174.69</AltitudeMeters>
     <DistanceMeters>71763.85296131624</DistanceMeters>
    </Trackpoint>
    <Trackpoint>
     <Time>2026-04-10T16:39:54+00:00</Time>
     <Position>
      <LatitudeDegrees>44.0100300</LatitudeDegrees>
      <LongitudeDegrees>4.5450600</LongitudeDegrees>
     </Position>
     <AltitudeMeters>174.69</AltitudeMeters>
     <DistanceMeters>71820.46882208982</DistanceMeters>
    </Trackpoint>
    <Trackpoint>
     <Time>2026-04-10T16:40:01+00:00</Time>
     <Position>
      <LatitudeDegrees>44.0092500</LatitudeDegrees>
      <LongitudeDegrees>4.5451200</LongitudeDegrees>
     </Position>
     <AltitudeMeters>174.69</AltitudeMeters>
     <DistanceMeters>71907.41220717756</DistanceMeters>
    </Trackpoint>
    <Trackpoint>
     <Time>2026-04-10T16:40:07+00:00</Time>
     <Position>
      <LatitudeDegrees>44.0090000</LatitudeDegrees>
      <LongitudeDegrees>4.5449900</LongitudeDegrees>
     </Position>
     <AltitudeMeters>174.69</AltitudeMeters>
     <DistanceMeters>71937.118400247</DistanceMeters>
    </Trackpoint>
    <Trackpoint>
     <Time>2026-04-10T16:40:14+00:00</Time>
     <Position>
      <LatitudeDegrees>44.0085600</LatitudeDegrees>
      <LongitudeDegrees>4.5446800</LongitudeDegrees>
     </Position>
     <AltitudeMeters>174.69</AltitudeMeters>
     <DistanceMeters>71992.01687149885</DistanceMeters>
    </Trackpoint>
    <Trackpoint>
     <Time>2026-04-10T16:40:20+00:00</Time>
     <Position>
      <LatitudeDegrees>44.0083500</LatitudeDegrees>
      <LongitudeDegrees>4.5444900</LongitudeDegrees>
     </Position>
     <AltitudeMeters>171.49</AltitudeMeters>
     <DistanceMeters>72019.90185060806</DistanceMeters>
    </Trackpoint>
    <Trackpoint>
     <Time>2026-04-10T16:40:27+00:00</Time>
     <Position>
      <LatitudeDegrees>44.0082200</LatitudeDegrees>
      <LongitudeDegrees>4.5444800</LongitudeDegrees>
     </Position>
     <AltitudeMeters>171.49</AltitudeMeters>
     <DistanceMeters>72034.3924157994</DistanceMeters>
    </Trackpoint>
    <Trackpoint>
     <Time>2026-04-10T16:40:33+00:00</Time>
     <Position>
      <LatitudeDegrees>44.0081100</LatitudeDegrees>
      <LongitudeDegrees>4.5445500</LongitudeDegrees>
     </Position>
     <AltitudeMeters>171.49</AltitudeMeters>
     <DistanceMeters>72047.85634405086</DistanceMeters>
    </Trackpoint>
    <Trackpoint>
     <Time>2026-04-10T16:40:40+00:00</Time>
     <Position>
      <LatitudeDegrees>44.0080400</LatitudeDegrees>
      <LongitudeDegrees>4.5446800</LongitudeDegrees>
     </Position>
     <AltitudeMeters>171.49</AltitudeMeters>
     <DistanceMeters>72060.85581299195</DistanceMeters>
    </Trackpoint>
    <Trackpoint>
     <Time>2026-04-10T16:40:46+00:00</Time>
     <Position>
      <LatitudeDegrees>44.0080400</LatitudeDegrees>
      <LongitudeDegrees>4.5446700</LongitudeDegrees>
     </Position>
     <AltitudeMeters>171.49</AltitudeMeters>
     <DistanceMeters>72060.85581299195</DistanceMeters>
    </Trackpoint>
    <Trackpoint>
     <Time>2026-04-10T16:40:53+00:00</Time>
     <Position>
      <LatitudeDegrees>44.0080300</LatitudeDegrees>
      <LongitudeDegrees>4.5452900</LongitudeDegrees>
     </Position>
     <AltitudeMeters>171.49</AltitudeMeters>
     <DistanceMeters>72110.49840322055</DistanceMeters>
    </Trackpoint>
    <Trackpoint>
     <Time>2026-04-10T16:40:59+00:00</Time>
     <Position>
      <LatitudeDegrees>44.0080300</LatitudeDegrees>
      <LongitudeDegrees>4.5459950</LongitudeDegrees>
     </Position>
     <AltitudeMeters>168.26000000000002</AltitudeMeters>
     <DistanceMeters>72166.93266716838</DistanceMeters>
    </Trackpoint>
    <Trackpoint>
     <Time>2026-04-10T16:41:06+00:00</Time>
     <Position>
      <LatitudeDegrees>44.0080300</LatitudeDegrees>
      <LongitudeDegrees>4.5467000</LongitudeDegrees>
     </Position>
     <AltitudeMeters>168.26000000000002</AltitudeMeters>
     <DistanceMeters>72223.36689496017</DistanceMeters>
    </Trackpoint>
    <Trackpoint>
     <Time>2026-04-10T16:41:12+00:00</Time>
     <Position>
      <LatitudeDegrees>44.0080700</LatitudeDegrees>
      <LongitudeDegrees>4.5472200</LongitudeDegrees>
     </Position>
     <AltitudeMeters>168.26000000000002</AltitudeMeters>
     <DistanceMeters>72265.22952524063</DistanceMeters>
    </Trackpoint>
    <Trackpoint>
     <Time>2026-04-10T16:41:19+00:00</Time>
     <Position>
      <LatitudeDegrees>44.0082050</LatitudeDegrees>
      <LongitudeDegrees>4.5482250</LongitudeDegrees>
     </Position>
     <AltitudeMeters>168.26000000000002</AltitudeMeters>
     <DistanceMeters>72347.06914192313</DistanceMeters>
    </Trackpoint>
    <Trackpoint>
     <Time>2026-04-10T16:41:25+00:00</Time>
     <Position>
      <LatitudeDegrees>44.0083400</LatitudeDegrees>
      <LongitudeDegrees>4.5492300</LongitudeDegrees>
     </Position>
     <AltitudeMeters>168.26000000000002</AltitudeMeters>
     <DistanceMeters>72428.90875231504</DistanceMeters>
    </Trackpoint>
    <Trackpoint>
     <Time>2026-04-10T16:41:32+00:00</Time>
     <Position>
      <LatitudeDegrees>44.0084500</LatitudeDegrees>
      <LongitudeDegrees>4.5497800</LongitudeDegrees>
     </Position>
     <AltitudeMeters>168.26000000000002</AltitudeMeters>
     <DistanceMeters>72474.6056595853</DistanceMeters>
    </Trackpoint>
    <Trackpoint>
     <Time>2026-04-10T16:41:39+00:00</Time>
     <Position>
      <LatitudeDegrees>44.0086600</LatitudeDegrees>
      <LongitudeDegrees>4.5505900</LongitudeDegrees>
     </Position>
     <AltitudeMeters>168.26000000000002</AltitudeMeters>
     <DistanceMeters>72543.52823299325</DistanceMeters>
    </Trackpoint>
    <Trackpoint>
     <Time>2026-04-10T16:41:45+00:00</Time>
     <Position>
      <LatitudeDegrees>44.0088900</LatitudeDegrees>
      <LongitudeDegrees>4.5511500</LongitudeDegrees>
     </Position>
     <AltitudeMeters>168.26000000000002</AltitudeMeters>
     <DistanceMeters>72595.1488250182</DistanceMeters>
    </Trackpoint>
    <Trackpoint>
     <Time>2026-04-10T16:41:52+00:00</Time>
     <Position>
      <LatitudeDegrees>44.0091100</LatitudeDegrees>
      <LongitudeDegrees>4.5518800</LongitudeDegrees>
     </Position>
     <AltitudeMeters>168.26000000000002</AltitudeMeters>
     <DistanceMeters>72658.50582131675</DistanceMeters>
    </Trackpoint>
    <Trackpoint>
     <Time>2026-04-10T16:41:58+00:00</Time>
     <Position>
      <LatitudeDegrees>44.0091800</LatitudeDegrees>
      <LongitudeDegrees>4.5524700</LongitudeDegrees>
     </Position>
     <AltitudeMeters>161.23000000000002</AltitudeMeters>
     <DistanceMeters>72706.3718573192</DistanceMeters>
    </Trackpoint>
    <Trackpoint>
     <Time>2026-04-10T16:42:05+00:00</Time>
     <Position>
      <LatitudeDegrees>44.0092200</LatitudeDegrees>
      <LongitudeDegrees>4.5531300</LongitudeDegrees>
     </Position>
     <AltitudeMeters>161.23000000000002</AltitudeMeters>
     <DistanceMeters>72759.39011087349</DistanceMeters>
    </Trackpoint>
    <Trackpoint>
     <Time>2026-04-10T16:42:11+00:00</Time>
     <Position>
      <LatitudeDegrees>44.0093200</LatitudeDegrees>
      <LongitudeDegrees>4.5539900</LongitudeDegrees>
     </Position>
     <AltitudeMeters>161.23000000000002</AltitudeMeters>
     <DistanceMeters>72829.1243143381</DistanceMeters>
    </Trackpoint>
    <Trackpoint>
     <Time>2026-04-10T16:42:18+00:00</Time>
     <Position>
      <LatitudeDegrees>44.0095400</LatitudeDegrees>
      <LongitudeDegrees>4.5545500</LongitudeDegrees>
     </Position>
     <AltitudeMeters>161.23000000000002</AltitudeMeters>
     <DistanceMeters>72880.20171504938</DistanceMeters>
    </Trackpoint>
    <Trackpoint>
     <Time>2026-04-10T16:42:24+00:00</Time>
     <Position>
      <LatitudeDegrees>44.0096300</LatitudeDegrees>
      <LongitudeDegrees>4.5550900</LongitudeDegrees>
     </Position>
     <AltitudeMeters>161.23000000000002</AltitudeMeters>
     <DistanceMeters>72924.57221837352</DistanceMeters>
    </Trackpoint>
    <Trackpoint>
     <Time>2026-04-10T16:42:31+00:00</Time>
     <Position>
      <LatitudeDegrees>44.0097400</LatitudeDegrees>
      <LongitudeDegrees>4.5555600</LongitudeDegrees>
     </Position>
     <AltitudeMeters>161.23000000000002</AltitudeMeters>
     <DistanceMeters>72964.13581026856</DistanceMeters>
    </Trackpoint>
    <Trackpoint>
     <Time>2026-04-10T16:42:37+00:00</Time>
     <Position>
      <LatitudeDegrees>44.0099100</LatitudeDegrees>
      <LongitudeDegrees>4.5558900</LongitudeDegrees>
     </Position>
     <AltitudeMeters>161.23000000000002</AltitudeMeters>
     <DistanceMeters>72996.62797628428</DistanceMeters>
    </Trackpoint>
    <Trackpoint>
     <Time>2026-04-10T16:42:44+00:00</Time>
     <Position>
      <LatitudeDegrees>44.0100200</LatitudeDegrees>
      <LongitudeDegrees>4.5562100</LongitudeDegrees>
     </Position>
     <AltitudeMeters>161.23000000000002</AltitudeMeters>
     <DistanceMeters>73025.01798697359</DistanceMeters>
    </Trackpoint>
    <Trackpoint>
     <Time>2026-04-10T16:42:50+00:00</Time>
     <Position>
      <LatitudeDegrees>44.0100900</LatitudeDegrees>
      <LongitudeDegrees>4.5570800</LongitudeDegrees>
     </Position>
     <AltitudeMeters>161.23000000000002</AltitudeMeters>
     <DistanceMeters>73095.09221301792</DistanceMeters>
    </Trackpoint>
    <Trackpoint>
     <Time>2026-04-10T16:42:57+00:00</Time>
     <Position>
      <LatitudeDegrees>44.0101600</LatitudeDegrees>
      <LongitudeDegrees>4.5579500</LongitudeDegrees>
     </Position>
     <AltitudeMeters>161.23000000000002</AltitudeMeters>
     <DistanceMeters>73165.16643906214</DistanceMeters>
    </Trackpoint>
    <Trackpoint>
     <Time>2026-04-10T16:43:03+00:00</Time>
     <Position>
      <LatitudeDegrees>44.0102300</LatitudeDegrees>
      <LongitudeDegrees>4.5588200</LongitudeDegrees>
     </Position>
     <AltitudeMeters>161.23000000000002</AltitudeMeters>
     <DistanceMeters>73235.24065874761</DistanceMeters>
    </Trackpoint>
    <Trackpoint>
     <Time>2026-04-10T16:43:10+00:00</Time>
     <Position>
      <LatitudeDegrees>44.0101450</LatitudeDegrees>
      <LongitudeDegrees>4.5595800</LongitudeDegrees>
     </Position>
     <AltitudeMeters>161.23000000000002</AltitudeMeters>
     <DistanceMeters>73296.80655389193</DistanceMeters>
    </Trackpoint>
    <Trackpoint>
     <Time>2026-04-10T16:43:16+00:00</Time>
     <Position>
      <LatitudeDegrees>44.0100600</LatitudeDegrees>
      <LongitudeDegrees>4.5603400</LongitudeDegrees>
     </Position>
     <AltitudeMeters>172.46</AltitudeMeters>
     <DistanceMeters>73358.37246946625</DistanceMeters>
    </Trackpoint>
    <Trackpoint>
     <Time>2026-04-10T16:43:23+00:00</Time>
     <Position>
      <LatitudeDegrees>44.0100700</LatitudeDegrees>
      <LongitudeDegrees>4.5607000</LongitudeDegrees>
     </Position>
     <AltitudeMeters>172.46</AltitudeMeters>
     <DistanceMeters>73387.2104524338</DistanceMeters>
    </Trackpoint>
    <Trackpoint>
     <Time>2026-04-10T16:43:29+00:00</Time>
     <Position>
      <LatitudeDegrees>44.0101300</LatitudeDegrees>
      <LongitudeDegrees>4.5613400</LongitudeDegrees>
     </Position>
     <AltitudeMeters>172.46</AltitudeMeters>
     <DistanceMeters>73438.87314162398</DistanceMeters>
    </Trackpoint>
    <Trackpoint>
     <Time>2026-04-10T16:43:36+00:00</Time>
     <Position>
      <LatitudeDegrees>44.0100900</LatitudeDegrees>
      <LongitudeDegrees>4.5620800</LongitudeDegrees>
     </Position>
     <AltitudeMeters>172.0</AltitudeMeters>
     <DistanceMeters>73498.27406730846</DistanceMeters>
    </Trackpoint>
    <Trackpoint>
     <Time>2026-04-10T16:43:43+00:00</Time>
     <Position>
      <LatitudeDegrees>44.0101050</LatitudeDegrees>
      <LongitudeDegrees>4.5628200</LongitudeDegrees>
     </Position>
     <AltitudeMeters>172.93</AltitudeMeters>
     <DistanceMeters>73557.53147846318</DistanceMeters>
    </Trackpoint>
    <Trackpoint>
     <Time>2026-04-10T16:43:49+00:00</Time>
     <Position>
      <LatitudeDegrees>44.0101200</LatitudeDegrees>
      <LongitudeDegrees>4.5635600</LongitudeDegrees>
     </Position>
     <AltitudeMeters>172.93</AltitudeMeters>
     <DistanceMeters>73616.78885646678</DistanceMeters>
    </Trackpoint>
    <Trackpoint>
     <Time>2026-04-10T16:43:56+00:00</Time>
     <Position>
      <LatitudeDegrees>44.0101600</LatitudeDegrees>
      <LongitudeDegrees>4.5638400</LongitudeDegrees>
     </Position>
     <AltitudeMeters>172.93</AltitudeMeters>
     <DistanceMeters>73639.63951383899</DistanceMeters>
    </Trackpoint>
    <Trackpoint>
     <Time>2026-04-10T16:44:02+00:00</Time>
     <Position>
      <LatitudeDegrees>44.0104400</LatitudeDegrees>
      <LongitudeDegrees>4.5647800</LongitudeDegrees>
     </Position>
     <AltitudeMeters>172.93</AltitudeMeters>
     <DistanceMeters>73721.08026317437</DistanceMeters>
    </Trackpoint>
    <Trackpoint>
     <Time>2026-04-10T16:44:09+00:00</Time>
     <Position>
      <LatitudeDegrees>44.0106000</LatitudeDegrees>
      <LongitudeDegrees>4.5654300</LongitudeDegrees>
     </Position>
     <AltitudeMeters>172.93</AltitudeMeters>
     <DistanceMeters>73776.07260498205</DistanceMeters>
    </Trackpoint>
    <Trackpoint>
     <Time>2026-04-10T16:44:15+00:00</Time>
     <Position>
      <LatitudeDegrees>44.0107200</LatitudeDegrees>
      <LongitudeDegrees>4.5665900</LongitudeDegrees>
     </Position>
     <AltitudeMeters>172.93</AltitudeMeters>
     <DistanceMeters>73869.88041700187</DistanceMeters>
    </Trackpoint>
    <Trackpoint>
     <Time>2026-04-10T16:44:22+00:00</Time>
     <Position>
      <LatitudeDegrees>44.0107100</LatitudeDegrees>
      <LongitudeDegrees>4.5668000</LongitudeDegrees>
     </Position>
     <AltitudeMeters>172.93</AltitudeMeters>
     <DistanceMeters>73886.7266612037</DistanceMeters>
    </Trackpoint>
    <Trackpoint>
     <Time>2026-04-10T16:44:28+00:00</Time>
     <Position>
      <LatitudeDegrees>44.0105200</LatitudeDegrees>
      <LongitudeDegrees>4.5677200</LongitudeDegrees>
     </Position>
     <AltitudeMeters>148.18</AltitudeMeters>
     <DistanceMeters>73963.34407747645</DistanceMeters>
    </Trackpoint>
    <Trackpoint>
     <Time>2026-04-10T16:44:35+00:00</Time>
     <Position>
      <LatitudeDegrees>44.0105100</LatitudeDegrees>
      <LongitudeDegrees>4.5682600</LongitudeDegrees>
     </Position>
     <AltitudeMeters>148.18</AltitudeMeters>
     <DistanceMeters>74006.58282336745</DistanceMeters>
    </Trackpoint>
    <Trackpoint>
     <Time>2026-04-10T16:44:41+00:00</Time>
     <Position>
      <LatitudeDegrees>44.0105600</LatitudeDegrees>
      <LongitudeDegrees>4.5689450</LongitudeDegrees>
     </Position>
     <AltitudeMeters>148.18</AltitudeMeters>
     <DistanceMeters>74061.69543358046</DistanceMeters>
    </Trackpoint>
    <Trackpoint>
     <Time>2026-04-10T16:44:48+00:00</Time>
     <Position>
      <LatitudeDegrees>44.0106100</LatitudeDegrees>
      <LongitudeDegrees>4.5696300</LongitudeDegrees>
     </Position>
     <AltitudeMeters>148.18</AltitudeMeters>
     <DistanceMeters>74116.80801656768</DistanceMeters>
    </Trackpoint>
    <Trackpoint>
     <Time>2026-04-10T16:44:54+00:00</Time>
     <Position>
      <LatitudeDegrees>44.0107400</LatitudeDegrees>
      <LongitudeDegrees>4.5702800</LongitudeDegrees>
     </Position>
     <AltitudeMeters>148.18</AltitudeMeters>
     <DistanceMeters>74170.81152545704</DistanceMeters>
    </Trackpoint>
    <Trackpoint>
     <Time>2026-04-10T16:45:01+00:00</Time>
     <Position>
      <LatitudeDegrees>44.0107700</LatitudeDegrees>
      <LongitudeDegrees>4.5710200</LongitudeDegrees>
     </Position>
     <AltitudeMeters>148.18</AltitudeMeters>
     <DistanceMeters>74230.13875711673</DistanceMeters>
    </Trackpoint>
    <Trackpoint>
     <Time>2026-04-10T16:45:07+00:00</Time>
     <Position>
      <LatitudeDegrees>44.0108000</LatitudeDegrees>
      <LongitudeDegrees>4.5717600</LongitudeDegrees>
     </Position>
     <AltitudeMeters>148.18</AltitudeMeters>
     <DistanceMeters>74289.46600155787</DistanceMeters>
    </Trackpoint>
    <Trackpoint>
     <Time>2026-04-10T16:45:14+00:00</Time>
     <Position>
      <LatitudeDegrees>44.0108700</LatitudeDegrees>
      <LongitudeDegrees>4.5727600</LongitudeDegrees>
     </Position>
     <AltitudeMeters>148.18</AltitudeMeters>
     <DistanceMeters>74369.88898811532</DistanceMeters>
    </Trackpoint>
    <Trackpoint>
     <Time>2026-04-10T16:45:20+00:00</Time>
     <Position>
      <LatitudeDegrees>44.0109400</LatitudeDegrees>
      <LongitudeDegrees>4.5737600</LongitudeDegrees>
     </Position>
     <AltitudeMeters>145.02</AltitudeMeters>
     <DistanceMeters>74450.31196302328</DistanceMeters>
    </Trackpoint>
    <Trackpoint>
     <Time>2026-04-10T16:45:27+00:00</Time>
     <Position>
      <LatitudeDegrees>44.0110200</LatitudeDegrees>
      <LongitudeDegrees>4.5743000</LongitudeDegrees>
     </Position>
     <AltitudeMeters>145.02</AltitudeMeters>
     <DistanceMeters>74494.44354171462</DistanceMeters>
    </Trackpoint>
    <Trackpoint>
     <Time>2026-04-10T16:45:33+00:00</Time>
     <Position>
      <LatitudeDegrees>44.0111400</LatitudeDegrees>
      <LongitudeDegrees>4.5749100</LongitudeDegrees>
     </Position>
     <AltitudeMeters>145.02</AltitudeMeters>
     <DistanceMeters>74545.06425447576</DistanceMeters>
    </Trackpoint>
    <Trackpoint>
     <Time>2026-04-10T16:45:40+00:00</Time>
     <Position>
      <LatitudeDegrees>44.0112000</LatitudeDegrees>
      <LongitudeDegrees>4.5753500</LongitudeDegrees>
     </Position>
     <AltitudeMeters>145.26</AltitudeMeters>
     <DistanceMeters>74580.91123504286</DistanceMeters>
    </Trackpoint>
    <Trackpoint>
     <Time>2026-04-10T16:45:47+00:00</Time>
     <Position>
      <LatitudeDegrees>44.0112000</LatitudeDegrees>
      <LongitudeDegrees>4.5758100</LongitudeDegrees>
     </Position>
     <AltitudeMeters>145.26</AltitudeMeters>
     <DistanceMeters>74617.73161189145</DistanceMeters>
    </Trackpoint>
    <Trackpoint>
     <Time>2026-04-10T16:45:53+00:00</Time>
     <Position>
      <LatitudeDegrees>44.0111700</LatitudeDegrees>
      <LongitudeDegrees>4.5761100</LongitudeDegrees>
     </Position>
     <AltitudeMeters>145.22</AltitudeMeters>
     <DistanceMeters>74641.97591859783</DistanceMeters>
    </Trackpoint>
    <Trackpoint>
     <Time>2026-04-10T16:46:00+00:00</Time>
     <Position>
      <LatitudeDegrees>44.0111000</LatitudeDegrees>
      <LongitudeDegrees>4.5764100</LongitudeDegrees>
     </Position>
     <AltitudeMeters>145.22</AltitudeMeters>
     <DistanceMeters>74667.22139924282</DistanceMeters>
    </Trackpoint>
    <Trackpoint>
     <Time>2026-04-10T16:46:06+00:00</Time>
     <Position>
      <LatitudeDegrees>44.0107400</LatitudeDegrees>
      <LongitudeDegrees>4.5771700</LongitudeDegrees>
     </Position>
     <AltitudeMeters>134.87</AltitudeMeters>
     <DistanceMeters>74740.0643114353</DistanceMeters>
    </Trackpoint>
    <Trackpoint>
     <Time>2026-04-10T16:46:13+00:00</Time>
     <Position>
      <LatitudeDegrees>44.0106700</LatitudeDegrees>
      <LongitudeDegrees>4.5774600</LongitudeDegrees>
     </Position>
     <AltitudeMeters>134.87</AltitudeMeters>
     <DistanceMeters>74764.54982133635</DistanceMeters>
    </Trackpoint>
    <Trackpoint>
     <Time>2026-04-10T16:46:19+00:00</Time>
     <Position>
      <LatitudeDegrees>44.0106500</LatitudeDegrees>
      <LongitudeDegrees>4.5779600</LongitudeDegrees>
     </Position>
     <AltitudeMeters>134.87</AltitudeMeters>
     <DistanceMeters>74804.63418549362</DistanceMeters>
    </Trackpoint>
    <Trackpoint>
     <Time>2026-04-10T16:46:26+00:00</Time>
     <Position>
      <LatitudeDegrees>44.0105600</LatitudeDegrees>
      <LongitudeDegrees>4.5785100</LongitudeDegrees>
     </Position>
     <AltitudeMeters>134.87</AltitudeMeters>
     <DistanceMeters>74849.78411328452</DistanceMeters>
    </Trackpoint>
    <Trackpoint>
     <Time>2026-04-10T16:46:32+00:00</Time>
     <Position>
      <LatitudeDegrees>44.0104800</LatitudeDegrees>
      <LongitudeDegrees>4.5792000</LongitudeDegrees>
     </Position>
     <AltitudeMeters>132.88</AltitudeMeters>
     <DistanceMeters>74905.72843377416</DistanceMeters>
    </Trackpoint>
    <Trackpoint>
     <Time>2026-04-10T16:46:39+00:00</Time>
     <Position>
      <LatitudeDegrees>44.0104000</LatitudeDegrees>
      <LongitudeDegrees>4.5798900</LongitudeDegrees>
     </Position>
     <AltitudeMeters>132.88</AltitudeMeters>
     <DistanceMeters>74961.67270903819</DistanceMeters>
    </Trackpoint>
    <Trackpoint>
     <Time>2026-04-10T16:46:45+00:00</Time>
     <Position>
      <LatitudeDegrees>44.0103400</LatitudeDegrees>
      <LongitudeDegrees>4.5800900</LongitudeDegrees>
     </Position>
     <AltitudeMeters>132.88</AltitudeMeters>
     <DistanceMeters>74979.01868774832</DistanceMeters>
    </Trackpoint>
    <Trackpoint>
     <Time>2026-04-10T16:46:52+00:00</Time>
     <Position>
      <LatitudeDegrees>44.0099100</LatitudeDegrees>
      <LongitudeDegrees>4.5808800</LongitudeDegrees>
     </Position>
     <AltitudeMeters>133.98000000000002</AltitudeMeters>
     <DistanceMeters>75058.32263221305</DistanceMeters>
    </Trackpoint>
    <Trackpoint>
     <Time>2026-04-10T16:46:58+00:00</Time>
     <Position>
      <LatitudeDegrees>44.0096000</LatitudeDegrees>
      <LongitudeDegrees>4.5806400</LongitudeDegrees>
     </Position>
     <AltitudeMeters>133.98000000000002</AltitudeMeters>
     <DistanceMeters>75097.81226285036</DistanceMeters>
    </Trackpoint>
    <Trackpoint>
     <Time>2026-04-10T16:47:05+00:00</Time>
     <Position>
      <LatitudeDegrees>44.0088500</LatitudeDegrees>
      <LongitudeDegrees>4.5802400</LongitudeDegrees>
     </Position>
     <AltitudeMeters>142.77</AltitudeMeters>
     <DistanceMeters>75187.21437273848</DistanceMeters>
    </Trackpoint>
    <Trackpoint>
     <Time>2026-04-10T16:47:11+00:00</Time>
     <Position>
      <LatitudeDegrees>44.0086200</LatitudeDegrees>
      <LongitudeDegrees>4.5801400</LongitudeDegrees>
     </Position>
     <AltitudeMeters>142.77</AltitudeMeters>
     <DistanceMeters>75214.03477815267</DistanceMeters>
    </Trackpoint>
    <Trackpoint>
     <Time>2026-04-10T16:47:18+00:00</Time>
     <Position>
      <LatitudeDegrees>44.0085100</LatitudeDegrees>
      <LongitudeDegrees>4.5801600</LongitudeDegrees>
     </Position>
     <AltitudeMeters>142.77</AltitudeMeters>
     <DistanceMeters>75226.38153787023</DistanceMeters>
    </Trackpoint>
    <Trackpoint>
     <Time>2026-04-10T16:47:24+00:00</Time>
     <Position>
      <LatitudeDegrees>44.0084200</LatitudeDegrees>
      <LongitudeDegrees>4.5803000</LongitudeDegrees>
     </Position>
     <AltitudeMeters>142.77</AltitudeMeters>
     <DistanceMeters>75241.41227426106</DistanceMeters>
    </Trackpoint>
    <Trackpoint>
     <Time>2026-04-10T16:47:31+00:00</Time>
     <Position>
      <LatitudeDegrees>44.0082700</LatitudeDegrees>
      <LongitudeDegrees>4.5804300</LongitudeDegrees>
     </Position>
     <AltitudeMeters>142.77</AltitudeMeters>
     <DistanceMeters>75261.08437695183</DistanceMeters>
    </Trackpoint>
    <Trackpoint>
     <Time>2026-04-10T16:47:38+00:00</Time>
     <Position>
      <LatitudeDegrees>44.0083300</LatitudeDegrees>
      <LongitudeDegrees>4.5809000</LongitudeDegrees>
     </Position>
     <AltitudeMeters>144.18</AltitudeMeters>
     <DistanceMeters>75299.29506545862</DistanceMeters>
    </Trackpoint>
    <Trackpoint>
     <Time>2026-04-10T16:47:44+00:00</Time>
     <Position>
      <LatitudeDegrees>44.0083300</LatitudeDegrees>
      <LongitudeDegrees>4.5810000</LongitudeDegrees>
     </Position>
     <AltitudeMeters>144.18</AltitudeMeters>
     <DistanceMeters>75307.29988254215</DistanceMeters>
    </Trackpoint>
    <Trackpoint>
     <Time>2026-04-10T16:47:51+00:00</Time>
     <Position>
      <LatitudeDegrees>44.0082800</LatitudeDegrees>
      <LongitudeDegrees>4.5811300</LongitudeDegrees>
     </Position>
     <AltitudeMeters>144.18</AltitudeMeters>
     <DistanceMeters>75319.10061154884</DistanceMeters>
    </Trackpoint>
    <Trackpoint>
     <Time>2026-04-10T16:47:57+00:00</Time>
     <Position>
      <LatitudeDegrees>44.0081700</LatitudeDegrees>
      <LongitudeDegrees>4.5813200</LongitudeDegrees>
     </Position>
     <AltitudeMeters>144.18</AltitudeMeters>
     <DistanceMeters>75338.6249181808</DistanceMeters>
    </Trackpoint>
    <Trackpoint>
     <Time>2026-04-10T16:48:04+00:00</Time>
     <Position>
      <LatitudeDegrees>44.0079100</LatitudeDegrees>
      <LongitudeDegrees>4.5818800</LongitudeDegrees>
     </Position>
     <AltitudeMeters>143.16</AltitudeMeters>
     <DistanceMeters>75391.98051983055</DistanceMeters>
    </Trackpoint>
    <Trackpoint>
     <Time>2026-04-10T16:48:10+00:00</Time>
     <Position>
      <LatitudeDegrees>44.0075700</LatitudeDegrees>
      <LongitudeDegrees>4.5818300</LongitudeDegrees>
     </Position>
     <AltitudeMeters>136.83</AltitudeMeters>
     <DistanceMeters>75430.03213451304</DistanceMeters>
    </Trackpoint>
    <Trackpoint>
     <Time>2026-04-10T16:48:17+00:00</Time>
     <Position>
      <LatitudeDegrees>44.0075300</LatitudeDegrees>
      <LongitudeDegrees>4.5823700</LongitudeDegrees>
     </Position>
     <AltitudeMeters>136.83</AltitudeMeters>
     <DistanceMeters>75473.48735333285</DistanceMeters>
    </Trackpoint>
    <Trackpoint>
     <Time>2026-04-10T16:48:23+00:00</Time>
     <Position>
      <LatitudeDegrees>44.0074800</LatitudeDegrees>
      <LongitudeDegrees>4.5825400</LongitudeDegrees>
     </Position>
     <AltitudeMeters>137.56</AltitudeMeters>
     <DistanceMeters>75488.18955660527</DistanceMeters>
    </Trackpoint>
    <Trackpoint>
     <Time>2026-04-10T16:48:30+00:00</Time>
     <Position>
      <LatitudeDegrees>44.0072600</LatitudeDegrees>
      <LongitudeDegrees>4.5829100</LongitudeDegrees>
     </Position>
     <AltitudeMeters>137.56</AltitudeMeters>
     <DistanceMeters>75526.61821121274</DistanceMeters>
    </Trackpoint>
    <Trackpoint>
     <Time>2026-04-10T16:48:36+00:00</Time>
     <Position>
      <LatitudeDegrees>44.0070100</LatitudeDegrees>
      <LongitudeDegrees>4.5835800</LongitudeDegrees>
     </Position>
     <AltitudeMeters>137.46</AltitudeMeters>
     <DistanceMeters>75587.03929430575</DistanceMeters>
    </Trackpoint>
    <Trackpoint>
     <Time>2026-04-10T16:48:43+00:00</Time>
     <Position>
      <LatitudeDegrees>44.0069400</LatitudeDegrees>
      <LongitudeDegrees>4.5835100</LongitudeDegrees>
     </Position>
     <AltitudeMeters>137.46</AltitudeMeters>
     <DistanceMeters>75596.63586558505</DistanceMeters>
    </Trackpoint>
    <Trackpoint>
     <Time>2026-04-10T16:48:49+00:00</Time>
     <Position>
      <LatitudeDegrees>44.0068000</LatitudeDegrees>
      <LongitudeDegrees>4.5832900</LongitudeDegrees>
     </Position>
     <AltitudeMeters>133.70000000000002</AltitudeMeters>
     <DistanceMeters>75620.15029283316</DistanceMeters>
    </Trackpoint>
    <Trackpoint>
     <Time>2026-04-10T16:48:56+00:00</Time>
     <Position>
      <LatitudeDegrees>44.0067400</LatitudeDegrees>
      <LongitudeDegrees>4.5835000</LongitudeDegrees>
     </Position>
     <AltitudeMeters>133.70000000000002</AltitudeMeters>
     <DistanceMeters>75638.23860622954</DistanceMeters>
    </Trackpoint>
    <Trackpoint>
     <Time>2026-04-10T16:49:02+00:00</Time>
     <Position>
      <LatitudeDegrees>44.0067000</LatitudeDegrees>
      <LongitudeDegrees>4.5840900</LongitudeDegrees>
     </Position>
     <AltitudeMeters>136.69</AltitudeMeters>
     <DistanceMeters>75685.67765748904</DistanceMeters>
    </Trackpoint>
    <Trackpoint>
     <Time>2026-04-10T16:49:09+00:00</Time>
     <Position>
      <LatitudeDegrees>44.0067100</LatitudeDegrees>
      <LongitudeDegrees>4.5843600</LongitudeDegrees>
     </Position>
     <AltitudeMeters>136.69</AltitudeMeters>
     <DistanceMeters>75707.319891698</DistanceMeters>
    </Trackpoint>
    <Trackpoint>
     <Time>2026-04-10T16:49:15+00:00</Time>
     <Position>
      <LatitudeDegrees>44.0068200</LatitudeDegrees>
      <LongitudeDegrees>4.5848500</LongitudeDegrees>
     </Position>
     <AltitudeMeters>136.69</AltitudeMeters>
     <DistanceMeters>75748.41066542738</DistanceMeters>
    </Trackpoint>
    <Trackpoint>
     <Time>2026-04-10T16:49:22+00:00</Time>
     <Position>
      <LatitudeDegrees>44.0068300</LatitudeDegrees>
      <LongitudeDegrees>4.5851800</LongitudeDegrees>
     </Position>
     <AltitudeMeters>136.69</AltitudeMeters>
     <DistanceMeters>75774.85066665884</DistanceMeters>
    </Trackpoint>
    <Trackpoint>
     <Time>2026-04-10T16:49:28+00:00</Time>
     <Position>
      <LatitudeDegrees>44.0067100</LatitudeDegrees>
      <LongitudeDegrees>4.5856400</LongitudeDegrees>
     </Position>
     <AltitudeMeters>136.69</AltitudeMeters>
     <DistanceMeters>75814.02095603925</DistanceMeters>
    </Trackpoint>
    <Trackpoint>
     <Time>2026-04-10T16:49:35+00:00</Time>
     <Position>
      <LatitudeDegrees>44.0066600</LatitudeDegrees>
      <LongitudeDegrees>4.5860700</LongitudeDegrees>
     </Position>
     <AltitudeMeters>136.69</AltitudeMeters>
     <DistanceMeters>75848.88953863816</DistanceMeters>
    </Trackpoint>
    <Trackpoint>
     <Time>2026-04-10T16:49:42+00:00</Time>
     <Position>
      <LatitudeDegrees>44.0066400</LatitudeDegrees>
      <LongitudeDegrees>4.5864100</LongitudeDegrees>
     </Position>
     <AltitudeMeters>136.69</AltitudeMeters>
     <DistanceMeters>75876.19755738357</DistanceMeters>
    </Trackpoint>
    <Trackpoint>
     <Time>2026-04-10T16:49:48+00:00</Time>
     <Position>
      <LatitudeDegrees>44.0066700</LatitudeDegrees>
      <LongitudeDegrees>4.5867200</LongitudeDegrees>
     </Position>
     <AltitudeMeters>136.69</AltitudeMeters>
     <DistanceMeters>75901.23680121698</DistanceMeters>
    </Trackpoint>
    <Trackpoint>
     <Time>2026-04-10T16:49:55+00:00</Time>
     <Position>
      <LatitudeDegrees>44.0065850</LatitudeDegrees>
      <LongitudeDegrees>4.5876350</LongitudeDegrees>
     </Position>
     <AltitudeMeters>141.14000000000001</AltitudeMeters>
     <DistanceMeters>75975.09141389208</DistanceMeters>
    </Trackpoint>
    <Trackpoint>
     <Time>2026-04-10T16:50:01+00:00</Time>
     <Position>
      <LatitudeDegrees>44.0065000</LatitudeDegrees>
      <LongitudeDegrees>4.5885500</LongitudeDegrees>
     </Position>
     <AltitudeMeters>141.14000000000001</AltitudeMeters>
     <DistanceMeters>76048.94603559855</DistanceMeters>
    </Trackpoint>
    <Trackpoint>
     <Time>2026-04-10T16:50:08+00:00</Time>
     <Position>
      <LatitudeDegrees>44.0063900</LatitudeDegrees>
      <LongitudeDegrees>4.5891600</LongitudeDegrees>
     </Position>
     <AltitudeMeters>141.14000000000001</AltitudeMeters>
     <DistanceMeters>76099.28826161403</DistanceMeters>
    </Trackpoint>
    <Trackpoint>
     <Time>2026-04-10T16:50:14+00:00</Time>
     <Position>
      <LatitudeDegrees>44.0061800</LatitudeDegrees>
      <LongitudeDegrees>4.5898900</LongitudeDegrees>
     </Position>
     <AltitudeMeters>141.14000000000001</AltitudeMeters>
     <DistanceMeters>76162.22599789673</DistanceMeters>
    </Trackpoint>
    <Trackpoint>
     <Time>2026-04-10T16:50:21+00:00</Time>
     <Position>
      <LatitudeDegrees>44.0060400</LatitudeDegrees>
      <LongitudeDegrees>4.5906700</LongitudeDegrees>
     </Position>
     <AltitudeMeters>141.14000000000001</AltitudeMeters>
     <DistanceMeters>76226.58065777205</DistanceMeters>
    </Trackpoint>
    <Trackpoint>
     <Time>2026-04-10T16:50:27+00:00</Time>
     <Position>
      <LatitudeDegrees>44.0060000</LatitudeDegrees>
      <LongitudeDegrees>4.5907100</LongitudeDegrees>
     </Position>
     <AltitudeMeters>139.8</AltitudeMeters>
     <DistanceMeters>76232.06444289068</DistanceMeters>
    </Trackpoint>
    <Trackpoint>
     <Time>2026-04-10T16:50:34+00:00</Time>
     <Position>
      <LatitudeDegrees>44.0055700</LatitudeDegrees>
      <LongitudeDegrees>4.5908600</LongitudeDegrees>
     </Position>
     <AltitudeMeters>139.8</AltitudeMeters>
     <DistanceMeters>76281.40501336707</DistanceMeters>
    </Trackpoint>
    <Trackpoint>
     <Time>2026-04-10T16:50:40+00:00</Time>
     <Position>
      <LatitudeDegrees>44.0060600</LatitudeDegrees>
      <LongitudeDegrees>4.5916800</LongitudeDegrees>
     </Position>
     <AltitudeMeters>142.64000000000001</AltitudeMeters>
     <DistanceMeters>76366.74528991993</DistanceMeters>
    </Trackpoint>
    <Trackpoint>
     <Time>2026-04-10T16:50:47+00:00</Time>
     <Position>
      <LatitudeDegrees>44.0063900</LatitudeDegrees>
      <LongitudeDegrees>4.5920900</LongitudeDegrees>
     </Position>
     <AltitudeMeters>142.64000000000001</AltitudeMeters>
     <DistanceMeters>76416.00102210742</DistanceMeters>
    </Trackpoint>
    <Trackpoint>
     <Time>2026-04-10T16:50:53+00:00</Time>
     <Position>
      <LatitudeDegrees>44.0069600</LatitudeDegrees>
      <LongitudeDegrees>4.5926300</LongitudeDegrees>
     </Position>
     <AltitudeMeters>143.77</AltitudeMeters>
     <DistanceMeters>76492.76716319476</DistanceMeters>
    </Trackpoint>
    <Trackpoint>
     <Time>2026-04-10T16:51:00+00:00</Time>
     <Position>
      <LatitudeDegrees>44.0071200</LatitudeDegrees>
      <LongitudeDegrees>4.5925800</LongitudeDegrees>
     </Position>
     <AltitudeMeters>143.70000000000002</AltitudeMeters>
     <DistanceMeters>76511.01874434312</DistanceMeters>
    </Trackpoint>
    <Trackpoint>
     <Time>2026-04-10T16:51:06+00:00</Time>
     <Position>
      <LatitudeDegrees>44.0072400</LatitudeDegrees>
      <LongitudeDegrees>4.5925100</LongitudeDegrees>
     </Position>
     <AltitudeMeters>143.70000000000002</AltitudeMeters>
     <DistanceMeters>76525.50211003565</DistanceMeters>
    </Trackpoint>
    <Trackpoint>
     <Time>2026-04-10T16:51:13+00:00</Time>
     <Position>
      <LatitudeDegrees>44.0069600</LatitudeDegrees>
      <LongitudeDegrees>4.5926300</LongitudeDegrees>
     </Position>
     <AltitudeMeters>143.77</AltitudeMeters>
     <DistanceMeters>76558.11183774991</DistanceMeters>
    </Trackpoint>
    <Trackpoint>
     <Time>2026-04-10T16:51:19+00:00</Time>
     <Position>
      <LatitudeDegrees>44.0072300</LatitudeDegrees>
      <LongitudeDegrees>4.5929000</LongitudeDegrees>
     </Position>
     <AltitudeMeters>143.77</AltitudeMeters>
     <DistanceMeters>76595.12715858147</DistanceMeters>
    </Trackpoint>
    <Trackpoint>
     <Time>2026-04-10T16:51:26+00:00</Time>
     <Position>
      <LatitudeDegrees>44.0073400</LatitudeDegrees>
      <LongitudeDegrees>4.5931800</LongitudeDegrees>
     </Position>
     <AltitudeMeters>143.77</AltitudeMeters>
     <DistanceMeters>76620.66657028535</DistanceMeters>
    </Trackpoint>
    <Trackpoint>
     <Time>2026-04-10T16:51:33+00:00</Time>
     <Position>
      <LatitudeDegrees>44.0074500</LatitudeDegrees>
      <LongitudeDegrees>4.5943133</LongitudeDegrees>
     </Position>
     <AltitudeMeters>143.77</AltitudeMeters>
     <DistanceMeters>76712.21140103745</DistanceMeters>
    </Trackpoint>
    <Trackpoint>
     <Time>2026-04-10T16:51:39+00:00</Time>
     <Position>
      <LatitudeDegrees>44.0075600</LatitudeDegrees>
      <LongitudeDegrees>4.5954467</LongitudeDegrees>
     </Position>
     <AltitudeMeters>149.63000000000002</AltitudeMeters>
     <DistanceMeters>76803.75623178948</DistanceMeters>
    </Trackpoint>
    <Trackpoint>
     <Time>2026-04-10T16:51:46+00:00</Time>
     <Position>
      <LatitudeDegrees>44.0076700</LatitudeDegrees>
      <LongitudeDegrees>4.5965800</LongitudeDegrees>
     </Position>
     <AltitudeMeters>149.63000000000002</AltitudeMeters>
     <DistanceMeters>76895.30105256954</DistanceMeters>
    </Trackpoint>
    <Trackpoint>
     <Time>2026-04-10T16:51:52+00:00</Time>
     <Position>
      <LatitudeDegrees>44.0076600</LatitudeDegrees>
      <LongitudeDegrees>4.5967300</LongitudeDegrees>
     </Position>
     <AltitudeMeters>150.00000000000003</AltitudeMeters>
     <DistanceMeters>76907.35988223231</DistanceMeters>
    </Trackpoint>
    <Trackpoint>
     <Time>2026-04-10T16:51:59+00:00</Time>
     <Position>
      <LatitudeDegrees>44.0076300</LatitudeDegrees>
      <LongitudeDegrees>4.5969000</LongitudeDegrees>
     </Position>
     <AltitudeMeters>150.36</AltitudeMeters>
     <DistanceMeters>76921.37184646513</DistanceMeters>
    </Trackpoint>
    <Trackpoint>
     <Time>2026-04-10T16:52:05+00:00</Time>
     <Position>
      <LatitudeDegrees>44.0076200</LatitudeDegrees>
      <LongitudeDegrees>4.5969100</LongitudeDegrees>
     </Position>
     <AltitudeMeters>150.36</AltitudeMeters>
     <DistanceMeters>76921.37184646513</DistanceMeters>
    </Trackpoint>
    <Trackpoint>
     <Time>2026-04-10T16:52:12+00:00</Time>
     <Position>
      <LatitudeDegrees>44.0074500</LatitudeDegrees>
      <LongitudeDegrees>4.5972600</LongitudeDegrees>
     </Position>
     <AltitudeMeters>150.36</AltitudeMeters>
     <DistanceMeters>76955.17927051515</DistanceMeters>
    </Trackpoint>
    <Trackpoint>
     <Time>2026-04-10T16:52:18+00:00</Time>
     <Position>
      <LatitudeDegrees>44.0072200</LatitudeDegrees>
      <LongitudeDegrees>4.5975600</LongitudeDegrees>
     </Position>
     <AltitudeMeters>154.25000000000003</AltitudeMeters>
     <DistanceMeters>76990.27871697923</DistanceMeters>
    </Trackpoint>
    <Trackpoint>
     <Time>2026-04-10T16:52:25+00:00</Time>
     <Position>
      <LatitudeDegrees>44.0065450</LatitudeDegrees>
      <LongitudeDegrees>4.5982050</LongitudeDegrees>
     </Position>
     <AltitudeMeters>154.25000000000003</AltitudeMeters>
     <DistanceMeters>77081.435911802</DistanceMeters>
    </Trackpoint>
    <Trackpoint>
     <Time>2026-04-10T16:52:31+00:00</Time>
     <Position>
      <LatitudeDegrees>44.0058700</LatitudeDegrees>
      <LongitudeDegrees>4.5988500</LongitudeDegrees>
     </Position>
     <AltitudeMeters>166.28</AltitudeMeters>
     <DistanceMeters>77172.59307099108</DistanceMeters>
    </Trackpoint>
    <Trackpoint>
     <Time>2026-04-10T16:52:38+00:00</Time>
     <Position>
      <LatitudeDegrees>44.0056600</LatitudeDegrees>
      <LongitudeDegrees>4.5990900</LongitudeDegrees>
     </Position>
     <AltitudeMeters>166.28</AltitudeMeters>
     <DistanceMeters>77202.8481650066</DistanceMeters>
    </Trackpoint>
    <Trackpoint>
     <Time>2026-04-10T16:52:44+00:00</Time>
     <Position>
      <LatitudeDegrees>44.0055600</LatitudeDegrees>
      <LongitudeDegrees>4.5993200</LongitudeDegrees>
     </Position>
     <AltitudeMeters>166.28</AltitudeMeters>
     <DistanceMeters>77224.36249073803</DistanceMeters>
    </Trackpoint>
    <Trackpoint>
     <Time>2026-04-10T16:52:51+00:00</Time>
     <Position>
      <LatitudeDegrees>44.0052800</LatitudeDegrees>
      <LongitudeDegrees>4.6001300</LongitudeDegrees>
     </Position>
     <AltitudeMeters>166.28</AltitudeMeters>
     <DistanceMeters>77296.30448546876</DistanceMeters>
    </Trackpoint>
    <Trackpoint>
     <Time>2026-04-10T16:52:57+00:00</Time>
     <Position>
      <LatitudeDegrees>44.0050000</LatitudeDegrees>
      <LongitudeDegrees>4.6009400</LongitudeDegrees>
     </Position>
     <AltitudeMeters>166.28</AltitudeMeters>
     <DistanceMeters>77368.24647395973</DistanceMeters>
    </Trackpoint>
    <Trackpoint>
     <Time>2026-04-10T16:53:04+00:00</Time>
     <Position>
      <LatitudeDegrees>44.0049100</LatitudeDegrees>
      <LongitudeDegrees>4.6011500</LongitudeDegrees>
     </Position>
     <AltitudeMeters>166.28</AltitudeMeters>
     <DistanceMeters>77387.81544563398</DistanceMeters>
    </Trackpoint>
    <Trackpoint>
     <Time>2026-04-10T16:53:10+00:00</Time>
     <Position>
      <LatitudeDegrees>44.0047600</LatitudeDegrees>
      <LongitudeDegrees>4.6014100</LongitudeDegrees>
     </Position>
     <AltitudeMeters>166.28</AltitudeMeters>
     <DistanceMeters>77414.49715482013</DistanceMeters>
    </Trackpoint>
    <Trackpoint>
     <Time>2026-04-10T16:53:17+00:00</Time>
     <Position>
      <LatitudeDegrees>44.0046700</LatitudeDegrees>
      <LongitudeDegrees>4.6015000</LongitudeDegrees>
     </Position>
     <AltitudeMeters>166.28</AltitudeMeters>
     <DistanceMeters>77426.83576388519</DistanceMeters>
    </Trackpoint>
    <Trackpoint>
     <Time>2026-04-10T16:53:23+00:00</Time>
     <Position>
      <LatitudeDegrees>44.0040800</LatitudeDegrees>
      <LongitudeDegrees>4.6019800</LongitudeDegrees>
     </Position>
     <AltitudeMeters>166.28</AltitudeMeters>
     <DistanceMeters>77502.91699213788</DistanceMeters>
    </Trackpoint>
    <Trackpoint>
     <Time>2026-04-10T16:53:30+00:00</Time>
     <Position>
      <LatitudeDegrees>44.0036300</LatitudeDegrees>
      <LongitudeDegrees>4.6023250</LongitudeDegrees>
     </Position>
     <AltitudeMeters>166.28</AltitudeMeters>
     <DistanceMeters>77560.11063052606</DistanceMeters>
    </Trackpoint>
    <Trackpoint>
     <Time>2026-04-10T16:53:37+00:00</Time>
     <Position>
      <LatitudeDegrees>44.0031800</LatitudeDegrees>
      <LongitudeDegrees>4.6026700</LongitudeDegrees>
     </Position>
     <AltitudeMeters>166.28</AltitudeMeters>
     <DistanceMeters>77617.30424635546</DistanceMeters>
    </Trackpoint>
    <Trackpoint>
     <Time>2026-04-10T16:53:43+00:00</Time>
     <Position>
      <LatitudeDegrees>44.0029300</LatitudeDegrees>
      <LongitudeDegrees>4.6029000</LongitudeDegrees>
     </Position>
     <AltitudeMeters>166.28</AltitudeMeters>
     <DistanceMeters>77650.6688780449</DistanceMeters>
    </Trackpoint>
    <Trackpoint>
     <Time>2026-04-10T16:53:50+00:00</Time>
     <Position>
      <LatitudeDegrees>44.0023367</LatitudeDegrees>
      <LongitudeDegrees>4.6035000</LongitudeDegrees>
     </Position>
     <AltitudeMeters>175.86</AltitudeMeters>
     <DistanceMeters>77732.32635808292</DistanceMeters>
    </Trackpoint>
    <Trackpoint>
     <Time>2026-04-10T16:53:56+00:00</Time>
     <Position>
      <LatitudeDegrees>44.0017433</LatitudeDegrees>
      <LongitudeDegrees>4.6041000</LongitudeDegrees>
     </Position>
     <AltitudeMeters>175.86</AltitudeMeters>
     <DistanceMeters>77813.98383812053</DistanceMeters>
    </Trackpoint>
    <Trackpoint>
     <Time>2026-04-10T16:54:03+00:00</Time>
     <Position>
      <LatitudeDegrees>44.0011500</LatitudeDegrees>
      <LongitudeDegrees>4.6047000</LongitudeDegrees>
     </Position>
     <AltitudeMeters>175.86</AltitudeMeters>
     <DistanceMeters>77895.64130974317</DistanceMeters>
    </Trackpoint>
    <Trackpoint>
     <Time>2026-04-10T16:54:09+00:00</Time>
     <Position>
      <LatitudeDegrees>44.0010100</LatitudeDegrees>
      <LongitudeDegrees>4.6049000</LongitudeDegrees>
     </Position>
     <AltitudeMeters>175.86</AltitudeMeters>
     <DistanceMeters>77917.98299538107</DistanceMeters>
    </Trackpoint>
    <Trackpoint>
     <Time>2026-04-10T16:54:16+00:00</Time>
     <Position>
      <LatitudeDegrees>44.0009500</LatitudeDegrees>
      <LongitudeDegrees>4.6050200</LongitudeDegrees>
     </Position>
     <AltitudeMeters>175.86</AltitudeMeters>
     <DistanceMeters>77929.68282907282</DistanceMeters>
    </Trackpoint>
    <Trackpoint>
     <Time>2026-04-10T16:54:22+00:00</Time>
     <Position>
      <LatitudeDegrees>44.0007100</LatitudeDegrees>
      <LongitudeDegrees>4.6056300</LongitudeDegrees>
     </Position>
     <AltitudeMeters>175.86</AltitudeMeters>
     <DistanceMeters>77985.34598812799</DistanceMeters>
    </Trackpoint>
    <Trackpoint>
     <Time>2026-04-10T16:54:29+00:00</Time>
     <Position>
      <LatitudeDegrees>44.0006100</LatitudeDegrees>
      <LongitudeDegrees>4.6057900</LongitudeDegrees>
     </Position>
     <AltitudeMeters>175.86</AltitudeMeters>
     <DistanceMeters>78002.31499143782</DistanceMeters>
    </Trackpoint>
    <Trackpoint>
     <Time>2026-04-10T16:54:35+00:00</Time>
     <Position>
      <LatitudeDegrees>44.0005300</LatitudeDegrees>
      <LongitudeDegrees>4.6058800</LongitudeDegrees>
     </Position>
     <AltitudeMeters>175.86</AltitudeMeters>
     <DistanceMeters>78013.76885932831</DistanceMeters>
    </Trackpoint>
    <Trackpoint>
     <Time>2026-04-10T16:54:42+00:00</Time>
     <Position>
      <LatitudeDegrees>43.9998533</LatitudeDegrees>
      <LongitudeDegrees>4.6064200</LongitudeDegrees>
     </Position>
     <AltitudeMeters>175.86</AltitudeMeters>
     <DistanceMeters>78100.6057868159</DistanceMeters>
    </Trackpoint>
    <Trackpoint>
     <Time>2026-04-10T16:54:48+00:00</Time>
     <Position>
      <LatitudeDegrees>43.9991767</LatitudeDegrees>
      <LongitudeDegrees>4.6069600</LongitudeDegrees>
     </Position>
     <AltitudeMeters>175.86</AltitudeMeters>
     <DistanceMeters>78187.44271430605</DistanceMeters>
    </Trackpoint>
    <Trackpoint>
     <Time>2026-04-10T16:54:55+00:00</Time>
     <Position>
      <LatitudeDegrees>43.9985000</LatitudeDegrees>
      <LongitudeDegrees>4.6075000</LongitudeDegrees>
     </Position>
     <AltitudeMeters>175.93</AltitudeMeters>
     <DistanceMeters>78274.27962690221</DistanceMeters>
    </Trackpoint>
    <Trackpoint>
     <Time>2026-04-10T16:55:01+00:00</Time>
     <Position>
      <LatitudeDegrees>43.9984400</LatitudeDegrees>
      <LongitudeDegrees>4.6076100</LongitudeDegrees>
     </Position>
     <AltitudeMeters>175.93</AltitudeMeters>
     <DistanceMeters>78285.33183417619</DistanceMeters>
    </Trackpoint>
    <Trackpoint>
     <Time>2026-04-10T16:55:08+00:00</Time>
     <Position>
      <LatitudeDegrees>43.9984200</LatitudeDegrees>
      <LongitudeDegrees>4.6077900</LongitudeDegrees>
     </Position>
     <AltitudeMeters>175.93</AltitudeMeters>
     <DistanceMeters>78299.91380204701</DistanceMeters>
    </Trackpoint>
    <Trackpoint>
     <Time>2026-04-10T16:55:14+00:00</Time>
     <Position>
      <LatitudeDegrees>43.9984500</LatitudeDegrees>
      <LongitudeDegrees>4.6079700</LongitudeDegrees>
     </Position>
     <AltitudeMeters>175.93</AltitudeMeters>
     <DistanceMeters>78314.70660827564</DistanceMeters>
    </Trackpoint>
    <Trackpoint>
     <Time>2026-04-10T16:55:21+00:00</Time>
     <Position>
      <LatitudeDegrees>43.9986900</LatitudeDegrees>
      <LongitudeDegrees>4.6085500</LongitudeDegrees>
     </Position>
     <AltitudeMeters>175.93</AltitudeMeters>
     <DistanceMeters>78368.27654809548</DistanceMeters>
    </Trackpoint>
    <Trackpoint>
     <Time>2026-04-10T16:55:27+00:00</Time>
     <Position>
      <LatitudeDegrees>43.9988000</LatitudeDegrees>
      <LongitudeDegrees>4.6087400</LongitudeDegrees>
     </Position>
     <AltitudeMeters>175.93</AltitudeMeters>
     <DistanceMeters>78387.80274820447</DistanceMeters>
    </Trackpoint>
    <Trackpoint>
     <Time>2026-04-10T16:55:34+00:00</Time>
     <Position>
      <LatitudeDegrees>43.9988700</LatitudeDegrees>
      <LongitudeDegrees>4.6087800</LongitudeDegrees>
     </Position>
     <AltitudeMeters>175.93</AltitudeMeters>
     <DistanceMeters>78396.22596530322</DistanceMeters>
    </Trackpoint>
    <Trackpoint>
     <Time>2026-04-10T16:55:41+00:00</Time>
     <Position>
      <LatitudeDegrees>43.9991200</LatitudeDegrees>
      <LongitudeDegrees>4.6087900</LongitudeDegrees>
     </Position>
     <AltitudeMeters>175.93</AltitudeMeters>
     <DistanceMeters>78424.06140115486</DistanceMeters>
    </Trackpoint>
    <Trackpoint>
     <Time>2026-04-10T16:55:47+00:00</Time>
     <Position>
      <LatitudeDegrees>43.9993300</LatitudeDegrees>
      <LongitudeDegrees>4.6089000</LongitudeDegrees>
     </Position>
     <AltitudeMeters>160.91000000000003</AltitudeMeters>
     <DistanceMeters>78449.03762597822</DistanceMeters>
    </Trackpoint>
    <Trackpoint>
     <Time>2026-04-10T16:55:54+00:00</Time>
     <Position>
      <LatitudeDegrees>43.9994300</LatitudeDegrees>
      <LongitudeDegrees>4.6090300</LongitudeDegrees>
     </Position>
     <AltitudeMeters>160.91000000000003</AltitudeMeters>
     <DistanceMeters>78464.27541635986</DistanceMeters>
    </Trackpoint>
    <Trackpoint>
     <Time>2026-04-10T16:56:00+00:00</Time>
     <Position>
      <LatitudeDegrees>43.9995200</LatitudeDegrees>
      <LongitudeDegrees>4.6093300</LongitudeDegrees>
     </Position>
     <AltitudeMeters>160.91000000000003</AltitudeMeters>
     <DistanceMeters>78490.29845529911</DistanceMeters>
    </Trackpoint>
    <Trackpoint>
     <Time>2026-04-10T16:56:07+00:00</Time>
     <Position>
      <LatitudeDegrees>43.9994700</LatitudeDegrees>
      <LongitudeDegrees>4.6102600</LongitudeDegrees>
     </Position>
     <AltitudeMeters>160.91000000000003</AltitudeMeters>
     <DistanceMeters>78564.96200656919</DistanceMeters>
    </Trackpoint>
    <Trackpoint>
     <Time>2026-04-10T16:56:13+00:00</Time>
     <Position>
      <LatitudeDegrees>43.9994300</LatitudeDegrees>
      <LongitudeDegrees>4.6104300</LongitudeDegrees>
     </Position>
     <AltitudeMeters>160.91000000000003</AltitudeMeters>
     <DistanceMeters>78579.28181877993</DistanceMeters>
    </Trackpoint>
    <Trackpoint>
     <Time>2026-04-10T16:56:20+00:00</Time>
     <Position>
      <LatitudeDegrees>43.9993300</LatitudeDegrees>
      <LongitudeDegrees>4.6106200</LongitudeDegrees>
     </Position>
     <AltitudeMeters>160.91000000000003</AltitudeMeters>
     <DistanceMeters>78598.1300390823</DistanceMeters>
    </Trackpoint>
    <Trackpoint>
     <Time>2026-04-10T16:56:26+00:00</Time>
     <Position>
      <LatitudeDegrees>43.9986400</LatitudeDegrees>
      <LongitudeDegrees>4.6114000</LongitudeDegrees>
     </Position>
     <AltitudeMeters>160.91000000000003</AltitudeMeters>
     <DistanceMeters>78697.10983641035</DistanceMeters>
    </Trackpoint>
    <Trackpoint>
     <Time>2026-04-10T16:56:33+00:00</Time>
     <Position>
      <LatitudeDegrees>43.9983100</LatitudeDegrees>
      <LongitudeDegrees>4.6118000</LongitudeDegrees>
     </Position>
     <AltitudeMeters>168.56</AltitudeMeters>
     <DistanceMeters>78745.83856441821</DistanceMeters>
    </Trackpoint>
    <Trackpoint>
     <Time>2026-04-10T16:56:39+00:00</Time>
     <Position>
      <LatitudeDegrees>43.9982500</LatitudeDegrees>
      <LongitudeDegrees>4.6119900</LongitudeDegrees>
     </Position>
     <AltitudeMeters>168.56</AltitudeMeters>
     <DistanceMeters>78762.45147889186</DistanceMeters>
    </Trackpoint>
    <Trackpoint>
     <Time>2026-04-10T16:56:46+00:00</Time>
     <Position>
      <LatitudeDegrees>43.9982200</LatitudeDegrees>
      <LongitudeDegrees>4.6122200</LongitudeDegrees>
     </Position>
     <AltitudeMeters>168.56</AltitudeMeters>
     <DistanceMeters>78781.1659459378</DistanceMeters>
    </Trackpoint>
    <Trackpoint>
     <Time>2026-04-10T16:56:52+00:00</Time>
     <Position>
      <LatitudeDegrees>43.9982600</LatitudeDegrees>
      <LongitudeDegrees>4.6124500</LongitudeDegrees>
     </Position>
     <AltitudeMeters>168.56</AltitudeMeters>
     <DistanceMeters>78800.11065309953</DistanceMeters>
    </Trackpoint>
    <Trackpoint>
     <Time>2026-04-10T16:56:59+00:00</Time>
     <Position>
      <LatitudeDegrees>43.9984400</LatitudeDegrees>
      <LongitudeDegrees>4.6128100</LongitudeDegrees>
     </Position>
     <AltitudeMeters>168.56</AltitudeMeters>
     <DistanceMeters>78835.2112032163</DistanceMeters>
    </Trackpoint>
    <Trackpoint>
     <Time>2026-04-10T16:57:05+00:00</Time>
     <Position>
      <LatitudeDegrees>43.9984500</LatitudeDegrees>
      <LongitudeDegrees>4.6128600</LongitudeDegrees>
     </Position>
     <AltitudeMeters>168.56</AltitudeMeters>
     <DistanceMeters>78839.36611432307</DistanceMeters>
    </Trackpoint>
    <Trackpoint>
     <Time>2026-04-10T16:57:12+00:00</Time>
     <Position>
      <LatitudeDegrees>43.9984400</LatitudeDegrees>
      <LongitudeDegrees>4.6129800</LongitudeDegrees>
     </Position>
     <AltitudeMeters>168.56</AltitudeMeters>
     <DistanceMeters>78849.03774533655</DistanceMeters>
    </Trackpoint>
    <Trackpoint>
     <Time>2026-04-10T16:57:18+00:00</Time>
     <Position>
      <LatitudeDegrees>43.9983900</LatitudeDegrees>
      <LongitudeDegrees>4.6130700</LongitudeDegrees>
     </Position>
     <AltitudeMeters>168.56</AltitudeMeters>
     <DistanceMeters>78858.14195429882</DistanceMeters>
    </Trackpoint>
    <Trackpoint>
     <Time>2026-04-10T16:57:25+00:00</Time>
     <Position>
      <LatitudeDegrees>43.9983400</LatitudeDegrees>
      <LongitudeDegrees>4.6131000</LongitudeDegrees>
     </Position>
     <AltitudeMeters>168.56</AltitudeMeters>
     <DistanceMeters>78864.20295232364</DistanceMeters>
    </Trackpoint>
    <Trackpoint>
     <Time>2026-04-10T16:57:32+00:00</Time>
     <Position>
      <LatitudeDegrees>43.9980700</LatitudeDegrees>
      <LongitudeDegrees>4.6131600</LongitudeDegrees>
     </Position>
     <AltitudeMeters>168.56</AltitudeMeters>
     <DistanceMeters>78894.63431970007</DistanceMeters>
    </Trackpoint>
    <Trackpoint>
     <Time>2026-04-10T16:57:38+00:00</Time>
     <Position>
      <LatitudeDegrees>43.9980100</LatitudeDegrees>
      <LongitudeDegrees>4.6132200</LongitudeDegrees>
     </Position>
     <AltitudeMeters>168.56</AltitudeMeters>
     <DistanceMeters>78902.86037465796</DistanceMeters>
    </Trackpoint>
    <Trackpoint>
     <Time>2026-04-10T16:57:45+00:00</Time>
     <Position>
      <LatitudeDegrees>43.9979300</LatitudeDegrees>
      <LongitudeDegrees>4.6133500</LongitudeDegrees>
     </Position>
     <AltitudeMeters>168.56</AltitudeMeters>
     <DistanceMeters>78916.55720576529</DistanceMeters>
    </Trackpoint>
    <Trackpoint>
     <Time>2026-04-10T16:57:51+00:00</Time>
     <Position>
      <LatitudeDegrees>43.9978500</LatitudeDegrees>
      <LongitudeDegrees>4.6143300</LongitudeDegrees>
     </Position>
     <AltitudeMeters>168.56</AltitudeMeters>
     <DistanceMeters>78995.52179110439</DistanceMeters>
    </Trackpoint>
    <Trackpoint>
     <Time>2026-04-10T16:57:58+00:00</Time>
     <Position>
      <LatitudeDegrees>43.9976750</LatitudeDegrees>
      <LongitudeDegrees>4.6149250</LongitudeDegrees>
     </Position>
     <AltitudeMeters>168.56</AltitudeMeters>
     <DistanceMeters>79046.98682296343</DistanceMeters>
    </Trackpoint>
    <Trackpoint>
     <Time>2026-04-10T16:58:04+00:00</Time>
     <Position>
      <LatitudeDegrees>43.9975000</LatitudeDegrees>
      <LongitudeDegrees>4.6155200</LongitudeDegrees>
     </Position>
     <AltitudeMeters>168.56</AltitudeMeters>
     <DistanceMeters>79098.45182490595</DistanceMeters>
    </Trackpoint>
    <Trackpoint>
     <Time>2026-04-10T16:58:11+00:00</Time>
     <Position>
      <LatitudeDegrees>43.9974700</LatitudeDegrees>
      <LongitudeDegrees>4.6156700</LongitudeDegrees>
     </Position>
     <AltitudeMeters>168.56</AltitudeMeters>
     <DistanceMeters>79110.91674542584</DistanceMeters>
    </Trackpoint>
    <Trackpoint>
     <Time>2026-04-10T16:58:17+00:00</Time>
     <Position>
      <LatitudeDegrees>43.9974600</LatitudeDegrees>
      <LongitudeDegrees>4.6158600</LongitudeDegrees>
     </Position>
     <AltitudeMeters>168.56</AltitudeMeters>
     <DistanceMeters>79126.16934307718</DistanceMeters>
    </Trackpoint>
    <Trackpoint>
     <Time>2026-04-10T16:58:24+00:00</Time>
     <Position>
      <LatitudeDegrees>43.9974800</LatitudeDegrees>
      <LongitudeDegrees>4.6160800</LongitudeDegrees>
     </Position>
     <AltitudeMeters>168.56</AltitudeMeters>
     <DistanceMeters>79143.92325543385</DistanceMeters>
    </Trackpoint>
    <Trackpoint>
     <Time>2026-04-10T16:58:30+00:00</Time>
     <Position>
      <LatitudeDegrees>43.9976250</LatitudeDegrees>
      <LongitudeDegrees>4.6166950</LongitudeDegrees>
     </Position>
     <AltitudeMeters>168.56</AltitudeMeters>
     <DistanceMeters>79195.73889508733</DistanceMeters>
    </Trackpoint>
    <Trackpoint>
     <Time>2026-04-10T16:58:37+00:00</Time>
     <Position>
      <LatitudeDegrees>43.9977700</LatitudeDegrees>
      <LongitudeDegrees>4.6173100</LongitudeDegrees>
     </Position>
     <AltitudeMeters>168.56</AltitudeMeters>
     <DistanceMeters>79247.55455849727</DistanceMeters>
    </Trackpoint>
    <Trackpoint>
     <Time>2026-04-10T16:58:43+00:00</Time>
     <Position>
      <LatitudeDegrees>43.9981500</LatitudeDegrees>
      <LongitudeDegrees>4.6179900</LongitudeDegrees>
     </Position>
     <AltitudeMeters>222.67000000000002</AltitudeMeters>
     <DistanceMeters>79316.49369486979</DistanceMeters>
    </Trackpoint>
    <Trackpoint>
     <Time>2026-04-10T16:58:50+00:00</Time>
     <Position>
      <LatitudeDegrees>43.9985300</LatitudeDegrees>
      <LongitudeDegrees>4.6186100</LongitudeDegrees>
     </Position>
     <AltitudeMeters>222.67000000000002</AltitudeMeters>
     <DistanceMeters>79381.70563281023</DistanceMeters>
    </Trackpoint>
    <Trackpoint>
     <Time>2026-04-10T16:58:56+00:00</Time>
     <Position>
      <LatitudeDegrees>43.9985900</LatitudeDegrees>
      <LongitudeDegrees>4.6187800</LongitudeDegrees>
     </Position>
     <AltitudeMeters>222.67000000000002</AltitudeMeters>
     <DistanceMeters>79396.86597698448</DistanceMeters>
    </Trackpoint>
    <Trackpoint>
     <Time>2026-04-10T16:59:03+00:00</Time>
     <Position>
      <LatitudeDegrees>43.9986000</LatitudeDegrees>
      <LongitudeDegrees>4.6189600</LongitudeDegrees>
     </Position>
     <AltitudeMeters>222.67000000000002</AltitudeMeters>
     <DistanceMeters>79411.319925008</DistanceMeters>
    </Trackpoint>
    <Trackpoint>
     <Time>2026-04-10T16:59:09+00:00</Time>
     <Position>
      <LatitudeDegrees>43.9985300</LatitudeDegrees>
      <LongitudeDegrees>4.6192000</LongitudeDegrees>
     </Position>
     <AltitudeMeters>222.67000000000002</AltitudeMeters>
     <DistanceMeters>79432.05396874374</DistanceMeters>
    </Trackpoint>
    <Trackpoint>
     <Time>2026-04-10T16:59:16+00:00</Time>
     <Position>
      <LatitudeDegrees>43.9984300</LatitudeDegrees>
      <LongitudeDegrees>4.6193300</LongitudeDegrees>
     </Position>
     <AltitudeMeters>222.67000000000002</AltitudeMeters>
     <DistanceMeters>79447.29186695602</DistanceMeters>
    </Trackpoint>
    <Trackpoint>
     <Time>2026-04-10T16:59:22+00:00</Time>
     <Position>
      <LatitudeDegrees>43.9980000</LatitudeDegrees>
      <LongitudeDegrees>4.6195550</LongitudeDegrees>
     </Position>
     <AltitudeMeters>222.67000000000002</AltitudeMeters>
     <DistanceMeters>79498.4270884637</DistanceMeters>
    </Trackpoint>
    <Trackpoint>
     <Time>2026-04-10T16:59:29+00:00</Time>
     <Position>
      <LatitudeDegrees>43.9975700</LatitudeDegrees>
      <LongitudeDegrees>4.6197800</LongitudeDegrees>
     </Position>
     <AltitudeMeters>222.67000000000002</AltitudeMeters>
     <DistanceMeters>79549.56227999848</DistanceMeters>
    </Trackpoint>
    <Trackpoint>
     <Time>2026-04-10T16:59:36+00:00</Time>
     <Position>
      <LatitudeDegrees>43.9968200</LatitudeDegrees>
      <LongitudeDegrees>4.6204000</LongitudeDegrees>
     </Position>
     <AltitudeMeters>222.67000000000002</AltitudeMeters>
     <DistanceMeters>79646.67861761047</DistanceMeters>
    </Trackpoint>
    <Trackpoint>
     <Time>2026-04-10T16:59:42+00:00</Time>
     <Position>
      <LatitudeDegrees>43.9967200</LatitudeDegrees>
      <LongitudeDegrees>4.6205500</LongitudeDegrees>
     </Position>
     <AltitudeMeters>222.67000000000002</AltitudeMeters>
     <DistanceMeters>79663.05228386386</DistanceMeters>
    </Trackpoint>
    <Trackpoint>
     <Time>2026-04-10T16:59:49+00:00</Time>
     <Position>
      <LatitudeDegrees>43.9966800</LatitudeDegrees>
      <LongitudeDegrees>4.6206400</LongitudeDegrees>
     </Position>
     <AltitudeMeters>222.67000000000002</AltitudeMeters>
     <DistanceMeters>79671.52232322285</DistanceMeters>
    </Trackpoint>
    <Trackpoint>
     <Time>2026-04-10T16:59:55+00:00</Time>
     <Position>
      <LatitudeDegrees>43.9966500</LatitudeDegrees>
      <LongitudeDegrees>4.6207900</LongitudeDegrees>
     </Position>
     <AltitudeMeters>222.67000000000002</AltitudeMeters>
     <DistanceMeters>79683.98740364045</DistanceMeters>
    </Trackpoint>
    <Trackpoint>
     <Time>2026-04-10T17:00:02+00:00</Time>
     <Position>
      <LatitudeDegrees>43.9966500</LatitudeDegrees>
      <LongitudeDegrees>4.6209000</LongitudeDegrees>
     </Position>
     <AltitudeMeters>222.67000000000002</AltitudeMeters>
     <DistanceMeters>79692.79443616458</DistanceMeters>
    </Trackpoint>
    <Trackpoint>
     <Time>2026-04-10T17:00:08+00:00</Time>
     <Position>
      <LatitudeDegrees>43.9966900</LatitudeDegrees>
      <LongitudeDegrees>4.6210900</LongitudeDegrees>
     </Position>
     <AltitudeMeters>222.67000000000002</AltitudeMeters>
     <DistanceMeters>79708.64461055558</DistanceMeters>
    </Trackpoint>
    <Trackpoint>
     <Time>2026-04-10T17:00:15+00:00</Time>
     <Position>
      <LatitudeDegrees>43.9970800</LatitudeDegrees>
      <LongitudeDegrees>4.6216700</LongitudeDegrees>
     </Position>
     <AltitudeMeters>222.67000000000002</AltitudeMeters>
     <DistanceMeters>79772.20880441908</DistanceMeters>
    </Trackpoint>
    <Trackpoint>
     <Time>2026-04-10T17:00:21+00:00</Time>
     <Position>
      <LatitudeDegrees>43.9971100</LatitudeDegrees>
      <LongitudeDegrees>4.6217500</LongitudeDegrees>
     </Position>
     <AltitudeMeters>222.67000000000002</AltitudeMeters>
     <DistanceMeters>79779.4318877409</DistanceMeters>
    </Trackpoint>
    <Trackpoint>
     <Time>2026-04-10T17:00:28+00:00</Time>
     <Position>
      <LatitudeDegrees>43.9971100</LatitudeDegrees>
      <LongitudeDegrees>4.6219100</LongitudeDegrees>
     </Position>
     <AltitudeMeters>222.67000000000002</AltitudeMeters>
     <DistanceMeters>79792.24201755981</DistanceMeters>
    </Trackpoint>
    <Trackpoint>
     <Time>2026-04-10T17:00:34+00:00</Time>
     <Position>
      <LatitudeDegrees>43.9970800</LatitudeDegrees>
      <LongitudeDegrees>4.6219800</LongitudeDegrees>
     </Position>
     <AltitudeMeters>222.67000000000002</AltitudeMeters>
     <DistanceMeters>79798.76564592685</DistanceMeters>
    </Trackpoint>
    <Trackpoint>
     <Time>2026-04-10T17:00:41+00:00</Time>
     <Position>
      <LatitudeDegrees>43.9970400</LatitudeDegrees>
      <LongitudeDegrees>4.6220200</LongitudeDegrees>
     </Position>
     <AltitudeMeters>222.67000000000002</AltitudeMeters>
     <DistanceMeters>79804.24971345249</DistanceMeters>
    </Trackpoint>
    <Trackpoint>
     <Time>2026-04-10T17:00:47+00:00</Time>
     <Position>
      <LatitudeDegrees>43.9969400</LatitudeDegrees>
      <LongitudeDegrees>4.6220400</LongitudeDegrees>
     </Position>
     <AltitudeMeters>222.67000000000002</AltitudeMeters>
     <DistanceMeters>79815.49388289856</DistanceMeters>
    </Trackpoint>
    <Trackpoint>
     <Time>2026-04-10T17:00:54+00:00</Time>
     <Position>
      <LatitudeDegrees>43.9968300</LatitudeDegrees>
      <LongitudeDegrees>4.6220100</LongitudeDegrees>
     </Position>
     <AltitudeMeters>222.67000000000002</AltitudeMeters>
     <DistanceMeters>79827.96980275109</DistanceMeters>
    </Trackpoint>
    <Trackpoint>
     <Time>2026-04-10T17:01:00+00:00</Time>
     <Position>
      <LatitudeDegrees>43.9967400</LatitudeDegrees>
      <LongitudeDegrees>4.6220400</LongitudeDegrees>
     </Position>
     <AltitudeMeters>222.67000000000002</AltitudeMeters>
     <DistanceMeters>79838.27036985029</DistanceMeters>
    </Trackpoint>
    <Trackpoint>
     <Time>2026-04-10T17:01:07+00:00</Time>
     <Position>
      <LatitudeDegrees>43.9964400</LatitudeDegrees>
      <LongitudeDegrees>4.6222900</LongitudeDegrees>
     </Position>
     <AltitudeMeters>222.67000000000002</AltitudeMeters>
     <DistanceMeters>79877.19909869686</DistanceMeters>
    </Trackpoint>
    <Trackpoint>
     <Time>2026-04-10T17:01:13+00:00</Time>
     <Position>
      <LatitudeDegrees>43.9962800</LatitudeDegrees>
      <LongitudeDegrees>4.6223800</LongitudeDegrees>
     </Position>
     <AltitudeMeters>222.67000000000002</AltitudeMeters>
     <DistanceMeters>79896.40908672551</DistanceMeters>
    </Trackpoint>
    <Trackpoint>
     <Time>2026-04-10T17:01:20+00:00</Time>
     <Position>
      <LatitudeDegrees>43.9958100</LatitudeDegrees>
      <LongitudeDegrees>4.6225300</LongitudeDegrees>
     </Position>
     <AltitudeMeters>222.67000000000002</AltitudeMeters>
     <DistanceMeters>79950.07903747786</DistanceMeters>
    </Trackpoint>
    <Trackpoint>
     <Time>2026-04-10T17:01:26+00:00</Time>
     <Position>
      <LatitudeDegrees>43.9953400</LatitudeDegrees>
      <LongitudeDegrees>4.6226800</LongitudeDegrees>
     </Position>
     <AltitudeMeters>222.67000000000002</AltitudeMeters>
     <DistanceMeters>80003.74896941366</DistanceMeters>
    </Trackpoint>
    <Trackpoint>
     <Time>2026-04-10T17:01:33+00:00</Time>
     <Position>
      <LatitudeDegrees>43.9952300</LatitudeDegrees>
      <LongitudeDegrees>4.6227500</LongitudeDegrees>
     </Position>
     <AltitudeMeters>222.67000000000002</AltitudeMeters>
     <DistanceMeters>80017.2134040401</DistanceMeters>
    </Trackpoint>
    <Trackpoint>
     <Time>2026-04-10T17:01:40+00:00</Time>
     <Position>
      <LatitudeDegrees>43.9951800</LatitudeDegrees>
      <LongitudeDegrees>4.6228100</LongitudeDegrees>
     </Position>
     <AltitudeMeters>222.67000000000002</AltitudeMeters>
     <DistanceMeters>80024.5649198124</DistanceMeters>
    </Trackpoint>
    <Trackpoint>
     <Time>2026-04-10T17:01:46+00:00</Time>
     <Position>
      <LatitudeDegrees>43.9951500</LatitudeDegrees>
      <LongitudeDegrees>4.6228900</LongitudeDegrees>
     </Position>
     <AltitudeMeters>222.67000000000002</AltitudeMeters>
     <DistanceMeters>80031.78818786798</DistanceMeters>
    </Trackpoint>
    <Trackpoint>
     <Time>2026-04-10T17:01:53+00:00</Time>
     <Position>
      <LatitudeDegrees>43.9951400</LatitudeDegrees>
      <LongitudeDegrees>4.6230400</LongitudeDegrees>
     </Position>
     <AltitudeMeters>222.67000000000002</AltitudeMeters>
     <DistanceMeters>80043.849540874</DistanceMeters>
    </Trackpoint>
    <Trackpoint>
     <Time>2026-04-10T17:01:59+00:00</Time>
     <Position>
      <LatitudeDegrees>43.9954800</LatitudeDegrees>
      <LongitudeDegrees>4.6239200</LongitudeDegrees>
     </Position>
     <AltitudeMeters>222.67000000000002</AltitudeMeters>
     <DistanceMeters>80123.82587855165</DistanceMeters>
    </Trackpoint>
    <Trackpoint>
     <Time>2026-04-10T17:02:06+00:00</Time>
     <Position>
      <LatitudeDegrees>43.9955000</LatitudeDegrees>
      <LongitudeDegrees>4.6240000</LongitudeDegrees>
     </Position>
     <AltitudeMeters>222.67000000000002</AltitudeMeters>
     <DistanceMeters>80130.60686578632</DistanceMeters>
    </Trackpoint>
    <Trackpoint>
     <Time>2026-04-10T17:02:12+00:00</Time>
     <Position>
      <LatitudeDegrees>43.9954800</LatitudeDegrees>
      <LongitudeDegrees>4.6242000</LongitudeDegrees>
     </Position>
     <AltitudeMeters>222.67000000000002</AltitudeMeters>
     <DistanceMeters>80146.77393246084</DistanceMeters>
    </Trackpoint>
    <Trackpoint>
     <Time>2026-04-10T17:02:19+00:00</Time>
     <Position>
      <LatitudeDegrees>43.9953800</LatitudeDegrees>
      <LongitudeDegrees>4.6243500</LongitudeDegrees>
     </Position>
     <AltitudeMeters>222.67000000000002</AltitudeMeters>
     <DistanceMeters>80163.14779763258</DistanceMeters>
    </Trackpoint>
    <Trackpoint>
     <Time>2026-04-10T17:02:25+00:00</Time>
     <Position>
      <LatitudeDegrees>43.9947400</LatitudeDegrees>
      <LongitudeDegrees>4.6249500</LongitudeDegrees>
     </Position>
     <AltitudeMeters>222.67000000000002</AltitudeMeters>
     <DistanceMeters>80249.06293904391</DistanceMeters>
    </Trackpoint>
    <Trackpoint>
     <Time>2026-04-10T17:02:32+00:00</Time>
     <Position>
      <LatitudeDegrees>43.9946600</LatitudeDegrees>
      <LongitudeDegrees>4.6250600</LongitudeDegrees>
     </Position>
     <AltitudeMeters>222.67000000000002</AltitudeMeters>
     <DistanceMeters>80261.58667573082</DistanceMeters>
    </Trackpoint>
    <Trackpoint>
     <Time>2026-04-10T17:02:38+00:00</Time>
     <Position>
      <LatitudeDegrees>43.9946200</LatitudeDegrees>
      <LongitudeDegrees>4.6252400</LongitudeDegrees>
     </Position>
     <AltitudeMeters>226.14000000000001</AltitudeMeters>
     <DistanceMeters>80276.67058741787</DistanceMeters>
    </Trackpoint>
    <Trackpoint>
     <Time>2026-04-10T17:02:45+00:00</Time>
     <Position>
      <LatitudeDegrees>43.9946200</LatitudeDegrees>
      <LongitudeDegrees>4.6257300</LongitudeDegrees>
     </Position>
     <AltitudeMeters>226.14000000000001</AltitudeMeters>
     <DistanceMeters>80315.903256216</DistanceMeters>
    </Trackpoint>
    <Trackpoint>
     <Time>2026-04-10T17:02:51+00:00</Time>
     <Position>
      <LatitudeDegrees>43.9945800</LatitudeDegrees>
      <LongitudeDegrees>4.6260700</LongitudeDegrees>
     </Position>
     <AltitudeMeters>226.14000000000001</AltitudeMeters>
     <DistanceMeters>80343.4875438759</DistanceMeters>
    </Trackpoint>
    <Trackpoint>
     <Time>2026-04-10T17:02:58+00:00</Time>
     <Position>
      <LatitudeDegrees>43.9945000</LatitudeDegrees>
      <LongitudeDegrees>4.6263200</LongitudeDegrees>
     </Position>
     <AltitudeMeters>226.14000000000001</AltitudeMeters>
     <DistanceMeters>80365.39514824396</DistanceMeters>
    </Trackpoint>
    <Trackpoint>
     <Time>2026-04-10T17:03:04+00:00</Time>
     <Position>
      <LatitudeDegrees>43.9941000</LatitudeDegrees>
      <LongitudeDegrees>4.6272600</LongitudeDegrees>
     </Position>
     <AltitudeMeters>226.14000000000001</AltitudeMeters>
     <DistanceMeters>80452.83888570683</DistanceMeters>
    </Trackpoint>
    <Trackpoint>
     <Time>2026-04-10T17:03:11+00:00</Time>
     <Position>
      <LatitudeDegrees>43.9940700</LatitudeDegrees>
      <LongitudeDegrees>4.6273600</LongitudeDegrees>
     </Position>
     <AltitudeMeters>226.14000000000001</AltitudeMeters>
     <DistanceMeters>80461.51390325229</DistanceMeters>
    </Trackpoint>
    <Trackpoint>
     <Time>2026-04-10T17:03:17+00:00</Time>
     <Position>
      <LatitudeDegrees>43.9940800</LatitudeDegrees>
      <LongitudeDegrees>4.6275800</LongitudeDegrees>
     </Position>
     <AltitudeMeters>226.14000000000001</AltitudeMeters>
     <DistanceMeters>80479.1638575707</DistanceMeters>
    </Trackpoint>
    <Trackpoint>
     <Time>2026-04-10T17:03:24+00:00</Time>
     <Position>
      <LatitudeDegrees>43.9941100</LatitudeDegrees>
      <LongitudeDegrees>4.6276500</LongitudeDegrees>
     </Position>
     <AltitudeMeters>226.14000000000001</AltitudeMeters>
     <DistanceMeters>80485.6877293582</DistanceMeters>
    </Trackpoint>
    <Trackpoint>
     <Time>2026-04-10T17:03:31+00:00</Time>
     <Position>
      <LatitudeDegrees>43.9944200</LatitudeDegrees>
      <LongitudeDegrees>4.6281400</LongitudeDegrees>
     </Position>
     <AltitudeMeters>226.14000000000001</AltitudeMeters>
     <DistanceMeters>80537.93316267685</DistanceMeters>
    </Trackpoint>
    <Trackpoint>
     <Time>2026-04-10T17:03:37+00:00</Time>
     <Position>
      <LatitudeDegrees>43.9944900</LatitudeDegrees>
      <LongitudeDegrees>4.6283400</LongitudeDegrees>
     </Position>
     <AltitudeMeters>226.14000000000001</AltitudeMeters>
     <DistanceMeters>80555.74111783078</DistanceMeters>
    </Trackpoint>
    <Trackpoint>
     <Time>2026-04-10T17:03:44+00:00</Time>
     <Position>
      <LatitudeDegrees>43.9945300</LatitudeDegrees>
      <LongitudeDegrees>4.6285500</LongitudeDegrees>
     </Position>
     <AltitudeMeters>226.14000000000001</AltitudeMeters>
     <DistanceMeters>80573.13452002886</DistanceMeters>
    </Trackpoint>
    <Trackpoint>
     <Time>2026-04-10T17:03:50+00:00</Time>
     <Position>
      <LatitudeDegrees>43.9945500</LatitudeDegrees>
      <LongitudeDegrees>4.6296400</LongitudeDegrees>
     </Position>
     <AltitudeMeters>226.14000000000001</AltitudeMeters>
     <DistanceMeters>80660.43569070654</DistanceMeters>
    </Trackpoint>
    <Trackpoint>
     <Time>2026-04-10T17:03:57+00:00</Time>
     <Position>
      <LatitudeDegrees>43.9947150</LatitudeDegrees>
      <LongitudeDegrees>4.6307900</LongitudeDegrees>
     </Position>
     <AltitudeMeters>226.14000000000001</AltitudeMeters>
     <DistanceMeters>80754.32560066457</DistanceMeters>
    </Trackpoint>
    <Trackpoint>
     <Time>2026-04-10T17:04:03+00:00</Time>
     <Position>
      <LatitudeDegrees>43.9948800</LatitudeDegrees>
      <LongitudeDegrees>4.6319400</LongitudeDegrees>
     </Position>
     <AltitudeMeters>219.00000000000003</AltitudeMeters>
     <DistanceMeters>80848.21550855027</DistanceMeters>
    </Trackpoint>
    <Trackpoint>
     <Time>2026-04-10T17:04:10+00:00</Time>
     <Position>
      <LatitudeDegrees>43.9948900</LatitudeDegrees>
      <LongitudeDegrees>4.6321700</LongitudeDegrees>
     </Position>
     <AltitudeMeters>219.00000000000003</AltitudeMeters>
     <DistanceMeters>80866.66436170354</DistanceMeters>
    </Trackpoint>
    <Trackpoint>
     <Time>2026-04-10T17:04:16+00:00</Time>
     <Position>
      <LatitudeDegrees>43.9948700</LatitudeDegrees>
      <LongitudeDegrees>4.6323400</LongitudeDegrees>
     </Position>
     <AltitudeMeters>219.00000000000003</AltitudeMeters>
     <DistanceMeters>80880.45644215212</DistanceMeters>
    </Trackpoint>
    <Trackpoint>
     <Time>2026-04-10T17:04:23+00:00</Time>
     <Position>
      <LatitudeDegrees>43.9946225</LatitudeDegrees>
      <LongitudeDegrees>4.6332625</LongitudeDegrees>
     </Position>
     <AltitudeMeters>219.00000000000003</AltitudeMeters>
     <DistanceMeters>80959.2874750064</DistanceMeters>
    </Trackpoint>
    <Trackpoint>
     <Time>2026-04-10T17:04:29+00:00</Time>
     <Position>
      <LatitudeDegrees>43.9943750</LatitudeDegrees>
      <LongitudeDegrees>4.6341850</LongitudeDegrees>
     </Position>
     <AltitudeMeters>219.00000000000003</AltitudeMeters>
     <DistanceMeters>81038.11850786157</DistanceMeters>
    </Trackpoint>
    <Trackpoint>
     <Time>2026-04-10T17:04:36+00:00</Time>
     <Position>
      <LatitudeDegrees>43.9941275</LatitudeDegrees>
      <LongitudeDegrees>4.6351075</LongitudeDegrees>
     </Position>
     <AltitudeMeters>220.65</AltitudeMeters>
     <DistanceMeters>81116.94954071597</DistanceMeters>
    </Trackpoint>
    <Trackpoint>
     <Time>2026-04-10T17:04:42+00:00</Time>
     <Position>
      <LatitudeDegrees>43.9938800</LatitudeDegrees>
      <LongitudeDegrees>4.6360300</LongitudeDegrees>
     </Position>
     <AltitudeMeters>220.65</AltitudeMeters>
     <DistanceMeters>81195.78056349378</DistanceMeters>
    </Trackpoint>
    <Trackpoint>
     <Time>2026-04-10T17:04:49+00:00</Time>
     <Position>
      <LatitudeDegrees>43.9938500</LatitudeDegrees>
      <LongitudeDegrees>4.6364200</LongitudeDegrees>
     </Position>
     <AltitudeMeters>220.65</AltitudeMeters>
     <DistanceMeters>81227.18495885938</DistanceMeters>
    </Trackpoint>
    <Trackpoint>
     <Time>2026-04-10T17:04:55+00:00</Time>
     <Position>
      <LatitudeDegrees>43.9939700</LatitudeDegrees>
      <LongitudeDegrees>4.6376500</LongitudeDegrees>
     </Position>
     <AltitudeMeters>220.65</AltitudeMeters>
     <DistanceMeters>81326.56959722615</DistanceMeters>
    </Trackpoint>
    <Trackpoint>
     <Time>2026-04-10T17:05:02+00:00</Time>
     <Position>
      <LatitudeDegrees>43.9939600</LatitudeDegrees>
      <LongitudeDegrees>4.6378700</LongitudeDegrees>
     </Position>
     <AltitudeMeters>220.65</AltitudeMeters>
     <DistanceMeters>81344.21958413052</DistanceMeters>
    </Trackpoint>
    <Trackpoint>
     <Time>2026-04-10T17:05:08+00:00</Time>
     <Position>
      <LatitudeDegrees>43.9939100</LatitudeDegrees>
      <LongitudeDegrees>4.6380300</LongitudeDegrees>
     </Position>
     <AltitudeMeters>220.65</AltitudeMeters>
     <DistanceMeters>81358.18682464836</DistanceMeters>
    </Trackpoint>
    <Trackpoint>
     <Time>2026-04-10T17:05:15+00:00</Time>
     <Position>
      <LatitudeDegrees>43.9934425</LatitudeDegrees>
      <LongitudeDegrees>4.6389525</LongitudeDegrees>
     </Position>
     <AltitudeMeters>220.65</AltitudeMeters>
     <DistanceMeters>81448.53626297339</DistanceMeters>
    </Trackpoint>
    <Trackpoint>
     <Time>2026-04-10T17:05:21+00:00</Time>
     <Position>
      <LatitudeDegrees>43.9929750</LatitudeDegrees>
      <LongitudeDegrees>4.6398750</LongitudeDegrees>
     </Position>
     <AltitudeMeters>229.67000000000002</AltitudeMeters>
     <DistanceMeters>81538.88570129927</DistanceMeters>
    </Trackpoint>
    <Trackpoint>
     <Time>2026-04-10T17:05:28+00:00</Time>
     <Position>
      <LatitudeDegrees>43.9925075</LatitudeDegrees>
      <LongitudeDegrees>4.6407975</LongitudeDegrees>
     </Position>
     <AltitudeMeters>229.67000000000002</AltitudeMeters>
     <DistanceMeters>81629.23513962445</DistanceMeters>
    </Trackpoint>
    <Trackpoint>
     <Time>2026-04-10T17:05:35+00:00</Time>
     <Position>
      <LatitudeDegrees>43.9920400</LatitudeDegrees>
      <LongitudeDegrees>4.6417200</LongitudeDegrees>
     </Position>
     <AltitudeMeters>231.10000000000002</AltitudeMeters>
     <DistanceMeters>81719.58458023521</DistanceMeters>
    </Trackpoint>
    <Trackpoint>
     <Time>2026-04-10T17:05:41+00:00</Time>
     <Position>
      <LatitudeDegrees>43.9920000</LatitudeDegrees>
      <LongitudeDegrees>4.6418700</LongitudeDegrees>
     </Position>
     <AltitudeMeters>231.10000000000002</AltitudeMeters>
     <DistanceMeters>81732.39362079844</DistanceMeters>
    </Trackpoint>
    <Trackpoint>
     <Time>2026-04-10T17:05:48+00:00</Time>
     <Position>
      <LatitudeDegrees>43.9920100</LatitudeDegrees>
      <LongitudeDegrees>4.6420100</LongitudeDegrees>
     </Position>
     <AltitudeMeters>231.52000000000004</AltitudeMeters>
     <DistanceMeters>81743.65856260814</DistanceMeters>
    </Trackpoint>
    <Trackpoint>
     <Time>2026-04-10T17:05:54+00:00</Time>
     <Position>
      <LatitudeDegrees>43.9920800</LatitudeDegrees>
      <LongitudeDegrees>4.6421400</LongitudeDegrees>
     </Position>
     <AltitudeMeters>231.52000000000004</AltitudeMeters>
     <DistanceMeters>81756.6602826575</DistanceMeters>
    </Trackpoint>
    <Trackpoint>
     <Time>2026-04-10T17:06:01+00:00</Time>
     <Position>
      <LatitudeDegrees>43.9924800</LatitudeDegrees>
      <LongitudeDegrees>4.6426850</LongitudeDegrees>
     </Position>
     <AltitudeMeters>231.52000000000004</AltitudeMeters>
     <DistanceMeters>81818.9992281982</DistanceMeters>
    </Trackpoint>
    <Trackpoint>
     <Time>2026-04-10T17:06:07+00:00</Time>
     <Position>
      <LatitudeDegrees>43.9928800</LatitudeDegrees>
      <LongitudeDegrees>4.6432300</LongitudeDegrees>
     </Position>
     <AltitudeMeters>231.52000000000004</AltitudeMeters>
     <DistanceMeters>81881.33816598634</DistanceMeters>
    </Trackpoint>
    <Trackpoint>
     <Time>2026-04-10T17:06:14+00:00</Time>
     <Position>
      <LatitudeDegrees>43.9929000</LatitudeDegrees>
      <LongitudeDegrees>4.6433100</LongitudeDegrees>
     </Position>
     <AltitudeMeters>231.52000000000004</AltitudeMeters>
     <DistanceMeters>81888.11941830759</DistanceMeters>
    </Trackpoint>
    <Trackpoint>
     <Time>2026-04-10T17:06:20+00:00</Time>
     <Position>
      <LatitudeDegrees>43.9928700</LatitudeDegrees>
      <LongitudeDegrees>4.6435100</LongitudeDegrees>
     </Position>
     <AltitudeMeters>229.98000000000002</AltitudeMeters>
     <DistanceMeters>81904.47759430674</DistanceMeters>
    </Trackpoint>
    <Trackpoint>
     <Time>2026-04-10T17:06:27+00:00</Time>
     <Position>
      <LatitudeDegrees>43.9925800</LatitudeDegrees>
      <LongitudeDegrees>4.6444700</LongitudeDegrees>
     </Position>
     <AltitudeMeters>229.98000000000002</AltitudeMeters>
     <DistanceMeters>81987.84531174942</DistanceMeters>
    </Trackpoint>
    <Trackpoint>
     <Time>2026-04-10T17:06:33+00:00</Time>
     <Position>
      <LatitudeDegrees>43.9923700</LatitudeDegrees>
      <LongitudeDegrees>4.6450800</LongitudeDegrees>
     </Position>
     <AltitudeMeters>229.98000000000002</AltitudeMeters>
     <DistanceMeters>82041.99176262031</DistanceMeters>
    </Trackpoint>
    <Trackpoint>
     <Time>2026-04-10T17:06:40+00:00</Time>
     <Position>
      <LatitudeDegrees>43.9920075</LatitudeDegrees>
      <LongitudeDegrees>4.6460450</LongitudeDegrees>
     </Position>
     <AltitudeMeters>229.80000000000004</AltitudeMeters>
     <DistanceMeters>82129.15867417539</DistanceMeters>
    </Trackpoint>
    <Trackpoint>
     <Time>2026-04-10T17:06:46+00:00</Time>
     <Position>
      <LatitudeDegrees>43.9916450</LatitudeDegrees>
      <LongitudeDegrees>4.6470100</LongitudeDegrees>
     </Position>
     <AltitudeMeters>231.73000000000002</AltitudeMeters>
     <DistanceMeters>82216.32558573077</DistanceMeters>
    </Trackpoint>
    <Trackpoint>
     <Time>2026-04-10T17:06:53+00:00</Time>
     <Position>
      <LatitudeDegrees>43.9912825</LatitudeDegrees>
      <LongitudeDegrees>4.6479750</LongitudeDegrees>
     </Position>
     <AltitudeMeters>231.73000000000002</AltitudeMeters>
     <DistanceMeters>82303.49249728587</DistanceMeters>
    </Trackpoint>
    <Trackpoint>
     <Time>2026-04-10T17:06:59+00:00</Time>
     <Position>
      <LatitudeDegrees>43.9909200</LatitudeDegrees>
      <LongitudeDegrees>4.6489400</LongitudeDegrees>
     </Position>
     <AltitudeMeters>232.12</AltitudeMeters>
     <DistanceMeters>82390.65939626789</DistanceMeters>
    </Trackpoint>
    <Trackpoint>
     <Time>2026-04-10T17:07:06+00:00</Time>
     <Position>
      <LatitudeDegrees>43.9907900</LatitudeDegrees>
      <LongitudeDegrees>4.6491600</LongitudeDegrees>
     </Position>
     <AltitudeMeters>232.12</AltitudeMeters>
     <DistanceMeters>82413.45526418425</DistanceMeters>
    </Trackpoint>
    <Trackpoint>
     <Time>2026-04-10T17:07:12+00:00</Time>
     <Position>
      <LatitudeDegrees>43.9902267</LatitudeDegrees>
      <LongitudeDegrees>4.6495533</LongitudeDegrees>
     </Position>
     <AltitudeMeters>226.97</AltitudeMeters>
     <DistanceMeters>82483.6180614496</DistanceMeters>
    </Trackpoint>
    <Trackpoint>
     <Time>2026-04-10T17:07:19+00:00</Time>
     <Position>
      <LatitudeDegrees>43.9896633</LatitudeDegrees>
      <LongitudeDegrees>4.6499467</LongitudeDegrees>
     </Position>
     <AltitudeMeters>226.97</AltitudeMeters>
     <DistanceMeters>82553.78085871383</DistanceMeters>
    </Trackpoint>
    <Trackpoint>
     <Time>2026-04-10T17:07:26+00:00</Time>
     <Position>
      <LatitudeDegrees>43.9891000</LatitudeDegrees>
      <LongitudeDegrees>4.6503400</LongitudeDegrees>
     </Position>
     <AltitudeMeters>226.97</AltitudeMeters>
     <DistanceMeters>82623.94364965716</DistanceMeters>
    </Trackpoint>
    <Trackpoint>
     <Time>2026-04-10T17:07:32+00:00</Time>
     <Position>
      <LatitudeDegrees>43.9887800</LatitudeDegrees>
      <LongitudeDegrees>4.6505300</LongitudeDegrees>
     </Position>
     <AltitudeMeters>226.97</AltitudeMeters>
     <DistanceMeters>82662.67181160655</DistanceMeters>
    </Trackpoint>
    <Trackpoint>
     <Time>2026-04-10T17:07:39+00:00</Time>
     <Position>
      <LatitudeDegrees>43.9880500</LatitudeDegrees>
      <LongitudeDegrees>4.6507700</LongitudeDegrees>
     </Position>
     <AltitudeMeters>212.36</AltitudeMeters>
     <DistanceMeters>82746.15965148158</DistanceMeters>
    </Trackpoint>
    <Trackpoint>
     <Time>2026-04-10T17:07:45+00:00</Time>
     <Position>
      <LatitudeDegrees>43.9879100</LatitudeDegrees>
      <LongitudeDegrees>4.6508700</LongitudeDegrees>
     </Position>
     <AltitudeMeters>212.36</AltitudeMeters>
     <DistanceMeters>82763.6782398397</DistanceMeters>
    </Trackpoint>
    <Trackpoint>
     <Time>2026-04-10T17:07:52+00:00</Time>
     <Position>
      <LatitudeDegrees>43.9878400</LatitudeDegrees>
      <LongitudeDegrees>4.6510600</LongitudeDegrees>
     </Position>
     <AltitudeMeters>212.36</AltitudeMeters>
     <DistanceMeters>82780.77130360811</DistanceMeters>
    </Trackpoint>
    <Trackpoint>
     <Time>2026-04-10T17:07:58+00:00</Time>
     <Position>
      <LatitudeDegrees>43.9878100</LatitudeDegrees>
      <LongitudeDegrees>4.6515300</LongitudeDegrees>
     </Position>
     <AltitudeMeters>212.36</AltitudeMeters>
     <DistanceMeters>82818.55476242167</DistanceMeters>
    </Trackpoint>
    <Trackpoint>
     <Time>2026-04-10T17:08:05+00:00</Time>
     <Position>
      <LatitudeDegrees>43.9877600</LatitudeDegrees>
      <LongitudeDegrees>4.6518100</LongitudeDegrees>
     </Position>
     <AltitudeMeters>212.36</AltitudeMeters>
     <DistanceMeters>82841.65626164933</DistanceMeters>
    </Trackpoint>
    <Trackpoint>
     <Time>2026-04-10T17:08:11+00:00</Time>
     <Position>
      <LatitudeDegrees>43.9876600</LatitudeDegrees>
      <LongitudeDegrees>4.6519700</LongitudeDegrees>
     </Position>
     <AltitudeMeters>212.36</AltitudeMeters>
     <DistanceMeters>82858.62737534828</DistanceMeters>
    </Trackpoint>
    <Trackpoint>
     <Time>2026-04-10T17:08:18+00:00</Time>
     <Position>
      <LatitudeDegrees>43.9872600</LatitudeDegrees>
      <LongitudeDegrees>4.6522800</LongitudeDegrees>
     </Position>
     <AltitudeMeters>212.36</AltitudeMeters>
     <DistanceMeters>82909.59884526042</DistanceMeters>
    </Trackpoint>
    <Trackpoint>
     <Time>2026-04-10T17:08:24+00:00</Time>
     <Position>
      <LatitudeDegrees>43.9866800</LatitudeDegrees>
      <LongitudeDegrees>4.6528600</LongitudeDegrees>
     </Position>
     <AltitudeMeters>212.36</AltitudeMeters>
     <DistanceMeters>82989.12243542427</DistanceMeters>
    </Trackpoint>
    <Trackpoint>
     <Time>2026-04-10T17:08:31+00:00</Time>
     <Position>
      <LatitudeDegrees>43.9865600</LatitudeDegrees>
      <LongitudeDegrees>4.6530700</LongitudeDegrees>
     </Position>
     <AltitudeMeters>212.36</AltitudeMeters>
     <DistanceMeters>83010.59697239041</DistanceMeters>
    </Trackpoint>
    <Trackpoint>
     <Time>2026-04-10T17:08:37+00:00</Time>
     <Position>
      <LatitudeDegrees>43.9864800</LatitudeDegrees>
      <LongitudeDegrees>4.6533900</LongitudeDegrees>
     </Position>
     <AltitudeMeters>212.36</AltitudeMeters>
     <DistanceMeters>83037.72457933705</DistanceMeters>
    </Trackpoint>
    <Trackpoint>
     <Time>2026-04-10T17:08:44+00:00</Time>
     <Position>
      <LatitudeDegrees>43.9863900</LatitudeDegrees>
      <LongitudeDegrees>4.6535300</LongitudeDegrees>
     </Position>
     <AltitudeMeters>212.36</AltitudeMeters>
     <DistanceMeters>83052.75841873989</DistanceMeters>
    </Trackpoint>
    <Trackpoint>
     <Time>2026-04-10T17:08:50+00:00</Time>
     <Position>
      <LatitudeDegrees>43.9859600</LatitudeDegrees>
      <LongitudeDegrees>4.6537850</LongitudeDegrees>
     </Position>
     <AltitudeMeters>212.36</AltitudeMeters>
     <DistanceMeters>83104.7899442424</DistanceMeters>
    </Trackpoint>
    <Trackpoint>
     <Time>2026-04-10T17:08:57+00:00</Time>
     <Position>
      <LatitudeDegrees>43.9855300</LatitudeDegrees>
      <LongitudeDegrees>4.6540400</LongitudeDegrees>
     </Position>
     <AltitudeMeters>212.36</AltitudeMeters>
     <DistanceMeters>83156.82150833504</DistanceMeters>
    </Trackpoint>
    <Trackpoint>
     <Time>2026-04-10T17:09:03+00:00</Time>
     <Position>
      <LatitudeDegrees>43.9853700</LatitudeDegrees>
      <LongitudeDegrees>4.6542000</LongitudeDegrees>
     </Position>
     <AltitudeMeters>212.36</AltitudeMeters>
     <DistanceMeters>83178.75924206263</DistanceMeters>
    </Trackpoint>
    <Trackpoint>
     <Time>2026-04-10T17:09:10+00:00</Time>
     <Position>
      <LatitudeDegrees>43.9851200</LatitudeDegrees>
      <LongitudeDegrees>4.6546200</LongitudeDegrees>
     </Position>
     <AltitudeMeters>212.36</AltitudeMeters>
     <DistanceMeters>83222.40978987068</DistanceMeters>
    </Trackpoint>
    <Trackpoint>
     <Time>2026-04-10T17:09:16+00:00</Time>
     <Position>
      <LatitudeDegrees>43.9846900</LatitudeDegrees>
      <LongitudeDegrees>4.6548000</LongitudeDegrees>
     </Position>
     <AltitudeMeters>212.36</AltitudeMeters>
     <DistanceMeters>83272.39058447185</DistanceMeters>
    </Trackpoint>
    <Trackpoint>
     <Time>2026-04-10T17:09:23+00:00</Time>
     <Position>
      <LatitudeDegrees>43.9843100</LatitudeDegrees>
      <LongitudeDegrees>4.6548400</LongitudeDegrees>
     </Position>
     <AltitudeMeters>212.36</AltitudeMeters>
     <DistanceMeters>83314.80407447573</DistanceMeters>
    </Trackpoint>
    <Trackpoint>
     <Time>2026-04-10T17:09:30+00:00</Time>
     <Position>
      <LatitudeDegrees>43.9841100</LatitudeDegrees>
      <LongitudeDegrees>4.6549100</LongitudeDegrees>
     </Position>
     <AltitudeMeters>212.36</AltitudeMeters>
     <DistanceMeters>83337.7582122961</DistanceMeters>
    </Trackpoint>
    <Trackpoint>
     <Time>2026-04-10T17:09:36+00:00</Time>
     <Position>
      <LatitudeDegrees>43.9839600</LatitudeDegrees>
      <LongitudeDegrees>4.6550500</LongitudeDegrees>
     </Position>
     <AltitudeMeters>212.36</AltitudeMeters>
     <DistanceMeters>83357.8677965116</DistanceMeters>
    </Trackpoint>
    <Trackpoint>
     <Time>2026-04-10T17:09:43+00:00</Time>
     <Position>
      <LatitudeDegrees>43.9835200</LatitudeDegrees>
      <LongitudeDegrees>4.6556700</LongitudeDegrees>
     </Position>
     <AltitudeMeters>171.88</AltitudeMeters>
     <DistanceMeters>83427.60470520155</DistanceMeters>
    </Trackpoint>
    <Trackpoint>
     <Time>2026-04-10T17:09:49+00:00</Time>
     <Position>
      <LatitudeDegrees>43.9831800</LatitudeDegrees>
      <LongitudeDegrees>4.6563700</LongitudeDegrees>
     </Position>
     <AltitudeMeters>171.88</AltitudeMeters>
     <DistanceMeters>83495.2384844178</DistanceMeters>
    </Trackpoint>
    <Trackpoint>
     <Time>2026-04-10T17:09:56+00:00</Time>
     <Position>
      <LatitudeDegrees>43.9830500</LatitudeDegrees>
      <LongitudeDegrees>4.6565400</LongitudeDegrees>
     </Position>
     <AltitudeMeters>171.88</AltitudeMeters>
     <DistanceMeters>83515.104937544</DistanceMeters>
    </Trackpoint>
    <Trackpoint>
     <Time>2026-04-10T17:10:02+00:00</Time>
     <Position>
      <LatitudeDegrees>43.9829100</LatitudeDegrees>
      <LongitudeDegrees>4.6566100</LongitudeDegrees>
     </Position>
     <AltitudeMeters>171.88</AltitudeMeters>
     <DistanceMeters>83531.66405855598</DistanceMeters>
    </Trackpoint>
    <Trackpoint>
     <Time>2026-04-10T17:10:09+00:00</Time>
     <Position>
      <LatitudeDegrees>43.9823700</LatitudeDegrees>
      <LongitudeDegrees>4.6566300</LongitudeDegrees>
     </Position>
     <AltitudeMeters>171.88</AltitudeMeters>
     <DistanceMeters>83591.7850637482</DistanceMeters>
    </Trackpoint>
    <Trackpoint>
     <Time>2026-04-10T17:10:15+00:00</Time>
     <Position>
      <LatitudeDegrees>43.9817600</LatitudeDegrees>
      <LongitudeDegrees>4.6570000</LongitudeDegrees>
     </Position>
     <AltitudeMeters>171.88</AltitudeMeters>
     <DistanceMeters>83665.85998465089</DistanceMeters>
    </Trackpoint>
    <Trackpoint>
     <Time>2026-04-10T17:10:22+00:00</Time>
     <Position>
      <LatitudeDegrees>43.9810500</LatitudeDegrees>
      <LongitudeDegrees>4.6572400</LongitudeDegrees>
     </Position>
     <AltitudeMeters>171.88</AltitudeMeters>
     <DistanceMeters>83747.18383644204</DistanceMeters>
    </Trackpoint>
    <Trackpoint>
     <Time>2026-04-10T17:10:28+00:00</Time>
     <Position>
      <LatitudeDegrees>43.9808500</LatitudeDegrees>
      <LongitudeDegrees>4.6572800</LongitudeDegrees>
     </Position>
     <AltitudeMeters>171.88</AltitudeMeters>
     <DistanceMeters>83769.67229861526</DistanceMeters>
    </Trackpoint>
    <Trackpoint>
     <Time>2026-04-10T17:10:35+00:00</Time>
     <Position>
      <LatitudeDegrees>43.9806800</LatitudeDegrees>
      <LongitudeDegrees>4.6572500</LongitudeDegrees>
     </Position>
     <AltitudeMeters>171.88</AltitudeMeters>
     <DistanceMeters>83788.74449684935</DistanceMeters>
    </Trackpoint>
    <Trackpoint>
     <Time>2026-04-10T17:10:41+00:00</Time>
     <Position>
      <LatitudeDegrees>43.9802000</LatitudeDegrees>
      <LongitudeDegrees>4.6570000</LongitudeDegrees>
     </Position>
     <AltitudeMeters>171.88</AltitudeMeters>
     <DistanceMeters>83845.79500655479</DistanceMeters>
    </Trackpoint>
    <Trackpoint>
     <Time>2026-04-10T17:10:48+00:00</Time>
     <Position>
      <LatitudeDegrees>43.9800400</LatitudeDegrees>
      <LongitudeDegrees>4.6569600</LongitudeDegrees>
     </Position>
     <AltitudeMeters>171.88</AltitudeMeters>
     <DistanceMeters>83863.88816357242</DistanceMeters>
    </Trackpoint>
    <Trackpoint>
     <Time>2026-04-10T17:10:54+00:00</Time>
     <Position>
      <LatitudeDegrees>43.9799400</LatitudeDegrees>
      <LongitudeDegrees>4.6569700</LongitudeDegrees>
     </Position>
     <AltitudeMeters>171.88</AltitudeMeters>
     <DistanceMeters>83875.04650869526</DistanceMeters>
    </Trackpoint>
    <Trackpoint>
     <Time>2026-04-10T17:11:01+00:00</Time>
     <Position>
      <LatitudeDegrees>43.9798300</LatitudeDegrees>
      <LongitudeDegrees>4.6570300</LongitudeDegrees>
     </Position>
     <AltitudeMeters>171.88</AltitudeMeters>
     <DistanceMeters>83888.19828771125</DistanceMeters>
    </Trackpoint>
    <Trackpoint>
     <Time>2026-04-10T17:11:07+00:00</Time>
     <Position>
      <LatitudeDegrees>43.9793750</LatitudeDegrees>
      <LongitudeDegrees>4.6574650</LongitudeDegrees>
     </Position>
     <AltitudeMeters>169.52</AltitudeMeters>
     <DistanceMeters>83949.66408160824</DistanceMeters>
    </Trackpoint>
    <Trackpoint>
     <Time>2026-04-10T17:11:14+00:00</Time>
     <Position>
      <LatitudeDegrees>43.9789200</LatitudeDegrees>
      <LongitudeDegrees>4.6579000</LongitudeDegrees>
     </Position>
     <AltitudeMeters>169.52</AltitudeMeters>
     <DistanceMeters>84011.12989552516</DistanceMeters>
    </Trackpoint>
    <Trackpoint>
     <Time>2026-04-10T17:11:20+00:00</Time>
     <Position>
      <LatitudeDegrees>43.9788500</LatitudeDegrees>
      <LongitudeDegrees>4.6579800</LongitudeDegrees>
     </Position>
     <AltitudeMeters>169.45000000000002</AltitudeMeters>
     <DistanceMeters>84021.21676944898</DistanceMeters>
    </Trackpoint>
    <Trackpoint>
     <Time>2026-04-10T17:11:27+00:00</Time>
     <Position>
      <LatitudeDegrees>43.9785600</LatitudeDegrees>
      <LongitudeDegrees>4.6583600</LongitudeDegrees>
     </Position>
     <AltitudeMeters>169.45000000000002</AltitudeMeters>
     <DistanceMeters>84065.57802929459</DistanceMeters>
    </Trackpoint>
    <Trackpoint>
     <Time>2026-04-10T17:11:34+00:00</Time>
     <Position>
      <LatitudeDegrees>43.9779900</LatitudeDegrees>
      <LongitudeDegrees>4.6592150</LongitudeDegrees>
     </Position>
     <AltitudeMeters>165.74</AltitudeMeters>
     <DistanceMeters>84158.92381600411</DistanceMeters>
    </Trackpoint>
    <Trackpoint>
     <Time>2026-04-10T17:11:40+00:00</Time>
     <Position>
      <LatitudeDegrees>43.9774200</LatitudeDegrees>
      <LongitudeDegrees>4.6600700</LongitudeDegrees>
     </Position>
     <AltitudeMeters>161.44</AltitudeMeters>
     <DistanceMeters>84252.2696030207</DistanceMeters>
    </Trackpoint>
    <Trackpoint>
     <Time>2026-04-10T17:11:47+00:00</Time>
     <Position>
      <LatitudeDegrees>43.9770250</LatitudeDegrees>
      <LongitudeDegrees>4.6607050</LongitudeDegrees>
     </Position>
     <AltitudeMeters>161.44</AltitudeMeters>
     <DistanceMeters>84319.49396212572</DistanceMeters>
    </Trackpoint>
    <Trackpoint>
     <Time>2026-04-10T17:11:53+00:00</Time>
     <Position>
      <LatitudeDegrees>43.9766300</LatitudeDegrees>
      <LongitudeDegrees>4.6613400</LongitudeDegrees>
     </Position>
     <AltitudeMeters>161.44</AltitudeMeters>
     <DistanceMeters>84386.71833321181</DistanceMeters>
    </Trackpoint>
    <Trackpoint>
     <Time>2026-04-10T17:12:00+00:00</Time>
     <Position>
      <LatitudeDegrees>43.9763100</LatitudeDegrees>
      <LongitudeDegrees>4.6619700</LongitudeDegrees>
     </Position>
     <AltitudeMeters>151.4</AltitudeMeters>
     <DistanceMeters>84448.47878178341</DistanceMeters>
    </Trackpoint>
    <Trackpoint>
     <Time>2026-04-10T17:12:06+00:00</Time>
     <Position>
      <LatitudeDegrees>43.9760250</LatitudeDegrees>
      <LongitudeDegrees>4.6626550</LongitudeDegrees>
     </Position>
     <AltitudeMeters>151.4</AltitudeMeters>
     <DistanceMeters>84511.851055581</DistanceMeters>
    </Trackpoint>
    <Trackpoint>
     <Time>2026-04-10T17:12:13+00:00</Time>
     <Position>
      <LatitudeDegrees>43.9757400</LatitudeDegrees>
      <LongitudeDegrees>4.6633400</LongitudeDegrees>
     </Position>
     <AltitudeMeters>151.4</AltitudeMeters>
     <DistanceMeters>84575.22332172406</DistanceMeters>
    </Trackpoint>
    <Trackpoint>
     <Time>2026-04-10T17:12:19+00:00</Time>
     <Position>
      <LatitudeDegrees>43.9754150</LatitudeDegrees>
      <LongitudeDegrees>4.6641850</LongitudeDegrees>
     </Position>
     <AltitudeMeters>151.41000000000003</AltitudeMeters>
     <DistanceMeters>84651.96145660101</DistanceMeters>
    </Trackpoint>
    <Trackpoint>
     <Time>2026-04-10T17:12:26+00:00</Time>
     <Position>
      <LatitudeDegrees>43.9750900</LatitudeDegrees>
      <LongitudeDegrees>4.6650300</LongitudeDegrees>
     </Position>
     <AltitudeMeters>151.41000000000003</AltitudeMeters>
     <DistanceMeters>84728.69959147775</DistanceMeters>
    </Trackpoint>
    <Trackpoint>
     <Time>2026-04-10T17:12:32+00:00</Time>
     <Position>
      <LatitudeDegrees>43.9747650</LatitudeDegrees>
      <LongitudeDegrees>4.6658750</LongitudeDegrees>
     </Position>
     <AltitudeMeters>146.92000000000002</AltitudeMeters>
     <DistanceMeters>84805.43772635398</DistanceMeters>
    </Trackpoint>
    <Trackpoint>
     <Time>2026-04-10T17:12:39+00:00</Time>
     <Position>
      <LatitudeDegrees>43.9744400</LatitudeDegrees>
      <LongitudeDegrees>4.6667200</LongitudeDegrees>
     </Position>
     <AltitudeMeters>146.92000000000002</AltitudeMeters>
     <DistanceMeters>84882.1758510758</DistanceMeters>
    </Trackpoint>
    <Trackpoint>
     <Time>2026-04-10T17:12:45+00:00</Time>
     <Position>
      <LatitudeDegrees>43.9742800</LatitudeDegrees>
      <LongitudeDegrees>4.6670500</LongitudeDegrees>
     </Position>
     <AltitudeMeters>146.92000000000002</AltitudeMeters>
     <DistanceMeters>84914.04588535496</DistanceMeters>
    </Trackpoint>
    <Trackpoint>
     <Time>2026-04-10T17:12:52+00:00</Time>
     <Position>
      <LatitudeDegrees>43.9741400</LatitudeDegrees>
      <LongitudeDegrees>4.6674200</LongitudeDegrees>
     </Position>
     <AltitudeMeters>146.34000000000003</AltitudeMeters>
     <DistanceMeters>84947.52729102041</DistanceMeters>
    </Trackpoint>
    <Trackpoint>
     <Time>2026-04-10T17:12:58+00:00</Time>
     <Position>
      <LatitudeDegrees>43.9738550</LatitudeDegrees>
      <LongitudeDegrees>4.6681050</LongitudeDegrees>
     </Position>
     <AltitudeMeters>142.75</AltitudeMeters>
     <DistanceMeters>85010.90131013008</DistanceMeters>
    </Trackpoint>
    <Trackpoint>
     <Time>2026-04-10T17:13:05+00:00</Time>
     <Position>
      <LatitudeDegrees>43.9735700</LatitudeDegrees>
      <LongitudeDegrees>4.6687900</LongitudeDegrees>
     </Position>
     <AltitudeMeters>142.75</AltitudeMeters>
     <DistanceMeters>85074.27530225636</DistanceMeters>
    </Trackpoint>
    <Trackpoint>
     <Time>2026-04-10T17:13:11+00:00</Time>
     <Position>
      <LatitudeDegrees>43.9732250</LatitudeDegrees>
      <LongitudeDegrees>4.6698100</LongitudeDegrees>
     </Position>
     <AltitudeMeters>139.65000000000003</AltitudeMeters>
     <DistanceMeters>85164.54602951162</DistanceMeters>
    </Trackpoint>
    <Trackpoint>
     <Time>2026-04-10T17:13:18+00:00</Time>
     <Position>
      <LatitudeDegrees>43.9728800</LatitudeDegrees>
      <LongitudeDegrees>4.6708300</LongitudeDegrees>
     </Position>
     <AltitudeMeters>141.5</AltitudeMeters>
     <DistanceMeters>85254.81673778441</DistanceMeters>
    </Trackpoint>
    <Trackpoint>
     <Time>2026-04-10T17:13:25+00:00</Time>
     <Position>
      <LatitudeDegrees>43.9727850</LatitudeDegrees>
      <LongitudeDegrees>4.6714550</LongitudeDegrees>
     </Position>
     <AltitudeMeters>141.5</AltitudeMeters>
     <DistanceMeters>85305.98121773938</DistanceMeters>
    </Trackpoint>
    <Trackpoint>
     <Time>2026-04-10T17:13:31+00:00</Time>
     <Position>
      <LatitudeDegrees>43.9726900</LatitudeDegrees>
      <LongitudeDegrees>4.6720800</LongitudeDegrees>
     </Position>
     <AltitudeMeters>146.28000000000003</AltitudeMeters>
     <DistanceMeters>85357.14565215302</DistanceMeters>
    </Trackpoint>
    <Trackpoint>
     <Time>2026-04-10T17:13:38+00:00</Time>
     <Position>
      <LatitudeDegrees>43.9723000</LatitudeDegrees>
      <LongitudeDegrees>4.6731200</LongitudeDegrees>
     </Position>
     <AltitudeMeters>146.28000000000003</AltitudeMeters>
     <DistanceMeters>85451.07634060727</DistanceMeters>
    </Trackpoint>
    <Trackpoint>
     <Time>2026-04-10T17:13:44+00:00</Time>
     <Position>
      <LatitudeDegrees>43.9722100</LatitudeDegrees>
      <LongitudeDegrees>4.6740450</LongitudeDegrees>
     </Position>
     <AltitudeMeters>159.63000000000002</AltitudeMeters>
     <DistanceMeters>85525.84000492208</DistanceMeters>
    </Trackpoint>
    <Trackpoint>
     <Time>2026-04-10T17:13:51+00:00</Time>
     <Position>
      <LatitudeDegrees>43.9721200</LatitudeDegrees>
      <LongitudeDegrees>4.6749700</LongitudeDegrees>
     </Position>
     <AltitudeMeters>159.63000000000002</AltitudeMeters>
     <DistanceMeters>85600.60367972917</DistanceMeters>
    </Trackpoint>
    <Trackpoint>
     <Time>2026-04-10T17:13:57+00:00</Time>
     <Position>
      <LatitudeDegrees>43.9721100</LatitudeDegrees>
      <LongitudeDegrees>4.6750700</LongitudeDegrees>
     </Position>
     <AltitudeMeters>159.63000000000002</AltitudeMeters>
     <DistanceMeters>85608.6903362477</DistanceMeters>
    </Trackpoint>
    <Trackpoint>
     <Time>2026-04-10T17:14:04+00:00</Time>
     <Position>
      <LatitudeDegrees>43.9721300</LatitudeDegrees>
      <LongitudeDegrees>4.6753400</LongitudeDegrees>
     </Position>
     <AltitudeMeters>159.63000000000002</AltitudeMeters>
     <DistanceMeters>85630.43078350942</DistanceMeters>
    </Trackpoint>
    <Trackpoint>
     <Time>2026-04-10T17:14:10+00:00</Time>
     <Position>
      <LatitudeDegrees>43.9723700</LatitudeDegrees>
      <LongitudeDegrees>4.6762500</LongitudeDegrees>
     </Position>
     <AltitudeMeters>163.47</AltitudeMeters>
     <DistanceMeters>85708.059097727</DistanceMeters>
    </Trackpoint>
    <Trackpoint>
     <Time>2026-04-10T17:14:17+00:00</Time>
     <Position>
      <LatitudeDegrees>43.9725100</LatitudeDegrees>
      <LongitudeDegrees>4.6766300</LongitudeDegrees>
     </Position>
     <AltitudeMeters>163.47</AltitudeMeters>
     <DistanceMeters>85742.25226745672</DistanceMeters>
    </Trackpoint>
    <Trackpoint>
     <Time>2026-04-10T17:14:23+00:00</Time>
     <Position>
      <LatitudeDegrees>43.9727400</LatitudeDegrees>
      <LongitudeDegrees>4.6775600</LongitudeDegrees>
     </Position>
     <AltitudeMeters>163.47</AltitudeMeters>
     <DistanceMeters>85821.01747584938</DistanceMeters>
    </Trackpoint>
    <Trackpoint>
     <Time>2026-04-10T17:14:30+00:00</Time>
     <Position>
      <LatitudeDegrees>43.9729100</LatitudeDegrees>
      <LongitudeDegrees>4.6777200</LongitudeDegrees>
     </Position>
     <AltitudeMeters>160.96</AltitudeMeters>
     <DistanceMeters>85843.86939463904</DistanceMeters>
    </Trackpoint>
    <Trackpoint>
     <Time>2026-04-10T17:14:36+00:00</Time>
     <Position>
      <LatitudeDegrees>43.9729500</LatitudeDegrees>
      <LongitudeDegrees>4.6778000</LongitudeDegrees>
     </Position>
     <AltitudeMeters>160.96</AltitudeMeters>
     <DistanceMeters>85851.67176968933</DistanceMeters>
    </Trackpoint>
    <Trackpoint>
     <Time>2026-04-10T17:14:43+00:00</Time>
     <Position>
      <LatitudeDegrees>43.9729800</LatitudeDegrees>
      <LongitudeDegrees>4.6779400</LongitudeDegrees>
     </Position>
     <AltitudeMeters>160.96</AltitudeMeters>
     <DistanceMeters>85863.3717237085</DistanceMeters>
    </Trackpoint>
    <Trackpoint>
     <Time>2026-04-10T17:14:49+00:00</Time>
     <Position>
      <LatitudeDegrees>43.9729200</LatitudeDegrees>
      <LongitudeDegrees>4.6779500</LongitudeDegrees>
     </Position>
     <AltitudeMeters>160.82999999999998</AltitudeMeters>
     <DistanceMeters>85870.09732829985</DistanceMeters>
    </Trackpoint>
    <Trackpoint>
     <Time>2026-04-10T17:14:56+00:00</Time>
     <Position>
      <LatitudeDegrees>43.9728700</LatitudeDegrees>
      <LongitudeDegrees>4.6780500</LongitudeDegrees>
     </Position>
     <AltitudeMeters>160.82999999999998</AltitudeMeters>
     <DistanceMeters>85879.85030098964</DistanceMeters>
    </Trackpoint>
    <Trackpoint>
     <Time>2026-04-10T17:15:02+00:00</Time>
     <Position>
      <LatitudeDegrees>43.9728800</LatitudeDegrees>
      <LongitudeDegrees>4.6781400</LongitudeDegrees>
     </Position>
     <AltitudeMeters>159.96</AltitudeMeters>
     <DistanceMeters>85887.14435122845</DistanceMeters>
    </Trackpoint>
    <Trackpoint>
     <Time>2026-04-10T17:15:09+00:00</Time>
     <Position>
      <LatitudeDegrees>43.9729200</LatitudeDegrees>
      <LongitudeDegrees>4.6782000</LongitudeDegrees>
     </Position>
     <AltitudeMeters>159.70000000000002</AltitudeMeters>
     <DistanceMeters>85893.69523493646</DistanceMeters>
    </Trackpoint>
    <Trackpoint>
     <Time>2026-04-10T17:15:15+00:00</Time>
     <Position>
      <LatitudeDegrees>43.9729100</LatitudeDegrees>
      <LongitudeDegrees>4.6782900</LongitudeDegrees>
     </Position>
     <AltitudeMeters>159.70000000000002</AltitudeMeters>
     <DistanceMeters>85900.98928037677</DistanceMeters>
    </Trackpoint>
    <Trackpoint>
     <Time>2026-04-10T17:15:22+00:00</Time>
     <Position>
      <LatitudeDegrees>43.9730400</LatitudeDegrees>
      <LongitudeDegrees>4.6791500</LongitudeDegrees>
     </Position>
     <AltitudeMeters>151.00000000000003</AltitudeMeters>
     <DistanceMeters>85971.37484206898</DistanceMeters>
    </Trackpoint>
    <Trackpoint>
     <Time>2026-04-10T17:15:29+00:00</Time>
     <Position>
      <LatitudeDegrees>43.9731400</LatitudeDegrees>
      <LongitudeDegrees>4.6801500</LongitudeDegrees>
     </Position>
     <AltitudeMeters>143.83</AltitudeMeters>
     <DistanceMeters>86052.24010479503</DistanceMeters>
    </Trackpoint>
    <Trackpoint>
     <Time>2026-04-10T17:15:35+00:00</Time>
     <Position>
      <LatitudeDegrees>43.9731800</LatitudeDegrees>
      <LongitudeDegrees>4.6801700</LongitudeDegrees>
     </Position>
     <AltitudeMeters>143.83</AltitudeMeters>
     <DistanceMeters>86056.97137191378</DistanceMeters>
    </Trackpoint>
    <Trackpoint>
     <Time>2026-04-10T17:15:42+00:00</Time>
     <Position>
      <LatitudeDegrees>43.9733700</LatitudeDegrees>
      <LongitudeDegrees>4.6808800</LongitudeDegrees>
     </Position>
     <AltitudeMeters>143.83</AltitudeMeters>
     <DistanceMeters>86117.64348481885</DistanceMeters>
    </Trackpoint>
    <Trackpoint>
     <Time>2026-04-10T17:15:48+00:00</Time>
     <Position>
      <LatitudeDegrees>43.9734500</LatitudeDegrees>
      <LongitudeDegrees>4.6809700</LongitudeDegrees>
     </Position>
     <AltitudeMeters>143.83</AltitudeMeters>
     <DistanceMeters>86129.09942741177</DistanceMeters>
    </Trackpoint>
    <Trackpoint>
     <Time>2026-04-10T17:15:55+00:00</Time>
     <Position>
      <LatitudeDegrees>43.9735900</LatitudeDegrees>
      <LongitudeDegrees>4.6810200</LongitudeDegrees>
     </Position>
     <AltitudeMeters>143.83</AltitudeMeters>
     <DistanceMeters>86145.1872473464</DistanceMeters>
    </Trackpoint>
    <Trackpoint>
     <Time>2026-04-10T17:16:01+00:00</Time>
     <Position>
      <LatitudeDegrees>43.9736200</LatitudeDegrees>
      <LongitudeDegrees>4.6810600</LongitudeDegrees>
     </Position>
     <AltitudeMeters>125.18</AltitudeMeters>
     <DistanceMeters>86149.8146002512</DistanceMeters>
    </Trackpoint>
    <Trackpoint>
     <Time>2026-04-10T17:16:08+00:00</Time>
     <Position>
      <LatitudeDegrees>43.9736300</LatitudeDegrees>
      <LongitudeDegrees>4.6811800</LongitudeDegrees>
     </Position>
     <AltitudeMeters>125.18</AltitudeMeters>
     <DistanceMeters>86159.49022249537</DistanceMeters>
    </Trackpoint>
    <Trackpoint>
     <Time>2026-04-10T17:16:14+00:00</Time>
     <Position>
      <LatitudeDegrees>43.9736200</LatitudeDegrees>
      <LongitudeDegrees>4.6812400</LongitudeDegrees>
     </Position>
     <AltitudeMeters>125.18</AltitudeMeters>
     <DistanceMeters>86164.42311425108</DistanceMeters>
    </Trackpoint>
    <Trackpoint>
     <Time>2026-04-10T17:16:21+00:00</Time>
     <Position>
      <LatitudeDegrees>43.9734700</LatitudeDegrees>
      <LongitudeDegrees>4.6815700</LongitudeDegrees>
     </Position>
     <AltitudeMeters>125.18</AltitudeMeters>
     <DistanceMeters>86195.68522234655</DistanceMeters>
    </Trackpoint>
    <Trackpoint>
     <Time>2026-04-10T17:16:27+00:00</Time>
     <Position>
      <LatitudeDegrees>43.9734600</LatitudeDegrees>
      <LongitudeDegrees>4.6816400</LongitudeDegrees>
     </Position>
     <AltitudeMeters>125.18</AltitudeMeters>
     <DistanceMeters>86201.40128398521</DistanceMeters>
    </Trackpoint>
    <Trackpoint>
     <Time>2026-04-10T17:16:34+00:00</Time>
     <Position>
      <LatitudeDegrees>43.9735200</LatitudeDegrees>
      <LongitudeDegrees>4.6821600</LongitudeDegrees>
     </Position>
     <AltitudeMeters>125.18</AltitudeMeters>
     <DistanceMeters>86243.58270537017</DistanceMeters>
    </Trackpoint>
    <Trackpoint>
     <Time>2026-04-10T17:16:40+00:00</Time>
     <Position>
      <LatitudeDegrees>43.9735200</LatitudeDegrees>
      <LongitudeDegrees>4.6822800</LongitudeDegrees>
     </Position>
     <AltitudeMeters>122.63000000000001</AltitudeMeters>
     <DistanceMeters>86253.19412148088</DistanceMeters>
    </Trackpoint>
    <Trackpoint>
     <Time>2026-04-10T17:16:47+00:00</Time>
     <Position>
      <LatitudeDegrees>43.9734300</LatitudeDegrees>
      <LongitudeDegrees>4.6826200</LongitudeDegrees>
     </Position>
     <AltitudeMeters>122.63000000000001</AltitudeMeters>
     <DistanceMeters>86282.21022515206</DistanceMeters>
    </Trackpoint>
    <Trackpoint>
     <Time>2026-04-10T17:16:53+00:00</Time>
     <Position>
      <LatitudeDegrees>43.9733700</LatitudeDegrees>
      <LongitudeDegrees>4.6831400</LongitudeDegrees>
     </Position>
     <AltitudeMeters>116.92</AltitudeMeters>
     <DistanceMeters>86324.39170886071</DistanceMeters>
    </Trackpoint>
    <Trackpoint>
     <Time>2026-04-10T17:17:00+00:00</Time>
     <Position>
      <LatitudeDegrees>43.9733000</LatitudeDegrees>
      <LongitudeDegrees>4.6842800</LongitudeDegrees>
     </Position>
     <AltitudeMeters>113.07000000000001</AltitudeMeters>
     <DistanceMeters>86416.03220488368</DistanceMeters>
    </Trackpoint>
    <Trackpoint>
     <Time>2026-04-10T17:17:06+00:00</Time>
     <Position>
      <LatitudeDegrees>43.9733200</LatitudeDegrees>
      <LongitudeDegrees>4.6852700</LongitudeDegrees>
     </Position>
     <AltitudeMeters>110.82000000000001</AltitudeMeters>
     <DistanceMeters>86495.35790439477</DistanceMeters>
    </Trackpoint>
    <Trackpoint>
     <Time>2026-04-10T17:17:13+00:00</Time>
     <Position>
      <LatitudeDegrees>43.9731300</LatitudeDegrees>
      <LongitudeDegrees>4.6853800</LongitudeDegrees>
     </Position>
     <AltitudeMeters>110.82000000000001</AltitudeMeters>
     <DistanceMeters>86518.26611145842</DistanceMeters>
    </Trackpoint>
    <Trackpoint>
     <Time>2026-04-10T17:17:19+00:00</Time>
     <Position>
      <LatitudeDegrees>43.9726400</LatitudeDegrees>
      <LongitudeDegrees>4.6859500</LongitudeDegrees>
     </Position>
     <AltitudeMeters>110.82000000000001</AltitudeMeters>
     <DistanceMeters>86589.38872697788</DistanceMeters>
    </Trackpoint>
    <Trackpoint>
     <Time>2026-04-10T17:17:26+00:00</Time>
     <Position>
      <LatitudeDegrees>43.9721500</LatitudeDegrees>
      <LongitudeDegrees>4.6865200</LongitudeDegrees>
     </Position>
     <AltitudeMeters>112.18</AltitudeMeters>
     <DistanceMeters>86660.51130296424</DistanceMeters>
    </Trackpoint>
    <Trackpoint>
     <Time>2026-04-10T17:17:33+00:00</Time>
     <Position>
      <LatitudeDegrees>43.9718100</LatitudeDegrees>
      <LongitudeDegrees>4.6870700</LongitudeDegrees>
     </Position>
     <AltitudeMeters>112.18</AltitudeMeters>
     <DistanceMeters>86718.58551126611</DistanceMeters>
    </Trackpoint>
    <Trackpoint>
     <Time>2026-04-10T17:17:39+00:00</Time>
     <Position>
      <LatitudeDegrees>43.9712200</LatitudeDegrees>
      <LongitudeDegrees>4.6875300</LongitudeDegrees>
     </Position>
     <AltitudeMeters>108.18</AltitudeMeters>
     <DistanceMeters>86793.88076044944</DistanceMeters>
    </Trackpoint>
    <Trackpoint>
     <Time>2026-04-10T17:17:46+00:00</Time>
     <Position>
      <LatitudeDegrees>43.9711200</LatitudeDegrees>
      <LongitudeDegrees>4.6876700</LongitudeDegrees>
     </Position>
     <AltitudeMeters>108.18</AltitudeMeters>
     <DistanceMeters>86809.67999309846</DistanceMeters>
    </Trackpoint>
    <Trackpoint>
     <Time>2026-04-10T17:17:52+00:00</Time>
     <Position>
      <LatitudeDegrees>43.9709400</LatitudeDegrees>
      <LongitudeDegrees>4.6878200</LongitudeDegrees>
     </Position>
     <AltitudeMeters>107.14000000000001</AltitudeMeters>
     <DistanceMeters>86833.03989007727</DistanceMeters>
    </Trackpoint>
    <Trackpoint>
     <Time>2026-04-10T17:17:59+00:00</Time>
     <Position>
      <LatitudeDegrees>43.9708600</LatitudeDegrees>
      <LongitudeDegrees>4.6879200</LongitudeDegrees>
     </Position>
     <AltitudeMeters>107.00000000000001</AltitudeMeters>
     <DistanceMeters>86845.01624289074</DistanceMeters>
    </Trackpoint>
    <Trackpoint>
     <Time>2026-04-10T17:18:05+00:00</Time>
     <Position>
      <LatitudeDegrees>43.9707000</LatitudeDegrees>
      <LongitudeDegrees>4.6889600</LongitudeDegrees>
     </Position>
     <AltitudeMeters>107.00000000000001</AltitudeMeters>
     <DistanceMeters>86930.20106471292</DistanceMeters>
    </Trackpoint>
    <Trackpoint>
     <Time>2026-04-10T17:18:12+00:00</Time>
     <Position>
      <LatitudeDegrees>43.9705900</LatitudeDegrees>
      <LongitudeDegrees>4.6895700</LongitudeDegrees>
     </Position>
     <AltitudeMeters>107.00000000000001</AltitudeMeters>
     <DistanceMeters>86980.5718679661</DistanceMeters>
    </Trackpoint>
    <Trackpoint>
     <Time>2026-04-10T17:18:18+00:00</Time>
     <Position>
      <LatitudeDegrees>43.9705700</LatitudeDegrees>
      <LongitudeDegrees>4.6899700</LongitudeDegrees>
     </Position>
     <AltitudeMeters>92.16000000000001</AltitudeMeters>
     <DistanceMeters>87012.68873590612</DistanceMeters>
    </Trackpoint>
    <Trackpoint>
     <Time>2026-04-10T17:18:25+00:00</Time>
     <Position>
      <LatitudeDegrees>43.9706200</LatitudeDegrees>
      <LongitudeDegrees>4.6906950</LongitudeDegrees>
     </Position>
     <AltitudeMeters>92.16000000000001</AltitudeMeters>
     <DistanceMeters>87071.02656318463</DistanceMeters>
    </Trackpoint>
    <Trackpoint>
     <Time>2026-04-10T17:18:31+00:00</Time>
     <Position>
      <LatitudeDegrees>43.9706700</LatitudeDegrees>
      <LongitudeDegrees>4.6914200</LongitudeDegrees>
     </Position>
     <AltitudeMeters>92.16000000000001</AltitudeMeters>
     <DistanceMeters>87129.3643836905</DistanceMeters>
    </Trackpoint>
    <Trackpoint>
     <Time>2026-04-10T17:18:38+00:00</Time>
     <Position>
      <LatitudeDegrees>43.9706400</LatitudeDegrees>
      <LongitudeDegrees>4.6915900</LongitudeDegrees>
     </Position>
     <AltitudeMeters>92.16000000000001</AltitudeMeters>
     <DistanceMeters>87143.38458719889</DistanceMeters>
    </Trackpoint>
    <Trackpoint>
     <Time>2026-04-10T17:18:44+00:00</Time>
     <Position>
      <LatitudeDegrees>43.9703100</LatitudeDegrees>
      <LongitudeDegrees>4.6922100</LongitudeDegrees>
     </Position>
     <AltitudeMeters>85.47</AltitudeMeters>
     <DistanceMeters>87205.15174845916</DistanceMeters>
    </Trackpoint>
    <Trackpoint>
     <Time>2026-04-10T17:18:51+00:00</Time>
     <Position>
      <LatitudeDegrees>43.9701900</LatitudeDegrees>
      <LongitudeDegrees>4.6926200</LongitudeDegrees>
     </Position>
     <AltitudeMeters>85.47</AltitudeMeters>
     <DistanceMeters>87240.60436330203</DistanceMeters>
    </Trackpoint>
    <Trackpoint>
     <Time>2026-04-10T17:18:57+00:00</Time>
     <Position>
      <LatitudeDegrees>43.9700450</LatitudeDegrees>
      <LongitudeDegrees>4.6934750</LongitudeDegrees>
     </Position>
     <AltitudeMeters>85.47</AltitudeMeters>
     <DistanceMeters>87310.96538763355</DistanceMeters>
    </Trackpoint>
    <Trackpoint>
     <Time>2026-04-10T17:19:04+00:00</Time>
     <Position>
      <LatitudeDegrees>43.9699000</LatitudeDegrees>
      <LongitudeDegrees>4.6943300</LongitudeDegrees>
     </Position>
     <AltitudeMeters>85.47</AltitudeMeters>
     <DistanceMeters>87381.32641125636</DistanceMeters>
    </Trackpoint>
    <Trackpoint>
     <Time>2026-04-10T17:19:10+00:00</Time>
     <Position>
      <LatitudeDegrees>43.9697800</LatitudeDegrees>
      <LongitudeDegrees>4.6951800</LongitudeDegrees>
     </Position>
     <AltitudeMeters>85.47</AltitudeMeters>
     <DistanceMeters>87450.70908817586</DistanceMeters>
    </Trackpoint>
    <Trackpoint>
     <Time>2026-04-10T17:19:17+00:00</Time>
     <Position>
      <LatitudeDegrees>43.9696600</LatitudeDegrees>
      <LongitudeDegrees>4.6960300</LongitudeDegrees>
     </Position>
     <AltitudeMeters>85.47</AltitudeMeters>
     <DistanceMeters>87520.09177790277</DistanceMeters>
    </Trackpoint>
    <Trackpoint>
     <Time>2026-04-10T17:19:24+00:00</Time>
     <Position>
      <LatitudeDegrees>43.9692967</LatitudeDegrees>
      <LongitudeDegrees>4.6967200</LongitudeDegrees>
     </Position>
     <AltitudeMeters>85.47</AltitudeMeters>
     <DistanceMeters>87588.57484007294</DistanceMeters>
    </Trackpoint>
    <Trackpoint>
     <Time>2026-04-10T17:19:30+00:00</Time>
     <Position>
      <LatitudeDegrees>43.9689333</LatitudeDegrees>
      <LongitudeDegrees>4.6974100</LongitudeDegrees>
     </Position>
     <AltitudeMeters>85.47</AltitudeMeters>
     <DistanceMeters>87657.05790224233</DistanceMeters>
    </Trackpoint>
    <Trackpoint>
     <Time>2026-04-10T17:19:37+00:00</Time>
     <Position>
      <LatitudeDegrees>43.9685700</LatitudeDegrees>
      <LongitudeDegrees>4.6981000</LongitudeDegrees>
     </Position>
     <AltitudeMeters>60.9</AltitudeMeters>
     <DistanceMeters>87725.54097134432</DistanceMeters>
    </Trackpoint>
    <Trackpoint>
     <Time>2026-04-10T17:19:43+00:00</Time>
     <Position>
      <LatitudeDegrees>43.9682000</LatitudeDegrees>
      <LongitudeDegrees>4.6986750</LongitudeDegrees>
     </Position>
     <AltitudeMeters>60.9</AltitudeMeters>
     <DistanceMeters>87787.32412170003</DistanceMeters>
    </Trackpoint>
    <Trackpoint>
     <Time>2026-04-10T17:19:50+00:00</Time>
     <Position>
      <LatitudeDegrees>43.9678300</LatitudeDegrees>
      <LongitudeDegrees>4.6992500</LongitudeDegrees>
     </Position>
     <AltitudeMeters>60.9</AltitudeMeters>
     <DistanceMeters>87849.10728890204</DistanceMeters>
    </Trackpoint>
    <Trackpoint>
     <Time>2026-04-10T17:19:56+00:00</Time>
     <Position>
      <LatitudeDegrees>43.9677100</LatitudeDegrees>
      <LongitudeDegrees>4.6994600</LongitudeDegrees>
     </Position>
     <AltitudeMeters>60.9</AltitudeMeters>
     <DistanceMeters>87870.58600716482</DistanceMeters>
    </Trackpoint>
    <Trackpoint>
     <Time>2026-04-10T17:20:03+00:00</Time>
     <Position>
      <LatitudeDegrees>43.9673700</LatitudeDegrees>
      <LongitudeDegrees>4.7001450</LongitudeDegrees>
     </Position>
     <AltitudeMeters>60.9</AltitudeMeters>
     <DistanceMeters>87937.23968587718</DistanceMeters>
    </Trackpoint>
    <Trackpoint>
     <Time>2026-04-10T17:20:09+00:00</Time>
     <Position>
      <LatitudeDegrees>43.9670300</LatitudeDegrees>
      <LongitudeDegrees>4.7008300</LongitudeDegrees>
     </Position>
     <AltitudeMeters>60.9</AltitudeMeters>
     <DistanceMeters>88003.89340823048</DistanceMeters>
    </Trackpoint>
    <Trackpoint>
     <Time>2026-04-10T17:20:16+00:00</Time>
     <Position>
      <LatitudeDegrees>43.9667800</LatitudeDegrees>
      <LongitudeDegrees>4.7015800</LongitudeDegrees>
     </Position>
     <AltitudeMeters>60.9</AltitudeMeters>
     <DistanceMeters>88070.10172792763</DistanceMeters>
    </Trackpoint>
    <Trackpoint>
     <Time>2026-04-10T17:20:22+00:00</Time>
     <Position>
      <LatitudeDegrees>43.9665900</LatitudeDegrees>
      <LongitudeDegrees>4.7024600</LongitudeDegrees>
     </Position>
     <AltitudeMeters>60.9</AltitudeMeters>
     <DistanceMeters>88143.69696533513</DistanceMeters>
    </Trackpoint>
    <Trackpoint>
     <Time>2026-04-10T17:20:29+00:00</Time>
     <Position>
      <LatitudeDegrees>43.9666000</LatitudeDegrees>
      <LongitudeDegrees>4.7025900</LongitudeDegrees>
     </Position>
     <AltitudeMeters>60.9</AltitudeMeters>
     <DistanceMeters>88154.16985192966</DistanceMeters>
    </Trackpoint>
    <Trackpoint>
     <Time>2026-04-10T17:20:35+00:00</Time>
     <Position>
      <LatitudeDegrees>43.9666500</LatitudeDegrees>
      <LongitudeDegrees>4.7027000</LongitudeDegrees>
     </Position>
     <AltitudeMeters>60.9</AltitudeMeters>
     <DistanceMeters>88164.59142258768</DistanceMeters>
    </Trackpoint>
    <Trackpoint>
     <Time>2026-04-10T17:20:42+00:00</Time>
     <Position>
      <LatitudeDegrees>43.9664900</LatitudeDegrees>
      <LongitudeDegrees>4.7029700</LongitudeDegrees>
     </Position>
     <AltitudeMeters>60.50000000000001</AltitudeMeters>
     <DistanceMeters>88192.60713267713</DistanceMeters>
    </Trackpoint>
    <Trackpoint>
     <Time>2026-04-10T17:20:48+00:00</Time>
     <Position>
      <LatitudeDegrees>43.9664500</LatitudeDegrees>
      <LongitudeDegrees>4.7030900</LongitudeDegrees>
     </Position>
     <AltitudeMeters>60.50000000000001</AltitudeMeters>
     <DistanceMeters>88203.20052770489</DistanceMeters>
    </Trackpoint>
    <Trackpoint>
     <Time>2026-04-10T17:20:55+00:00</Time>
     <Position>
      <LatitudeDegrees>43.9661700</LatitudeDegrees>
      <LongitudeDegrees>4.7042200</LongitudeDegrees>
     </Position>
     <AltitudeMeters>57.7</AltitudeMeters>
     <DistanceMeters>88298.93305305362</DistanceMeters>
    </Trackpoint>
    <Trackpoint>
     <Time>2026-04-10T17:21:01+00:00</Time>
     <Position>
      <LatitudeDegrees>43.9660000</LatitudeDegrees>
      <LongitudeDegrees>4.7048050</LongitudeDegrees>
     </Position>
     <AltitudeMeters>57.59</AltitudeMeters>
     <DistanceMeters>88349.47001398468</DistanceMeters>
    </Trackpoint>
    <Trackpoint>
     <Time>2026-04-10T17:21:08+00:00</Time>
     <Position>
      <LatitudeDegrees>43.9658300</LatitudeDegrees>
      <LongitudeDegrees>4.7053900</LongitudeDegrees>
     </Position>
     <AltitudeMeters>57.59</AltitudeMeters>
     <DistanceMeters>88400.0069809568</DistanceMeters>
    </Trackpoint>
    <Trackpoint>
     <Time>2026-04-10T17:21:14+00:00</Time>
     <Position>
      <LatitudeDegrees>43.9656900</LatitudeDegrees>
      <LongitudeDegrees>4.7057100</LongitudeDegrees>
     </Position>
     <AltitudeMeters>57.59</AltitudeMeters>
     <DistanceMeters>88430.0048335198</DistanceMeters>
    </Trackpoint>
    <Trackpoint>
     <Time>2026-04-10T17:21:21+00:00</Time>
     <Position>
      <LatitudeDegrees>43.9653200</LatitudeDegrees>
      <LongitudeDegrees>4.7062900</LongitudeDegrees>
     </Position>
     <AltitudeMeters>57.6</AltitudeMeters>
     <DistanceMeters>88492.08872170367</DistanceMeters>
    </Trackpoint>
    <Trackpoint>
     <Time>2026-04-10T17:21:28+00:00</Time>
     <Position>
      <LatitudeDegrees>43.9653500</LatitudeDegrees>
      <LongitudeDegrees>4.7065800</LongitudeDegrees>
     </Position>
     <AltitudeMeters>57.6</AltitudeMeters>
     <DistanceMeters>88515.55822665196</DistanceMeters>
    </Trackpoint>
    <Trackpoint>
     <Time>2026-04-10T17:21:34+00:00</Time>
     <Position>
      <LatitudeDegrees>43.9653400</LatitudeDegrees>
      <LongitudeDegrees>4.7067300</LongitudeDegrees>
     </Position>
     <AltitudeMeters>57.6</AltitudeMeters>
     <DistanceMeters>88527.6255834195</DistanceMeters>
    </Trackpoint>
    <Trackpoint>
     <Time>2026-04-10T17:21:41+00:00</Time>
     <Position>
      <LatitudeDegrees>43.9651500</LatitudeDegrees>
      <LongitudeDegrees>4.7078600</LongitudeDegrees>
     </Position>
     <AltitudeMeters>56.39</AltitudeMeters>
     <DistanceMeters>88620.58284030671</DistanceMeters>
    </Trackpoint>
    <Trackpoint>
     <Time>2026-04-10T17:21:47+00:00</Time>
     <Position>
      <LatitudeDegrees>43.9650700</LatitudeDegrees>
      <LongitudeDegrees>4.7082000</LongitudeDegrees>
     </Position>
     <AltitudeMeters>56.120000000000005</AltitudeMeters>
     <DistanceMeters>88649.23743422408</DistanceMeters>
    </Trackpoint>
    <Trackpoint>
     <Time>2026-04-10T17:21:54+00:00</Time>
     <Position>
      <LatitudeDegrees>43.9649050</LatitudeDegrees>
      <LongitudeDegrees>4.7088250</LongitudeDegrees>
     </Position>
     <AltitudeMeters>54.790000000000006</AltitudeMeters>
     <DistanceMeters>88702.56570990206</DistanceMeters>
    </Trackpoint>
    <Trackpoint>
     <Time>2026-04-10T17:22:00+00:00</Time>
     <Position>
      <LatitudeDegrees>43.9647400</LatitudeDegrees>
      <LongitudeDegrees>4.7094500</LongitudeDegrees>
     </Position>
     <AltitudeMeters>53.36000000000001</AltitudeMeters>
     <DistanceMeters>88755.89398882136</DistanceMeters>
    </Trackpoint>
    <Trackpoint>
     <Time>2026-04-10T17:22:07+00:00</Time>
     <Position>
      <LatitudeDegrees>43.9645700</LatitudeDegrees>
      <LongitudeDegrees>4.7100450</LongitudeDegrees>
     </Position>
     <AltitudeMeters>53.63</AltitudeMeters>
     <DistanceMeters>88807.17570977553</DistanceMeters>
    </Trackpoint>
    <Trackpoint>
     <Time>2026-04-10T17:22:13+00:00</Time>
     <Position>
      <LatitudeDegrees>43.9644000</LatitudeDegrees>
      <LongitudeDegrees>4.7106400</LongitudeDegrees>
     </Position>
     <AltitudeMeters>53.550000000000004</AltitudeMeters>
     <DistanceMeters>88858.45739345896</DistanceMeters>
    </Trackpoint>
    <Trackpoint>
     <Time>2026-04-10T17:22:20+00:00</Time>
     <Position>
      <LatitudeDegrees>43.9644200</LatitudeDegrees>
      <LongitudeDegrees>4.7107300</LongitudeDegrees>
     </Position>
     <AltitudeMeters>53.550000000000004</AltitudeMeters>
     <DistanceMeters>88866.00285574405</DistanceMeters>
    </Trackpoint>
    <Trackpoint>
     <Time>2026-04-10T17:22:26+00:00</Time>
     <Position>
      <LatitudeDegrees>43.9646200</LatitudeDegrees>
      <LongitudeDegrees>4.7112500</LongitudeDegrees>
     </Position>
     <AltitudeMeters>53.4</AltitudeMeters>
     <DistanceMeters>88913.23285938107</DistanceMeters>
    </Trackpoint>
    <Trackpoint>
     <Time>2026-04-10T17:22:33+00:00</Time>
     <Position>
      <LatitudeDegrees>43.9645600</LatitudeDegrees>
      <LongitudeDegrees>4.7114400</LongitudeDegrees>
     </Position>
     <AltitudeMeters>53.4</AltitudeMeters>
     <DistanceMeters>88929.85368043063</DistanceMeters>
    </Trackpoint>
    <Trackpoint>
     <Time>2026-04-10T17:22:39+00:00</Time>
     <Position>
      <LatitudeDegrees>43.9642900</LatitudeDegrees>
      <LongitudeDegrees>4.7121200</LongitudeDegrees>
     </Position>
     <AltitudeMeters>53.93000000000001</AltitudeMeters>
     <DistanceMeters>88992.0654453069</DistanceMeters>
    </Trackpoint>
    <Trackpoint>
     <Time>2026-04-10T17:22:46+00:00</Time>
     <Position>
      <LatitudeDegrees>43.9645800</LatitudeDegrees>
      <LongitudeDegrees>4.7123700</LongitudeDegrees>
     </Position>
     <AltitudeMeters>53.57000000000001</AltitudeMeters>
     <DistanceMeters>89030.04963189158</DistanceMeters>
    </Trackpoint>
    <Trackpoint>
     <Time>2026-04-10T17:22:52+00:00</Time>
     <Position>
      <LatitudeDegrees>43.9643300</LatitudeDegrees>
      <LongitudeDegrees>4.7131600</LongitudeDegrees>
     </Position>
     <AltitudeMeters>53.57000000000001</AltitudeMeters>
     <DistanceMeters>89099.18117994722</DistanceMeters>
    </Trackpoint>
    <Trackpoint>
     <Time>2026-04-10T17:22:59+00:00</Time>
     <Position>
      <LatitudeDegrees>43.9640800</LatitudeDegrees>
      <LongitudeDegrees>4.7139500</LongitudeDegrees>
     </Position>
     <AltitudeMeters>53.57000000000001</AltitudeMeters>
     <DistanceMeters>89168.31272800287</DistanceMeters>
    </Trackpoint>
    <Trackpoint>
     <Time>2026-04-10T17:23:05+00:00</Time>
     <Position>
      <LatitudeDegrees>43.9638300</LatitudeDegrees>
      <LongitudeDegrees>4.7147400</LongitudeDegrees>
     </Position>
     <AltitudeMeters>53.18000000000001</AltitudeMeters>
     <DistanceMeters>89237.44429675996</DistanceMeters>
    </Trackpoint>
    <Trackpoint>
     <Time>2026-04-10T17:23:12+00:00</Time>
     <Position>
      <LatitudeDegrees>43.9636050</LatitudeDegrees>
      <LongitudeDegrees>4.7156675</LongitudeDegrees>
     </Position>
     <AltitudeMeters>53.18000000000001</AltitudeMeters>
     <DistanceMeters>89315.85160028329</DistanceMeters>
    </Trackpoint>
    <Trackpoint>
     <Time>2026-04-10T17:23:19+00:00</Time>
     <Position>
      <LatitudeDegrees>43.9633800</LatitudeDegrees>
      <LongitudeDegrees>4.7165950</LongitudeDegrees>
     </Position>
     <AltitudeMeters>53.18000000000001</AltitudeMeters>
     <DistanceMeters>89394.25890380642</DistanceMeters>
    </Trackpoint>
    <Trackpoint>
     <Time>2026-04-10T17:23:25+00:00</Time>
     <Position>
      <LatitudeDegrees>43.9631550</LatitudeDegrees>
      <LongitudeDegrees>4.7175225</LongitudeDegrees>
     </Position>
     <AltitudeMeters>52.35000000000001</AltitudeMeters>
     <DistanceMeters>89472.66620733037</DistanceMeters>
    </Trackpoint>
    <Trackpoint>
     <Time>2026-04-10T17:23:32+00:00</Time>
     <Position>
      <LatitudeDegrees>43.9629300</LatitudeDegrees>
      <LongitudeDegrees>4.7184500</LongitudeDegrees>
     </Position>
     <AltitudeMeters>52.35000000000001</AltitudeMeters>
     <DistanceMeters>89551.07350132991</DistanceMeters>
    </Trackpoint>
    <Trackpoint>
     <Time>2026-04-10T17:23:38+00:00</Time>
     <Position>
      <LatitudeDegrees>43.9628600</LatitudeDegrees>
      <LongitudeDegrees>4.7191300</LongitudeDegrees>
     </Position>
     <AltitudeMeters>52.35000000000001</AltitudeMeters>
     <DistanceMeters>89606.10221215355</DistanceMeters>
    </Trackpoint>
    <Trackpoint>
     <Time>2026-04-10T17:23:45+00:00</Time>
     <Position>
      <LatitudeDegrees>43.9628275</LatitudeDegrees>
      <LongitudeDegrees>4.7201250</LongitudeDegrees>
     </Position>
     <AltitudeMeters>53.1</AltitudeMeters>
     <DistanceMeters>89685.8932875518</DistanceMeters>
    </Trackpoint>
    <Trackpoint>
     <Time>2026-04-10T17:23:51+00:00</Time>
     <Position>
      <LatitudeDegrees>43.9627950</LatitudeDegrees>
      <LongitudeDegrees>4.7211200</LongitudeDegrees>
     </Position>
     <AltitudeMeters>53.1</AltitudeMeters>
     <DistanceMeters>89765.68436294988</DistanceMeters>
    </Trackpoint>
    <Trackpoint>
     <Time>2026-04-10T17:23:58+00:00</Time>
     <Position>
      <LatitudeDegrees>43.9627625</LatitudeDegrees>
      <LongitudeDegrees>4.7221150</LongitudeDegrees>
     </Position>
     <AltitudeMeters>53.1</AltitudeMeters>
     <DistanceMeters>89845.47543834813</DistanceMeters>
    </Trackpoint>
    <Trackpoint>
     <Time>2026-04-10T17:24:04+00:00</Time>
     <Position>
      <LatitudeDegrees>43.9627300</LatitudeDegrees>
      <LongitudeDegrees>4.7231100</LongitudeDegrees>
     </Position>
     <AltitudeMeters>53.76</AltitudeMeters>
     <DistanceMeters>89925.26652342717</DistanceMeters>
    </Trackpoint>
    <Trackpoint>
     <Time>2026-04-10T17:24:11+00:00</Time>
     <Position>
      <LatitudeDegrees>43.9627400</LatitudeDegrees>
      <LongitudeDegrees>4.7237550</LongitudeDegrees>
     </Position>
     <AltitudeMeters>53.76</AltitudeMeters>
     <DistanceMeters>89976.94925510527</DistanceMeters>
    </Trackpoint>
    <Trackpoint>
     <Time>2026-04-10T17:24:17+00:00</Time>
     <Position>
      <LatitudeDegrees>43.9627500</LatitudeDegrees>
      <LongitudeDegrees>4.7244000</LongitudeDegrees>
     </Position>
     <AltitudeMeters>53.76</AltitudeMeters>
     <DistanceMeters>90028.63196988088</DistanceMeters>
    </Trackpoint>
    <Trackpoint>
     <Time>2026-04-10T17:24:24+00:00</Time>
     <Position>
      <LatitudeDegrees>43.9628500</LatitudeDegrees>
      <LongitudeDegrees>4.7255700</LongitudeDegrees>
     </Position>
     <AltitudeMeters>53.68000000000001</AltitudeMeters>
     <DistanceMeters>90123.01865745483</DistanceMeters>
    </Trackpoint>
    <Trackpoint>
     <Time>2026-04-10T17:24:30+00:00</Time>
     <Position>
      <LatitudeDegrees>43.9631000</LatitudeDegrees>
      <LongitudeDegrees>4.7265100</LongitudeDegrees>
     </Position>
     <AltitudeMeters>53.68000000000001</AltitudeMeters>
     <DistanceMeters>90203.29742964248</DistanceMeters>
    </Trackpoint>
    <Trackpoint>
     <Time>2026-04-10T17:24:37+00:00</Time>
     <Position>
      <LatitudeDegrees>43.9632250</LatitudeDegrees>
      <LongitudeDegrees>4.7271300</LongitudeDegrees>
     </Position>
     <AltitudeMeters>53.68000000000001</AltitudeMeters>
     <DistanceMeters>90254.876634342</DistanceMeters>
    </Trackpoint>
    <Trackpoint>
     <Time>2026-04-10T17:24:43+00:00</Time>
     <Position>
      <LatitudeDegrees>43.9633500</LatitudeDegrees>
      <LongitudeDegrees>4.7277500</LongitudeDegrees>
     </Position>
     <AltitudeMeters>53.68000000000001</AltitudeMeters>
     <DistanceMeters>90306.45579793837</DistanceMeters>
    </Trackpoint>
    <Trackpoint>
     <Time>2026-04-10T17:24:50+00:00</Time>
     <Position>
      <LatitudeDegrees>43.9633700</LatitudeDegrees>
      <LongitudeDegrees>4.7286800</LongitudeDegrees>
     </Position>
     <AltitudeMeters>51.9</AltitudeMeters>
     <DistanceMeters>90380.99026032971</DistanceMeters>
    </Trackpoint>
    <Trackpoint>
     <Time>2026-04-10T17:24:56+00:00</Time>
     <Position>
      <LatitudeDegrees>43.9634200</LatitudeDegrees>
      <LongitudeDegrees>4.7296800</LongitudeDegrees>
     </Position>
     <AltitudeMeters>51.9</AltitudeMeters>
     <DistanceMeters>90461.2920962292</DistanceMeters>
    </Trackpoint>
    <Trackpoint>
     <Time>2026-04-10T17:25:03+00:00</Time>
     <Position>
      <LatitudeDegrees>43.9633700</LatitudeDegrees>
      <LongitudeDegrees>4.7305850</LongitudeDegrees>
     </Position>
     <AltitudeMeters>51.9</AltitudeMeters>
     <DistanceMeters>90534.00383435574</DistanceMeters>
    </Trackpoint>
    <Trackpoint>
     <Time>2026-04-10T17:25:09+00:00</Time>
     <Position>
      <LatitudeDegrees>43.9633200</LatitudeDegrees>
      <LongitudeDegrees>4.7314900</LongitudeDegrees>
     </Position>
     <AltitudeMeters>52.31</AltitudeMeters>
     <DistanceMeters>90606.71557500392</DistanceMeters>
    </Trackpoint>
    <Trackpoint>
     <Time>2026-04-10T17:25:16+00:00</Time>
     <Position>
      <LatitudeDegrees>43.9628200</LatitudeDegrees>
      <LongitudeDegrees>4.7315200</LongitudeDegrees>
     </Position>
     <AltitudeMeters>55.13</AltitudeMeters>
     <DistanceMeters>90662.41528599955</DistanceMeters>
    </Trackpoint>
    <Trackpoint>
     <Time>2026-04-10T17:25:23+00:00</Time>
     <Position>
      <LatitudeDegrees>43.9625100</LatitudeDegrees>
      <LongitudeDegrees>4.7316000</LongitudeDegrees>
     </Position>
     <AltitudeMeters>55.24</AltitudeMeters>
     <DistanceMeters>90697.50712366507</DistanceMeters>
    </Trackpoint>
    <Trackpoint>
     <Time>2026-04-10T17:25:29+00:00</Time>
     <Position>
      <LatitudeDegrees>43.9624100</LatitudeDegrees>
      <LongitudeDegrees>4.7315100</LongitudeDegrees>
     </Position>
     <AltitudeMeters>55.24</AltitudeMeters>
     <DistanceMeters>90710.76796846761</DistanceMeters>
    </Trackpoint>
    <Trackpoint>
     <Time>2026-04-10T17:25:36+00:00</Time>
     <Position>
      <LatitudeDegrees>43.9621600</LatitudeDegrees>
      <LongitudeDegrees>4.7313800</LongitudeDegrees>
     </Position>
     <AltitudeMeters>57.010000000000005</AltitudeMeters>
     <DistanceMeters>90740.47704004357</DistanceMeters>
    </Trackpoint>
    <Trackpoint>
     <Time>2026-04-10T17:25:42+00:00</Time>
     <Position>
      <LatitudeDegrees>43.9620100</LatitudeDegrees>
      <LongitudeDegrees>4.7313200</LongitudeDegrees>
     </Position>
     <AltitudeMeters>57.010000000000005</AltitudeMeters>
     <DistanceMeters>90757.84957899657</DistanceMeters>
    </Trackpoint>
    <Trackpoint>
     <Time>2026-04-10T17:25:49+00:00</Time>
     <Position>
      <LatitudeDegrees>43.9617200</LatitudeDegrees>
      <LongitudeDegrees>4.7311600</LongitudeDegrees>
     </Position>
     <AltitudeMeters>57.99000000000001</AltitudeMeters>
     <DistanceMeters>90792.57735189545</DistanceMeters>
    </Trackpoint>
    <Trackpoint>
     <Time>2026-04-10T17:25:55+00:00</Time>
     <Position>
      <LatitudeDegrees>43.9616500</LatitudeDegrees>
      <LongitudeDegrees>4.7311400</LongitudeDegrees>
     </Position>
     <AltitudeMeters>57.99000000000001</AltitudeMeters>
     <DistanceMeters>90800.53109840097</DistanceMeters>
    </Trackpoint>
    <Trackpoint>
     <Time>2026-04-10T17:26:02+00:00</Time>
     <Position>
      <LatitudeDegrees>43.9613900</LatitudeDegrees>
      <LongitudeDegrees>4.7311200</LongitudeDegrees>
     </Position>
     <AltitudeMeters>57.99000000000001</AltitudeMeters>
     <DistanceMeters>90829.51229851067</DistanceMeters>
    </Trackpoint>
    <Trackpoint>
     <Time>2026-04-10T17:26:08+00:00</Time>
     <Position>
      <LatitudeDegrees>43.9610600</LatitudeDegrees>
      <LongitudeDegrees>4.7311900</LongitudeDegrees>
     </Position>
     <AltitudeMeters>59.190000000000005</AltitudeMeters>
     <DistanceMeters>90866.66552654417</DistanceMeters>
    </Trackpoint>
    <Trackpoint>
     <Time>2026-04-10T17:26:15+00:00</Time>
     <Position>
      <LatitudeDegrees>43.9607000</LatitudeDegrees>
      <LongitudeDegrees>4.7311800</LongitudeDegrees>
     </Position>
     <AltitudeMeters>59.190000000000005</AltitudeMeters>
     <DistanceMeters>90906.7399794902</DistanceMeters>
    </Trackpoint>
    <Trackpoint>
     <Time>2026-04-10T17:26:21+00:00</Time>
     <Position>
      <LatitudeDegrees>43.9606100</LatitudeDegrees>
      <LongitudeDegrees>4.7311600</LongitudeDegrees>
     </Position>
     <AltitudeMeters>59.190000000000005</AltitudeMeters>
     <DistanceMeters>90916.88392856948</DistanceMeters>
    </Trackpoint>
    <Trackpoint>
     <Time>2026-04-10T17:26:28+00:00</Time>
     <Position>
      <LatitudeDegrees>43.9602800</LatitudeDegrees>
      <LongitudeDegrees>4.7310200</LongitudeDegrees>
     </Position>
     <AltitudeMeters>59.190000000000005</AltitudeMeters>
     <DistanceMeters>90955.28586332471</DistanceMeters>
    </Trackpoint>
    <Trackpoint>
     <Time>2026-04-10T17:26:34+00:00</Time>
     <Position>
      <LatitudeDegrees>43.9594500</LatitudeDegrees>
      <LongitudeDegrees>4.7306200</LongitudeDegrees>
     </Position>
     <AltitudeMeters>64.82000000000001</AltitudeMeters>
     <DistanceMeters>91053.06176018994</DistanceMeters>
    </Trackpoint>
    <Trackpoint>
     <Time>2026-04-10T17:26:41+00:00</Time>
     <Position>
      <LatitudeDegrees>43.9592300</LatitudeDegrees>
      <LongitudeDegrees>4.7305500</LongitudeDegrees>
     </Position>
     <AltitudeMeters>65.80000000000001</AltitudeMeters>
     <DistanceMeters>91078.1808224529</DistanceMeters>
    </Trackpoint>
    <Trackpoint>
     <Time>2026-04-10T17:26:47+00:00</Time>
     <Position>
      <LatitudeDegrees>43.9589900</LatitudeDegrees>
      <LongitudeDegrees>4.7305300</LongitudeDegrees>
     </Position>
     <AltitudeMeters>65.83</AltitudeMeters>
     <DistanceMeters>91104.93980011286</DistanceMeters>
    </Trackpoint>
    <Trackpoint>
     <Time>2026-04-10T17:26:54+00:00</Time>
     <Position>
      <LatitudeDegrees>43.9589800</LatitudeDegrees>
      <LongitudeDegrees>4.7309500</LongitudeDegrees>
     </Position>
     <AltitudeMeters>65.83</AltitudeMeters>
     <DistanceMeters>91138.60639009756</DistanceMeters>
    </Trackpoint>
    <Trackpoint>
     <Time>2026-04-10T17:27:00+00:00</Time>
     <Position>
      <LatitudeDegrees>43.9590000</LatitudeDegrees>
      <LongitudeDegrees>4.7312000</LongitudeDegrees>
     </Position>
     <AltitudeMeters>65.53</AltitudeMeters>
     <DistanceMeters>91158.75838251834</DistanceMeters>
    </Trackpoint>
    <Trackpoint>
     <Time>2026-04-10T17:27:07+00:00</Time>
     <Position>
      <LatitudeDegrees>43.9591100</LatitudeDegrees>
      <LongitudeDegrees>4.7317600</LongitudeDegrees>
     </Position>
     <AltitudeMeters>65.53</AltitudeMeters>
     <DistanceMeters>91205.26296025942</DistanceMeters>
    </Trackpoint>
    <Trackpoint>
     <Time>2026-04-10T17:27:13+00:00</Time>
     <Position>
      <LatitudeDegrees>43.9592800</LatitudeDegrees>
      <LongitudeDegrees>4.7322400</LongitudeDegrees>
     </Position>
     <AltitudeMeters>64.77000000000001</AltitudeMeters>
     <DistanceMeters>91248.12038231146</DistanceMeters>
    </Trackpoint>
    <Trackpoint>
     <Time>2026-04-10T17:27:20+00:00</Time>
     <Position>
      <LatitudeDegrees>43.9596900</LatitudeDegrees>
      <LongitudeDegrees>4.7332500</LongitudeDegrees>
     </Position>
     <AltitudeMeters>63.410000000000004</AltitudeMeters>
     <DistanceMeters>91341.0153707396</DistanceMeters>
    </Trackpoint>
    <Trackpoint>
     <Time>2026-04-10T17:27:27+00:00</Time>
     <Position>
      <LatitudeDegrees>43.9597700</LatitudeDegrees>
      <LongitudeDegrees>4.7335200</LongitudeDegrees>
     </Position>
     <AltitudeMeters>63.410000000000004</AltitudeMeters>
     <DistanceMeters>91364.40687685406</DistanceMeters>
    </Trackpoint>
    <Trackpoint>
     <Time>2026-04-10T17:27:33+00:00</Time>
     <Position>
      <LatitudeDegrees>43.9596400</LatitudeDegrees>
      <LongitudeDegrees>4.7335100</LongitudeDegrees>
     </Position>
     <AltitudeMeters>63.71</AltitudeMeters>
     <DistanceMeters>91378.89747826234</DistanceMeters>
    </Trackpoint>
    <Trackpoint>
     <Time>2026-04-10T17:27:40+00:00</Time>
     <Position>
      <LatitudeDegrees>43.9595700</LatitudeDegrees>
      <LongitudeDegrees>4.7336400</LongitudeDegrees>
     </Position>
     <AltitudeMeters>63.71</AltitudeMeters>
     <DistanceMeters>91391.90375256307</DistanceMeters>
    </Trackpoint>
    <Trackpoint>
     <Time>2026-04-10T17:27:46+00:00</Time>
     <Position>
      <LatitudeDegrees>43.9593900</LatitudeDegrees>
      <LongitudeDegrees>4.7341600</LongitudeDegrees>
     </Position>
     <AltitudeMeters>63.31</AltitudeMeters>
     <DistanceMeters>91438.12959535126</DistanceMeters>
    </Trackpoint>
    <Trackpoint>
     <Time>2026-04-10T17:27:53+00:00</Time>
     <Position>
      <LatitudeDegrees>43.9593500</LatitudeDegrees>
      <LongitudeDegrees>4.7343200</LongitudeDegrees>
     </Position>
     <AltitudeMeters>63.31</AltitudeMeters>
     <DistanceMeters>91451.69893314803</DistanceMeters>
    </Trackpoint>
    <Trackpoint>
     <Time>2026-04-10T17:27:59+00:00</Time>
     <Position>
      <LatitudeDegrees>43.9593100</LatitudeDegrees>
      <LongitudeDegrees>4.7347800</LongitudeDegrees>
     </Position>
     <AltitudeMeters>63.12000000000001</AltitudeMeters>
     <DistanceMeters>91488.81941608911</DistanceMeters>
    </Trackpoint>
    <Trackpoint>
     <Time>2026-04-10T17:28:06+00:00</Time>
     <Position>
      <LatitudeDegrees>43.9593500</LatitudeDegrees>
      <LongitudeDegrees>4.7353100</LongitudeDegrees>
     </Position>
     <AltitudeMeters>63.410000000000004</AltitudeMeters>
     <DistanceMeters>91531.51271983306</DistanceMeters>
    </Trackpoint>
    <Trackpoint>
     <Time>2026-04-10T17:28:12+00:00</Time>
     <Position>
      <LatitudeDegrees>43.9594200</LatitudeDegrees>
      <LongitudeDegrees>4.7356700</LongitudeDegrees>
     </Position>
     <AltitudeMeters>63.65000000000001</AltitudeMeters>
     <DistanceMeters>91561.38753571149</DistanceMeters>
    </Trackpoint>
    <Trackpoint>
     <Time>2026-04-10T17:28:19+00:00</Time>
     <Position>
      <LatitudeDegrees>43.9593000</LatitudeDegrees>
      <LongitudeDegrees>4.7358500</LongitudeDegrees>
     </Position>
     <AltitudeMeters>63.65000000000001</AltitudeMeters>
     <DistanceMeters>91581.04259805632</DistanceMeters>
    </Trackpoint>
    <Trackpoint>
     <Time>2026-04-10T17:28:25+00:00</Time>
     <Position>
      <LatitudeDegrees>43.9591100</LatitudeDegrees>
      <LongitudeDegrees>4.7362300</LongitudeDegrees>
     </Position>
     <AltitudeMeters>63.65000000000001</AltitudeMeters>
     <DistanceMeters>91618.10965580076</DistanceMeters>
    </Trackpoint>
    <Trackpoint>
     <Time>2026-04-10T17:28:32+00:00</Time>
     <Position>
      <LatitudeDegrees>43.9589800</LatitudeDegrees>
      <LongitudeDegrees>4.7372950</LongitudeDegrees>
     </Position>
     <AltitudeMeters>65.96000000000001</AltitudeMeters>
     <DistanceMeters>91704.6499006227</DistanceMeters>
    </Trackpoint>
    <Trackpoint>
     <Time>2026-04-10T17:28:38+00:00</Time>
     <Position>
      <LatitudeDegrees>43.9588500</LatitudeDegrees>
      <LongitudeDegrees>4.7383600</LongitudeDegrees>
     </Position>
     <AltitudeMeters>71.5</AltitudeMeters>
     <DistanceMeters>91791.19014052801</DistanceMeters>
    </Trackpoint>
    <Trackpoint>
     <Time>2026-04-10T17:28:45+00:00</Time>
     <Position>
      <LatitudeDegrees>43.9588700</LatitudeDegrees>
      <LongitudeDegrees>4.7385200</LongitudeDegrees>
     </Position>
     <AltitudeMeters>71.5</AltitudeMeters>
     <DistanceMeters>91804.20035478548</DistanceMeters>
    </Trackpoint>
    <Trackpoint>
     <Time>2026-04-10T17:28:51+00:00</Time>
     <Position>
      <LatitudeDegrees>43.9589000</LatitudeDegrees>
      <LongitudeDegrees>4.7386400</LongitudeDegrees>
     </Position>
     <AltitudeMeters>71.5</AltitudeMeters>
     <DistanceMeters>91814.377432264</DistanceMeters>
    </Trackpoint>
    <Trackpoint>
     <Time>2026-04-10T17:28:58+00:00</Time>
     <Position>
      <LatitudeDegrees>43.9585400</LatitudeDegrees>
      <LongitudeDegrees>4.7388700</LongitudeDegrees>
     </Position>
     <AltitudeMeters>74.7</AltitudeMeters>
     <DistanceMeters>91858.47794049837</DistanceMeters>
    </Trackpoint>
    <Trackpoint>
     <Time>2026-04-10T17:29:04+00:00</Time>
     <Position>
      <LatitudeDegrees>43.9583200</LatitudeDegrees>
      <LongitudeDegrees>4.7391000</LongitudeDegrees>
     </Position>
     <AltitudeMeters>77.42</AltitudeMeters>
     <DistanceMeters>91889.12195795747</DistanceMeters>
    </Trackpoint>
    <Trackpoint>
     <Time>2026-04-10T17:29:11+00:00</Time>
     <Position>
      <LatitudeDegrees>43.9582000</LatitudeDegrees>
      <LongitudeDegrees>4.7393700</LongitudeDegrees>
     </Position>
     <AltitudeMeters>77.42</AltitudeMeters>
     <DistanceMeters>91914.54398652649</DistanceMeters>
    </Trackpoint>
    <Trackpoint>
     <Time>2026-04-10T17:29:18+00:00</Time>
     <Position>
      <LatitudeDegrees>43.9581400</LatitudeDegrees>
      <LongitudeDegrees>4.7396300</LongitudeDegrees>
     </Position>
     <AltitudeMeters>77.42</AltitudeMeters>
     <DistanceMeters>91936.4183091538</DistanceMeters>
    </Trackpoint>
    <Trackpoint>
     <Time>2026-04-10T17:29:24+00:00</Time>
     <Position>
      <LatitudeDegrees>43.9581100</LatitudeDegrees>
      <LongitudeDegrees>4.7399600</LongitudeDegrees>
     </Position>
     <AltitudeMeters>77.42</AltitudeMeters>
     <DistanceMeters>91963.06655241107</DistanceMeters>
    </Trackpoint>
    <Trackpoint>
     <Time>2026-04-10T17:29:31+00:00</Time>
     <Position>
      <LatitudeDegrees>43.9581200</LatitudeDegrees>
      <LongitudeDegrees>4.7403600</LongitudeDegrees>
     </Position>
     <AltitudeMeters>77.42</AltitudeMeters>
     <DistanceMeters>91995.13223615251</DistanceMeters>
    </Trackpoint>
    <Trackpoint>
     <Time>2026-04-10T17:29:37+00:00</Time>
     <Position>
      <LatitudeDegrees>43.9581600</LatitudeDegrees>
      <LongitudeDegrees>4.7408900</LongitudeDegrees>
     </Position>
     <AltitudeMeters>88.94</AltitudeMeters>
     <DistanceMeters>92037.82638566538</DistanceMeters>
    </Trackpoint>
    <Trackpoint>
     <Time>2026-04-10T17:29:44+00:00</Time>
     <Position>
      <LatitudeDegrees>43.9582600</LatitudeDegrees>
      <LongitudeDegrees>4.7415200</LongitudeDegrees>
     </Position>
     <AltitudeMeters>88.94</AltitudeMeters>
     <DistanceMeters>92089.51182514557</DistanceMeters>
    </Trackpoint>
    <Trackpoint>
     <Time>2026-04-10T17:29:50+00:00</Time>
     <Position>
      <LatitudeDegrees>43.9583600</LatitudeDegrees>
      <LongitudeDegrees>4.7421500</LongitudeDegrees>
     </Position>
     <AltitudeMeters>88.94</AltitudeMeters>
     <DistanceMeters>92141.19719042779</DistanceMeters>
    </Trackpoint>
    <Trackpoint>
     <Time>2026-04-10T17:29:57+00:00</Time>
     <Position>
      <LatitudeDegrees>43.9584600</LatitudeDegrees>
      <LongitudeDegrees>4.7430700</LongitudeDegrees>
     </Position>
     <AltitudeMeters>88.56000000000002</AltitudeMeters>
     <DistanceMeters>92215.73900063935</DistanceMeters>
    </Trackpoint>
    <Trackpoint>
     <Time>2026-04-10T17:30:03+00:00</Time>
     <Position>
      <LatitudeDegrees>43.9585100</LatitudeDegrees>
      <LongitudeDegrees>4.7437000</LongitudeDegrees>
     </Position>
     <AltitudeMeters>90.41</AltitudeMeters>
     <DistanceMeters>92266.51754988915</DistanceMeters>
    </Trackpoint>
    <Trackpoint>
     <Time>2026-04-10T17:30:10+00:00</Time>
     <Position>
      <LatitudeDegrees>43.9585600</LatitudeDegrees>
      <LongitudeDegrees>4.7439200</LongitudeDegrees>
     </Position>
     <AltitudeMeters>90.41</AltitudeMeters>
     <DistanceMeters>92285.00053321607</DistanceMeters>
    </Trackpoint>
    <Trackpoint>
     <Time>2026-04-10T17:30:16+00:00</Time>
     <Position>
      <LatitudeDegrees>43.9586800</LatitudeDegrees>
      <LongitudeDegrees>4.7441700</LongitudeDegrees>
     </Position>
     <AltitudeMeters>90.41</AltitudeMeters>
     <DistanceMeters>92309.07379619096</DistanceMeters>
    </Trackpoint>
    <Trackpoint>
     <Time>2026-04-10T17:30:23+00:00</Time>
     <Position>
      <LatitudeDegrees>43.9588600</LatitudeDegrees>
      <LongitudeDegrees>4.7443700</LongitudeDegrees>
     </Position>
     <AltitudeMeters>90.02</AltitudeMeters>
     <DistanceMeters>92334.72660667101</DistanceMeters>
    </Trackpoint>
    <Trackpoint>
     <Time>2026-04-10T17:30:29+00:00</Time>
     <Position>
      <LatitudeDegrees>43.9590500</LatitudeDegrees>
      <LongitudeDegrees>4.7445400</LongitudeDegrees>
     </Position>
     <AltitudeMeters>90.02</AltitudeMeters>
     <DistanceMeters>92359.87918096458</DistanceMeters>
    </Trackpoint>
    <Trackpoint>
     <Time>2026-04-10T17:30:36+00:00</Time>
     <Position>
      <LatitudeDegrees>43.9592200</LatitudeDegrees>
      <LongitudeDegrees>4.7446200</LongitudeDegrees>
     </Position>
     <AltitudeMeters>90.02</AltitudeMeters>
     <DistanceMeters>92379.85551227073</DistanceMeters>
    </Trackpoint>
    <Trackpoint>
     <Time>2026-04-10T17:30:42+00:00</Time>
     <Position>
      <LatitudeDegrees>43.9593300</LatitudeDegrees>
      <LongitudeDegrees>4.7446300</LongitudeDegrees>
     </Position>
     <AltitudeMeters>87.46000000000001</AltitudeMeters>
     <DistanceMeters>92392.12422217787</DistanceMeters>
    </Trackpoint>
    <Trackpoint>
     <Time>2026-04-10T17:30:49+00:00</Time>
     <Position>
      <LatitudeDegrees>43.9596700</LatitudeDegrees>
      <LongitudeDegrees>4.7445200</LongitudeDegrees>
     </Position>
     <AltitudeMeters>87.46000000000001</AltitudeMeters>
     <DistanceMeters>92430.97736526122</DistanceMeters>
    </Trackpoint>
    <Trackpoint>
     <Time>2026-04-10T17:30:55+00:00</Time>
     <Position>
      <LatitudeDegrees>43.9599300</LatitudeDegrees>
      <LongitudeDegrees>4.7444100</LongitudeDegrees>
     </Position>
     <AltitudeMeters>87.21000000000001</AltitudeMeters>
     <DistanceMeters>92461.22638155331</DistanceMeters>
    </Trackpoint>
    <Trackpoint>
     <Time>2026-04-10T17:31:02+00:00</Time>
     <Position>
      <LatitudeDegrees>43.9600000</LatitudeDegrees>
      <LongitudeDegrees>4.7445500</LongitudeDegrees>
     </Position>
     <AltitudeMeters>87.12</AltitudeMeters>
     <DistanceMeters>92474.88254815481</DistanceMeters>
    </Trackpoint>
    <Trackpoint>
     <Time>2026-04-10T17:31:08+00:00</Time>
     <Position>
      <LatitudeDegrees>43.9600600</LatitudeDegrees>
      <LongitudeDegrees>4.7445900</LongitudeDegrees>
     </Position>
     <AltitudeMeters>87.15</AltitudeMeters>
     <DistanceMeters>92482.28938646779</DistanceMeters>
    </Trackpoint>
    <Trackpoint>
     <Time>2026-04-10T17:31:15+00:00</Time>
     <Position>
      <LatitudeDegrees>43.9601800</LatitudeDegrees>
      <LongitudeDegrees>4.7445900</LongitudeDegrees>
     </Position>
     <AltitudeMeters>87.15</AltitudeMeters>
     <DistanceMeters>92495.64486800018</DistanceMeters>
    </Trackpoint>
    <Trackpoint>
     <Time>2026-04-10T17:31:22+00:00</Time>
     <Position>
      <LatitudeDegrees>43.9602950</LatitudeDegrees>
      <LongitudeDegrees>4.7452550</LongitudeDegrees>
     </Position>
     <AltitudeMeters>85.83</AltitudeMeters>
     <DistanceMeters>92550.43588537336</DistanceMeters>
    </Trackpoint>
    <Trackpoint>
     <Time>2026-04-10T17:31:28+00:00</Time>
     <Position>
      <LatitudeDegrees>43.9604100</LatitudeDegrees>
      <LongitudeDegrees>4.7459200</LongitudeDegrees>
     </Position>
     <AltitudeMeters>85.83</AltitudeMeters>
     <DistanceMeters>92605.22686191098</DistanceMeters>
    </Trackpoint>
    <Trackpoint>
     <Time>2026-04-10T17:31:35+00:00</Time>
     <Position>
      <LatitudeDegrees>43.9603600</LatitudeDegrees>
      <LongitudeDegrees>4.7459500</LongitudeDegrees>
     </Position>
     <AltitudeMeters>85.65</AltitudeMeters>
     <DistanceMeters>92611.28846913637</DistanceMeters>
    </Trackpoint>
    <Trackpoint>
     <Time>2026-04-10T17:31:41+00:00</Time>
     <Position>
      <LatitudeDegrees>43.9603300</LatitudeDegrees>
      <LongitudeDegrees>4.7460100</LongitudeDegrees>
     </Position>
     <AltitudeMeters>85.65</AltitudeMeters>
     <DistanceMeters>92617.14108671593</DistanceMeters>
    </Trackpoint>
    <Trackpoint>
     <Time>2026-04-10T17:31:48+00:00</Time>
     <Position>
      <LatitudeDegrees>43.9603200</LatitudeDegrees>
      <LongitudeDegrees>4.7461300</LongitudeDegrees>
     </Position>
     <AltitudeMeters>85.65</AltitudeMeters>
     <DistanceMeters>92626.81884696557</DistanceMeters>
    </Trackpoint>
    <Trackpoint>
     <Time>2026-04-10T17:31:54+00:00</Time>
     <Position>
      <LatitudeDegrees>43.9603600</LatitudeDegrees>
      <LongitudeDegrees>4.7462200</LongitudeDegrees>
     </Position>
     <AltitudeMeters>85.65</AltitudeMeters>
     <DistanceMeters>92635.29264171433</DistanceMeters>
    </Trackpoint>
    <Trackpoint>
     <Time>2026-04-10T17:32:01+00:00</Time>
     <Position>
      <LatitudeDegrees>43.9604300</LatitudeDegrees>
      <LongitudeDegrees>4.7462600</LongitudeDegrees>
     </Position>
     <AltitudeMeters>85.99000000000001</AltitudeMeters>
     <DistanceMeters>92643.71664755231</DistanceMeters>
    </Trackpoint>
    <Trackpoint>
     <Time>2026-04-10T17:32:07+00:00</Time>
     <Position>
      <LatitudeDegrees>43.9604700</LatitudeDegrees>
      <LongitudeDegrees>4.7462600</LongitudeDegrees>
     </Position>
     <AltitudeMeters>85.99000000000001</AltitudeMeters>
     <DistanceMeters>92648.16847472978</DistanceMeters>
    </Trackpoint>
    <Trackpoint>
     <Time>2026-04-10T17:32:14+00:00</Time>
     <Position>
      <LatitudeDegrees>43.9605300</LatitudeDegrees>
      <LongitudeDegrees>4.7462200</LongitudeDegrees>
     </Position>
     <AltitudeMeters>85.99000000000001</AltitudeMeters>
     <DistanceMeters>92655.57530207536</DistanceMeters>
    </Trackpoint>
    <Trackpoint>
     <Time>2026-04-10T17:32:20+00:00</Time>
     <Position>
      <LatitudeDegrees>43.9605700</LatitudeDegrees>
      <LongitudeDegrees>4.7461300</LongitudeDegrees>
     </Position>
     <AltitudeMeters>85.99000000000001</AltitudeMeters>
     <DistanceMeters>92664.04907513983</DistanceMeters>
    </Trackpoint>
    <Trackpoint>
     <Time>2026-04-10T17:32:27+00:00</Time>
     <Position>
      <LatitudeDegrees>43.9607900</LatitudeDegrees>
      <LongitudeDegrees>4.7462500</LongitudeDegrees>
     </Position>
     <AltitudeMeters>85.99000000000001</AltitudeMeters>
     <DistanceMeters>92690.35376890494</DistanceMeters>
    </Trackpoint>
    <Trackpoint>
     <Time>2026-04-10T17:32:33+00:00</Time>
     <Position>
      <LatitudeDegrees>43.9612700</LatitudeDegrees>
      <LongitudeDegrees>4.7467800</LongitudeDegrees>
     </Position>
     <AltitudeMeters>79.31</AltitudeMeters>
     <DistanceMeters>92758.59369745264</DistanceMeters>
    </Trackpoint>
    <Trackpoint>
     <Time>2026-04-10T17:32:40+00:00</Time>
     <Position>
      <LatitudeDegrees>43.9617500</LatitudeDegrees>
      <LongitudeDegrees>4.7473100</LongitudeDegrees>
     </Position>
     <AltitudeMeters>79.31</AltitudeMeters>
     <DistanceMeters>92826.83356780525</DistanceMeters>
    </Trackpoint>
    <Trackpoint>
     <Time>2026-04-10T17:32:46+00:00</Time>
     <Position>
      <LatitudeDegrees>43.9617300</LatitudeDegrees>
      <LongitudeDegrees>4.7473500</LongitudeDegrees>
     </Position>
     <AltitudeMeters>79.31</AltitudeMeters>
     <DistanceMeters>92830.73525106288</DistanceMeters>
    </Trackpoint>
    <Trackpoint>
     <Time>2026-04-10T17:32:53+00:00</Time>
     <Position>
      <LatitudeDegrees>43.9617300</LatitudeDegrees>
      <LongitudeDegrees>4.7474500</LongitudeDegrees>
     </Position>
     <AltitudeMeters>78.27000000000001</AltitudeMeters>
     <DistanceMeters>92838.74635444961</DistanceMeters>
    </Trackpoint>
    <Trackpoint>
     <Time>2026-04-10T17:32:59+00:00</Time>
     <Position>
      <LatitudeDegrees>43.9617600</LatitudeDegrees>
      <LongitudeDegrees>4.7475400</LongitudeDegrees>
     </Position>
     <AltitudeMeters>78.27000000000001</AltitudeMeters>
     <DistanceMeters>92846.69192107134</DistanceMeters>
    </Trackpoint>
    <Trackpoint>
     <Time>2026-04-10T17:33:06+00:00</Time>
     <Position>
      <LatitudeDegrees>43.9617900</LatitudeDegrees>
      <LongitudeDegrees>4.7475700</LongitudeDegrees>
     </Position>
     <AltitudeMeters>78.27000000000001</AltitudeMeters>
     <DistanceMeters>92850.80580568992</DistanceMeters>
    </Trackpoint>
    <Trackpoint>
     <Time>2026-04-10T17:33:12+00:00</Time>
     <Position>
      <LatitudeDegrees>43.9618100</LatitudeDegrees>
      <LongitudeDegrees>4.7476800</LongitudeDegrees>
     </Position>
     <AltitudeMeters>77.84</AltitudeMeters>
     <DistanceMeters>92859.89478907957</DistanceMeters>
    </Trackpoint>
    <Trackpoint>
     <Time>2026-04-10T17:33:19+00:00</Time>
     <Position>
      <LatitudeDegrees>43.9617900</LatitudeDegrees>
      <LongitudeDegrees>4.7478500</LongitudeDegrees>
     </Position>
     <AltitudeMeters>77.84</AltitudeMeters>
     <DistanceMeters>92873.69435541832</DistanceMeters>
    </Trackpoint>
    <Trackpoint>
     <Time>2026-04-10T17:33:26+00:00</Time>
     <Position>
      <LatitudeDegrees>43.9614150</LatitudeDegrees>
      <LongitudeDegrees>4.7484950</LongitudeDegrees>
     </Position>
     <AltitudeMeters>80.91000000000001</AltitudeMeters>
     <DistanceMeters>92940.11622782105</DistanceMeters>
    </Trackpoint>
    <Trackpoint>
     <Time>2026-04-10T17:33:32+00:00</Time>
     <Position>
      <LatitudeDegrees>43.9610400</LatitudeDegrees>
      <LongitudeDegrees>4.7491400</LongitudeDegrees>
     </Position>
     <AltitudeMeters>80.91000000000001</AltitudeMeters>
     <DistanceMeters>93006.53814280036</DistanceMeters>
    </Trackpoint>
    <Trackpoint>
     <Time>2026-04-10T17:33:39+00:00</Time>
     <Position>
      <LatitudeDegrees>43.9608000</LatitudeDegrees>
      <LongitudeDegrees>4.7495700</LongitudeDegrees>
     </Position>
     <AltitudeMeters>80.85000000000001</AltitudeMeters>
     <DistanceMeters>93050.12891029193</DistanceMeters>
    </Trackpoint>
    <Trackpoint>
     <Time>2026-04-10T17:33:45+00:00</Time>
     <Position>
      <LatitudeDegrees>43.9607500</LatitudeDegrees>
      <LongitudeDegrees>4.7495500</LongitudeDegrees>
     </Position>
     <AltitudeMeters>81.07000000000001</AltitudeMeters>
     <DistanceMeters>93055.91976638463</DistanceMeters>
    </Trackpoint>
    <Trackpoint>
     <Time>2026-04-10T17:33:52+00:00</Time>
     <Position>
      <LatitudeDegrees>43.9606700</LatitudeDegrees>
      <LongitudeDegrees>4.7496100</LongitudeDegrees>
     </Position>
     <AltitudeMeters>81.07000000000001</AltitudeMeters>
     <DistanceMeters>93066.03805942749</DistanceMeters>
    </Trackpoint>
    <Trackpoint>
     <Time>2026-04-10T17:33:58+00:00</Time>
     <Position>
      <LatitudeDegrees>43.9606700</LatitudeDegrees>
      <LongitudeDegrees>4.7497500</LongitudeDegrees>
     </Position>
     <AltitudeMeters>80.88000000000001</AltitudeMeters>
     <DistanceMeters>93077.25380427297</DistanceMeters>
    </Trackpoint>
    <Trackpoint>
     <Time>2026-04-10T17:34:05+00:00</Time>
     <Position>
      <LatitudeDegrees>43.9606500</LatitudeDegrees>
      <LongitudeDegrees>4.7498700</LongitudeDegrees>
     </Position>
     <AltitudeMeters>80.64</AltitudeMeters>
     <DistanceMeters>93087.12163178044</DistanceMeters>
    </Trackpoint>
    <Trackpoint>
     <Time>2026-04-10T17:34:11+00:00</Time>
     <Position>
      <LatitudeDegrees>43.9604100</LatitudeDegrees>
      <LongitudeDegrees>4.7502700</LongitudeDegrees>
     </Position>
     <AltitudeMeters>80.55000000000001</AltitudeMeters>
     <DistanceMeters>93128.83927155638</DistanceMeters>
    </Trackpoint>
    <Trackpoint>
     <Time>2026-04-10T17:34:18+00:00</Time>
     <Position>
      <LatitudeDegrees>43.9603400</LatitudeDegrees>
      <LongitudeDegrees>4.7503500</LongitudeDegrees>
     </Position>
     <AltitudeMeters>80.53999999999999</AltitudeMeters>
     <DistanceMeters>93138.92741408253</DistanceMeters>
    </Trackpoint>
    <Trackpoint>
     <Time>2026-04-10T17:34:24+00:00</Time>
     <Position>
      <LatitudeDegrees>43.9602200</LatitudeDegrees>
      <LongitudeDegrees>4.7504400</LongitudeDegrees>
     </Position>
     <AltitudeMeters>80.53999999999999</AltitudeMeters>
     <DistanceMeters>93154.10487843554</DistanceMeters>
    </Trackpoint>
    <Trackpoint>
     <Time>2026-04-10T17:34:31+00:00</Time>
     <Position>
      <LatitudeDegrees>43.9601800</LatitudeDegrees>
      <LongitudeDegrees>4.7504300</LongitudeDegrees>
     </Position>
     <AltitudeMeters>80.71000000000001</AltitudeMeters>
     <DistanceMeters>93158.62821526303</DistanceMeters>
    </Trackpoint>
    <Trackpoint>
     <Time>2026-04-10T17:34:37+00:00</Time>
     <Position>
      <LatitudeDegrees>43.9601000</LatitudeDegrees>
      <LongitudeDegrees>4.7504600</LongitudeDegrees>
     </Position>
     <AltitudeMeters>80.71000000000001</AltitudeMeters>
     <DistanceMeters>93167.85054522935</DistanceMeters>
    </Trackpoint>
    <Trackpoint>
     <Time>2026-04-10T17:34:44+00:00</Time>
     <Position>
      <LatitudeDegrees>43.9600200</LatitudeDegrees>
      <LongitudeDegrees>4.7505400</LongitudeDegrees>
     </Position>
     <AltitudeMeters>80.56</AltitudeMeters>
     <DistanceMeters>93178.82101229223</DistanceMeters>
    </Trackpoint>
    <Trackpoint>
     <Time>2026-04-10T17:34:50+00:00</Time>
     <Position>
      <LatitudeDegrees>43.9599900</LatitudeDegrees>
      <LongitudeDegrees>4.7507000</LongitudeDegrees>
     </Position>
     <AltitudeMeters>80.36</AltitudeMeters>
     <DistanceMeters>93192.06686848939</DistanceMeters>
    </Trackpoint>
    <Trackpoint>
     <Time>2026-04-10T17:34:57+00:00</Time>
     <Position>
      <LatitudeDegrees>43.9600100</LatitudeDegrees>
      <LongitudeDegrees>4.7507900</LongitudeDegrees>
     </Position>
     <AltitudeMeters>80.36</AltitudeMeters>
     <DistanceMeters>93199.61284215243</DistanceMeters>
    </Trackpoint>
    <Trackpoint>
     <Time>2026-04-10T17:35:03+00:00</Time>
     <Position>
      <LatitudeDegrees>43.9600600</LatitudeDegrees>
      <LongitudeDegrees>4.7508900</LongitudeDegrees>
     </Position>
     <AltitudeMeters>80.07000000000001</AltitudeMeters>
     <DistanceMeters>93209.36723911614</DistanceMeters>
    </Trackpoint>
    <Trackpoint>
     <Time>2026-04-10T17:35:10+00:00</Time>
     <Position>
      <LatitudeDegrees>43.9600900</LatitudeDegrees>
      <LongitudeDegrees>4.7509200</LongitudeDegrees>
     </Position>
     <AltitudeMeters>80.07000000000001</AltitudeMeters>
     <DistanceMeters>93213.48116390972</DistanceMeters>
    </Trackpoint>
    <Trackpoint>
     <Time>2026-04-10T17:35:17+00:00</Time>
     <Position>
      <LatitudeDegrees>43.9601800</LatitudeDegrees>
      <LongitudeDegrees>4.7509500</LongitudeDegrees>
     </Position>
     <AltitudeMeters>80.07000000000001</AltitudeMeters>
     <DistanceMeters>93223.78207692906</DistanceMeters>
    </Trackpoint>
    <Trackpoint>
     <Time>2026-04-10T17:35:23+00:00</Time>
     <Position>
      <LatitudeDegrees>43.9602800</LatitudeDegrees>
      <LongitudeDegrees>4.7510300</LongitudeDegrees>
     </Position>
     <AltitudeMeters>79.88000000000001</AltitudeMeters>
     <DistanceMeters>93236.62509582116</DistanceMeters>
    </Trackpoint>
    <Trackpoint>
     <Time>2026-04-10T17:35:30+00:00</Time>
     <Position>
      <LatitudeDegrees>43.9603300</LatitudeDegrees>
      <LongitudeDegrees>4.7511000</LongitudeDegrees>
     </Position>
     <AltitudeMeters>79.88000000000001</AltitudeMeters>
     <DistanceMeters>93244.52544012804</DistanceMeters>
    </Trackpoint>
    <Trackpoint>
     <Time>2026-04-10T17:35:36+00:00</Time>
     <Position>
      <LatitudeDegrees>43.9606100</LatitudeDegrees>
      <LongitudeDegrees>4.7520300</LongitudeDegrees>
     </Position>
     <AltitudeMeters>78.67</AltitudeMeters>
     <DistanceMeters>93325.28490342326</DistanceMeters>
    </Trackpoint>
    <Trackpoint>
     <Time>2026-04-10T17:35:43+00:00</Time>
     <Position>
      <LatitudeDegrees>43.9606200</LatitudeDegrees>
      <LongitudeDegrees>4.7525700</LongitudeDegrees>
     </Position>
     <AltitudeMeters>77.86000000000001</AltitudeMeters>
     <DistanceMeters>93368.55998757285</DistanceMeters>
    </Trackpoint>
    <Trackpoint>
     <Time>2026-04-10T17:35:49+00:00</Time>
     <Position>
      <LatitudeDegrees>43.9604500</LatitudeDegrees>
      <LongitudeDegrees>4.7536500</LongitudeDegrees>
     </Position>
     <AltitudeMeters>72.92000000000002</AltitudeMeters>
     <DistanceMeters>93457.12619753959</DistanceMeters>
    </Trackpoint>
    <Trackpoint>
     <Time>2026-04-10T17:35:56+00:00</Time>
     <Position>
      <LatitudeDegrees>43.9604100</LatitudeDegrees>
      <LongitudeDegrees>4.7537800</LongitudeDegrees>
     </Position>
     <AltitudeMeters>72.92000000000002</AltitudeMeters>
     <DistanceMeters>93468.45244827405</DistanceMeters>
    </Trackpoint>
    <Trackpoint>
     <Time>2026-04-10T17:36:02+00:00</Time>
     <Position>
      <LatitudeDegrees>43.9601100</LatitudeDegrees>
      <LongitudeDegrees>4.7543400</LongitudeDegrees>
     </Position>
     <AltitudeMeters>69.87</AltitudeMeters>
     <DistanceMeters>93524.37668489001</DistanceMeters>
    </Trackpoint>
    <Trackpoint>
     <Time>2026-04-10T17:36:09+00:00</Time>
     <Position>
      <LatitudeDegrees>43.9596500</LatitudeDegrees>
      <LongitudeDegrees>4.7551100</LongitudeDegrees>
     </Position>
     <AltitudeMeters>67.93</AltitudeMeters>
     <DistanceMeters>93604.54151433356</DistanceMeters>
    </Trackpoint>
    <Trackpoint>
     <Time>2026-04-10T17:36:15+00:00</Time>
     <Position>
      <LatitudeDegrees>43.9591900</LatitudeDegrees>
      <LongitudeDegrees>4.7558800</LongitudeDegrees>
     </Position>
     <AltitudeMeters>67.63000000000001</AltitudeMeters>
     <DistanceMeters>93684.70632734249</DistanceMeters>
    </Trackpoint>
    <Trackpoint>
     <Time>2026-04-10T17:36:22+00:00</Time>
     <Position>
      <LatitudeDegrees>43.9591200</LatitudeDegrees>
      <LongitudeDegrees>4.7560900</LongitudeDegrees>
     </Position>
     <AltitudeMeters>67.63000000000001</AltitudeMeters>
     <DistanceMeters>93703.24664829115</DistanceMeters>
    </Trackpoint>
    <Trackpoint>
     <Time>2026-04-10T17:36:28+00:00</Time>
     <Position>
      <LatitudeDegrees>43.9590800</LatitudeDegrees>
      <LongitudeDegrees>4.7561100</LongitudeDegrees>
     </Position>
     <AltitudeMeters>67.63000000000001</AltitudeMeters>
     <DistanceMeters>93707.97804381524</DistanceMeters>
    </Trackpoint>
    <Trackpoint>
     <Time>2026-04-10T17:36:35+00:00</Time>
     <Position>
      <LatitudeDegrees>43.9590400</LatitudeDegrees>
      <LongitudeDegrees>4.7561800</LongitudeDegrees>
     </Position>
     <AltitudeMeters>67.63000000000001</AltitudeMeters>
     <DistanceMeters>93715.13826048236</DistanceMeters>
    </Trackpoint>
    <Trackpoint>
     <Time>2026-04-10T17:36:41+00:00</Time>
     <Position>
      <LatitudeDegrees>43.9588700</LatitudeDegrees>
      <LongitudeDegrees>4.7564500</LongitudeDegrees>
     </Position>
     <AltitudeMeters>67.63000000000001</AltitudeMeters>
     <DistanceMeters>93743.87632148636</DistanceMeters>
    </Trackpoint>
    <Trackpoint>
     <Time>2026-04-10T17:36:48+00:00</Time>
     <Position>
      <LatitudeDegrees>43.9587500</LatitudeDegrees>
      <LongitudeDegrees>4.7567800</LongitudeDegrees>
     </Position>
     <AltitudeMeters>67.55</AltitudeMeters>
     <DistanceMeters>93773.4961389056</DistanceMeters>
    </Trackpoint>
    <Trackpoint>
     <Time>2026-04-10T17:36:54+00:00</Time>
     <Position>
      <LatitudeDegrees>43.9587400</LatitudeDegrees>
      <LongitudeDegrees>4.7568800</LongitudeDegrees>
     </Position>
     <AltitudeMeters>67.55</AltitudeMeters>
     <DistanceMeters>93781.58458123372</DistanceMeters>
    </Trackpoint>
    <Trackpoint>
     <Time>2026-04-10T17:37:01+00:00</Time>
     <Position>
      <LatitudeDegrees>43.9586600</LatitudeDegrees>
      <LongitudeDegrees>4.7570600</LongitudeDegrees>
     </Position>
     <AltitudeMeters>67.55</AltitudeMeters>
     <DistanceMeters>93798.53250941509</DistanceMeters>
    </Trackpoint>
    <Trackpoint>
     <Time>2026-04-10T17:37:07+00:00</Time>
     <Position>
      <LatitudeDegrees>43.9584450</LatitudeDegrees>
      <LongitudeDegrees>4.7578150</LongitudeDegrees>
     </Position>
     <AltitudeMeters>66.92</AltitudeMeters>
     <DistanceMeters>93863.58076140328</DistanceMeters>
    </Trackpoint>
    <Trackpoint>
     <Time>2026-04-10T17:37:14+00:00</Time>
     <Position>
      <LatitudeDegrees>43.9582300</LatitudeDegrees>
      <LongitudeDegrees>4.7585700</LongitudeDegrees>
     </Position>
     <AltitudeMeters>67.81</AltitudeMeters>
     <DistanceMeters>93928.62900942433</DistanceMeters>
    </Trackpoint>
    <Trackpoint>
     <Time>2026-04-10T17:37:21+00:00</Time>
     <Position>
      <LatitudeDegrees>43.9580900</LatitudeDegrees>
      <LongitudeDegrees>4.7589700</LongitudeDegrees>
     </Position>
     <AltitudeMeters>67.99000000000001</AltitudeMeters>
     <DistanceMeters>93964.26252902827</DistanceMeters>
    </Trackpoint>
    <Trackpoint>
     <Time>2026-04-10T17:37:27+00:00</Time>
     <Position>
      <LatitudeDegrees>43.9580400</LatitudeDegrees>
      <LongitudeDegrees>4.7590000</LongitudeDegrees>
     </Position>
     <AltitudeMeters>67.99000000000001</AltitudeMeters>
     <DistanceMeters>93970.32417346358</DistanceMeters>
    </Trackpoint>
    <Trackpoint>
     <Time>2026-04-10T17:37:34+00:00</Time>
     <Position>
      <LatitudeDegrees>43.9580300</LatitudeDegrees>
      <LongitudeDegrees>4.7590700</LongitudeDegrees>
     </Position>
     <AltitudeMeters>68.12</AltitudeMeters>
     <DistanceMeters>93976.04166377158</DistanceMeters>
    </Trackpoint>
    <Trackpoint>
     <Time>2026-04-10T17:37:40+00:00</Time>
     <Position>
      <LatitudeDegrees>43.9580400</LatitudeDegrees>
      <LongitudeDegrees>4.7591400</LongitudeDegrees>
     </Position>
     <AltitudeMeters>68.12</AltitudeMeters>
     <DistanceMeters>93981.75915407957</DistanceMeters>
    </Trackpoint>
    <Trackpoint>
     <Time>2026-04-10T17:37:47+00:00</Time>
     <Position>
      <LatitudeDegrees>43.9579200</LatitudeDegrees>
      <LongitudeDegrees>4.7596500</LongitudeDegrees>
     </Position>
     <AltitudeMeters>68.19</AltitudeMeters>
     <DistanceMeters>94024.74570552984</DistanceMeters>
    </Trackpoint>
    <Trackpoint>
     <Time>2026-04-10T17:37:53+00:00</Time>
     <Position>
      <LatitudeDegrees>43.9577050</LatitudeDegrees>
      <LongitudeDegrees>4.7604050</LongitudeDegrees>
     </Position>
     <AltitudeMeters>67.92</AltitudeMeters>
     <DistanceMeters>94089.79465154119</DistanceMeters>
    </Trackpoint>
    <Trackpoint>
     <Time>2026-04-10T17:38:00+00:00</Time>
     <Position>
      <LatitudeDegrees>43.9574900</LatitudeDegrees>
      <LongitudeDegrees>4.7611600</LongitudeDegrees>
     </Position>
     <AltitudeMeters>67.86</AltitudeMeters>
     <DistanceMeters>94154.84360652651</DistanceMeters>
    </Trackpoint>
    <Trackpoint>
     <Time>2026-04-10T17:38:06+00:00</Time>
     <Position>
      <LatitudeDegrees>43.9574500</LatitudeDegrees>
      <LongitudeDegrees>4.7614800</LongitudeDegrees>
     </Position>
     <AltitudeMeters>67.86</AltitudeMeters>
     <DistanceMeters>94180.86462593905</DistanceMeters>
    </Trackpoint>
    <Trackpoint>
     <Time>2026-04-10T17:38:13+00:00</Time>
     <Position>
      <LatitudeDegrees>43.9574700</LatitudeDegrees>
      <LongitudeDegrees>4.7619300</LongitudeDegrees>
     </Position>
     <AltitudeMeters>68.36</AltitudeMeters>
     <DistanceMeters>94216.98583155619</DistanceMeters>
    </Trackpoint>
    <Trackpoint>
     <Time>2026-04-10T17:38:19+00:00</Time>
     <Position>
      <LatitudeDegrees>43.9575600</LatitudeDegrees>
      <LongitudeDegrees>4.7625400</LongitudeDegrees>
     </Position>
     <AltitudeMeters>68.36</AltitudeMeters>
     <DistanceMeters>94266.87296864117</DistanceMeters>
    </Trackpoint>
    <Trackpoint>
     <Time>2026-04-10T17:38:26+00:00</Time>
     <Position>
      <LatitudeDegrees>43.9575800</LatitudeDegrees>
      <LongitudeDegrees>4.7627800</LongitudeDegrees>
     </Position>
     <AltitudeMeters>67.89</AltitudeMeters>
     <DistanceMeters>94286.22937475843</DistanceMeters>
    </Trackpoint>
    <Trackpoint>
     <Time>2026-04-10T17:38:32+00:00</Time>
     <Position>
      <LatitudeDegrees>43.9575600</LatitudeDegrees>
      <LongitudeDegrees>4.7628400</LongitudeDegrees>
     </Position>
     <AltitudeMeters>67.89</AltitudeMeters>
     <DistanceMeters>94291.52672567274</DistanceMeters>
    </Trackpoint>
    <Trackpoint>
     <Time>2026-04-10T17:38:39+00:00</Time>
     <Position>
      <LatitudeDegrees>43.9575600</LatitudeDegrees>
      <LongitudeDegrees>4.7628900</LongitudeDegrees>
     </Position>
     <AltitudeMeters>67.8</AltitudeMeters>
     <DistanceMeters>94295.53255850179</DistanceMeters>
    </Trackpoint>
    <Trackpoint>
     <Time>2026-04-10T17:38:45+00:00</Time>
     <Position>
      <LatitudeDegrees>43.9576200</LatitudeDegrees>
      <LongitudeDegrees>4.7629600</LongitudeDegrees>
     </Position>
     <AltitudeMeters>67.8</AltitudeMeters>
     <DistanceMeters>94304.25286328056</DistanceMeters>
    </Trackpoint>
    <Trackpoint>
     <Time>2026-04-10T17:38:52+00:00</Time>
     <Position>
      <LatitudeDegrees>43.9576600</LatitudeDegrees>
      <LongitudeDegrees>4.7631900</LongitudeDegrees>
     </Position>
     <AltitudeMeters>67.75</AltitudeMeters>
     <DistanceMeters>94323.20981324928</DistanceMeters>
    </Trackpoint>
    <Trackpoint>
     <Time>2026-04-10T17:38:58+00:00</Time>
     <Position>
      <LatitudeDegrees>43.9578400</LatitudeDegrees>
      <LongitudeDegrees>4.7642800</LongitudeDegrees>
     </Position>
     <AltitudeMeters>68.27000000000001</AltitudeMeters>
     <DistanceMeters>94412.80493989022</DistanceMeters>
    </Trackpoint>
    <Trackpoint>
     <Time>2026-04-10T17:39:05+00:00</Time>
     <Position>
      <LatitudeDegrees>43.9580200</LatitudeDegrees>
      <LongitudeDegrees>4.7653700</LongitudeDegrees>
     </Position>
     <AltitudeMeters>68.43</AltitudeMeters>
     <DistanceMeters>94502.400105862</DistanceMeters>
    </Trackpoint>
    <Trackpoint>
     <Time>2026-04-10T17:39:12+00:00</Time>
     <Position>
      <LatitudeDegrees>43.9580300</LatitudeDegrees>
      <LongitudeDegrees>4.7655900</LongitudeDegrees>
     </Position>
     <AltitudeMeters>68.43</AltitudeMeters>
     <DistanceMeters>94520.06073602395</DistanceMeters>
    </Trackpoint>
    <Trackpoint>
     <Time>2026-04-10T17:39:18+00:00</Time>
     <Position>
      <LatitudeDegrees>43.9580100</LatitudeDegrees>
      <LongitudeDegrees>4.7656700</LongitudeDegrees>
     </Position>
     <AltitudeMeters>68.43</AltitudeMeters>
     <DistanceMeters>94526.84554248393</DistanceMeters>
    </Trackpoint>
    <Trackpoint>
     <Time>2026-04-10T17:39:25+00:00</Time>
     <Position>
      <LatitudeDegrees>43.9580400</LatitudeDegrees>
      <LongitudeDegrees>4.7658900</LongitudeDegrees>
     </Position>
     <AltitudeMeters>68.43</AltitudeMeters>
     <DistanceMeters>94544.78452908664</DistanceMeters>
    </Trackpoint>
    <Trackpoint>
     <Time>2026-04-10T17:39:31+00:00</Time>
     <Position>
      <LatitudeDegrees>43.9580200</LatitudeDegrees>
      <LongitudeDegrees>4.7659600</LongitudeDegrees>
     </Position>
     <AltitudeMeters>68.43</AltitudeMeters>
     <DistanceMeters>94550.8182442931</DistanceMeters>
    </Trackpoint>
    <Trackpoint>
     <Time>2026-04-10T17:39:38+00:00</Time>
     <Position>
      <LatitudeDegrees>43.9580300</LatitudeDegrees>
      <LongitudeDegrees>4.7660300</LongitudeDegrees>
     </Position>
     <AltitudeMeters>68.43</AltitudeMeters>
     <DistanceMeters>94556.53573552673</DistanceMeters>
    </Trackpoint>
    <Trackpoint>
     <Time>2026-04-10T17:39:44+00:00</Time>
     <Position>
      <LatitudeDegrees>43.9580900</LatitudeDegrees>
      <LongitudeDegrees>4.7661700</LongitudeDegrees>
     </Position>
     <AltitudeMeters>68.43</AltitudeMeters>
     <DistanceMeters>94569.58932531148</DistanceMeters>
    </Trackpoint>
    <Trackpoint>
     <Time>2026-04-10T17:39:51+00:00</Time>
     <Position>
      <LatitudeDegrees>43.9582400</LatitudeDegrees>
      <LongitudeDegrees>4.7670100</LongitudeDegrees>
     </Position>
     <AltitudeMeters>68.61</AltitudeMeters>
     <DistanceMeters>94638.92639203688</DistanceMeters>
    </Trackpoint>
    <Trackpoint>
     <Time>2026-04-10T17:39:57+00:00</Time>
     <Position>
      <LatitudeDegrees>43.9582900</LatitudeDegrees>
      <LongitudeDegrees>4.7671000</LongitudeDegrees>
     </Position>
     <AltitudeMeters>68.61</AltitudeMeters>
     <DistanceMeters>94648.03445901544</DistanceMeters>
    </Trackpoint>
    <Trackpoint>
     <Time>2026-04-10T17:40:04+00:00</Time>
     <Position>
      <LatitudeDegrees>43.9584400</LatitudeDegrees>
      <LongitudeDegrees>4.7680800</LongitudeDegrees>
     </Position>
     <AltitudeMeters>69.36</AltitudeMeters>
     <DistanceMeters>94728.30296680368</DistanceMeters>
    </Trackpoint>
    <Trackpoint>
     <Time>2026-04-10T17:40:10+00:00</Time>
     <Position>
      <LatitudeDegrees>43.9584200</LatitudeDegrees>
      <LongitudeDegrees>4.7681800</LongitudeDegrees>
     </Position>
     <AltitudeMeters>69.36</AltitudeMeters>
     <DistanceMeters>94736.6179892522</DistanceMeters>
    </Trackpoint>
    <Trackpoint>
     <Time>2026-04-10T17:40:17+00:00</Time>
     <Position>
      <LatitudeDegrees>43.9584600</LatitudeDegrees>
      <LongitudeDegrees>4.7682500</LongitudeDegrees>
     </Position>
     <AltitudeMeters>69.39</AltitudeMeters>
     <DistanceMeters>94743.77825175223</DistanceMeters>
    </Trackpoint>
    <Trackpoint>
     <Time>2026-04-10T17:40:23+00:00</Time>
     <Position>
      <LatitudeDegrees>43.9585200</LatitudeDegrees>
      <LongitudeDegrees>4.7685500</LongitudeDegrees>
     </Position>
     <AltitudeMeters>69.65</AltitudeMeters>
     <DistanceMeters>94768.7232957137</DistanceMeters>
    </Trackpoint>
    <Trackpoint>
     <Time>2026-04-10T17:40:30+00:00</Time>
     <Position>
      <LatitudeDegrees>43.9585800</LatitudeDegrees>
      <LongitudeDegrees>4.7687200</LongitudeDegrees>
     </Position>
     <AltitudeMeters>69.65</AltitudeMeters>
     <DistanceMeters>94783.89187685253</DistanceMeters>
    </Trackpoint>
    <Trackpoint>
     <Time>2026-04-10T17:40:36+00:00</Time>
     <Position>
      <LatitudeDegrees>43.9586100</LatitudeDegrees>
      <LongitudeDegrees>4.7689300</LongitudeDegrees>
     </Position>
     <AltitudeMeters>70.07000000000001</AltitudeMeters>
     <DistanceMeters>94801.0441922446</DistanceMeters>
    </Trackpoint>
    <Trackpoint>
     <Time>2026-04-10T17:40:43+00:00</Time>
     <Position>
      <LatitudeDegrees>43.9586000</LatitudeDegrees>
      <LongitudeDegrees>4.7690500</LongitudeDegrees>
     </Position>
     <AltitudeMeters>70.65</AltitudeMeters>
     <DistanceMeters>94810.722228951</DistanceMeters>
    </Trackpoint>
    <Trackpoint>
     <Time>2026-04-10T17:40:49+00:00</Time>
     <Position>
      <LatitudeDegrees>43.9587100</LatitudeDegrees>
      <LongitudeDegrees>4.7698500</LongitudeDegrees>
     </Position>
     <AltitudeMeters>72.10000000000001</AltitudeMeters>
     <DistanceMeters>94875.97314733751</DistanceMeters>
    </Trackpoint>
    <Trackpoint>
     <Time>2026-04-10T17:40:56+00:00</Time>
     <Position>
      <LatitudeDegrees>43.9587700</LatitudeDegrees>
      <LongitudeDegrees>4.7701900</LongitudeDegrees>
     </Position>
     <AltitudeMeters>73.45</AltitudeMeters>
     <DistanceMeters>94904.01886010432</DistanceMeters>
    </Trackpoint>
    <Trackpoint>
     <Time>2026-04-10T17:41:02+00:00</Time>
     <Position>
      <LatitudeDegrees>43.9588500</LatitudeDegrees>
      <LongitudeDegrees>4.7705100</LongitudeDegrees>
     </Position>
     <AltitudeMeters>73.74</AltitudeMeters>
     <DistanceMeters>94931.15776394968</DistanceMeters>
    </Trackpoint>
    <Trackpoint>
     <Time>2026-04-10T17:41:09+00:00</Time>
     <Position>
      <LatitudeDegrees>43.9590200</LatitudeDegrees>
      <LongitudeDegrees>4.7715900</LongitudeDegrees>
     </Position>
     <AltitudeMeters>74.82000000000001</AltitudeMeters>
     <DistanceMeters>95019.72625012165</DistanceMeters>
    </Trackpoint>
    <Trackpoint>
     <Time>2026-04-10T17:41:16+00:00</Time>
     <Position>
      <LatitudeDegrees>43.9590500</LatitudeDegrees>
      <LongitudeDegrees>4.7721600</LongitudeDegrees>
     </Position>
     <AltitudeMeters>75.98</AltitudeMeters>
     <DistanceMeters>95065.51351054755</DistanceMeters>
    </Trackpoint>
    <Trackpoint>
     <Time>2026-04-10T17:41:22+00:00</Time>
     <Position>
      <LatitudeDegrees>43.9590000</LatitudeDegrees>
      <LongitudeDegrees>4.7724900</LongitudeDegrees>
     </Position>
     <AltitudeMeters>75.98</AltitudeMeters>
     <DistanceMeters>95092.53066175229</DistanceMeters>
    </Trackpoint>
    <Trackpoint>
     <Time>2026-04-10T17:41:29+00:00</Time>
     <Position>
      <LatitudeDegrees>43.9587400</LatitudeDegrees>
      <LongitudeDegrees>4.7731600</LongitudeDegrees>
     </Position>
     <AltitudeMeters>80.64</AltitudeMeters>
     <DistanceMeters>95153.5106636694</DistanceMeters>
    </Trackpoint>
    <Trackpoint>
     <Time>2026-04-10T17:41:35+00:00</Time>
     <Position>
      <LatitudeDegrees>43.9585800</LatitudeDegrees>
      <LongitudeDegrees>4.7736100</LongitudeDegrees>
     </Position>
     <AltitudeMeters>82.13000000000001</AltitudeMeters>
     <DistanceMeters>95193.72054489549</DistanceMeters>
    </Trackpoint>
    <Trackpoint>
     <Time>2026-04-10T17:41:42+00:00</Time>
     <Position>
      <LatitudeDegrees>43.9584900</LatitudeDegrees>
      <LongitudeDegrees>4.7739000</LongitudeDegrees>
     </Position>
     <AltitudeMeters>84.25</AltitudeMeters>
     <DistanceMeters>95219.02124961145</DistanceMeters>
    </Trackpoint>
    <Trackpoint>
     <Time>2026-04-10T17:41:48+00:00</Time>
     <Position>
      <LatitudeDegrees>43.9583300</LatitudeDegrees>
      <LongitudeDegrees>4.7743600</LongitudeDegrees>
     </Position>
     <AltitudeMeters>84.22</AltitudeMeters>
     <DistanceMeters>95259.951113895</DistanceMeters>
    </Trackpoint>
    <Trackpoint>
     <Time>2026-04-10T17:41:55+00:00</Time>
     <Position>
      <LatitudeDegrees>43.9582800</LatitudeDegrees>
      <LongitudeDegrees>4.7746400</LongitudeDegrees>
     </Position>
     <AltitudeMeters>89.08</AltitudeMeters>
     <DistanceMeters>95283.06341817025</DistanceMeters>
    </Trackpoint>
    <Trackpoint>
     <Time>2026-04-10T17:42:01+00:00</Time>
     <Position>
      <LatitudeDegrees>43.9582200</LatitudeDegrees>
      <LongitudeDegrees>4.7753200</LongitudeDegrees>
     </Position>
     <AltitudeMeters>90.2</AltitudeMeters>
     <DistanceMeters>95337.94984913542</DistanceMeters>
    </Trackpoint>
    <Trackpoint>
     <Time>2026-04-10T17:42:08+00:00</Time>
     <Position>
      <LatitudeDegrees>43.9582400</LatitudeDegrees>
      <LongitudeDegrees>4.7755400</LongitudeDegrees>
     </Position>
     <AltitudeMeters>91.61000000000001</AltitudeMeters>
     <DistanceMeters>95355.71531373913</DistanceMeters>
    </Trackpoint>
    <Trackpoint>
     <Time>2026-04-10T17:42:14+00:00</Time>
     <Position>
      <LatitudeDegrees>43.9582100</LatitudeDegrees>
      <LongitudeDegrees>4.7757400</LongitudeDegrees>
     </Position>
     <AltitudeMeters>91.61000000000001</AltitudeMeters>
     <DistanceMeters>95372.08264263175</DistanceMeters>
    </Trackpoint>
    <Trackpoint>
     <Time>2026-04-10T17:42:21+00:00</Time>
     <Position>
      <LatitudeDegrees>43.9581100</LatitudeDegrees>
      <LongitudeDegrees>4.7761500</LongitudeDegrees>
     </Position>
     <AltitudeMeters>92.72000000000001</AltitudeMeters>
     <DistanceMeters>95406.76441558573</DistanceMeters>
    </Trackpoint>
    <Trackpoint>
     <Time>2026-04-10T17:42:27+00:00</Time>
     <Position>
      <LatitudeDegrees>43.9580900</LatitudeDegrees>
      <LongitudeDegrees>4.7762500</LongitudeDegrees>
     </Position>
     <AltitudeMeters>92.72000000000001</AltitudeMeters>
     <DistanceMeters>95415.07948090551</DistanceMeters>
    </Trackpoint>
    <Trackpoint>
     <Time>2026-04-10T17:42:34+00:00</Time>
     <Position>
      <LatitudeDegrees>43.9581500</LatitudeDegrees>
      <LongitudeDegrees>4.7765500</LongitudeDegrees>
     </Position>
     <AltitudeMeters>92.80000000000001</AltitudeMeters>
     <DistanceMeters>95440.02466907016</DistanceMeters>
    </Trackpoint>
    <Trackpoint>
     <Time>2026-04-10T17:42:40+00:00</Time>
     <Position>
      <LatitudeDegrees>43.9581100</LatitudeDegrees>
      <LongitudeDegrees>4.7769100</LongitudeDegrees>
     </Position>
     <AltitudeMeters>92.73</AltitudeMeters>
     <DistanceMeters>95469.20794441777</DistanceMeters>
    </Trackpoint>
    <Trackpoint>
     <Time>2026-04-10T17:42:47+00:00</Time>
     <Position>
      <LatitudeDegrees>43.9580600</LatitudeDegrees>
      <LongitudeDegrees>4.7776400</LongitudeDegrees>
     </Position>
     <AltitudeMeters>90.84</AltitudeMeters>
     <DistanceMeters>95527.95673364551</DistanceMeters>
    </Trackpoint>
    <Trackpoint>
     <Time>2026-04-10T17:42:53+00:00</Time>
     <Position>
      <LatitudeDegrees>43.9580100</LatitudeDegrees>
      <LongitudeDegrees>4.7783000</LongitudeDegrees>
     </Position>
     <AltitudeMeters>85.31</AltitudeMeters>
     <DistanceMeters>95581.12531970529</DistanceMeters>
    </Trackpoint>
    <Trackpoint>
     <Time>2026-04-10T17:43:00+00:00</Time>
     <Position>
      <LatitudeDegrees>43.9580100</LatitudeDegrees>
      <LongitudeDegrees>4.7791967</LongitudeDegrees>
     </Position>
     <AltitudeMeters>84.8</AltitudeMeters>
     <DistanceMeters>95652.9627070035</DistanceMeters>
    </Trackpoint>
    <Trackpoint>
     <Time>2026-04-10T17:43:06+00:00</Time>
     <Position>
      <LatitudeDegrees>43.9580100</LatitudeDegrees>
      <LongitudeDegrees>4.7800933</LongitudeDegrees>
     </Position>
     <AltitudeMeters>84.8</AltitudeMeters>
     <DistanceMeters>95724.80009430178</DistanceMeters>
    </Trackpoint>
    <Trackpoint>
     <Time>2026-04-10T17:43:13+00:00</Time>
     <Position>
      <LatitudeDegrees>43.9580100</LatitudeDegrees>
      <LongitudeDegrees>4.7809900</LongitudeDegrees>
     </Position>
     <AltitudeMeters>78.99000000000001</AltitudeMeters>
     <DistanceMeters>95796.63749374948</DistanceMeters>
    </Trackpoint>
    <Trackpoint>
     <Time>2026-04-10T17:43:20+00:00</Time>
     <Position>
      <LatitudeDegrees>43.9579900</LatitudeDegrees>
      <LongitudeDegrees>4.7812600</LongitudeDegrees>
     </Position>
     <AltitudeMeters>78.99000000000001</AltitudeMeters>
     <DistanceMeters>95818.38305504023</DistanceMeters>
    </Trackpoint>
    <Trackpoint>
     <Time>2026-04-10T17:43:26+00:00</Time>
     <Position>
      <LatitudeDegrees>43.9579600</LatitudeDegrees>
      <LongitudeDegrees>4.7813800</LongitudeDegrees>
     </Position>
     <AltitudeMeters>78.99000000000001</AltitudeMeters>
     <DistanceMeters>95828.5602716081</DistanceMeters>
    </Trackpoint>
    <Trackpoint>
     <Time>2026-04-10T17:43:33+00:00</Time>
     <Position>
      <LatitudeDegrees>43.9579500</LatitudeDegrees>
      <LongitudeDegrees>4.7813900</LongitudeDegrees>
     </Position>
     <AltitudeMeters>78.99000000000001</AltitudeMeters>
     <DistanceMeters>95828.5602716081</DistanceMeters>
    </Trackpoint>
    <Trackpoint>
     <Time>2026-04-10T17:43:39+00:00</Time>
     <Position>
      <LatitudeDegrees>43.9578400</LatitudeDegrees>
      <LongitudeDegrees>4.7816700</LongitudeDegrees>
     </Position>
     <AltitudeMeters>78.99000000000001</AltitudeMeters>
     <DistanceMeters>95854.11605656601</DistanceMeters>
    </Trackpoint>
    <Trackpoint>
     <Time>2026-04-10T17:43:46+00:00</Time>
     <Position>
      <LatitudeDegrees>43.9574700</LatitudeDegrees>
      <LongitudeDegrees>4.7823600</LongitudeDegrees>
     </Position>
     <AltitudeMeters>75.86000000000001</AltitudeMeters>
     <DistanceMeters>95923.04838742987</DistanceMeters>
    </Trackpoint>
    <Trackpoint>
     <Time>2026-04-10T17:43:52+00:00</Time>
     <Position>
      <LatitudeDegrees>43.9572500</LatitudeDegrees>
      <LongitudeDegrees>4.7827300</LongitudeDegrees>
     </Position>
     <AltitudeMeters>75.86000000000001</AltitudeMeters>
     <DistanceMeters>95961.49628297715</DistanceMeters>
    </Trackpoint>
    <Trackpoint>
     <Time>2026-04-10T17:43:59+00:00</Time>
     <Position>
      <LatitudeDegrees>43.9569200</LatitudeDegrees>
      <LongitudeDegrees>4.7831600</LongitudeDegrees>
     </Position>
     <AltitudeMeters>75.19000000000001</AltitudeMeters>
     <DistanceMeters>96011.8525612987</DistanceMeters>
    </Trackpoint>
    <Trackpoint>
     <Time>2026-04-10T17:44:05+00:00</Time>
     <Position>
      <LatitudeDegrees>43.9565900</LatitudeDegrees>
      <LongitudeDegrees>4.7835900</LongitudeDegrees>
     </Position>
     <AltitudeMeters>74.29</AltitudeMeters>
     <DistanceMeters>96062.20882357191</DistanceMeters>
    </Trackpoint>
    <Trackpoint>
     <Time>2026-04-10T17:44:12+00:00</Time>
     <Position>
      <LatitudeDegrees>43.9562800</LatitudeDegrees>
      <LongitudeDegrees>4.7838700</LongitudeDegrees>
     </Position>
     <AltitudeMeters>72.11</AltitudeMeters>
     <DistanceMeters>96103.36229302855</DistanceMeters>
    </Trackpoint>
    <Trackpoint>
     <Time>2026-04-10T17:44:18+00:00</Time>
     <Position>
      <LatitudeDegrees>43.9562000</LatitudeDegrees>
      <LongitudeDegrees>4.7839100</LongitudeDegrees>
     </Position>
     <AltitudeMeters>72.11</AltitudeMeters>
     <DistanceMeters>96112.82513631342</DistanceMeters>
    </Trackpoint>
    <Trackpoint>
     <Time>2026-04-10T17:44:25+00:00</Time>
     <Position>
      <LatitudeDegrees>43.9560200</LatitudeDegrees>
      <LongitudeDegrees>4.7839200</LongitudeDegrees>
     </Position>
     <AltitudeMeters>72.11</AltitudeMeters>
     <DistanceMeters>96132.87437307918</DistanceMeters>
    </Trackpoint>
    <Trackpoint>
     <Time>2026-04-10T17:44:31+00:00</Time>
     <Position>
      <LatitudeDegrees>43.9558200</LatitudeDegrees>
      <LongitudeDegrees>4.7838700</LongitudeDegrees>
     </Position>
     <AltitudeMeters>67.37</AltitudeMeters>
     <DistanceMeters>96155.49110831942</DistanceMeters>
    </Trackpoint>
    <Trackpoint>
     <Time>2026-04-10T17:44:38+00:00</Time>
     <Position>
      <LatitudeDegrees>43.9556800</LatitudeDegrees>
      <LongitudeDegrees>4.7837900</LongitudeDegrees>
     </Position>
     <AltitudeMeters>67.37</AltitudeMeters>
     <DistanceMeters>96172.33931059904</DistanceMeters>
    </Trackpoint>
    <Trackpoint>
     <Time>2026-04-10T17:44:44+00:00</Time>
     <Position>
      <LatitudeDegrees>43.9552500</LatitudeDegrees>
      <LongitudeDegrees>4.7834350</LongitudeDegrees>
     </Position>
     <AltitudeMeters>67.37</AltitudeMeters>
     <DistanceMeters>96228.01051197042</DistanceMeters>
    </Trackpoint>
    <Trackpoint>
     <Time>2026-04-10T17:44:51+00:00</Time>
     <Position>
      <LatitudeDegrees>43.9548200</LatitudeDegrees>
      <LongitudeDegrees>4.7830800</LongitudeDegrees>
     </Position>
     <AltitudeMeters>58.010000000000005</AltitudeMeters>
     <DistanceMeters>96283.68171813028</DistanceMeters>
    </Trackpoint>
    <Trackpoint>
     <Time>2026-04-10T17:44:57+00:00</Time>
     <Position>
      <LatitudeDegrees>43.9546500</LatitudeDegrees>
      <LongitudeDegrees>4.7829900</LongitudeDegrees>
     </Position>
     <AltitudeMeters>57.470000000000006</AltitudeMeters>
     <DistanceMeters>96303.9295004192</DistanceMeters>
    </Trackpoint>
    <Trackpoint>
     <Time>2026-04-10T17:45:04+00:00</Time>
     <Position>
      <LatitudeDegrees>43.9544300</LatitudeDegrees>
      <LongitudeDegrees>4.7829500</LongitudeDegrees>
     </Position>
     <AltitudeMeters>57.470000000000006</AltitudeMeters>
     <DistanceMeters>96328.62339799886</DistanceMeters>
    </Trackpoint>
    <Trackpoint>
     <Time>2026-04-10T17:45:11+00:00</Time>
     <Position>
      <LatitudeDegrees>43.9543100</LatitudeDegrees>
      <LongitudeDegrees>4.7829600</LongitudeDegrees>
     </Position>
     <AltitudeMeters>57.470000000000006</AltitudeMeters>
     <DistanceMeters>96342.00289065542</DistanceMeters>
    </Trackpoint>
    <Trackpoint>
     <Time>2026-04-10T17:45:17+00:00</Time>
     <Position>
      <LatitudeDegrees>43.9541300</LatitudeDegrees>
      <LongitudeDegrees>4.7830100</LongitudeDegrees>
     </Position>
     <AltitudeMeters>57.470000000000006</AltitudeMeters>
     <DistanceMeters>96362.43273393263</DistanceMeters>
    </Trackpoint>
    <Trackpoint>
     <Time>2026-04-10T17:45:24+00:00</Time>
     <Position>
      <LatitudeDegrees>43.9539100</LatitudeDegrees>
      <LongitudeDegrees>4.7831600</LongitudeDegrees>
     </Position>
     <AltitudeMeters>57.470000000000006</AltitudeMeters>
     <DistanceMeters>96389.708274731</DistanceMeters>
    </Trackpoint>
    <Trackpoint>
     <Time>2026-04-10T17:45:30+00:00</Time>
     <Position>
      <LatitudeDegrees>43.9537900</LatitudeDegrees>
      <LongitudeDegrees>4.7832800</LongitudeDegrees>
     </Position>
     <AltitudeMeters>57.470000000000006</AltitudeMeters>
     <DistanceMeters>96406.16456233512</DistanceMeters>
    </Trackpoint>
    <Trackpoint>
     <Time>2026-04-10T17:45:37+00:00</Time>
     <Position>
      <LatitudeDegrees>43.9536800</LatitudeDegrees>
      <LongitudeDegrees>4.7834500</LongitudeDegrees>
     </Position>
     <AltitudeMeters>57.470000000000006</AltitudeMeters>
     <DistanceMeters>96424.47857630011</DistanceMeters>
    </Trackpoint>
    <Trackpoint>
     <Time>2026-04-10T17:45:43+00:00</Time>
     <Position>
      <LatitudeDegrees>43.9535900</LatitudeDegrees>
      <LongitudeDegrees>4.7836400</LongitudeDegrees>
     </Position>
     <AltitudeMeters>57.14</AltitudeMeters>
     <DistanceMeters>96442.70156756513</DistanceMeters>
    </Trackpoint>
    <Trackpoint>
     <Time>2026-04-10T17:45:50+00:00</Time>
     <Position>
      <LatitudeDegrees>43.9534600</LatitudeDegrees>
      <LongitudeDegrees>4.7840600</LongitudeDegrees>
     </Position>
     <AltitudeMeters>57.14</AltitudeMeters>
     <DistanceMeters>96479.33139692788</DistanceMeters>
    </Trackpoint>
    <Trackpoint>
     <Time>2026-04-10T17:45:56+00:00</Time>
     <Position>
      <LatitudeDegrees>43.9534100</LatitudeDegrees>
      <LongitudeDegrees>4.7845600</LongitudeDegrees>
     </Position>
     <AltitudeMeters>57.14</AltitudeMeters>
     <DistanceMeters>96519.77715422118</DistanceMeters>
    </Trackpoint>
    <Trackpoint>
     <Time>2026-04-10T17:46:03+00:00</Time>
     <Position>
      <LatitudeDegrees>43.9534400</LatitudeDegrees>
      <LongitudeDegrees>4.7852100</LongitudeDegrees>
     </Position>
     <AltitudeMeters>57.03</AltitudeMeters>
     <DistanceMeters>96571.96352437296</DistanceMeters>
    </Trackpoint>
    <Trackpoint>
     <Time>2026-04-10T17:46:09+00:00</Time>
     <Position>
      <LatitudeDegrees>43.9535100</LatitudeDegrees>
      <LongitudeDegrees>4.7854900</LongitudeDegrees>
     </Position>
     <AltitudeMeters>57.03</AltitudeMeters>
     <DistanceMeters>96595.71196784127</DistanceMeters>
    </Trackpoint>
    <Trackpoint>
     <Time>2026-04-10T17:46:16+00:00</Time>
     <Position>
      <LatitudeDegrees>43.9537800</LatitudeDegrees>
      <LongitudeDegrees>4.7861500</LongitudeDegrees>
     </Position>
     <AltitudeMeters>57.03</AltitudeMeters>
     <DistanceMeters>96656.53403652798</DistanceMeters>
    </Trackpoint>
    <Trackpoint>
     <Time>2026-04-10T17:46:22+00:00</Time>
     <Position>
      <LatitudeDegrees>43.9540500</LatitudeDegrees>
      <LongitudeDegrees>4.7868100</LongitudeDegrees>
     </Position>
     <AltitudeMeters>47.38</AltitudeMeters>
     <DistanceMeters>96717.35611523797</DistanceMeters>
    </Trackpoint>
    <Trackpoint>
     <Time>2026-04-10T17:46:29+00:00</Time>
     <Position>
      <LatitudeDegrees>43.9541800</LatitudeDegrees>
      <LongitudeDegrees>4.7872900</LongitudeDegrees>
     </Position>
     <AltitudeMeters>47.38</AltitudeMeters>
     <DistanceMeters>96758.44590414883</DistanceMeters>
    </Trackpoint>
    <Trackpoint>
     <Time>2026-04-10T17:46:35+00:00</Time>
     <Position>
      <LatitudeDegrees>43.9543950</LatitudeDegrees>
      <LongitudeDegrees>4.7882700</LongitudeDegrees>
     </Position>
     <AltitudeMeters>45.25000000000001</AltitudeMeters>
     <DistanceMeters>96840.52961201944</DistanceMeters>
    </Trackpoint>
    <Trackpoint>
     <Time>2026-04-10T17:46:42+00:00</Time>
     <Position>
      <LatitudeDegrees>43.9546100</LatitudeDegrees>
      <LongitudeDegrees>4.7892500</LongitudeDegrees>
     </Position>
     <AltitudeMeters>39.620000000000005</AltitudeMeters>
     <DistanceMeters>96922.61328467182</DistanceMeters>
    </Trackpoint>
    <Trackpoint>
     <Time>2026-04-10T17:46:48+00:00</Time>
     <Position>
      <LatitudeDegrees>43.9545700</LatitudeDegrees>
      <LongitudeDegrees>4.7892900</LongitudeDegrees>
     </Position>
     <AltitudeMeters>39.52</AltitudeMeters>
     <DistanceMeters>96928.09869055708</DistanceMeters>
    </Trackpoint>
    <Trackpoint>
     <Time>2026-04-10T17:46:55+00:00</Time>
     <Position>
      <LatitudeDegrees>43.9545700</LatitudeDegrees>
      <LongitudeDegrees>4.7893700</LongitudeDegrees>
     </Position>
     <AltitudeMeters>39.260000000000005</AltitudeMeters>
     <DistanceMeters>96934.50834559347</DistanceMeters>
    </Trackpoint>
    <Trackpoint>
     <Time>2026-04-10T17:47:01+00:00</Time>
     <Position>
      <LatitudeDegrees>43.9546100</LatitudeDegrees>
      <LongitudeDegrees>4.7894200</LongitudeDegrees>
     </Position>
     <AltitudeMeters>39.260000000000005</AltitudeMeters>
     <DistanceMeters>96940.49725751561</DistanceMeters>
    </Trackpoint>
    <Trackpoint>
     <Time>2026-04-10T17:47:08+00:00</Time>
     <Position>
      <LatitudeDegrees>43.9546500</LatitudeDegrees>
      <LongitudeDegrees>4.7894100</LongitudeDegrees>
     </Position>
     <AltitudeMeters>39.16</AltitudeMeters>
     <DistanceMeters>96945.02060764418</DistanceMeters>
    </Trackpoint>
    <Trackpoint>
     <Time>2026-04-10T17:47:15+00:00</Time>
     <Position>
      <LatitudeDegrees>43.9547100</LatitudeDegrees>
      <LongitudeDegrees>4.7896000</LongitudeDegrees>
     </Position>
     <AltitudeMeters>39.16</AltitudeMeters>
     <DistanceMeters>96961.64375365441</DistanceMeters>
    </Trackpoint>
    <Trackpoint>
     <Time>2026-04-10T17:47:21+00:00</Time>
     <Position>
      <LatitudeDegrees>43.9548200</LatitudeDegrees>
      <LongitudeDegrees>4.7902000</LongitudeDegrees>
     </Position>
     <AltitudeMeters>38.12</AltitudeMeters>
     <DistanceMeters>97011.25041767623</DistanceMeters>
    </Trackpoint>
    <Trackpoint>
     <Time>2026-04-10T17:47:28+00:00</Time>
     <Position>
      <LatitudeDegrees>43.9548300</LatitudeDegrees>
      <LongitudeDegrees>4.7903500</LongitudeDegrees>
     </Position>
     <AltitudeMeters>38.12</AltitudeMeters>
     <DistanceMeters>97023.31989312572</DistanceMeters>
    </Trackpoint>
    <Trackpoint>
     <Time>2026-04-10T17:47:34+00:00</Time>
     <Position>
      <LatitudeDegrees>43.9547900</LatitudeDegrees>
      <LongitudeDegrees>4.7906000</LongitudeDegrees>
     </Position>
     <AltitudeMeters>31.200000000000003</AltitudeMeters>
     <DistanceMeters>97043.8387457845</DistanceMeters>
    </Trackpoint>
    <Trackpoint>
     <Time>2026-04-10T17:47:41+00:00</Time>
     <Position>
      <LatitudeDegrees>43.9545400</LatitudeDegrees>
      <LongitudeDegrees>4.7913200</LongitudeDegrees>
     </Position>
     <AltitudeMeters>28.470000000000002</AltitudeMeters>
     <DistanceMeters>97107.88511780572</DistanceMeters>
    </Trackpoint>
    <Trackpoint>
     <Time>2026-04-10T17:47:47+00:00</Time>
     <Position>
      <LatitudeDegrees>43.9544000</LatitudeDegrees>
      <LongitudeDegrees>4.7916400</LongitudeDegrees>
     </Position>
     <AltitudeMeters>25.560000000000002</AltitudeMeters>
     <DistanceMeters>97137.88713322439</DistanceMeters>
    </Trackpoint>
    <Trackpoint>
     <Time>2026-04-10T17:47:54+00:00</Time>
     <Position>
      <LatitudeDegrees>43.9541700</LatitudeDegrees>
      <LongitudeDegrees>4.7919800</LongitudeDegrees>
     </Position>
     <AltitudeMeters>21.380000000000003</AltitudeMeters>
     <DistanceMeters>97175.26813068424</DistanceMeters>
    </Trackpoint>
    <Trackpoint>
     <Time>2026-04-10T17:48:00+00:00</Time>
     <Position>
      <LatitudeDegrees>43.9542100</LatitudeDegrees>
      <LongitudeDegrees>4.7920400</LongitudeDegrees>
     </Position>
     <AltitudeMeters>21.37</AltitudeMeters>
     <DistanceMeters>97181.8201249963</DistanceMeters>
    </Trackpoint>
    <Trackpoint>
     <Time>2026-04-10T17:48:07+00:00</Time>
     <Position>
      <LatitudeDegrees>43.9541700</LatitudeDegrees>
      <LongitudeDegrees>4.7920800</LongitudeDegrees>
     </Position>
     <AltitudeMeters>21.310000000000002</AltitudeMeters>
     <DistanceMeters>97187.30554348488</DistanceMeters>
    </Trackpoint>
    <Trackpoint>
     <Time>2026-04-10T17:48:13+00:00</Time>
     <Position>
      <LatitudeDegrees>43.9541000</LatitudeDegrees>
      <LongitudeDegrees>4.7921900</LongitudeDegrees>
     </Position>
     <AltitudeMeters>17.79</AltitudeMeters>
     <DistanceMeters>97199.06861849797</DistanceMeters>
    </Trackpoint>
    <Trackpoint>
     <Time>2026-04-10T17:48:20+00:00</Time>
     <Position>
      <LatitudeDegrees>43.9538000</LatitudeDegrees>
      <LongitudeDegrees>4.7929733</LongitudeDegrees>
     </Position>
     <AltitudeMeters>17.79</AltitudeMeters>
     <DistanceMeters>97270.15938347243</DistanceMeters>
    </Trackpoint>
    <Trackpoint>
     <Time>2026-04-10T17:48:26+00:00</Time>
     <Position>
      <LatitudeDegrees>43.9535000</LatitudeDegrees>
      <LongitudeDegrees>4.7937567</LongitudeDegrees>
     </Position>
     <AltitudeMeters>16.42</AltitudeMeters>
     <DistanceMeters>97341.25014844745</DistanceMeters>
    </Trackpoint>
    <Trackpoint>
     <Time>2026-04-10T17:48:33+00:00</Time>
     <Position>
      <LatitudeDegrees>43.9532000</LatitudeDegrees>
      <LongitudeDegrees>4.7945400</LongitudeDegrees>
     </Position>
     <AltitudeMeters>16.42</AltitudeMeters>
     <DistanceMeters>97412.34090423434</DistanceMeters>
    </Trackpoint>
    <Trackpoint>
     <Time>2026-04-10T17:48:39+00:00</Time>
     <Position>
      <LatitudeDegrees>43.9529900</LatitudeDegrees>
      <LongitudeDegrees>4.7951100</LongitudeDegrees>
     </Position>
     <AltitudeMeters>16.42</AltitudeMeters>
     <DistanceMeters>97463.64394694754</DistanceMeters>
    </Trackpoint>
    <Trackpoint>
     <Time>2026-04-10T17:48:46+00:00</Time>
     <Position>
      <LatitudeDegrees>43.9527800</LatitudeDegrees>
      <LongitudeDegrees>4.7956800</LongitudeDegrees>
     </Position>
     <AltitudeMeters>21.87</AltitudeMeters>
     <DistanceMeters>97514.94702873533</DistanceMeters>
    </Trackpoint>
    <Trackpoint>
     <Time>2026-04-10T17:48:52+00:00</Time>
     <Position>
      <LatitudeDegrees>43.9526300</LatitudeDegrees>
      <LongitudeDegrees>4.7962300</LongitudeDegrees>
     </Position>
     <AltitudeMeters>21.490000000000002</AltitudeMeters>
     <DistanceMeters>97562.0710032436</DistanceMeters>
    </Trackpoint>
    <Trackpoint>
     <Time>2026-04-10T17:48:59+00:00</Time>
     <Position>
      <LatitudeDegrees>43.9526200</LatitudeDegrees>
      <LongitudeDegrees>4.7963600</LongitudeDegrees>
     </Position>
     <AltitudeMeters>21.490000000000002</AltitudeMeters>
     <DistanceMeters>97572.54632475274</DistanceMeters>
    </Trackpoint>
    <Trackpoint>
     <Time>2026-04-10T17:49:05+00:00</Time>
     <Position>
      <LatitudeDegrees>43.9526500</LatitudeDegrees>
      <LongitudeDegrees>4.7964400</LongitudeDegrees>
     </Position>
     <AltitudeMeters>21.490000000000002</AltitudeMeters>
     <DistanceMeters>97579.77366234169</DistanceMeters>
    </Trackpoint>
    <Trackpoint>
     <Time>2026-04-10T17:49:12+00:00</Time>
     <Position>
      <LatitudeDegrees>43.9524900</LatitudeDegrees>
      <LongitudeDegrees>4.7969600</LongitudeDegrees>
     </Position>
     <AltitudeMeters>22.2</AltitudeMeters>
     <DistanceMeters>97625.08373255607</DistanceMeters>
    </Trackpoint>
    <Trackpoint>
     <Time>2026-04-10T17:49:19+00:00</Time>
     <Position>
      <LatitudeDegrees>43.9524600</LatitudeDegrees>
      <LongitudeDegrees>4.7969600</LongitudeDegrees>
     </Position>
     <AltitudeMeters>22.2</AltitudeMeters>
     <DistanceMeters>97628.42260293956</DistanceMeters>
    </Trackpoint>
    <Trackpoint>
     <Time>2026-04-10T17:49:25+00:00</Time>
     <Position>
      <LatitudeDegrees>43.9523700</LatitudeDegrees>
      <LongitudeDegrees>4.7970800</LongitudeDegrees>
     </Position>
     <AltitudeMeters>22.3</AltitudeMeters>
     <DistanceMeters>97642.30703587801</DistanceMeters>
    </Trackpoint>
    <Trackpoint>
     <Time>2026-04-10T17:49:32+00:00</Time>
     <Position>
      <LatitudeDegrees>43.9521800</LatitudeDegrees>
      <LongitudeDegrees>4.7976750</LongitudeDegrees>
     </Position>
     <AltitudeMeters>22.96</AltitudeMeters>
     <DistanceMeters>97694.46012923945</DistanceMeters>
    </Trackpoint>
    <Trackpoint>
     <Time>2026-04-10T17:49:38+00:00</Time>
     <Position>
      <LatitudeDegrees>43.9519900</LatitudeDegrees>
      <LongitudeDegrees>4.7982700</LongitudeDegrees>
     </Position>
     <AltitudeMeters>22.94</AltitudeMeters>
     <DistanceMeters>97746.61322160371</DistanceMeters>
    </Trackpoint>
    <Trackpoint>
     <Time>2026-04-10T17:49:45+00:00</Time>
     <Position>
      <LatitudeDegrees>43.9517225</LatitudeDegrees>
      <LongitudeDegrees>4.7991975</LongitudeDegrees>
     </Position>
     <AltitudeMeters>22.94</AltitudeMeters>
     <DistanceMeters>97826.67064520715</DistanceMeters>
    </Trackpoint>
    <Trackpoint>
     <Time>2026-04-10T17:49:51+00:00</Time>
     <Position>
      <LatitudeDegrees>43.9514550</LatitudeDegrees>
      <LongitudeDegrees>4.8001250</LongitudeDegrees>
     </Position>
     <AltitudeMeters>20.360000000000003</AltitudeMeters>
     <DistanceMeters>97906.7280688107</DistanceMeters>
    </Trackpoint>
    <Trackpoint>
     <Time>2026-04-10T17:49:58+00:00</Time>
     <Position>
      <LatitudeDegrees>43.9511875</LatitudeDegrees>
      <LongitudeDegrees>4.8010525</LongitudeDegrees>
     </Position>
     <AltitudeMeters>20.360000000000003</AltitudeMeters>
     <DistanceMeters>97986.78549241478</DistanceMeters>
    </Trackpoint>
    <Trackpoint>
     <Time>2026-04-10T17:50:04+00:00</Time>
     <Position>
      <LatitudeDegrees>43.9509200</LatitudeDegrees>
      <LongitudeDegrees>4.8019800</LongitudeDegrees>
     </Position>
     <AltitudeMeters>20.360000000000003</AltitudeMeters>
     <DistanceMeters>98066.84291163433</DistanceMeters>
    </Trackpoint>
    <Trackpoint>
     <Time>2026-04-10T17:50:11+00:00</Time>
     <Position>
      <LatitudeDegrees>43.9508900</LatitudeDegrees>
      <LongitudeDegrees>4.8020700</LongitudeDegrees>
     </Position>
     <AltitudeMeters>20.360000000000003</AltitudeMeters>
     <DistanceMeters>98074.78967189374</DistanceMeters>
    </Trackpoint>
    <Trackpoint>
     <Time>2026-04-10T17:50:17+00:00</Time>
     <Position>
      <LatitudeDegrees>43.9508900</LatitudeDegrees>
      <LongitudeDegrees>4.8022500</LongitudeDegrees>
     </Position>
     <AltitudeMeters>21.080000000000002</AltitudeMeters>
     <DistanceMeters>98089.21228877587</DistanceMeters>
    </Trackpoint>
    <Trackpoint>
     <Time>2026-04-10T17:50:24+00:00</Time>
     <Position>
      <LatitudeDegrees>43.9508600</LatitudeDegrees>
      <LongitudeDegrees>4.8022900</LongitudeDegrees>
     </Position>
     <AltitudeMeters>21.080000000000002</AltitudeMeters>
     <DistanceMeters>98093.84049059839</DistanceMeters>
    </Trackpoint>
    <Trackpoint>
     <Time>2026-04-10T17:50:30+00:00</Time>
     <Position>
      <LatitudeDegrees>43.9507000</LatitudeDegrees>
      <LongitudeDegrees>4.8025000</LongitudeDegrees>
     </Position>
     <AltitudeMeters>22.96</AltitudeMeters>
     <DistanceMeters>98118.34005323867</DistanceMeters>
    </Trackpoint>
    <Trackpoint>
     <Time>2026-04-10T17:50:37+00:00</Time>
     <Position>
      <LatitudeDegrees>43.9506700</LatitudeDegrees>
      <LongitudeDegrees>4.8025000</LongitudeDegrees>
     </Position>
     <AltitudeMeters>22.96</AltitudeMeters>
     <DistanceMeters>98121.67892362218</DistanceMeters>
    </Trackpoint>
    <Trackpoint>
     <Time>2026-04-10T17:50:43+00:00</Time>
     <Position>
      <LatitudeDegrees>43.9505100</LatitudeDegrees>
      <LongitudeDegrees>4.8023900</LongitudeDegrees>
     </Position>
     <AltitudeMeters>23.23</AltitudeMeters>
     <DistanceMeters>98141.54810770003</DistanceMeters>
    </Trackpoint>
    <Trackpoint>
     <Time>2026-04-10T17:50:50+00:00</Time>
     <Position>
      <LatitudeDegrees>43.9503900</LatitudeDegrees>
      <LongitudeDegrees>4.8024500</LongitudeDegrees>
     </Position>
     <AltitudeMeters>23.23</AltitudeMeters>
     <DistanceMeters>98155.74253125417</DistanceMeters>
    </Trackpoint>
    <Trackpoint>
     <Time>2026-04-10T17:50:56+00:00</Time>
     <Position>
      <LatitudeDegrees>43.9503200</LatitudeDegrees>
      <LongitudeDegrees>4.8024200</LongitudeDegrees>
     </Position>
     <AltitudeMeters>23.180000000000003</AltitudeMeters>
     <DistanceMeters>98163.89563987765</DistanceMeters>
    </Trackpoint>
    <Trackpoint>
     <Time>2026-04-10T17:51:03+00:00</Time>
     <Position>
      <LatitudeDegrees>43.9503000</LatitudeDegrees>
      <LongitudeDegrees>4.8025600</LongitudeDegrees>
     </Position>
     <AltitudeMeters>23.520000000000003</AltitudeMeters>
     <DistanceMeters>98175.33205072548</DistanceMeters>
    </Trackpoint>
    <Trackpoint>
     <Time>2026-04-10T17:51:10+00:00</Time>
     <Position>
      <LatitudeDegrees>43.9498700</LatitudeDegrees>
      <LongitudeDegrees>4.8023350</LongitudeDegrees>
     </Position>
     <AltitudeMeters>22.87</AltitudeMeters>
     <DistanceMeters>98226.4724146364</DistanceMeters>
    </Trackpoint>
    <Trackpoint>
     <Time>2026-04-10T17:51:16+00:00</Time>
     <Position>
      <LatitudeDegrees>43.9494400</LatitudeDegrees>
      <LongitudeDegrees>4.8021100</LongitudeDegrees>
     </Position>
     <AltitudeMeters>22.520000000000003</AltitudeMeters>
     <DistanceMeters>98277.61275800901</DistanceMeters>
    </Trackpoint>
    <Trackpoint>
     <Time>2026-04-10T17:51:23+00:00</Time>
     <Position>
      <LatitudeDegrees>43.9487000</LatitudeDegrees>
      <LongitudeDegrees>4.8014900</LongitudeDegrees>
     </Position>
     <AltitudeMeters>22.7</AltitudeMeters>
     <DistanceMeters>98373.79496815531</DistanceMeters>
    </Trackpoint>
    <Trackpoint>
     <Time>2026-04-10T17:51:29+00:00</Time>
     <Position>
      <LatitudeDegrees>43.9480400</LatitudeDegrees>
      <LongitudeDegrees>4.8008900</LongitudeDegrees>
     </Position>
     <AltitudeMeters>23.6</AltitudeMeters>
     <DistanceMeters>98461.58517881708</DistanceMeters>
    </Trackpoint>
    <Trackpoint>
     <Time>2026-04-10T17:51:36+00:00</Time>
     <Position>
      <LatitudeDegrees>43.9473800</LatitudeDegrees>
      <LongitudeDegrees>4.8002900</LongitudeDegrees>
     </Position>
     <AltitudeMeters>24.0</AltitudeMeters>
     <DistanceMeters>98549.3754178363</DistanceMeters>
    </Trackpoint>
    <Trackpoint>
     <Time>2026-04-10T17:51:42+00:00</Time>
     <Position>
      <LatitudeDegrees>43.9472200</LatitudeDegrees>
      <LongitudeDegrees>4.8001300</LongitudeDegrees>
     </Position>
     <AltitudeMeters>24.060000000000002</AltitudeMeters>
     <DistanceMeters>98571.31796013853</DistanceMeters>
    </Trackpoint>
    <Trackpoint>
     <Time>2026-04-10T17:51:49+00:00</Time>
     <Position>
      <LatitudeDegrees>43.9471000</LatitudeDegrees>
      <LongitudeDegrees>4.8000400</LongitudeDegrees>
     </Position>
     <AltitudeMeters>24.060000000000002</AltitudeMeters>
     <DistanceMeters>98586.496180842</DistanceMeters>
    </Trackpoint>
    <Trackpoint>
     <Time>2026-04-10T17:51:55+00:00</Time>
     <Position>
      <LatitudeDegrees>43.9469100</LatitudeDegrees>
      <LongitudeDegrees>4.7999600</LongitudeDegrees>
     </Position>
     <AltitudeMeters>23.8</AltitudeMeters>
     <DistanceMeters>98608.59267440914</DistanceMeters>
    </Trackpoint>
    <Trackpoint>
     <Time>2026-04-10T17:52:02+00:00</Time>
     <Position>
      <LatitudeDegrees>43.9468300</LatitudeDegrees>
      <LongitudeDegrees>4.7998700</LongitudeDegrees>
     </Position>
     <AltitudeMeters>23.610000000000003</AltitudeMeters>
     <DistanceMeters>98620.05064391159</DistanceMeters>
    </Trackpoint>
    <Trackpoint>
     <Time>2026-04-10T17:52:08+00:00</Time>
     <Position>
      <LatitudeDegrees>43.9468200</LatitudeDegrees>
      <LongitudeDegrees>4.7998000</LongitudeDegrees>
     </Position>
     <AltitudeMeters>23.520000000000003</AltitudeMeters>
     <DistanceMeters>98625.76917191621</DistanceMeters>
    </Trackpoint>
    <Trackpoint>
     <Time>2026-04-10T17:52:15+00:00</Time>
     <Position>
      <LatitudeDegrees>43.9468000</LatitudeDegrees>
      <LongitudeDegrees>4.7997800</LongitudeDegrees>
     </Position>
     <AltitudeMeters>23.520000000000003</AltitudeMeters>
     <DistanceMeters>98628.51199742305</DistanceMeters>
    </Trackpoint>
    <Trackpoint>
     <Time>2026-04-10T17:52:21+00:00</Time>
     <Position>
      <LatitudeDegrees>43.9467700</LatitudeDegrees>
      <LongitudeDegrees>4.7997900</LongitudeDegrees>
     </Position>
     <AltitudeMeters>23.520000000000003</AltitudeMeters>
     <DistanceMeters>98631.94567709537</DistanceMeters>
    </Trackpoint>
    <Trackpoint>
     <Time>2026-04-10T17:52:28+00:00</Time>
     <Position>
      <LatitudeDegrees>43.9466900</LatitudeDegrees>
      <LongitudeDegrees>4.7996000</LongitudeDegrees>
     </Position>
     <AltitudeMeters>23.520000000000003</AltitudeMeters>
     <DistanceMeters>98649.58296220393</DistanceMeters>
    </Trackpoint>
    <Trackpoint>
     <Time>2026-04-10T17:52:34+00:00</Time>
     <Position>
      <LatitudeDegrees>43.9464600</LatitudeDegrees>
      <LongitudeDegrees>4.7992500</LongitudeDegrees>
     </Position>
     <AltitudeMeters>22.6</AltitudeMeters>
     <DistanceMeters>98687.55448817031</DistanceMeters>
    </Trackpoint>
    <Trackpoint>
     <Time>2026-04-10T17:52:41+00:00</Time>
     <Position>
      <LatitudeDegrees>43.9461000</LatitudeDegrees>
      <LongitudeDegrees>4.7987800</LongitudeDegrees>
     </Position>
     <AltitudeMeters>22.6</AltitudeMeters>
     <DistanceMeters>98742.54307269966</DistanceMeters>
    </Trackpoint>
    <Trackpoint>
     <Time>2026-04-10T17:52:47+00:00</Time>
     <Position>
      <LatitudeDegrees>43.9458500</LatitudeDegrees>
      <LongitudeDegrees>4.7985600</LongitudeDegrees>
     </Position>
     <AltitudeMeters>22.6</AltitudeMeters>
     <DistanceMeters>98775.48173847092</DistanceMeters>
    </Trackpoint>
    <Trackpoint>
     <Time>2026-04-10T17:52:54+00:00</Time>
     <Position>
      <LatitudeDegrees>43.9457100</LatitudeDegrees>
      <LongitudeDegrees>4.7984800</LongitudeDegrees>
     </Position>
     <AltitudeMeters>22.6</AltitudeMeters>
     <DistanceMeters>98792.33034984928</DistanceMeters>
    </Trackpoint>
    <Trackpoint>
     <Time>2026-04-10T17:53:00+00:00</Time>
     <Position>
      <LatitudeDegrees>43.9452500</LatitudeDegrees>
      <LongitudeDegrees>4.7982700</LongitudeDegrees>
     </Position>
     <AltitudeMeters>24.37</AltitudeMeters>
     <DistanceMeters>98846.22107745818</DistanceMeters>
    </Trackpoint>
    <Trackpoint>
     <Time>2026-04-10T17:53:07+00:00</Time>
     <Position>
      <LatitudeDegrees>43.9447800</LatitudeDegrees>
      <LongitudeDegrees>4.7982900</LongitudeDegrees>
     </Position>
     <AltitudeMeters>24.37</AltitudeMeters>
     <DistanceMeters>98898.55459280632</DistanceMeters>
    </Trackpoint>
    <Trackpoint>
     <Time>2026-04-10T17:53:14+00:00</Time>
     <Position>
      <LatitudeDegrees>43.9447500</LatitudeDegrees>
      <LongitudeDegrees>4.7983100</LongitudeDegrees>
     </Position>
     <AltitudeMeters>24.41</AltitudeMeters>
     <DistanceMeters>98902.25819005926</DistanceMeters>
    </Trackpoint>
    <Trackpoint>
     <Time>2026-04-10T17:53:20+00:00</Time>
     <Position>
      <LatitudeDegrees>43.9447100</LatitudeDegrees>
      <LongitudeDegrees>4.7983800</LongitudeDegrees>
     </Position>
     <AltitudeMeters>24.41</AltitudeMeters>
     <DistanceMeters>98909.41946597389</DistanceMeters>
    </Trackpoint>
    <Trackpoint>
     <Time>2026-04-10T17:53:27+00:00</Time>
     <Position>
      <LatitudeDegrees>43.9446660</LatitudeDegrees>
      <LongitudeDegrees>4.7993960</LongitudeDegrees>
     </Position>
     <AltitudeMeters>26.79</AltitudeMeters>
     <DistanceMeters>98990.98287840206</DistanceMeters>
    </Trackpoint>
    <Trackpoint>
     <Time>2026-04-10T17:53:33+00:00</Time>
     <Position>
      <LatitudeDegrees>43.9446220</LatitudeDegrees>
      <LongitudeDegrees>4.8004120</LongitudeDegrees>
     </Position>
     <AltitudeMeters>26.78</AltitudeMeters>
     <DistanceMeters>99072.54629083023</DistanceMeters>
    </Trackpoint>
    <Trackpoint>
     <Time>2026-04-10T17:53:40+00:00</Time>
     <Position>
      <LatitudeDegrees>43.9445780</LatitudeDegrees>
      <LongitudeDegrees>4.8014280</LongitudeDegrees>
     </Position>
     <AltitudeMeters>26.85</AltitudeMeters>
     <DistanceMeters>99154.1097032583</DistanceMeters>
    </Trackpoint>
    <Trackpoint>
     <Time>2026-04-10T17:53:46+00:00</Time>
     <Position>
      <LatitudeDegrees>43.9445340</LatitudeDegrees>
      <LongitudeDegrees>4.8024440</LongitudeDegrees>
     </Position>
     <AltitudeMeters>26.26</AltitudeMeters>
     <DistanceMeters>99235.67311568641</DistanceMeters>
    </Trackpoint>
    <Trackpoint>
     <Time>2026-04-10T17:53:53+00:00</Time>
     <Position>
      <LatitudeDegrees>43.9444900</LatitudeDegrees>
      <LongitudeDegrees>4.8034600</LongitudeDegrees>
     </Position>
     <AltitudeMeters>24.51</AltitudeMeters>
     <DistanceMeters>99317.23653627753</DistanceMeters>
    </Trackpoint>
    <Trackpoint>
     <Time>2026-04-10T17:53:59+00:00</Time>
     <Position>
      <LatitudeDegrees>43.9437050</LatitudeDegrees>
      <LongitudeDegrees>4.8033300</LongitudeDegrees>
     </Position>
     <AltitudeMeters>24.860000000000003</AltitudeMeters>
     <DistanceMeters>99405.22255692803</DistanceMeters>
    </Trackpoint>
    <Trackpoint>
     <Time>2026-04-10T17:54:06+00:00</Time>
     <Position>
      <LatitudeDegrees>43.9429200</LatitudeDegrees>
      <LongitudeDegrees>4.8032000</LongitudeDegrees>
     </Position>
     <AltitudeMeters>24.09</AltitudeMeters>
     <DistanceMeters>99493.20855540987</DistanceMeters>
    </Trackpoint>
    <Trackpoint>
     <Time>2026-04-10T17:54:12+00:00</Time>
     <Position>
      <LatitudeDegrees>43.9428225</LatitudeDegrees>
      <LongitudeDegrees>4.8043650</LongitudeDegrees>
     </Position>
     <AltitudeMeters>24.09</AltitudeMeters>
     <DistanceMeters>99587.19628172704</DistanceMeters>
    </Trackpoint>
    <Trackpoint>
     <Time>2026-04-10T17:54:19+00:00</Time>
     <Position>
      <LatitudeDegrees>43.9427250</LatitudeDegrees>
      <LongitudeDegrees>4.8055300</LongitudeDegrees>
     </Position>
     <AltitudeMeters>24.150000000000002</AltitudeMeters>
     <DistanceMeters>99681.18400804416</DistanceMeters>
    </Trackpoint>
    <Trackpoint>
     <Time>2026-04-10T17:54:25+00:00</Time>
     <Position>
      <LatitudeDegrees>43.9426275</LatitudeDegrees>
      <LongitudeDegrees>4.8066950</LongitudeDegrees>
     </Position>
     <AltitudeMeters>24.85</AltitudeMeters>
     <DistanceMeters>99775.17173436107</DistanceMeters>
    </Trackpoint>
    <Trackpoint>
     <Time>2026-04-10T17:54:32+00:00</Time>
     <Position>
      <LatitudeDegrees>43.9425300</LatitudeDegrees>
      <LongitudeDegrees>4.8078600</LongitudeDegrees>
     </Position>
     <AltitudeMeters>25.550000000000004</AltitudeMeters>
     <DistanceMeters>99869.15945441721</DistanceMeters>
    </Trackpoint>
    <Trackpoint>
     <Time>2026-04-10T17:54:38+00:00</Time>
     <Position>
      <LatitudeDegrees>43.9425600</LatitudeDegrees>
      <LongitudeDegrees>4.8084200</LongitudeDegrees>
     </Position>
     <AltitudeMeters>25.550000000000004</AltitudeMeters>
     <DistanceMeters>99914.16015409003</DistanceMeters>
    </Trackpoint>
    <Trackpoint>
     <Time>2026-04-10T17:54:45+00:00</Time>
     <Position>
      <LatitudeDegrees>43.9425800</LatitudeDegrees>
      <LongitudeDegrees>4.8086400</LongitudeDegrees>
     </Position>
     <AltitudeMeters>25.14</AltitudeMeters>
     <DistanceMeters>99931.93022673824</DistanceMeters>
    </Trackpoint>
    <Trackpoint>
     <Time>2026-04-10T17:54:51+00:00</Time>
     <Position>
      <LatitudeDegrees>43.9428400</LatitudeDegrees>
      <LongitudeDegrees>4.8098100</LongitudeDegrees>
     </Position>
     <AltitudeMeters>23.32</AltitudeMeters>
     <DistanceMeters>100030.05394369437</DistanceMeters>
    </Trackpoint>
    <Trackpoint>
     <Time>2026-04-10T17:54:58+00:00</Time>
     <Position>
      <LatitudeDegrees>43.9427300</LatitudeDegrees>
      <LongitudeDegrees>4.8098500</LongitudeDegrees>
     </Position>
     <AltitudeMeters>23.080000000000002</AltitudeMeters>
     <DistanceMeters>100042.70915626115</DistanceMeters>
    </Trackpoint>
    <Trackpoint>
     <Time>2026-04-10T17:55:05+00:00</Time>
     <Position>
      <LatitudeDegrees>43.9427600</LatitudeDegrees>
      <LongitudeDegrees>4.8099700</LongitudeDegrees>
     </Position>
     <AltitudeMeters>23.080000000000002</AltitudeMeters>
     <DistanceMeters>100052.88870036384</DistanceMeters>
    </Trackpoint>
    <Trackpoint>
     <Time>2026-04-10T17:55:11+00:00</Time>
     <Position>
      <LatitudeDegrees>43.9426300</LatitudeDegrees>
      <LongitudeDegrees>4.8100400</LongitudeDegrees>
     </Position>
     <AltitudeMeters>23.13</AltitudeMeters>
     <DistanceMeters>100068.40652783468</DistanceMeters>
    </Trackpoint>
    <Trackpoint>
     <Time>2026-04-10T17:55:18+00:00</Time>
     <Position>
      <LatitudeDegrees>43.9421600</LatitudeDegrees>
      <LongitudeDegrees>4.8103300</LongitudeDegrees>
     </Position>
     <AltitudeMeters>23.270000000000003</AltitudeMeters>
     <DistanceMeters>100125.64562885833</DistanceMeters>
    </Trackpoint>
    <Trackpoint>
     <Time>2026-04-10T17:55:24+00:00</Time>
     <Position>
      <LatitudeDegrees>43.9418500</LatitudeDegrees>
      <LongitudeDegrees>4.8105300</LongitudeDegrees>
     </Position>
     <AltitudeMeters>23.13</AltitudeMeters>
     <DistanceMeters>100163.68831744618</DistanceMeters>
    </Trackpoint>
    <Trackpoint>
     <Time>2026-04-10T17:55:31+00:00</Time>
     <Position>
      <LatitudeDegrees>43.9413600</LatitudeDegrees>
      <LongitudeDegrees>4.8109300</LongitudeDegrees>
     </Position>
     <AltitudeMeters>22.53</AltitudeMeters>
     <DistanceMeters>100226.94646758068</DistanceMeters>
    </Trackpoint>
    <Trackpoint>
     <Time>2026-04-10T17:55:37+00:00</Time>
     <Position>
      <LatitudeDegrees>43.9412300</LatitudeDegrees>
      <LongitudeDegrees>4.8110600</LongitudeDegrees>
     </Position>
     <AltitudeMeters>22.53</AltitudeMeters>
     <DistanceMeters>100244.77539808184</DistanceMeters>
    </Trackpoint>
    <Trackpoint>
     <Time>2026-04-10T17:55:44+00:00</Time>
     <Position>
      <LatitudeDegrees>43.9410200</LatitudeDegrees>
      <LongitudeDegrees>4.8112400</LongitudeDegrees>
     </Position>
     <AltitudeMeters>22.54</AltitudeMeters>
     <DistanceMeters>100272.24055686622</DistanceMeters>
    </Trackpoint>
    <Trackpoint>
     <Time>2026-04-10T17:55:50+00:00</Time>
     <Position>
      <LatitudeDegrees>43.9404200</LatitudeDegrees>
      <LongitudeDegrees>4.8115900</LongitudeDegrees>
     </Position>
     <AltitudeMeters>22.88</AltitudeMeters>
     <DistanceMeters>100344.66952888086</DistanceMeters>
    </Trackpoint>
    <Trackpoint>
     <Time>2026-04-10T17:55:57+00:00</Time>
     <Position>
      <LatitudeDegrees>43.9401200</LatitudeDegrees>
      <LongitudeDegrees>4.8118500</LongitudeDegrees>
     </Position>
     <AltitudeMeters>22.650000000000002</AltitudeMeters>
     <DistanceMeters>100384.0263673449</DistanceMeters>
    </Trackpoint>
    <Trackpoint>
     <Time>2026-04-10T17:56:03+00:00</Time>
     <Position>
      <LatitudeDegrees>43.9395100</LatitudeDegrees>
      <LongitudeDegrees>4.8125700</LongitudeDegrees>
     </Position>
     <AltitudeMeters>22.47</AltitudeMeters>
     <DistanceMeters>100473.12480723923</DistanceMeters>
    </Trackpoint>
    <Trackpoint>
     <Time>2026-04-10T17:56:10+00:00</Time>
     <Position>
      <LatitudeDegrees>43.9391700</LatitudeDegrees>
      <LongitudeDegrees>4.8129400</LongitudeDegrees>
     </Position>
     <AltitudeMeters>22.0</AltitudeMeters>
     <DistanceMeters>100521.19935120239</DistanceMeters>
    </Trackpoint>
    <Trackpoint>
     <Time>2026-04-10T17:56:16+00:00</Time>
     <Position>
      <LatitudeDegrees>43.9387100</LatitudeDegrees>
      <LongitudeDegrees>4.8133750</LongitudeDegrees>
     </Position>
     <AltitudeMeters>21.54</AltitudeMeters>
     <DistanceMeters>100583.13783683753</DistanceMeters>
    </Trackpoint>
    <Trackpoint>
     <Time>2026-04-10T17:56:23+00:00</Time>
     <Position>
      <LatitudeDegrees>43.9382500</LatitudeDegrees>
      <LongitudeDegrees>4.8138100</LongitudeDegrees>
     </Position>
     <AltitudeMeters>21.900000000000002</AltitudeMeters>
     <DistanceMeters>100645.07633491699</DistanceMeters>
    </Trackpoint>
    <Trackpoint>
     <Time>2026-04-10T17:56:29+00:00</Time>
     <Position>
      <LatitudeDegrees>43.9376300</LatitudeDegrees>
      <LongitudeDegrees>4.8143400</LongitudeDegrees>
     </Position>
     <AltitudeMeters>21.740000000000002</AltitudeMeters>
     <DistanceMeters>100726.10506963986</DistanceMeters>
    </Trackpoint>
    <Trackpoint>
     <Time>2026-04-10T17:56:36+00:00</Time>
     <Position>
      <LatitudeDegrees>43.9375800</LatitudeDegrees>
      <LongitudeDegrees>4.8143300</LongitudeDegrees>
     </Position>
     <AltitudeMeters>21.740000000000002</AltitudeMeters>
     <DistanceMeters>100731.72726846578</DistanceMeters>
    </Trackpoint>
    <Trackpoint>
     <Time>2026-04-10T17:56:42+00:00</Time>
     <Position>
      <LatitudeDegrees>43.9372900</LatitudeDegrees>
      <LongitudeDegrees>4.8145900</LongitudeDegrees>
     </Position>
     <AltitudeMeters>21.740000000000002</AltitudeMeters>
     <DistanceMeters>100770.14497845079</DistanceMeters>
    </Trackpoint>
    <Trackpoint>
     <Time>2026-04-10T17:56:49+00:00</Time>
     <Position>
      <LatitudeDegrees>43.9368300</LatitudeDegrees>
      <LongitudeDegrees>4.8151600</LongitudeDegrees>
     </Position>
     <AltitudeMeters>22.42</AltitudeMeters>
     <DistanceMeters>100838.75911214619</DistanceMeters>
    </Trackpoint>
    <Trackpoint>
     <Time>2026-04-10T17:56:55+00:00</Time>
     <Position>
      <LatitudeDegrees>43.9364500</LatitudeDegrees>
      <LongitudeDegrees>4.8155400</LongitudeDegrees>
     </Position>
     <AltitudeMeters>22.26</AltitudeMeters>
     <DistanceMeters>100890.87584068367</DistanceMeters>
    </Trackpoint>
    <Trackpoint>
     <Time>2026-04-10T17:57:02+00:00</Time>
     <Position>
      <LatitudeDegrees>43.9360100</LatitudeDegrees>
      <LongitudeDegrees>4.8159200</LongitudeDegrees>
     </Position>
     <AltitudeMeters>21.730000000000004</AltitudeMeters>
     <DistanceMeters>100948.54379724855</DistanceMeters>
    </Trackpoint>
    <Trackpoint>
     <Time>2026-04-10T17:57:09+00:00</Time>
     <Position>
      <LatitudeDegrees>43.9359400</LatitudeDegrees>
      <LongitudeDegrees>4.8159600</LongitudeDegrees>
     </Position>
     <AltitudeMeters>21.730000000000004</AltitudeMeters>
     <DistanceMeters>100956.96830409522</DistanceMeters>
    </Trackpoint>
    <Trackpoint>
     <Time>2026-04-10T17:57:15+00:00</Time>
     <Position>
      <LatitudeDegrees>43.9357600</LatitudeDegrees>
      <LongitudeDegrees>4.8159900</LongitudeDegrees>
     </Position>
     <AltitudeMeters>21.71</AltitudeMeters>
     <DistanceMeters>100977.14529663023</DistanceMeters>
    </Trackpoint>
    <Trackpoint>
     <Time>2026-04-10T17:57:22+00:00</Time>
     <Position>
      <LatitudeDegrees>43.9351200</LatitudeDegrees>
      <LongitudeDegrees>4.8159900</LongitudeDegrees>
     </Position>
     <AltitudeMeters>21.95</AltitudeMeters>
     <DistanceMeters>101048.37453147203</DistanceMeters>
    </Trackpoint>
    <Trackpoint>
     <Time>2026-04-10T17:57:28+00:00</Time>
     <Position>
      <LatitudeDegrees>43.9349300</LatitudeDegrees>
      <LongitudeDegrees>4.8160300</LongitudeDegrees>
     </Position>
     <AltitudeMeters>21.75</AltitudeMeters>
     <DistanceMeters>101069.76234495974</DistanceMeters>
    </Trackpoint>
    <Trackpoint>
     <Time>2026-04-10T17:57:35+00:00</Time>
     <Position>
      <LatitudeDegrees>43.9347300</LatitudeDegrees>
      <LongitudeDegrees>4.8161200</LongitudeDegrees>
     </Position>
     <AltitudeMeters>21.75</AltitudeMeters>
     <DistanceMeters>101093.16106723167</DistanceMeters>
    </Trackpoint>
    <Trackpoint>
     <Time>2026-04-10T17:57:41+00:00</Time>
     <Position>
      <LatitudeDegrees>43.9344500</LatitudeDegrees>
      <LongitudeDegrees>4.8162700</LongitudeDegrees>
     </Position>
     <AltitudeMeters>21.14</AltitudeMeters>
     <DistanceMeters>101126.56243579637</DistanceMeters>
    </Trackpoint>
    <Trackpoint>
     <Time>2026-04-10T17:57:48+00:00</Time>
     <Position>
      <LatitudeDegrees>43.9342900</LatitudeDegrees>
      <LongitudeDegrees>4.8164200</LongitudeDegrees>
     </Position>
     <AltitudeMeters>21.120000000000005</AltitudeMeters>
     <DistanceMeters>101148.0480877338</DistanceMeters>
    </Trackpoint>
    <Trackpoint>
     <Time>2026-04-10T17:57:54+00:00</Time>
     <Position>
      <LatitudeDegrees>43.9341800</LatitudeDegrees>
      <LongitudeDegrees>4.8166300</LongitudeDegrees>
     </Position>
     <AltitudeMeters>20.87</AltitudeMeters>
     <DistanceMeters>101168.86071298034</DistanceMeters>
    </Trackpoint>
    <Trackpoint>
     <Time>2026-04-10T17:58:01+00:00</Time>
     <Position>
      <LatitudeDegrees>43.9338400</LatitudeDegrees>
      <LongitudeDegrees>4.8173600</LongitudeDegrees>
     </Position>
     <AltitudeMeters>21.03</AltitudeMeters>
     <DistanceMeters>101238.5394826244</DistanceMeters>
    </Trackpoint>
    <Trackpoint>
     <Time>2026-04-10T17:58:07+00:00</Time>
     <Position>
      <LatitudeDegrees>43.9337000</LatitudeDegrees>
      <LongitudeDegrees>4.8176000</LongitudeDegrees>
     </Position>
     <AltitudeMeters>21.02</AltitudeMeters>
     <DistanceMeters>101263.29411469922</DistanceMeters>
    </Trackpoint>
    <Trackpoint>
     <Time>2026-04-10T17:58:14+00:00</Time>
     <Position>
      <LatitudeDegrees>43.9334300</LatitudeDegrees>
      <LongitudeDegrees>4.8179400</LongitudeDegrees>
     </Position>
     <AltitudeMeters>20.64</AltitudeMeters>
     <DistanceMeters>101303.85999947666</DistanceMeters>
    </Trackpoint>
    <Trackpoint>
     <Time>2026-04-10T17:58:20+00:00</Time>
     <Position>
      <LatitudeDegrees>43.9333300</LatitudeDegrees>
      <LongitudeDegrees>4.8181000</LongitudeDegrees>
     </Position>
     <AltitudeMeters>20.64</AltitudeMeters>
     <DistanceMeters>101320.83996380332</DistanceMeters>
    </Trackpoint>
    <Trackpoint>
     <Time>2026-04-10T17:58:27+00:00</Time>
     <Position>
      <LatitudeDegrees>43.9328600</LatitudeDegrees>
      <LongitudeDegrees>4.8190900</LongitudeDegrees>
     </Position>
     <AltitudeMeters>20.42</AltitudeMeters>
     <DistanceMeters>101415.87866924953</DistanceMeters>
    </Trackpoint>
    <Trackpoint>
     <Time>2026-04-10T17:58:33+00:00</Time>
     <Position>
      <LatitudeDegrees>43.9325700</LatitudeDegrees>
      <LongitudeDegrees>4.8198400</LongitudeDegrees>
     </Position>
     <AltitudeMeters>21.980000000000004</AltitudeMeters>
     <DistanceMeters>101484.10806069868</DistanceMeters>
    </Trackpoint>
    <Trackpoint>
     <Time>2026-04-10T17:58:40+00:00</Time>
     <Position>
      <LatitudeDegrees>43.9322700</LatitudeDegrees>
      <LongitudeDegrees>4.8203600</LongitudeDegrees>
     </Position>
     <AltitudeMeters>22.97</AltitudeMeters>
     <DistanceMeters>101537.51110256191</DistanceMeters>
    </Trackpoint>
    <Trackpoint>
     <Time>2026-04-10T17:58:46+00:00</Time>
     <Position>
      <LatitudeDegrees>43.9322100</LatitudeDegrees>
      <LongitudeDegrees>4.8203300</LongitudeDegrees>
     </Position>
     <AltitudeMeters>22.97</AltitudeMeters>
     <DistanceMeters>101544.60856377803</DistanceMeters>
    </Trackpoint>
    <Trackpoint>
     <Time>2026-04-10T17:58:53+00:00</Time>
     <Position>
      <LatitudeDegrees>43.9320400</LatitudeDegrees>
      <LongitudeDegrees>4.8203600</LongitudeDegrees>
     </Position>
     <AltitudeMeters>23.05</AltitudeMeters>
     <DistanceMeters>101563.68100995383</DistanceMeters>
    </Trackpoint>
    <Trackpoint>
     <Time>2026-04-10T17:58:59+00:00</Time>
     <Position>
      <LatitudeDegrees>43.9312867</LatitudeDegrees>
      <LongitudeDegrees>4.8204100</LongitudeDegrees>
     </Position>
     <AltitudeMeters>23.57</AltitudeMeters>
     <DistanceMeters>101647.61947170364</DistanceMeters>
    </Trackpoint>
    <Trackpoint>
     <Time>2026-04-10T17:59:06+00:00</Time>
     <Position>
      <LatitudeDegrees>43.9305333</LatitudeDegrees>
      <LongitudeDegrees>4.8204600</LongitudeDegrees>
     </Position>
     <AltitudeMeters>23.01</AltitudeMeters>
     <DistanceMeters>101731.55793345318</DistanceMeters>
    </Trackpoint>
    <Trackpoint>
     <Time>2026-04-10T17:59:13+00:00</Time>
     <Position>
      <LatitudeDegrees>43.9297800</LatitudeDegrees>
      <LongitudeDegrees>4.8205100</LongitudeDegrees>
     </Position>
     <AltitudeMeters>23.37</AltitudeMeters>
     <DistanceMeters>101815.4964246651</DistanceMeters>
    </Trackpoint>
    <Trackpoint>
     <Time>2026-04-10T17:59:19+00:00</Time>
     <Position>
      <LatitudeDegrees>43.9297200</LatitudeDegrees>
      <LongitudeDegrees>4.8204200</LongitudeDegrees>
     </Position>
     <AltitudeMeters>23.630000000000003</AltitudeMeters>
     <DistanceMeters>101825.3265917435</DistanceMeters>
    </Trackpoint>
    <Trackpoint>
     <Time>2026-04-10T17:59:26+00:00</Time>
     <Position>
      <LatitudeDegrees>43.9296200</LatitudeDegrees>
      <LongitudeDegrees>4.8203600</LongitudeDegrees>
     </Position>
     <AltitudeMeters>23.96</AltitudeMeters>
     <DistanceMeters>101837.45079139949</DistanceMeters>
    </Trackpoint>
    <Trackpoint>
     <Time>2026-04-10T17:59:32+00:00</Time>
     <Position>
      <LatitudeDegrees>43.9295200</LatitudeDegrees>
      <LongitudeDegrees>4.8203700</LongitudeDegrees>
     </Position>
     <AltitudeMeters>24.040000000000003</AltitudeMeters>
     <DistanceMeters>101848.60918533403</DistanceMeters>
    </Trackpoint>
    <Trackpoint>
     <Time>2026-04-10T17:59:39+00:00</Time>
     <Position>
      <LatitudeDegrees>43.9294500</LatitudeDegrees>
      <LongitudeDegrees>4.8204400</LongitudeDegrees>
     </Position>
     <AltitudeMeters>24.03</AltitudeMeters>
     <DistanceMeters>101858.21002979236</DistanceMeters>
    </Trackpoint>
    <Trackpoint>
     <Time>2026-04-10T17:59:45+00:00</Time>
     <Position>
      <LatitudeDegrees>43.9293800</LatitudeDegrees>
      <LongitudeDegrees>4.8205900</LongitudeDegrees>
     </Position>
     <AltitudeMeters>24.1</AltitudeMeters>
     <DistanceMeters>101872.53665011215</DistanceMeters>
    </Trackpoint>
    <Trackpoint>
     <Time>2026-04-10T17:59:52+00:00</Time>
     <Position>
      <LatitudeDegrees>43.9292900</LatitudeDegrees>
      <LongitudeDegrees>4.8206800</LongitudeDegrees>
     </Position>
     <AltitudeMeters>24.1</AltitudeMeters>
     <DistanceMeters>101884.88060361924</DistanceMeters>
    </Trackpoint>
    <Trackpoint>
     <Time>2026-04-10T17:59:58+00:00</Time>
     <Position>
      <LatitudeDegrees>43.9292000</LatitudeDegrees>
      <LongitudeDegrees>4.8207300</LongitudeDegrees>
     </Position>
     <AltitudeMeters>24.200000000000003</AltitudeMeters>
     <DistanceMeters>101895.6692313662</DistanceMeters>
    </Trackpoint>
    <Trackpoint>
     <Time>2026-04-10T18:00:05+00:00</Time>
     <Position>
      <LatitudeDegrees>43.9290900</LatitudeDegrees>
      <LongitudeDegrees>4.8207600</LongitudeDegrees>
     </Position>
     <AltitudeMeters>24.360000000000003</AltitudeMeters>
     <DistanceMeters>101908.14567908664</DistanceMeters>
    </Trackpoint>
    <Trackpoint>
     <Time>2026-04-10T18:00:11+00:00</Time>
     <Position>
      <LatitudeDegrees>43.9286800</LatitudeDegrees>
      <LongitudeDegrees>4.8207700</LongitudeDegrees>
     </Position>
     <AltitudeMeters>24.34</AltitudeMeters>
     <DistanceMeters>101953.78394711022</DistanceMeters>
    </Trackpoint>
    <Trackpoint>
     <Time>2026-04-10T18:00:18+00:00</Time>
     <Position>
      <LatitudeDegrees>43.9285600</LatitudeDegrees>
      <LongitudeDegrees>4.8208000</LongitudeDegrees>
     </Position>
     <AltitudeMeters>24.34</AltitudeMeters>
     <DistanceMeters>101967.35418383662</DistanceMeters>
    </Trackpoint>
    <Trackpoint>
     <Time>2026-04-10T18:00:24+00:00</Time>
     <Position>
      <LatitudeDegrees>43.9285500</LatitudeDegrees>
      <LongitudeDegrees>4.8208600</LongitudeDegrees>
     </Position>
     <AltitudeMeters>24.34</AltitudeMeters>
     <DistanceMeters>101972.29062736305</DistanceMeters>
    </Trackpoint>
    <Trackpoint>
     <Time>2026-04-10T18:00:31+00:00</Time>
     <Position>
      <LatitudeDegrees>43.9286750</LatitudeDegrees>
      <LongitudeDegrees>4.8220675</LongitudeDegrees>
     </Position>
     <AltitudeMeters>23.24</AltitudeMeters>
     <DistanceMeters>102070.07302041422</DistanceMeters>
    </Trackpoint>
    <Trackpoint>
     <Time>2026-04-10T18:00:37+00:00</Time>
     <Position>
      <LatitudeDegrees>43.9288000</LatitudeDegrees>
      <LongitudeDegrees>4.8232750</LongitudeDegrees>
     </Position>
     <AltitudeMeters>29.380000000000003</AltitudeMeters>
     <DistanceMeters>102167.8554134652</DistanceMeters>
    </Trackpoint>
    <Trackpoint>
     <Time>2026-04-10T18:00:44+00:00</Time>
     <Position>
      <LatitudeDegrees>43.9289250</LatitudeDegrees>
      <LongitudeDegrees>4.8244825</LongitudeDegrees>
     </Position>
     <AltitudeMeters>30.01</AltitudeMeters>
     <DistanceMeters>102265.63780651639</DistanceMeters>
    </Trackpoint>
    <Trackpoint>
     <Time>2026-04-10T18:00:50+00:00</Time>
     <Position>
      <LatitudeDegrees>43.9290500</LatitudeDegrees>
      <LongitudeDegrees>4.8256900</LongitudeDegrees>
     </Position>
     <AltitudeMeters>28.650000000000002</AltitudeMeters>
     <DistanceMeters>102363.42020404748</DistanceMeters>
    </Trackpoint>
    <Trackpoint>
     <Time>2026-04-10T18:00:57+00:00</Time>
     <Position>
      <LatitudeDegrees>43.9289100</LatitudeDegrees>
      <LongitudeDegrees>4.8257400</LongitudeDegrees>
     </Position>
     <AltitudeMeters>28.650000000000002</AltitudeMeters>
     <DistanceMeters>102379.5087716285</DistanceMeters>
    </Trackpoint>
    <Trackpoint>
     <Time>2026-04-10T18:01:04+00:00</Time>
     <Position>
      <LatitudeDegrees>43.9286200</LatitudeDegrees>
      <LongitudeDegrees>4.8259000</LongitudeDegrees>
     </Position>
     <AltitudeMeters>28.23</AltitudeMeters>
     <DistanceMeters>102414.23918015545</DistanceMeters>
    </Trackpoint>
    <Trackpoint>
     <Time>2026-04-10T18:01:10+00:00</Time>
     <Position>
      <LatitudeDegrees>43.9282200</LatitudeDegrees>
      <LongitudeDegrees>4.8261100</LongitudeDegrees>
     </Position>
     <AltitudeMeters>26.53</AltitudeMeters>
     <DistanceMeters>102461.83348528681</DistanceMeters>
    </Trackpoint>
    <Trackpoint>
     <Time>2026-04-10T18:01:17+00:00</Time>
     <Position>
      <LatitudeDegrees>43.9281200</LatitudeDegrees>
      <LongitudeDegrees>4.8261800</LongitudeDegrees>
     </Position>
     <AltitudeMeters>26.240000000000002</AltitudeMeters>
     <DistanceMeters>102474.29743010699</DistanceMeters>
    </Trackpoint>
    <Trackpoint>
     <Time>2026-04-10T18:01:23+00:00</Time>
     <Position>
      <LatitudeDegrees>43.9276000</LatitudeDegrees>
      <LongitudeDegrees>4.8267200</LongitudeDegrees>
     </Position>
     <AltitudeMeters>25.640000000000004</AltitudeMeters>
     <DistanceMeters>102546.56737389036</DistanceMeters>
    </Trackpoint>
    <Trackpoint>
     <Time>2026-04-10T18:01:30+00:00</Time>
     <Position>
      <LatitudeDegrees>43.9270800</LatitudeDegrees>
      <LongitudeDegrees>4.8272600</LongitudeDegrees>
     </Position>
     <AltitudeMeters>23.48</AltitudeMeters>
     <DistanceMeters>102618.83732680809</DistanceMeters>
    </Trackpoint>
    <Trackpoint>
     <Time>2026-04-10T18:01:36+00:00</Time>
     <Position>
      <LatitudeDegrees>43.9268600</LatitudeDegrees>
      <LongitudeDegrees>4.8274600</LongitudeDegrees>
     </Position>
     <AltitudeMeters>23.48</AltitudeMeters>
     <DistanceMeters>102648.10384595793</DistanceMeters>
    </Trackpoint>
    <Trackpoint>
     <Time>2026-04-10T18:01:43+00:00</Time>
     <Position>
      <LatitudeDegrees>43.9260900</LatitudeDegrees>
      <LongitudeDegrees>4.8280100</LongitudeDegrees>
     </Position>
     <AltitudeMeters>23.650000000000002</AltitudeMeters>
     <DistanceMeters>102744.47693851269</DistanceMeters>
    </Trackpoint>
    <Trackpoint>
     <Time>2026-04-10T18:01:49+00:00</Time>
     <Position>
      <LatitudeDegrees>43.9261800</LatitudeDegrees>
      <LongitudeDegrees>4.8282300</LongitudeDegrees>
     </Position>
     <AltitudeMeters>23.650000000000002</AltitudeMeters>
     <DistanceMeters>102764.75809082539</DistanceMeters>
    </Trackpoint>
    <Trackpoint>
     <Time>2026-04-10T18:01:56+00:00</Time>
     <Position>
      <LatitudeDegrees>43.9261900</LatitudeDegrees>
      <LongitudeDegrees>4.8283700</LongitudeDegrees>
     </Position>
     <AltitudeMeters>23.650000000000002</AltitudeMeters>
     <DistanceMeters>102776.03539677404</DistanceMeters>
    </Trackpoint>
    <Trackpoint>
     <Time>2026-04-10T18:02:02+00:00</Time>
     <Position>
      <LatitudeDegrees>43.9261200</LatitudeDegrees>
      <LongitudeDegrees>4.8288700</LongitudeDegrees>
     </Position>
     <AltitudeMeters>25.130000000000003</AltitudeMeters>
     <DistanceMeters>102816.86505304887</DistanceMeters>
    </Trackpoint>
    <Trackpoint>
     <Time>2026-04-10T18:02:09+00:00</Time>
     <Position>
      <LatitudeDegrees>43.9259900</LatitudeDegrees>
      <LongitudeDegrees>4.8292000</LongitudeDegrees>
     </Position>
     <AltitudeMeters>25.130000000000003</AltitudeMeters>
     <DistanceMeters>102847.01585785091</DistanceMeters>
    </Trackpoint>
    <Trackpoint>
     <Time>2026-04-10T18:02:15+00:00</Time>
     <Position>
      <LatitudeDegrees>43.9255950</LatitudeDegrees>
      <LongitudeDegrees>4.8301250</LongitudeDegrees>
     </Position>
     <AltitudeMeters>25.380000000000003</AltitudeMeters>
     <DistanceMeters>102933.21637790557</DistanceMeters>
    </Trackpoint>
    <Trackpoint>
     <Time>2026-04-10T18:02:22+00:00</Time>
     <Position>
      <LatitudeDegrees>43.9252000</LatitudeDegrees>
      <LongitudeDegrees>4.8310500</LongitudeDegrees>
     </Position>
     <AltitudeMeters>26.390000000000004</AltitudeMeters>
     <DistanceMeters>103019.41690143467</DistanceMeters>
    </Trackpoint>
    <Trackpoint>
     <Time>2026-04-10T18:02:28+00:00</Time>
     <Position>
      <LatitudeDegrees>43.9252500</LatitudeDegrees>
      <LongitudeDegrees>4.8311000</LongitudeDegrees>
     </Position>
     <AltitudeMeters>26.390000000000004</AltitudeMeters>
     <DistanceMeters>103026.27481522637</DistanceMeters>
    </Trackpoint>
    <Trackpoint>
     <Time>2026-04-10T18:02:35+00:00</Time>
     <Position>
      <LatitudeDegrees>43.9252800</LatitudeDegrees>
      <LongitudeDegrees>4.8312100</LongitudeDegrees>
     </Position>
     <AltitudeMeters>26.390000000000004</AltitudeMeters>
     <DistanceMeters>103035.70341478878</DistanceMeters>
    </Trackpoint>
    <Trackpoint>
     <Time>2026-04-10T18:02:41+00:00</Time>
     <Position>
      <LatitudeDegrees>43.9255500</LatitudeDegrees>
      <LongitudeDegrees>4.8317500</LongitudeDegrees>
     </Position>
     <AltitudeMeters>26.390000000000004</AltitudeMeters>
     <DistanceMeters>103088.39785709856</DistanceMeters>
    </Trackpoint>
    <Trackpoint>
     <Time>2026-04-10T18:02:48+00:00</Time>
     <Position>
      <LatitudeDegrees>43.9259900</LatitudeDegrees>
      <LongitudeDegrees>4.8324300</LongitudeDegrees>
     </Position>
     <AltitudeMeters>24.96</AltitudeMeters>
     <DistanceMeters>103161.67297805857</DistanceMeters>
    </Trackpoint>
    <Trackpoint>
     <Time>2026-04-10T18:02:54+00:00</Time>
     <Position>
      <LatitudeDegrees>43.9259900</LatitudeDegrees>
      <LongitudeDegrees>4.8325400</LongitudeDegrees>
     </Position>
     <AltitudeMeters>24.96</AltitudeMeters>
     <DistanceMeters>103170.49049126184</DistanceMeters>
    </Trackpoint>
    <Trackpoint>
     <Time>2026-04-10T18:03:01+00:00</Time>
     <Position>
      <LatitudeDegrees>43.9265000</LatitudeDegrees>
      <LongitudeDegrees>4.8331700</LongitudeDegrees>
     </Position>
     <AltitudeMeters>24.610000000000003</AltitudeMeters>
     <DistanceMeters>103246.46447857367</DistanceMeters>
    </Trackpoint>
    <Trackpoint>
     <Time>2026-04-10T18:03:08+00:00</Time>
     <Position>
      <LatitudeDegrees>43.9261050</LatitudeDegrees>
      <LongitudeDegrees>4.8338400</LongitudeDegrees>
     </Position>
     <AltitudeMeters>24.610000000000003</AltitudeMeters>
     <DistanceMeters>103315.8693560686</DistanceMeters>
    </Trackpoint>
    <Trackpoint>
     <Time>2026-04-10T18:03:14+00:00</Time>
     <Position>
      <LatitudeDegrees>43.9257100</LatitudeDegrees>
      <LongitudeDegrees>4.8345100</LongitudeDegrees>
     </Position>
     <AltitudeMeters>24.610000000000003</AltitudeMeters>
     <DistanceMeters>103385.27419969683</DistanceMeters>
    </Trackpoint>
    <Trackpoint>
     <Time>2026-04-10T18:03:21+00:00</Time>
     <Position>
      <LatitudeDegrees>43.9253050</LatitudeDegrees>
      <LongitudeDegrees>4.8349450</LongitudeDegrees>
     </Position>
     <AltitudeMeters>24.900000000000002</AltitudeMeters>
     <DistanceMeters>103442.26216080102</DistanceMeters>
    </Trackpoint>
    <Trackpoint>
     <Time>2026-04-10T18:03:27+00:00</Time>
     <Position>
      <LatitudeDegrees>43.9249000</LatitudeDegrees>
      <LongitudeDegrees>4.8353800</LongitudeDegrees>
     </Position>
     <AltitudeMeters>24.900000000000002</AltitudeMeters>
     <DistanceMeters>103499.25009491284</DistanceMeters>
    </Trackpoint>
    <Trackpoint>
     <Time>2026-04-10T18:03:34+00:00</Time>
     <Position>
      <LatitudeDegrees>43.9244200</LatitudeDegrees>
      <LongitudeDegrees>4.8358400</LongitudeDegrees>
     </Position>
     <AltitudeMeters>24.900000000000002</AltitudeMeters>
     <DistanceMeters>103564.16233258531</DistanceMeters>
    </Trackpoint>
    <Trackpoint>
     <Time>2026-04-10T18:03:40+00:00</Time>
     <Position>
      <LatitudeDegrees>43.9242400</LatitudeDegrees>
      <LongitudeDegrees>4.8359500</LongitudeDegrees>
     </Position>
     <AltitudeMeters>24.900000000000002</AltitudeMeters>
     <DistanceMeters>103586.05029443896</DistanceMeters>
    </Trackpoint>
    <Trackpoint>
     <Time>2026-04-10T18:03:47+00:00</Time>
     <Position>
      <LatitudeDegrees>43.9240400</LatitudeDegrees>
      <LongitudeDegrees>4.8360400</LongitudeDegrees>
     </Position>
     <AltitudeMeters>25.51</AltitudeMeters>
     <DistanceMeters>103609.44941644165</DistanceMeters>
    </Trackpoint>
    <Trackpoint>
     <Time>2026-04-10T18:03:53+00:00</Time>
     <Position>
      <LatitudeDegrees>43.9231600</LatitudeDegrees>
      <LongitudeDegrees>4.8362800</LongitudeDegrees>
     </Position>
     <AltitudeMeters>25.51</AltitudeMeters>
     <DistanceMeters>103709.26134385949</DistanceMeters>
    </Trackpoint>
    <Trackpoint>
     <Time>2026-04-10T18:04:00+00:00</Time>
     <Position>
      <LatitudeDegrees>43.9226600</LatitudeDegrees>
      <LongitudeDegrees>4.8363900</LongitudeDegrees>
     </Position>
     <AltitudeMeters>25.59</AltitudeMeters>
     <DistanceMeters>103765.60350086406</DistanceMeters>
    </Trackpoint>
    <Trackpoint>
     <Time>2026-04-10T18:04:06+00:00</Time>
     <Position>
      <LatitudeDegrees>43.9225700</LatitudeDegrees>
      <LongitudeDegrees>4.8364400</LongitudeDegrees>
     </Position>
     <AltitudeMeters>25.59</AltitudeMeters>
     <DistanceMeters>103776.39229456309</DistanceMeters>
    </Trackpoint>
    <Trackpoint>
     <Time>2026-04-10T18:04:13+00:00</Time>
     <Position>
      <LatitudeDegrees>43.9225200</LatitudeDegrees>
      <LongitudeDegrees>4.8365000</LongitudeDegrees>
     </Position>
     <AltitudeMeters>25.59</AltitudeMeters>
     <DistanceMeters>103783.74765292899</DistanceMeters>
    </Trackpoint>
    <Trackpoint>
     <Time>2026-04-10T18:04:19+00:00</Time>
     <Position>
      <LatitudeDegrees>43.9224300</LatitudeDegrees>
      <LongitudeDegrees>4.8367100</LongitudeDegrees>
     </Position>
     <AltitudeMeters>25.59</AltitudeMeters>
     <DistanceMeters>103803.33669316441</DistanceMeters>
    </Trackpoint>
    <Trackpoint>
     <Time>2026-04-10T18:04:26+00:00</Time>
     <Position>
      <LatitudeDegrees>43.9222800</LatitudeDegrees>
      <LongitudeDegrees>4.8370200</LongitudeDegrees>
     </Position>
     <AltitudeMeters>25.59</AltitudeMeters>
     <DistanceMeters>103833.27441712578</DistanceMeters>
    </Trackpoint>
    <Trackpoint>
     <Time>2026-04-10T18:04:32+00:00</Time>
     <Position>
      <LatitudeDegrees>43.9221200</LatitudeDegrees>
      <LongitudeDegrees>4.8372400</LongitudeDegrees>
     </Position>
     <AltitudeMeters>25.59</AltitudeMeters>
     <DistanceMeters>103858.33701932032</DistanceMeters>
    </Trackpoint>
    <Trackpoint>
     <Time>2026-04-10T18:04:39+00:00</Time>
     <Position>
      <LatitudeDegrees>43.9220100</LatitudeDegrees>
      <LongitudeDegrees>4.8374400</LongitudeDegrees>
     </Position>
     <AltitudeMeters>23.810000000000002</AltitudeMeters>
     <DistanceMeters>103878.50960699983</DistanceMeters>
    </Trackpoint>
    <Trackpoint>
     <Time>2026-04-10T18:04:45+00:00</Time>
     <Position>
      <LatitudeDegrees>43.9219600</LatitudeDegrees>
      <LongitudeDegrees>4.8375800</LongitudeDegrees>
     </Position>
     <AltitudeMeters>23.810000000000002</AltitudeMeters>
     <DistanceMeters>103891.03652048342</DistanceMeters>
    </Trackpoint>
    <Trackpoint>
     <Time>2026-04-10T18:04:52+00:00</Time>
     <Position>
      <LatitudeDegrees>43.9218000</LatitudeDegrees>
      <LongitudeDegrees>4.8382700</LongitudeDegrees>
     </Position>
     <AltitudeMeters>23.810000000000002</AltitudeMeters>
     <DistanceMeters>103949.1459267665</DistanceMeters>
    </Trackpoint>
    <Trackpoint>
     <Time>2026-04-10T18:04:58+00:00</Time>
     <Position>
      <LatitudeDegrees>43.9216600</LatitudeDegrees>
      <LongitudeDegrees>4.8385700</LongitudeDegrees>
     </Position>
     <AltitudeMeters>23.810000000000002</AltitudeMeters>
     <DistanceMeters>103977.80177470818</DistanceMeters>
    </Trackpoint>
    <Trackpoint>
     <Time>2026-04-10T18:05:05+00:00</Time>
     <Position>
      <LatitudeDegrees>43.9212800</LatitudeDegrees>
      <LongitudeDegrees>4.8391100</LongitudeDegrees>
     </Position>
     <AltitudeMeters>23.810000000000002</AltitudeMeters>
     <DistanceMeters>104038.32122481582</DistanceMeters>
    </Trackpoint>
    <Trackpoint>
     <Time>2026-04-10T18:05:12+00:00</Time>
     <Position>
      <LatitudeDegrees>43.9211600</LatitudeDegrees>
      <LongitudeDegrees>4.8393700</LongitudeDegrees>
     </Position>
     <AltitudeMeters>25.45</AltitudeMeters>
     <DistanceMeters>104063.07606853305</DistanceMeters>
    </Trackpoint>
    <Trackpoint>
     <Time>2026-04-10T18:05:18+00:00</Time>
     <Position>
      <LatitudeDegrees>43.9209700</LatitudeDegrees>
      <LongitudeDegrees>4.8405100</LongitudeDegrees>
     </Position>
     <AltitudeMeters>25.45</AltitudeMeters>
     <DistanceMeters>104156.87970528043</DistanceMeters>
    </Trackpoint>
    <Trackpoint>
     <Time>2026-04-10T18:05:25+00:00</Time>
     <Position>
      <LatitudeDegrees>43.9209900</LatitudeDegrees>
      <LongitudeDegrees>4.8406800</LongitudeDegrees>
     </Position>
     <AltitudeMeters>25.45</AltitudeMeters>
     <DistanceMeters>104170.68850301832</DistanceMeters>
    </Trackpoint>
    <Trackpoint>
     <Time>2026-04-10T18:05:31+00:00</Time>
     <Position>
      <LatitudeDegrees>43.9212000</LatitudeDegrees>
      <LongitudeDegrees>4.8410200</LongitudeDegrees>
     </Position>
     <AltitudeMeters>25.45</AltitudeMeters>
     <DistanceMeters>104206.59344221943</DistanceMeters>
    </Trackpoint>
    <Trackpoint>
     <Time>2026-04-10T18:05:38+00:00</Time>
     <Position>
      <LatitudeDegrees>43.9213800</LatitudeDegrees>
      <LongitudeDegrees>4.8415000</LongitudeDegrees>
     </Position>
     <AltitudeMeters>25.45</AltitudeMeters>
     <DistanceMeters>104249.9754538104</DistanceMeters>
    </Trackpoint>
    <Trackpoint>
     <Time>2026-04-10T18:05:44+00:00</Time>
     <Position>
      <LatitudeDegrees>43.9215700</LatitudeDegrees>
      <LongitudeDegrees>4.8417400</LongitudeDegrees>
     </Position>
     <AltitudeMeters>25.45</AltitudeMeters>
     <DistanceMeters>104278.56436462671</DistanceMeters>
    </Trackpoint>
    <Trackpoint>
     <Time>2026-04-10T18:05:51+00:00</Time>
     <Position>
      <LatitudeDegrees>43.9220000</LatitudeDegrees>
      <LongitudeDegrees>4.8421600</LongitudeDegrees>
     </Position>
     <AltitudeMeters>23.950000000000003</AltitudeMeters>
     <DistanceMeters>104337.07861649721</DistanceMeters>
    </Trackpoint>
    <Trackpoint>
     <Time>2026-04-10T18:05:57+00:00</Time>
     <Position>
      <LatitudeDegrees>43.9224300</LatitudeDegrees>
      <LongitudeDegrees>4.8425800</LongitudeDegrees>
     </Position>
     <AltitudeMeters>23.950000000000003</AltitudeMeters>
     <DistanceMeters>104395.59284237445</DistanceMeters>
    </Trackpoint>
    <Trackpoint>
     <Time>2026-04-10T18:06:04+00:00</Time>
     <Position>
      <LatitudeDegrees>43.9224900</LatitudeDegrees>
      <LongitudeDegrees>4.8426600</LongitudeDegrees>
     </Position>
     <AltitudeMeters>23.950000000000003</AltitudeMeters>
     <DistanceMeters>104404.85136799532</DistanceMeters>
    </Trackpoint>
    <Trackpoint>
     <Time>2026-04-10T18:06:10+00:00</Time>
     <Position>
      <LatitudeDegrees>43.9225500</LatitudeDegrees>
      <LongitudeDegrees>4.8427900</LongitudeDegrees>
     </Position>
     <AltitudeMeters>23.950000000000003</AltitudeMeters>
     <DistanceMeters>104417.22859811955</DistanceMeters>
    </Trackpoint>
    <Trackpoint>
     <Time>2026-04-10T18:06:17+00:00</Time>
     <Position>
      <LatitudeDegrees>43.9225800</LatitudeDegrees>
      <LongitudeDegrees>4.8428100</LongitudeDegrees>
     </Position>
     <AltitudeMeters>23.950000000000003</AltitudeMeters>
     <DistanceMeters>104420.93245435964</DistanceMeters>
    </Trackpoint>
    <Trackpoint>
     <Time>2026-04-10T18:06:23+00:00</Time>
     <Position>
      <LatitudeDegrees>43.9226200</LatitudeDegrees>
      <LongitudeDegrees>4.8428000</LongitudeDegrees>
     </Position>
     <AltitudeMeters>23.950000000000003</AltitudeMeters>
     <DistanceMeters>104425.45588097718</DistanceMeters>
    </Trackpoint>
    <Trackpoint>
     <Time>2026-04-10T18:06:30+00:00</Time>
     <Position>
      <LatitudeDegrees>43.9227900</LatitudeDegrees>
      <LongitudeDegrees>4.8426300</LongitudeDegrees>
     </Position>
     <AltitudeMeters>23.950000000000003</AltitudeMeters>
     <DistanceMeters>104448.77312525078</DistanceMeters>
    </Trackpoint>
    <Trackpoint>
     <Time>2026-04-10T18:06:36+00:00</Time>
     <Position>
      <LatitudeDegrees>43.9228500</LatitudeDegrees>
      <LongitudeDegrees>4.8426100</LongitudeDegrees>
     </Position>
     <AltitudeMeters>23.950000000000003</AltitudeMeters>
     <DistanceMeters>104455.64063537562</DistanceMeters>
    </Trackpoint>
    <Trackpoint>
     <Time>2026-04-10T18:06:43+00:00</Time>
     <Position>
      <LatitudeDegrees>43.9229100</LatitudeDegrees>
      <LongitudeDegrees>4.8426200</LongitudeDegrees>
     </Position>
     <AltitudeMeters>23.950000000000003</AltitudeMeters>
     <DistanceMeters>104462.36632038442</DistanceMeters>
    </Trackpoint>
    <Trackpoint>
     <Time>2026-04-10T18:06:49+00:00</Time>
     <Position>
      <LatitudeDegrees>43.9226800</LatitudeDegrees>
      <LongitudeDegrees>4.8434900</LongitudeDegrees>
     </Position>
     <AltitudeMeters>24.8</AltitudeMeters>
     <DistanceMeters>104536.65791232752</DistanceMeters>
    </Trackpoint>
    <Trackpoint>
     <Time>2026-04-10T18:06:56+00:00</Time>
     <Position>
      <LatitudeDegrees>43.9227900</LatitudeDegrees>
      <LongitudeDegrees>4.8435500</LongitudeDegrees>
     </Position>
     <AltitudeMeters>24.8</AltitudeMeters>
     <DistanceMeters>104549.81138108083</DistanceMeters>
    </Trackpoint>
    <Trackpoint>
     <Time>2026-04-10T18:07:03+00:00</Time>
     <Position>
      <LatitudeDegrees>43.9236100</LatitudeDegrees>
      <LongitudeDegrees>4.8437500</LongitudeDegrees>
     </Position>
     <AltitudeMeters>25.820000000000004</AltitudeMeters>
     <DistanceMeters>104642.47140567124</DistanceMeters>
    </Trackpoint>
    <Trackpoint>
     <Time>2026-04-10T18:07:09+00:00</Time>
     <Position>
      <LatitudeDegrees>43.9239900</LatitudeDegrees>
      <LongitudeDegrees>4.8438600</LongitudeDegrees>
     </Position>
     <AltitudeMeters>25.86</AltitudeMeters>
     <DistanceMeters>104685.67323230984</DistanceMeters>
    </Trackpoint>
    <Trackpoint>
     <Time>2026-04-10T18:07:16+00:00</Time>
     <Position>
      <LatitudeDegrees>43.9245000</LatitudeDegrees>
      <LongitudeDegrees>4.8439600</LongitudeDegrees>
     </Position>
     <AltitudeMeters>26.650000000000002</AltitudeMeters>
     <DistanceMeters>104742.99728295009</DistanceMeters>
    </Trackpoint>
    <Trackpoint>
     <Time>2026-04-10T18:07:22+00:00</Time>
     <Position>
      <LatitudeDegrees>43.9250400</LatitudeDegrees>
      <LongitudeDegrees>4.8441200</LongitudeDegrees>
     </Position>
     <AltitudeMeters>26.650000000000002</AltitudeMeters>
     <DistanceMeters>104804.45026892683</DistanceMeters>
    </Trackpoint>
    <Trackpoint>
     <Time>2026-04-10T18:07:29+00:00</Time>
     <Position>
      <LatitudeDegrees>43.9254500</LatitudeDegrees>
      <LongitudeDegrees>4.8442700</LongitudeDegrees>
     </Position>
     <AltitudeMeters>25.460000000000004</AltitudeMeters>
     <DistanceMeters>104851.6391062926</DistanceMeters>
    </Trackpoint>
    <Trackpoint>
     <Time>2026-04-10T18:07:35+00:00</Time>
     <Position>
      <LatitudeDegrees>43.9257400</LatitudeDegrees>
      <LongitudeDegrees>4.8444300</LongitudeDegrees>
     </Position>
     <AltitudeMeters>25.460000000000004</AltitudeMeters>
     <DistanceMeters>104886.36976721823</DistanceMeters>
    </Trackpoint>
    <Trackpoint>
     <Time>2026-04-10T18:07:42+00:00</Time>
     <Position>
      <LatitudeDegrees>43.9258600</LatitudeDegrees>
      <LongitudeDegrees>4.8445000</LongitudeDegrees>
     </Position>
     <AltitudeMeters>25.26</AltitudeMeters>
     <DistanceMeters>104900.85610677226</DistanceMeters>
    </Trackpoint>
    <Trackpoint>
     <Time>2026-04-10T18:07:48+00:00</Time>
     <Position>
      <LatitudeDegrees>43.9261200</LatitudeDegrees>
      <LongitudeDegrees>4.8447200</LongitudeDegrees>
     </Position>
     <AltitudeMeters>25.02</AltitudeMeters>
     <DistanceMeters>104934.74322802668</DistanceMeters>
    </Trackpoint>
    <Trackpoint>
     <Time>2026-04-10T18:07:55+00:00</Time>
     <Position>
      <LatitudeDegrees>43.9261800</LatitudeDegrees>
      <LongitudeDegrees>4.8447400</LongitudeDegrees>
     </Position>
     <AltitudeMeters>25.02</AltitudeMeters>
     <DistanceMeters>104941.61071720057</DistanceMeters>
    </Trackpoint>
    <Trackpoint>
     <Time>2026-04-10T18:08:01+00:00</Time>
     <Position>
      <LatitudeDegrees>43.9262100</LatitudeDegrees>
      <LongitudeDegrees>4.8445500</LongitudeDegrees>
     </Position>
     <AltitudeMeters>25.130000000000003</AltitudeMeters>
     <DistanceMeters>104957.20260528708</DistanceMeters>
    </Trackpoint>
    <Trackpoint>
     <Time>2026-04-10T18:08:08+00:00</Time>
     <Position>
      <LatitudeDegrees>43.9262500</LatitudeDegrees>
      <LongitudeDegrees>4.8445000</LongitudeDegrees>
     </Position>
     <AltitudeMeters>25.130000000000003</AltitudeMeters>
     <DistanceMeters>104963.1927958802</DistanceMeters>
    </Trackpoint>
   </Track>
  </Course>
 </Courses>
</TrainingCenterDatabase>
