<?xml version="1.0" encoding="UTF-8"?>
<TrainingCenterDatabase xsi:schemaLocation="http://www.garmin.com/xmlschemas/TrainingCenterDatabase/v2 http://www.garmin.com/xmlschemas/TrainingCenterDatabasev2.xsd" xmlns:ns5="http://www.garmin.com/xmlschemas/ActivityGoals/v1" xmlns:ns3="http://www.garmin.com/xmlschemas/ActivityExtension/v2" xmlns:ns2="http://www.garmin.com/xmlschemas/UserProfile/v2" xmlns="http://www.garmin.com/xmlschemas/TrainingCenterDatabase/v2" xmlns:xsi="http://www.w3.org/2001/XMLSchema-instance">
 <Folders/>
 <Courses>
  <Course>
   <Name>KOTR_D4_Luberon</Name>
   <Lap>
    <TotalTimeSeconds>13186.128020489381</TotalTimeSeconds>
    <DistanceMeters>91381.72279201732</DistanceMeters>
    <Intensity>Active</Intensity>
   </Lap>
   <Track>
    <Trackpoint>
     <Time>2026-04-10T13:58:02+00:00</Time>
     <Position>
      <LatitudeDegrees>43.9260200</LatitudeDegrees>
      <LongitudeDegrees>4.8438600</LongitudeDegrees>
     </Position>
     <AltitudeMeters>25.5</AltitudeMeters>
     <DistanceMeters>0.0</DistanceMeters>
    </Trackpoint>
    <Trackpoint>
     <Time>2026-04-10T13:58:08+00:00</Time>
     <Position>
      <LatitudeDegrees>43.9260100</LatitudeDegrees>
      <LongitudeDegrees>4.8440200</LongitudeDegrees>
     </Position>
     <AltitudeMeters>25.41</AltitudeMeters>
     <DistanceMeters>12.873667367080687</DistanceMeters>
    </Trackpoint>
    <Trackpoint>
     <Time>2026-04-10T13:58:15+00:00</Time>
     <Position>
      <LatitudeDegrees>43.9259800</LatitudeDegrees>
      <LongitudeDegrees>4.8441000</LongitudeDegrees>
     </Position>
     <AltitudeMeters>25.41</AltitudeMeters>
     <DistanceMeters>20.103552757136004</DistanceMeters>
    </Trackpoint>
    <Trackpoint>
     <Time>2026-04-10T13:58:22+00:00</Time>
     <Position>
      <LatitudeDegrees>43.9258900</LatitudeDegrees>
      <LongitudeDegrees>4.8443100</LongitudeDegrees>
     </Position>
     <AltitudeMeters>25.32</AltitudeMeters>
     <DistanceMeters>39.691751580859794</DistanceMeters>
    </Trackpoint>
    <Trackpoint>
     <Time>2026-04-10T13:58:29+00:00</Time>
     <Position>
      <LatitudeDegrees>43.9258600</LatitudeDegrees>
      <LongitudeDegrees>4.8445000</LongitudeDegrees>
     </Position>
     <AltitudeMeters>25.32</AltitudeMeters>
     <DistanceMeters>55.28371969796943</DistanceMeters>
    </Trackpoint>
    <Trackpoint>
     <Time>2026-04-10T13:58:36+00:00</Time>
     <Position>
      <LatitudeDegrees>43.9254500</LatitudeDegrees>
      <LongitudeDegrees>4.8442700</LongitudeDegrees>
     </Position>
     <AltitudeMeters>25.460000000000004</AltitudeMeters>
     <DistanceMeters>104.49877584573123</DistanceMeters>
    </Trackpoint>
    <Trackpoint>
     <Time>2026-04-10T13:58:42+00:00</Time>
     <Position>
      <LatitudeDegrees>43.9250400</LatitudeDegrees>
      <LongitudeDegrees>4.8441200</LongitudeDegrees>
     </Position>
     <AltitudeMeters>26.650000000000002</AltitudeMeters>
     <DistanceMeters>151.68761321150672</DistanceMeters>
    </Trackpoint>
    <Trackpoint>
     <Time>2026-04-10T13:58:49+00:00</Time>
     <Position>
      <LatitudeDegrees>43.9245000</LatitudeDegrees>
      <LongitudeDegrees>4.8439600</LongitudeDegrees>
     </Position>
     <AltitudeMeters>25.86</AltitudeMeters>
     <DistanceMeters>213.14059918823</DistanceMeters>
    </Trackpoint>
    <Trackpoint>
     <Time>2026-04-10T13:58:56+00:00</Time>
     <Position>
      <LatitudeDegrees>43.9239900</LatitudeDegrees>
      <LongitudeDegrees>4.8438600</LongitudeDegrees>
     </Position>
     <AltitudeMeters>25.86</AltitudeMeters>
     <DistanceMeters>270.4646498284819</DistanceMeters>
    </Trackpoint>
    <Trackpoint>
     <Time>2026-04-10T13:59:03+00:00</Time>
     <Position>
      <LatitudeDegrees>43.9236100</LatitudeDegrees>
      <LongitudeDegrees>4.8437500</LongitudeDegrees>
     </Position>
     <AltitudeMeters>25.820000000000004</AltitudeMeters>
     <DistanceMeters>313.66647646709475</DistanceMeters>
    </Trackpoint>
    <Trackpoint>
     <Time>2026-04-10T13:59:10+00:00</Time>
     <Position>
      <LatitudeDegrees>43.9227900</LatitudeDegrees>
      <LongitudeDegrees>4.8435500</LongitudeDegrees>
     </Position>
     <AltitudeMeters>24.8</AltitudeMeters>
     <DistanceMeters>406.32650105749497</DistanceMeters>
    </Trackpoint>
    <Trackpoint>
     <Time>2026-04-10T13:59:16+00:00</Time>
     <Position>
      <LatitudeDegrees>43.9226800</LatitudeDegrees>
      <LongitudeDegrees>4.8434900</LongitudeDegrees>
     </Position>
     <AltitudeMeters>24.8</AltitudeMeters>
     <DistanceMeters>419.4799698108142</DistanceMeters>
    </Trackpoint>
    <Trackpoint>
     <Time>2026-04-10T13:59:23+00:00</Time>
     <Position>
      <LatitudeDegrees>43.9225600</LatitudeDegrees>
      <LongitudeDegrees>4.8434800</LongitudeDegrees>
     </Position>
     <AltitudeMeters>24.8</AltitudeMeters>
     <DistanceMeters>432.85948810174676</DistanceMeters>
    </Trackpoint>
    <Trackpoint>
     <Time>2026-04-10T13:59:30+00:00</Time>
     <Position>
      <LatitudeDegrees>43.9224800</LatitudeDegrees>
      <LongitudeDegrees>4.8434900</LongitudeDegrees>
     </Position>
     <AltitudeMeters>24.8</AltitudeMeters>
     <DistanceMeters>441.7991573216156</DistanceMeters>
    </Trackpoint>
    <Trackpoint>
     <Time>2026-04-10T13:59:37+00:00</Time>
     <Position>
      <LatitudeDegrees>43.9220100</LatitudeDegrees>
      <LongitudeDegrees>4.8436200</LongitudeDegrees>
     </Position>
     <AltitudeMeters>24.8</AltitudeMeters>
     <DistanceMeters>495.1361321229143</DistanceMeters>
    </Trackpoint>
    <Trackpoint>
     <Time>2026-04-10T13:59:44+00:00</Time>
     <Position>
      <LatitudeDegrees>43.9219200</LatitudeDegrees>
      <LongitudeDegrees>4.8436700</LongitudeDegrees>
     </Position>
     <AltitudeMeters>24.8</AltitudeMeters>
     <DistanceMeters>505.92494209154364</DistanceMeters>
    </Trackpoint>
    <Trackpoint>
     <Time>2026-04-10T13:59:50+00:00</Time>
     <Position>
      <LatitudeDegrees>43.9217900</LatitudeDegrees>
      <LongitudeDegrees>4.8438200</LongitudeDegrees>
     </Position>
     <AltitudeMeters>24.8</AltitudeMeters>
     <DistanceMeters>524.7379571835477</DistanceMeters>
    </Trackpoint>
    <Trackpoint>
     <Time>2026-04-10T13:59:57+00:00</Time>
     <Position>
      <LatitudeDegrees>43.9214400</LatitudeDegrees>
      <LongitudeDegrees>4.8445400</LongitudeDegrees>
     </Position>
     <AltitudeMeters>25.7</AltitudeMeters>
     <DistanceMeters>594.371590693582</DistanceMeters>
    </Trackpoint>
    <Trackpoint>
     <Time>2026-04-10T14:00:04+00:00</Time>
     <Position>
      <LatitudeDegrees>43.9212500</LatitudeDegrees>
      <LongitudeDegrees>4.8447900</LongitudeDegrees>
     </Position>
     <AltitudeMeters>25.7</AltitudeMeters>
     <DistanceMeters>623.5060600050165</DistanceMeters>
    </Trackpoint>
    <Trackpoint>
     <Time>2026-04-10T14:00:11+00:00</Time>
     <Position>
      <LatitudeDegrees>43.9210200</LatitudeDegrees>
      <LongitudeDegrees>4.8449500</LongitudeDegrees>
     </Position>
     <AltitudeMeters>25.7</AltitudeMeters>
     <DistanceMeters>652.13781777002</DistanceMeters>
    </Trackpoint>
    <Trackpoint>
     <Time>2026-04-10T14:00:18+00:00</Time>
     <Position>
      <LatitudeDegrees>43.9207800</LatitudeDegrees>
      <LongitudeDegrees>4.8450300</LongitudeDegrees>
     </Position>
     <AltitudeMeters>25.7</AltitudeMeters>
     <DistanceMeters>679.607906589837</DistanceMeters>
    </Trackpoint>
    <Trackpoint>
     <Time>2026-04-10T14:00:24+00:00</Time>
     <Position>
      <LatitudeDegrees>43.9206100</LatitudeDegrees>
      <LongitudeDegrees>4.8450600</LongitudeDegrees>
     </Position>
     <AltitudeMeters>25.7</AltitudeMeters>
     <DistanceMeters>698.680411026217</DistanceMeters>
    </Trackpoint>
    <Trackpoint>
     <Time>2026-04-10T14:00:31+00:00</Time>
     <Position>
      <LatitudeDegrees>43.9203300</LatitudeDegrees>
      <LongitudeDegrees>4.8451600</LongitudeDegrees>
     </Position>
     <AltitudeMeters>25.7</AltitudeMeters>
     <DistanceMeters>730.8578318664655</DistanceMeters>
    </Trackpoint>
    <Trackpoint>
     <Time>2026-04-10T14:00:38+00:00</Time>
     <Position>
      <LatitudeDegrees>43.9197300</LatitudeDegrees>
      <LongitudeDegrees>4.8455500</LongitudeDegrees>
     </Position>
     <AltitudeMeters>27.37</AltitudeMeters>
     <DistanceMeters>804.5921093122538</DistanceMeters>
    </Trackpoint>
    <Trackpoint>
     <Time>2026-04-10T14:00:45+00:00</Time>
     <Position>
      <LatitudeDegrees>43.9191300</LatitudeDegrees>
      <LongitudeDegrees>4.8459400</LongitudeDegrees>
     </Position>
     <AltitudeMeters>27.37</AltitudeMeters>
     <DistanceMeters>878.3264222219162</DistanceMeters>
    </Trackpoint>
    <Trackpoint>
     <Time>2026-04-10T14:00:52+00:00</Time>
     <Position>
      <LatitudeDegrees>43.9188400</LatitudeDegrees>
      <LongitudeDegrees>4.8462100</LongitudeDegrees>
     </Position>
     <AltitudeMeters>27.37</AltitudeMeters>
     <DistanceMeters>917.1883966078972</DistanceMeters>
    </Trackpoint>
    <Trackpoint>
     <Time>2026-04-10T14:00:58+00:00</Time>
     <Position>
      <LatitudeDegrees>43.9184000</LatitudeDegrees>
      <LongitudeDegrees>4.8467000</LongitudeDegrees>
     </Position>
     <AltitudeMeters>27.64</AltitudeMeters>
     <DistanceMeters>979.9674951133151</DistanceMeters>
    </Trackpoint>
    <Trackpoint>
     <Time>2026-04-10T14:01:05+00:00</Time>
     <Position>
      <LatitudeDegrees>43.9183000</LatitudeDegrees>
      <LongitudeDegrees>4.8467700</LongitudeDegrees>
     </Position>
     <AltitudeMeters>27.64</AltitudeMeters>
     <DistanceMeters>992.4318569398594</DistanceMeters>
    </Trackpoint>
    <Trackpoint>
     <Time>2026-04-10T14:01:12+00:00</Time>
     <Position>
      <LatitudeDegrees>43.9178900</LatitudeDegrees>
      <LongitudeDegrees>4.8469100</LongitudeDegrees>
     </Position>
     <AltitudeMeters>27.750000000000004</AltitudeMeters>
     <DistanceMeters>1039.4231564858408</DistanceMeters>
    </Trackpoint>
    <Trackpoint>
     <Time>2026-04-10T14:01:19+00:00</Time>
     <Position>
      <LatitudeDegrees>43.9176100</LatitudeDegrees>
      <LongitudeDegrees>4.8470700</LongitudeDegrees>
     </Position>
     <AltitudeMeters>27.750000000000004</AltitudeMeters>
     <DistanceMeters>1073.1226793937392</DistanceMeters>
    </Trackpoint>
    <Trackpoint>
     <Time>2026-04-10T14:01:26+00:00</Time>
     <Position>
      <LatitudeDegrees>43.9174400</LatitudeDegrees>
      <LongitudeDegrees>4.8470900</LongitudeDegrees>
     </Position>
     <AltitudeMeters>27.750000000000004</AltitudeMeters>
     <DistanceMeters>1092.1107645500365</DistanceMeters>
    </Trackpoint>
    <Trackpoint>
     <Time>2026-04-10T14:01:32+00:00</Time>
     <Position>
      <LatitudeDegrees>43.9173200</LatitudeDegrees>
      <LongitudeDegrees>4.8470600</LongitudeDegrees>
     </Position>
     <AltitudeMeters>27.71</AltitudeMeters>
     <DistanceMeters>1105.6810817989083</DistanceMeters>
    </Trackpoint>
    <Trackpoint>
     <Time>2026-04-10T14:01:39+00:00</Time>
     <Position>
      <LatitudeDegrees>43.9165700</LatitudeDegrees>
      <LongitudeDegrees>4.8466800</LongitudeDegrees>
     </Position>
     <AltitudeMeters>27.71</AltitudeMeters>
     <DistanceMeters>1194.538601916994</DistanceMeters>
    </Trackpoint>
    <Trackpoint>
     <Time>2026-04-10T14:01:46+00:00</Time>
     <Position>
      <LatitudeDegrees>43.9165000</LatitudeDegrees>
      <LongitudeDegrees>4.8466600</LongitudeDegrees>
     </Position>
     <AltitudeMeters>27.71</AltitudeMeters>
     <DistanceMeters>1202.4925936922775</DistanceMeters>
    </Trackpoint>
    <Trackpoint>
     <Time>2026-04-10T14:01:53+00:00</Time>
     <Position>
      <LatitudeDegrees>43.9164300</LatitudeDegrees>
      <LongitudeDegrees>4.8466700</LongitudeDegrees>
     </Position>
     <AltitudeMeters>27.71</AltitudeMeters>
     <DistanceMeters>1210.324434099898</DistanceMeters>
    </Trackpoint>
    <Trackpoint>
     <Time>2026-04-10T14:02:00+00:00</Time>
     <Position>
      <LatitudeDegrees>43.9158200</LatitudeDegrees>
      <LongitudeDegrees>4.8468600</LongitudeDegrees>
     </Position>
     <AltitudeMeters>25.720000000000002</AltitudeMeters>
     <DistanceMeters>1279.9027284160181</DistanceMeters>
    </Trackpoint>
    <Trackpoint>
     <Time>2026-04-10T14:02:06+00:00</Time>
     <Position>
      <LatitudeDegrees>43.9158367</LatitudeDegrees>
      <LongitudeDegrees>4.8476967</LongitudeDegrees>
     </Position>
     <AltitudeMeters>25.720000000000002</AltitudeMeters>
     <DistanceMeters>1347.0063499627179</DistanceMeters>
    </Trackpoint>
    <Trackpoint>
     <Time>2026-04-10T14:02:13+00:00</Time>
     <Position>
      <LatitudeDegrees>43.9158533</LatitudeDegrees>
      <LongitudeDegrees>4.8485333</LongitudeDegrees>
     </Position>
     <AltitudeMeters>25.720000000000002</AltitudeMeters>
     <DistanceMeters>1414.1099715094242</DistanceMeters>
    </Trackpoint>
    <Trackpoint>
     <Time>2026-04-10T14:02:20+00:00</Time>
     <Position>
      <LatitudeDegrees>43.9158700</LatitudeDegrees>
      <LongitudeDegrees>4.8493700</LongitudeDegrees>
     </Position>
     <AltitudeMeters>25.720000000000002</AltitudeMeters>
     <DistanceMeters>1481.2135863276524</DistanceMeters>
    </Trackpoint>
    <Trackpoint>
     <Time>2026-04-10T14:02:27+00:00</Time>
     <Position>
      <LatitudeDegrees>43.9158600</LatitudeDegrees>
      <LongitudeDegrees>4.8494900</LongitudeDegrees>
     </Position>
     <AltitudeMeters>25.720000000000002</AltitudeMeters>
     <DistanceMeters>1490.8984899342317</DistanceMeters>
    </Trackpoint>
    <Trackpoint>
     <Time>2026-04-10T14:02:34+00:00</Time>
     <Position>
      <LatitudeDegrees>43.9156050</LatitudeDegrees>
      <LongitudeDegrees>4.8503350</LongitudeDegrees>
     </Position>
     <AltitudeMeters>27.430000000000003</AltitudeMeters>
     <DistanceMeters>1564.3492312317196</DistanceMeters>
    </Trackpoint>
    <Trackpoint>
     <Time>2026-04-10T14:02:40+00:00</Time>
     <Position>
      <LatitudeDegrees>43.9153500</LatitudeDegrees>
      <LongitudeDegrees>4.8511800</LongitudeDegrees>
     </Position>
     <AltitudeMeters>27.430000000000003</AltitudeMeters>
     <DistanceMeters>1637.8000343311624</DistanceMeters>
    </Trackpoint>
    <Trackpoint>
     <Time>2026-04-10T14:02:47+00:00</Time>
     <Position>
      <LatitudeDegrees>43.9150400</LatitudeDegrees>
      <LongitudeDegrees>4.8519300</LongitudeDegrees>
     </Position>
     <AltitudeMeters>27.430000000000003</AltitudeMeters>
     <DistanceMeters>1707.1254960199813</DistanceMeters>
    </Trackpoint>
    <Trackpoint>
     <Time>2026-04-10T14:02:54+00:00</Time>
     <Position>
      <LatitudeDegrees>43.9146400</LatitudeDegrees>
      <LongitudeDegrees>4.8529900</LongitudeDegrees>
     </Position>
     <AltitudeMeters>27.430000000000003</AltitudeMeters>
     <DistanceMeters>1803.0649090681945</DistanceMeters>
    </Trackpoint>
    <Trackpoint>
     <Time>2026-04-10T14:03:01+00:00</Time>
     <Position>
      <LatitudeDegrees>43.9142400</LatitudeDegrees>
      <LongitudeDegrees>4.8540500</LongitudeDegrees>
     </Position>
     <AltitudeMeters>27.430000000000003</AltitudeMeters>
     <DistanceMeters>1899.004322117107</DistanceMeters>
    </Trackpoint>
    <Trackpoint>
     <Time>2026-04-10T14:03:08+00:00</Time>
     <Position>
      <LatitudeDegrees>43.9138400</LatitudeDegrees>
      <LongitudeDegrees>4.8551100</LongitudeDegrees>
     </Position>
     <AltitudeMeters>28.940000000000005</AltitudeMeters>
     <DistanceMeters>1994.9437343976385</DistanceMeters>
    </Trackpoint>
    <Trackpoint>
     <Time>2026-04-10T14:03:14+00:00</Time>
     <Position>
      <LatitudeDegrees>43.9136000</LatitudeDegrees>
      <LongitudeDegrees>4.8562333</LongitudeDegrees>
     </Position>
     <AltitudeMeters>28.940000000000005</AltitudeMeters>
     <DistanceMeters>2088.8856345958566</DistanceMeters>
    </Trackpoint>
    <Trackpoint>
     <Time>2026-04-10T14:03:21+00:00</Time>
     <Position>
      <LatitudeDegrees>43.9133600</LatitudeDegrees>
      <LongitudeDegrees>4.8573567</LongitudeDegrees>
     </Position>
     <AltitudeMeters>28.940000000000005</AltitudeMeters>
     <DistanceMeters>2182.827534794086</DistanceMeters>
    </Trackpoint>
    <Trackpoint>
     <Time>2026-04-10T14:03:28+00:00</Time>
     <Position>
      <LatitudeDegrees>43.9131200</LatitudeDegrees>
      <LongitudeDegrees>4.8584800</LongitudeDegrees>
     </Position>
     <AltitudeMeters>28.940000000000005</AltitudeMeters>
     <DistanceMeters>2276.7694320082724</DistanceMeters>
    </Trackpoint>
    <Trackpoint>
     <Time>2026-04-10T14:03:35+00:00</Time>
     <Position>
      <LatitudeDegrees>43.9130100</LatitudeDegrees>
      <LongitudeDegrees>4.8589100</LongitudeDegrees>
     </Position>
     <AltitudeMeters>31.110000000000003</AltitudeMeters>
     <DistanceMeters>2313.35454487926</DistanceMeters>
    </Trackpoint>
    <Trackpoint>
     <Time>2026-04-10T14:03:42+00:00</Time>
     <Position>
      <LatitudeDegrees>43.9126700</LatitudeDegrees>
      <LongitudeDegrees>4.8600200</LongitudeDegrees>
     </Position>
     <AltitudeMeters>31.110000000000003</AltitudeMeters>
     <DistanceMeters>2410.061893211773</DistanceMeters>
    </Trackpoint>
    <Trackpoint>
     <Time>2026-04-10T14:03:48+00:00</Time>
     <Position>
      <LatitudeDegrees>43.9123300</LatitudeDegrees>
      <LongitudeDegrees>4.8611300</LongitudeDegrees>
     </Position>
     <AltitudeMeters>31.110000000000003</AltitudeMeters>
     <DistanceMeters>2506.7692155315613</DistanceMeters>
    </Trackpoint>
    <Trackpoint>
     <Time>2026-04-10T14:03:55+00:00</Time>
     <Position>
      <LatitudeDegrees>43.9123500</LatitudeDegrees>
      <LongitudeDegrees>4.8613000</LongitudeDegrees>
     </Position>
     <AltitudeMeters>31.110000000000003</AltitudeMeters>
     <DistanceMeters>2520.5799663419816</DistanceMeters>
    </Trackpoint>
    <Trackpoint>
     <Time>2026-04-10T14:04:02+00:00</Time>
     <Position>
      <LatitudeDegrees>43.9124000</LatitudeDegrees>
      <LongitudeDegrees>4.8614400</LongitudeDegrees>
     </Position>
     <AltitudeMeters>31.110000000000003</AltitudeMeters>
     <DistanceMeters>2533.1085038815854</DistanceMeters>
    </Trackpoint>
    <Trackpoint>
     <Time>2026-04-10T14:04:09+00:00</Time>
     <Position>
      <LatitudeDegrees>43.9125100</LatitudeDegrees>
      <LongitudeDegrees>4.8615600</LongitudeDegrees>
     </Position>
     <AltitudeMeters>31.110000000000003</AltitudeMeters>
     <DistanceMeters>2548.6792683182944</DistanceMeters>
    </Trackpoint>
    <Trackpoint>
     <Time>2026-04-10T14:04:16+00:00</Time>
     <Position>
      <LatitudeDegrees>43.9128100</LatitudeDegrees>
      <LongitudeDegrees>4.8618300</LongitudeDegrees>
     </Position>
     <AltitudeMeters>31.110000000000003</AltitudeMeters>
     <DistanceMeters>2588.4716590699495</DistanceMeters>
    </Trackpoint>
    <Trackpoint>
     <Time>2026-04-10T14:04:22+00:00</Time>
     <Position>
      <LatitudeDegrees>43.9127700</LatitudeDegrees>
      <LongitudeDegrees>4.8619200</LongitudeDegrees>
     </Position>
     <AltitudeMeters>31.110000000000003</AltitudeMeters>
     <DistanceMeters>2596.9503621795197</DistanceMeters>
    </Trackpoint>
    <Trackpoint>
     <Time>2026-04-10T14:04:29+00:00</Time>
     <Position>
      <LatitudeDegrees>43.9124060</LatitudeDegrees>
      <LongitudeDegrees>4.8629440</LongitudeDegrees>
     </Position>
     <AltitudeMeters>31.110000000000003</AltitudeMeters>
     <DistanceMeters>2688.5037172326183</DistanceMeters>
    </Trackpoint>
    <Trackpoint>
     <Time>2026-04-10T14:04:36+00:00</Time>
     <Position>
      <LatitudeDegrees>43.9120420</LatitudeDegrees>
      <LongitudeDegrees>4.8639680</LongitudeDegrees>
     </Position>
     <AltitudeMeters>31.110000000000003</AltitudeMeters>
     <DistanceMeters>2780.0570722864904</DistanceMeters>
    </Trackpoint>
    <Trackpoint>
     <Time>2026-04-10T14:04:43+00:00</Time>
     <Position>
      <LatitudeDegrees>43.9116780</LatitudeDegrees>
      <LongitudeDegrees>4.8649920</LongitudeDegrees>
     </Position>
     <AltitudeMeters>31.110000000000003</AltitudeMeters>
     <DistanceMeters>2871.610427340375</DistanceMeters>
    </Trackpoint>
    <Trackpoint>
     <Time>2026-04-10T14:04:50+00:00</Time>
     <Position>
      <LatitudeDegrees>43.9113140</LatitudeDegrees>
      <LongitudeDegrees>4.8660160</LongitudeDegrees>
     </Position>
     <AltitudeMeters>32.220000000000006</AltitudeMeters>
     <DistanceMeters>2963.163782393287</DistanceMeters>
    </Trackpoint>
    <Trackpoint>
     <Time>2026-04-10T14:04:56+00:00</Time>
     <Position>
      <LatitudeDegrees>43.9109500</LatitudeDegrees>
      <LongitudeDegrees>4.8670400</LongitudeDegrees>
     </Position>
     <AltitudeMeters>32.220000000000006</AltitudeMeters>
     <DistanceMeters>3054.7171408638415</DistanceMeters>
    </Trackpoint>
    <Trackpoint>
     <Time>2026-04-10T14:05:03+00:00</Time>
     <Position>
      <LatitudeDegrees>43.9107250</LatitudeDegrees>
      <LongitudeDegrees>4.8678600</LongitudeDegrees>
     </Position>
     <AltitudeMeters>32.220000000000006</AltitudeMeters>
     <DistanceMeters>3125.071973261137</DistanceMeters>
    </Trackpoint>
    <Trackpoint>
     <Time>2026-04-10T14:05:10+00:00</Time>
     <Position>
      <LatitudeDegrees>43.9105000</LatitudeDegrees>
      <LongitudeDegrees>4.8686800</LongitudeDegrees>
     </Position>
     <AltitudeMeters>32.220000000000006</AltitudeMeters>
     <DistanceMeters>3195.426787105885</DistanceMeters>
    </Trackpoint>
    <Trackpoint>
     <Time>2026-04-10T14:05:17+00:00</Time>
     <Position>
      <LatitudeDegrees>43.9104100</LatitudeDegrees>
      <LongitudeDegrees>4.8686900</LongitudeDegrees>
     </Position>
     <AltitudeMeters>32.220000000000006</AltitudeMeters>
     <DistanceMeters>3205.4754379827127</DistanceMeters>
    </Trackpoint>
    <Trackpoint>
     <Time>2026-04-10T14:05:24+00:00</Time>
     <Position>
      <LatitudeDegrees>43.9103800</LatitudeDegrees>
      <LongitudeDegrees>4.8687200</LongitudeDegrees>
     </Position>
     <AltitudeMeters>32.220000000000006</AltitudeMeters>
     <DistanceMeters>3209.590536619035</DistanceMeters>
    </Trackpoint>
    <Trackpoint>
     <Time>2026-04-10T14:05:30+00:00</Time>
     <Position>
      <LatitudeDegrees>43.9103100</LatitudeDegrees>
      <LongitudeDegrees>4.8689200</LongitudeDegrees>
     </Position>
     <AltitudeMeters>32.220000000000006</AltitudeMeters>
     <DistanceMeters>3227.4188883980737</DistanceMeters>
    </Trackpoint>
    <Trackpoint>
     <Time>2026-04-10T14:05:37+00:00</Time>
     <Position>
      <LatitudeDegrees>43.9098400</LatitudeDegrees>
      <LongitudeDegrees>4.8698900</LongitudeDegrees>
     </Position>
     <AltitudeMeters>32.220000000000006</AltitudeMeters>
     <DistanceMeters>3321.148616852255</DistanceMeters>
    </Trackpoint>
    <Trackpoint>
     <Time>2026-04-10T14:05:44+00:00</Time>
     <Position>
      <LatitudeDegrees>43.9093700</LatitudeDegrees>
      <LongitudeDegrees>4.8708600</LongitudeDegrees>
     </Position>
     <AltitudeMeters>32.150000000000006</AltitudeMeters>
     <DistanceMeters>3414.878357524861</DistanceMeters>
    </Trackpoint>
    <Trackpoint>
     <Time>2026-04-10T14:05:51+00:00</Time>
     <Position>
      <LatitudeDegrees>43.9090500</LatitudeDegrees>
      <LongitudeDegrees>4.8714800</LongitudeDegrees>
     </Position>
     <AltitudeMeters>32.150000000000006</AltitudeMeters>
     <DistanceMeters>3476.031904459235</DistanceMeters>
    </Trackpoint>
    <Trackpoint>
     <Time>2026-04-10T14:05:58+00:00</Time>
     <Position>
      <LatitudeDegrees>43.9086950</LatitudeDegrees>
      <LongitudeDegrees>4.8722300</LongitudeDegrees>
     </Position>
     <AltitudeMeters>32.150000000000006</AltitudeMeters>
     <DistanceMeters>3547.9866367791597</DistanceMeters>
    </Trackpoint>
    <Trackpoint>
     <Time>2026-04-10T14:06:04+00:00</Time>
     <Position>
      <LatitudeDegrees>43.9083400</LatitudeDegrees>
      <LongitudeDegrees>4.8729800</LongitudeDegrees>
     </Position>
     <AltitudeMeters>34.59</AltitudeMeters>
     <DistanceMeters>3619.941353114978</DistanceMeters>
    </Trackpoint>
    <Trackpoint>
     <Time>2026-04-10T14:06:11+00:00</Time>
     <Position>
      <LatitudeDegrees>43.9080500</LatitudeDegrees>
      <LongitudeDegrees>4.8737050</LongitudeDegrees>
     </Position>
     <AltitudeMeters>34.59</AltitudeMeters>
     <DistanceMeters>3686.433195139842</DistanceMeters>
    </Trackpoint>
    <Trackpoint>
     <Time>2026-04-10T14:06:18+00:00</Time>
     <Position>
      <LatitudeDegrees>43.9077600</LatitudeDegrees>
      <LongitudeDegrees>4.8744300</LongitudeDegrees>
     </Position>
     <AltitudeMeters>35.120000000000005</AltitudeMeters>
     <DistanceMeters>3752.925020618192</DistanceMeters>
    </Trackpoint>
    <Trackpoint>
     <Time>2026-04-10T14:06:25+00:00</Time>
     <Position>
      <LatitudeDegrees>43.9073900</LatitudeDegrees>
      <LongitudeDegrees>4.8753275</LongitudeDegrees>
     </Position>
     <AltitudeMeters>35.120000000000005</AltitudeMeters>
     <DistanceMeters>3835.8395809029075</DistanceMeters>
    </Trackpoint>
    <Trackpoint>
     <Time>2026-04-10T14:06:32+00:00</Time>
     <Position>
      <LatitudeDegrees>43.9070200</LatitudeDegrees>
      <LongitudeDegrees>4.8762250</LongitudeDegrees>
     </Position>
     <AltitudeMeters>31.6</AltitudeMeters>
     <DistanceMeters>3918.7541411873367</DistanceMeters>
    </Trackpoint>
    <Trackpoint>
     <Time>2026-04-10T14:06:38+00:00</Time>
     <Position>
      <LatitudeDegrees>43.9066500</LatitudeDegrees>
      <LongitudeDegrees>4.8771225</LongitudeDegrees>
     </Position>
     <AltitudeMeters>31.6</AltitudeMeters>
     <DistanceMeters>4001.6687014722274</DistanceMeters>
    </Trackpoint>
    <Trackpoint>
     <Time>2026-04-10T14:06:45+00:00</Time>
     <Position>
      <LatitudeDegrees>43.9062800</LatitudeDegrees>
      <LongitudeDegrees>4.8780200</LongitudeDegrees>
     </Position>
     <AltitudeMeters>31.6</AltitudeMeters>
     <DistanceMeters>4084.5832516160303</DistanceMeters>
    </Trackpoint>
    <Trackpoint>
     <Time>2026-04-10T14:06:52+00:00</Time>
     <Position>
      <LatitudeDegrees>43.9059050</LatitudeDegrees>
      <LongitudeDegrees>4.8789950</LongitudeDegrees>
     </Position>
     <AltitudeMeters>32.14</AltitudeMeters>
     <DistanceMeters>4173.207442528886</DistanceMeters>
    </Trackpoint>
    <Trackpoint>
     <Time>2026-04-10T14:06:59+00:00</Time>
     <Position>
      <LatitudeDegrees>43.9055300</LatitudeDegrees>
      <LongitudeDegrees>4.8799700</LongitudeDegrees>
     </Position>
     <AltitudeMeters>32.14</AltitudeMeters>
     <DistanceMeters>4261.831648533611</DistanceMeters>
    </Trackpoint>
    <Trackpoint>
     <Time>2026-04-10T14:07:06+00:00</Time>
     <Position>
      <LatitudeDegrees>43.9052000</LatitudeDegrees>
      <LongitudeDegrees>4.8805600</LongitudeDegrees>
     </Position>
     <AltitudeMeters>32.14</AltitudeMeters>
     <DistanceMeters>4321.7247364153445</DistanceMeters>
    </Trackpoint>
    <Trackpoint>
     <Time>2026-04-10T14:07:12+00:00</Time>
     <Position>
      <LatitudeDegrees>43.9048100</LatitudeDegrees>
      <LongitudeDegrees>4.8813900</LongitudeDegrees>
     </Position>
     <AltitudeMeters>34.13</AltitudeMeters>
     <DistanceMeters>4401.1833470980255</DistanceMeters>
    </Trackpoint>
    <Trackpoint>
     <Time>2026-04-10T14:07:19+00:00</Time>
     <Position>
      <LatitudeDegrees>43.9044157</LatitudeDegrees>
      <LongitudeDegrees>4.8823100</LongitudeDegrees>
     </Position>
     <AltitudeMeters>34.13</AltitudeMeters>
     <DistanceMeters>4487.022287796568</DistanceMeters>
    </Trackpoint>
    <Trackpoint>
     <Time>2026-04-10T14:07:26+00:00</Time>
     <Position>
      <LatitudeDegrees>43.9040215</LatitudeDegrees>
      <LongitudeDegrees>4.8832301</LongitudeDegrees>
     </Position>
     <AltitudeMeters>34.13</AltitudeMeters>
     <DistanceMeters>4572.8612284951405</DistanceMeters>
    </Trackpoint>
    <Trackpoint>
     <Time>2026-04-10T14:07:33+00:00</Time>
     <Position>
      <LatitudeDegrees>43.9036272</LatitudeDegrees>
      <LongitudeDegrees>4.8841501</LongitudeDegrees>
     </Position>
     <AltitudeMeters>34.13</AltitudeMeters>
     <DistanceMeters>4658.70016919275</DistanceMeters>
    </Trackpoint>
    <Trackpoint>
     <Time>2026-04-10T14:07:40+00:00</Time>
     <Position>
      <LatitudeDegrees>43.9032329</LatitudeDegrees>
      <LongitudeDegrees>4.8850701</LongitudeDegrees>
     </Position>
     <AltitudeMeters>34.13</AltitudeMeters>
     <DistanceMeters>4744.539109892139</DistanceMeters>
    </Trackpoint>
    <Trackpoint>
     <Time>2026-04-10T14:07:46+00:00</Time>
     <Position>
      <LatitudeDegrees>43.9028386</LatitudeDegrees>
      <LongitudeDegrees>4.8859901</LongitudeDegrees>
     </Position>
     <AltitudeMeters>34.13</AltitudeMeters>
     <DistanceMeters>4830.378050590109</DistanceMeters>
    </Trackpoint>
    <Trackpoint>
     <Time>2026-04-10T14:07:53+00:00</Time>
     <Position>
      <LatitudeDegrees>43.9024443</LatitudeDegrees>
      <LongitudeDegrees>4.8869100</LongitudeDegrees>
     </Position>
     <AltitudeMeters>35.33</AltitudeMeters>
     <DistanceMeters>4916.216991288308</DistanceMeters>
    </Trackpoint>
    <Trackpoint>
     <Time>2026-04-10T14:08:00+00:00</Time>
     <Position>
      <LatitudeDegrees>43.9020500</LatitudeDegrees>
      <LongitudeDegrees>4.8878300</LongitudeDegrees>
     </Position>
     <AltitudeMeters>35.33</AltitudeMeters>
     <DistanceMeters>5002.0559220764235</DistanceMeters>
    </Trackpoint>
    <Trackpoint>
     <Time>2026-04-10T14:08:07+00:00</Time>
     <Position>
      <LatitudeDegrees>43.9018000</LatitudeDegrees>
      <LongitudeDegrees>4.8887600</LongitudeDegrees>
     </Position>
     <AltitudeMeters>35.33</AltitudeMeters>
     <DistanceMeters>5081.655426948866</DistanceMeters>
    </Trackpoint>
    <Trackpoint>
     <Time>2026-04-10T14:08:14+00:00</Time>
     <Position>
      <LatitudeDegrees>43.9014700</LatitudeDegrees>
      <LongitudeDegrees>4.8895350</LongitudeDegrees>
     </Position>
     <AltitudeMeters>35.33</AltitudeMeters>
     <DistanceMeters>5153.845539978417</DistanceMeters>
    </Trackpoint>
    <Trackpoint>
     <Time>2026-04-10T14:08:20+00:00</Time>
     <Position>
      <LatitudeDegrees>43.9011400</LatitudeDegrees>
      <LongitudeDegrees>4.8903100</LongitudeDegrees>
     </Position>
     <AltitudeMeters>35.33</AltitudeMeters>
     <DistanceMeters>5226.035643090276</DistanceMeters>
    </Trackpoint>
    <Trackpoint>
     <Time>2026-04-10T14:08:27+00:00</Time>
     <Position>
      <LatitudeDegrees>43.9010100</LatitudeDegrees>
      <LongitudeDegrees>4.8908000</LongitudeDegrees>
     </Position>
     <AltitudeMeters>35.25</AltitudeMeters>
     <DistanceMeters>5267.909147537346</DistanceMeters>
    </Trackpoint>
    <Trackpoint>
     <Time>2026-04-10T14:08:34+00:00</Time>
     <Position>
      <LatitudeDegrees>43.9009400</LatitudeDegrees>
      <LongitudeDegrees>4.8908800</LongitudeDegrees>
     </Position>
     <AltitudeMeters>35.25</AltitudeMeters>
     <DistanceMeters>5278.001359824504</DistanceMeters>
    </Trackpoint>
    <Trackpoint>
     <Time>2026-04-10T14:08:41+00:00</Time>
     <Position>
      <LatitudeDegrees>43.9010000</LatitudeDegrees>
      <LongitudeDegrees>4.8910600</LongitudeDegrees>
     </Position>
     <AltitudeMeters>35.25</AltitudeMeters>
     <DistanceMeters>5293.905872386238</DistanceMeters>
    </Trackpoint>
    <Trackpoint>
     <Time>2026-04-10T14:08:48+00:00</Time>
     <Position>
      <LatitudeDegrees>43.9010300</LatitudeDegrees>
      <LongitudeDegrees>4.8913200</LongitudeDegrees>
     </Position>
     <AltitudeMeters>35.56</AltitudeMeters>
     <DistanceMeters>5315.021660943085</DistanceMeters>
    </Trackpoint>
    <Trackpoint>
     <Time>2026-04-10T14:08:54+00:00</Time>
     <Position>
      <LatitudeDegrees>43.9010100</LatitudeDegrees>
      <LongitudeDegrees>4.8917000</LongitudeDegrees>
     </Position>
     <AltitudeMeters>35.56</AltitudeMeters>
     <DistanceMeters>5345.57613208861</DistanceMeters>
    </Trackpoint>
    <Trackpoint>
     <Time>2026-04-10T14:09:01+00:00</Time>
     <Position>
      <LatitudeDegrees>43.9009200</LatitudeDegrees>
      <LongitudeDegrees>4.8928850</LongitudeDegrees>
     </Position>
     <AltitudeMeters>35.61</AltitudeMeters>
     <DistanceMeters>5441.13140986826</DistanceMeters>
    </Trackpoint>
    <Trackpoint>
     <Time>2026-04-10T14:09:08+00:00</Time>
     <Position>
      <LatitudeDegrees>43.9008300</LatitudeDegrees>
      <LongitudeDegrees>4.8940700</LongitudeDegrees>
     </Position>
     <AltitudeMeters>36.63</AltitudeMeters>
     <DistanceMeters>5536.686687648056</DistanceMeters>
    </Trackpoint>
    <Trackpoint>
     <Time>2026-04-10T14:09:15+00:00</Time>
     <Position>
      <LatitudeDegrees>43.9007400</LatitudeDegrees>
      <LongitudeDegrees>4.8952550</LongitudeDegrees>
     </Position>
     <AltitudeMeters>36.63</AltitudeMeters>
     <DistanceMeters>5632.241965427857</DistanceMeters>
    </Trackpoint>
    <Trackpoint>
     <Time>2026-04-10T14:09:22+00:00</Time>
     <Position>
      <LatitudeDegrees>43.9006500</LatitudeDegrees>
      <LongitudeDegrees>4.8964400</LongitudeDegrees>
     </Position>
     <AltitudeMeters>37.3</AltitudeMeters>
     <DistanceMeters>5727.797251407333</DistanceMeters>
    </Trackpoint>
    <Trackpoint>
     <Time>2026-04-10T14:09:28+00:00</Time>
     <Position>
      <LatitudeDegrees>43.9003800</LatitudeDegrees>
      <LongitudeDegrees>4.8964000</LongitudeDegrees>
     </Position>
     <AltitudeMeters>37.3</AltitudeMeters>
     <DistanceMeters>5758.01780888739</DistanceMeters>
    </Trackpoint>
    <Trackpoint>
     <Time>2026-04-10T14:09:35+00:00</Time>
     <Position>
      <LatitudeDegrees>43.9002600</LatitudeDegrees>
      <LongitudeDegrees>4.8964000</LongitudeDegrees>
     </Position>
     <AltitudeMeters>37.3</AltitudeMeters>
     <DistanceMeters>5771.3732904205735</DistanceMeters>
    </Trackpoint>
    <Trackpoint>
     <Time>2026-04-10T14:09:42+00:00</Time>
     <Position>
      <LatitudeDegrees>43.9001200</LatitudeDegrees>
      <LongitudeDegrees>4.8964400</LongitudeDegrees>
     </Position>
     <AltitudeMeters>37.3</AltitudeMeters>
     <DistanceMeters>5787.281451545274</DistanceMeters>
    </Trackpoint>
    <Trackpoint>
     <Time>2026-04-10T14:09:49+00:00</Time>
     <Position>
      <LatitudeDegrees>43.8993633</LatitudeDegrees>
      <LongitudeDegrees>4.8970767</LongitudeDegrees>
     </Position>
     <AltitudeMeters>37.3</AltitudeMeters>
     <DistanceMeters>5885.764231682053</DistanceMeters>
    </Trackpoint>
    <Trackpoint>
     <Time>2026-04-10T14:09:56+00:00</Time>
     <Position>
      <LatitudeDegrees>43.8986067</LatitudeDegrees>
      <LongitudeDegrees>4.8977133</LongitudeDegrees>
     </Position>
     <AltitudeMeters>37.3</AltitudeMeters>
     <DistanceMeters>5984.247011818422</DistanceMeters>
    </Trackpoint>
    <Trackpoint>
     <Time>2026-04-10T14:10:02+00:00</Time>
     <Position>
      <LatitudeDegrees>43.8978500</LatitudeDegrees>
      <LongitudeDegrees>4.8983500</LongitudeDegrees>
     </Position>
     <AltitudeMeters>37.3</AltitudeMeters>
     <DistanceMeters>6082.729785884805</DistanceMeters>
    </Trackpoint>
    <Trackpoint>
     <Time>2026-04-10T14:10:09+00:00</Time>
     <Position>
      <LatitudeDegrees>43.8977400</LatitudeDegrees>
      <LongitudeDegrees>4.8985400</LongitudeDegrees>
     </Position>
     <AltitudeMeters>37.3</AltitudeMeters>
     <DistanceMeters>6102.276136352469</DistanceMeters>
    </Trackpoint>
    <Trackpoint>
     <Time>2026-04-10T14:10:16+00:00</Time>
     <Position>
      <LatitudeDegrees>43.8976300</LatitudeDegrees>
      <LongitudeDegrees>4.8988200</LongitudeDegrees>
     </Position>
     <AltitudeMeters>37.3</AltitudeMeters>
     <DistanceMeters>6127.851865926473</DistanceMeters>
    </Trackpoint>
    <Trackpoint>
     <Time>2026-04-10T14:10:23+00:00</Time>
     <Position>
      <LatitudeDegrees>43.8974500</LatitudeDegrees>
      <LongitudeDegrees>4.8993600</LongitudeDegrees>
     </Position>
     <AltitudeMeters>37.3</AltitudeMeters>
     <DistanceMeters>6175.567667802818</DistanceMeters>
    </Trackpoint>
    <Trackpoint>
     <Time>2026-04-10T14:10:30+00:00</Time>
     <Position>
      <LatitudeDegrees>43.8974100</LatitudeDegrees>
      <LongitudeDegrees>4.8996400</LongitudeDegrees>
     </Position>
     <AltitudeMeters>37.3</AltitudeMeters>
     <DistanceMeters>6198.460059887333</DistanceMeters>
    </Trackpoint>
    <Trackpoint>
     <Time>2026-04-10T14:10:36+00:00</Time>
     <Position>
      <LatitudeDegrees>43.8974400</LatitudeDegrees>
      <LongitudeDegrees>4.8998500</LongitudeDegrees>
     </Position>
     <AltitudeMeters>40.21</AltitudeMeters>
     <DistanceMeters>6215.629355337879</DistanceMeters>
    </Trackpoint>
    <Trackpoint>
     <Time>2026-04-10T14:10:43+00:00</Time>
     <Position>
      <LatitudeDegrees>43.8976000</LatitudeDegrees>
      <LongitudeDegrees>4.9004000</LongitudeDegrees>
     </Position>
     <AltitudeMeters>40.21</AltitudeMeters>
     <DistanceMeters>6263.196930813724</DistanceMeters>
    </Trackpoint>
    <Trackpoint>
     <Time>2026-04-10T14:10:50+00:00</Time>
     <Position>
      <LatitudeDegrees>43.8976100</LatitudeDegrees>
      <LongitudeDegrees>4.9005400</LongitudeDegrees>
     </Position>
     <AltitudeMeters>40.21</AltitudeMeters>
     <DistanceMeters>6274.479600904482</DistanceMeters>
    </Trackpoint>
    <Trackpoint>
     <Time>2026-04-10T14:10:57+00:00</Time>
     <Position>
      <LatitudeDegrees>43.8975900</LatitudeDegrees>
      <LongitudeDegrees>4.9008100</LongitudeDegrees>
     </Position>
     <AltitudeMeters>40.21</AltitudeMeters>
     <DistanceMeters>6296.247023458523</DistanceMeters>
    </Trackpoint>
    <Trackpoint>
     <Time>2026-04-10T14:11:04+00:00</Time>
     <Position>
      <LatitudeDegrees>43.8973060</LatitudeDegrees>
      <LongitudeDegrees>4.9017700</LongitudeDegrees>
     </Position>
     <AltitudeMeters>40.21</AltitudeMeters>
     <DistanceMeters>6379.473218550124</DistanceMeters>
    </Trackpoint>
    <Trackpoint>
     <Time>2026-04-10T14:11:10+00:00</Time>
     <Position>
      <LatitudeDegrees>43.8970220</LatitudeDegrees>
      <LongitudeDegrees>4.9027300</LongitudeDegrees>
     </Position>
     <AltitudeMeters>40.21</AltitudeMeters>
     <DistanceMeters>6462.6994136418025</DistanceMeters>
    </Trackpoint>
    <Trackpoint>
     <Time>2026-04-10T14:11:17+00:00</Time>
     <Position>
      <LatitudeDegrees>43.8967380</LatitudeDegrees>
      <LongitudeDegrees>4.9036900</LongitudeDegrees>
     </Position>
     <AltitudeMeters>40.21</AltitudeMeters>
     <DistanceMeters>6545.925608733071</DistanceMeters>
    </Trackpoint>
    <Trackpoint>
     <Time>2026-04-10T14:11:24+00:00</Time>
     <Position>
      <LatitudeDegrees>43.8964540</LatitudeDegrees>
      <LongitudeDegrees>4.9046500</LongitudeDegrees>
     </Position>
     <AltitudeMeters>40.21</AltitudeMeters>
     <DistanceMeters>6629.151803825041</DistanceMeters>
    </Trackpoint>
    <Trackpoint>
     <Time>2026-04-10T14:11:31+00:00</Time>
     <Position>
      <LatitudeDegrees>43.8961700</LatitudeDegrees>
      <LongitudeDegrees>4.9056100</LongitudeDegrees>
     </Position>
     <AltitudeMeters>40.21</AltitudeMeters>
     <DistanceMeters>6712.3780007174455</DistanceMeters>
    </Trackpoint>
    <Trackpoint>
     <Time>2026-04-10T14:11:38+00:00</Time>
     <Position>
      <LatitudeDegrees>43.8961200</LatitudeDegrees>
      <LongitudeDegrees>4.9059100</LongitudeDegrees>
     </Position>
     <AltitudeMeters>40.21</AltitudeMeters>
     <DistanceMeters>6737.072980268064</DistanceMeters>
    </Trackpoint>
    <Trackpoint>
     <Time>2026-04-10T14:11:44+00:00</Time>
     <Position>
      <LatitudeDegrees>43.8961600</LatitudeDegrees>
      <LongitudeDegrees>4.9061600</LongitudeDegrees>
     </Position>
     <AltitudeMeters>40.21</AltitudeMeters>
     <DistanceMeters>6757.611127591255</DistanceMeters>
    </Trackpoint>
    <Trackpoint>
     <Time>2026-04-10T14:11:51+00:00</Time>
     <Position>
      <LatitudeDegrees>43.8962600</LatitudeDegrees>
      <LongitudeDegrees>4.9063600</LongitudeDegrees>
     </Position>
     <AltitudeMeters>40.21</AltitudeMeters>
     <DistanceMeters>6777.134052195642</DistanceMeters>
    </Trackpoint>
    <Trackpoint>
     <Time>2026-04-10T14:11:58+00:00</Time>
     <Position>
      <LatitudeDegrees>43.8966200</LatitudeDegrees>
      <LongitudeDegrees>4.9069700</LongitudeDegrees>
     </Position>
     <AltitudeMeters>39.720000000000006</AltitudeMeters>
     <DistanceMeters>6840.368723070972</DistanceMeters>
    </Trackpoint>
    <Trackpoint>
     <Time>2026-04-10T14:12:05+00:00</Time>
     <Position>
      <LatitudeDegrees>43.8966500</LatitudeDegrees>
      <LongitudeDegrees>4.9071700</LongitudeDegrees>
     </Position>
     <AltitudeMeters>39.720000000000006</AltitudeMeters>
     <DistanceMeters>6856.752302820939</DistanceMeters>
    </Trackpoint>
    <Trackpoint>
     <Time>2026-04-10T14:12:12+00:00</Time>
     <Position>
      <LatitudeDegrees>43.8964800</LatitudeDegrees>
      <LongitudeDegrees>4.9074700</LongitudeDegrees>
     </Position>
     <AltitudeMeters>39.720000000000006</AltitudeMeters>
     <DistanceMeters>6887.360201723374</DistanceMeters>
    </Trackpoint>
    <Trackpoint>
     <Time>2026-04-10T14:12:18+00:00</Time>
     <Position>
      <LatitudeDegrees>43.8960100</LatitudeDegrees>
      <LongitudeDegrees>4.9082133</LongitudeDegrees>
     </Position>
     <AltitudeMeters>39.720000000000006</AltitudeMeters>
     <DistanceMeters>6966.671037592766</DistanceMeters>
    </Trackpoint>
    <Trackpoint>
     <Time>2026-04-10T14:12:25+00:00</Time>
     <Position>
      <LatitudeDegrees>43.8955400</LatitudeDegrees>
      <LongitudeDegrees>4.9089567</LongitudeDegrees>
     </Position>
     <AltitudeMeters>41.97</AltitudeMeters>
     <DistanceMeters>7045.981873461523</DistanceMeters>
    </Trackpoint>
    <Trackpoint>
     <Time>2026-04-10T14:12:32+00:00</Time>
     <Position>
      <LatitudeDegrees>43.8950700</LatitudeDegrees>
      <LongitudeDegrees>4.9097000</LongitudeDegrees>
     </Position>
     <AltitudeMeters>41.97</AltitudeMeters>
     <DistanceMeters>7125.29271149072</DistanceMeters>
    </Trackpoint>
    <Trackpoint>
     <Time>2026-04-10T14:12:39+00:00</Time>
     <Position>
      <LatitudeDegrees>43.8945800</LatitudeDegrees>
      <LongitudeDegrees>4.9104200</LongitudeDegrees>
     </Position>
     <AltitudeMeters>42.25</AltitudeMeters>
     <DistanceMeters>7204.718918758279</DistanceMeters>
    </Trackpoint>
    <Trackpoint>
     <Time>2026-04-10T14:12:46+00:00</Time>
     <Position>
      <LatitudeDegrees>43.8943700</LatitudeDegrees>
      <LongitudeDegrees>4.9105300</LongitudeDegrees>
     </Position>
     <AltitudeMeters>42.230000000000004</AltitudeMeters>
     <DistanceMeters>7229.700624776312</DistanceMeters>
    </Trackpoint>
    <Trackpoint>
     <Time>2026-04-10T14:12:52+00:00</Time>
     <Position>
      <LatitudeDegrees>43.8941500</LatitudeDegrees>
      <LongitudeDegrees>4.9105300</LongitudeDegrees>
     </Position>
     <AltitudeMeters>42.230000000000004</AltitudeMeters>
     <DistanceMeters>7254.185674253156</DistanceMeters>
    </Trackpoint>
    <Trackpoint>
     <Time>2026-04-10T14:12:59+00:00</Time>
     <Position>
      <LatitudeDegrees>43.8937100</LatitudeDegrees>
      <LongitudeDegrees>4.9103600</LongitudeDegrees>
     </Position>
     <AltitudeMeters>40.400000000000006</AltitudeMeters>
     <DistanceMeters>7305.018416429033</DistanceMeters>
    </Trackpoint>
    <Trackpoint>
     <Time>2026-04-10T14:13:06+00:00</Time>
     <Position>
      <LatitudeDegrees>43.8936000</LatitudeDegrees>
      <LongitudeDegrees>4.9103600</LongitudeDegrees>
     </Position>
     <AltitudeMeters>40.400000000000006</AltitudeMeters>
     <DistanceMeters>7317.260941167456</DistanceMeters>
    </Trackpoint>
    <Trackpoint>
     <Time>2026-04-10T14:13:13+00:00</Time>
     <Position>
      <LatitudeDegrees>43.8934500</LatitudeDegrees>
      <LongitudeDegrees>4.9104200</LongitudeDegrees>
     </Position>
     <AltitudeMeters>40.400000000000006</AltitudeMeters>
     <DistanceMeters>7334.635014704502</DistanceMeters>
    </Trackpoint>
    <Trackpoint>
     <Time>2026-04-10T14:13:20+00:00</Time>
     <Position>
      <LatitudeDegrees>43.8932600</LatitudeDegrees>
      <LongitudeDegrees>4.9106100</LongitudeDegrees>
     </Position>
     <AltitudeMeters>40.400000000000006</AltitudeMeters>
     <DistanceMeters>7360.699855406168</DistanceMeters>
    </Trackpoint>
    <Trackpoint>
     <Time>2026-04-10T14:13:26+00:00</Time>
     <Position>
      <LatitudeDegrees>43.8931600</LatitudeDegrees>
      <LongitudeDegrees>4.9108500</LongitudeDegrees>
     </Position>
     <AltitudeMeters>40.400000000000006</AltitudeMeters>
     <DistanceMeters>7382.934601365909</DistanceMeters>
    </Trackpoint>
    <Trackpoint>
     <Time>2026-04-10T14:13:33+00:00</Time>
     <Position>
      <LatitudeDegrees>43.8931500</LatitudeDegrees>
      <LongitudeDegrees>4.9111800</LongitudeDegrees>
     </Position>
     <AltitudeMeters>40.400000000000006</AltitudeMeters>
     <DistanceMeters>7409.425127958866</DistanceMeters>
    </Trackpoint>
    <Trackpoint>
     <Time>2026-04-10T14:13:40+00:00</Time>
     <Position>
      <LatitudeDegrees>43.8931700</LatitudeDegrees>
      <LongitudeDegrees>4.9113600</LongitudeDegrees>
     </Position>
     <AltitudeMeters>40.400000000000006</AltitudeMeters>
     <DistanceMeters>7424.032340363294</DistanceMeters>
    </Trackpoint>
    <Trackpoint>
     <Time>2026-04-10T14:13:47+00:00</Time>
     <Position>
      <LatitudeDegrees>43.8932800</LatitudeDegrees>
      <LongitudeDegrees>4.9117200</LongitudeDegrees>
     </Position>
     <AltitudeMeters>40.400000000000006</AltitudeMeters>
     <DistanceMeters>7455.39380467628</DistanceMeters>
    </Trackpoint>
    <Trackpoint>
     <Time>2026-04-10T14:13:54+00:00</Time>
     <Position>
      <LatitudeDegrees>43.8932900</LatitudeDegrees>
      <LongitudeDegrees>4.9119000</LongitudeDegrees>
     </Position>
     <AltitudeMeters>40.400000000000006</AltitudeMeters>
     <DistanceMeters>7469.87323010811</DistanceMeters>
    </Trackpoint>
    <Trackpoint>
     <Time>2026-04-10T14:14:00+00:00</Time>
     <Position>
      <LatitudeDegrees>43.8932500</LatitudeDegrees>
      <LongitudeDegrees>4.9122400</LongitudeDegrees>
     </Position>
     <AltitudeMeters>40.400000000000006</AltitudeMeters>
     <DistanceMeters>7497.503351165268</DistanceMeters>
    </Trackpoint>
    <Trackpoint>
     <Time>2026-04-10T14:14:07+00:00</Time>
     <Position>
      <LatitudeDegrees>43.8931400</LatitudeDegrees>
      <LongitudeDegrees>4.9126000</LongitudeDegrees>
     </Position>
     <AltitudeMeters>40.400000000000006</AltitudeMeters>
     <DistanceMeters>7528.864828869084</DistanceMeters>
    </Trackpoint>
    <Trackpoint>
     <Time>2026-04-10T14:14:14+00:00</Time>
     <Position>
      <LatitudeDegrees>43.8925350</LatitudeDegrees>
      <LongitudeDegrees>4.9134550</LongitudeDegrees>
     </Position>
     <AltitudeMeters>44.370000000000005</AltitudeMeters>
     <DistanceMeters>7624.970683634988</DistanceMeters>
    </Trackpoint>
    <Trackpoint>
     <Time>2026-04-10T14:14:21+00:00</Time>
     <Position>
      <LatitudeDegrees>43.8919300</LatitudeDegrees>
      <LongitudeDegrees>4.9143100</LongitudeDegrees>
     </Position>
     <AltitudeMeters>44.370000000000005</AltitudeMeters>
     <DistanceMeters>7721.076546265358</DistanceMeters>
    </Trackpoint>
    <Trackpoint>
     <Time>2026-04-10T14:14:28+00:00</Time>
     <Position>
      <LatitudeDegrees>43.8915000</LatitudeDegrees>
      <LongitudeDegrees>4.9151800</LongitudeDegrees>
     </Position>
     <AltitudeMeters>44.370000000000005</AltitudeMeters>
     <DistanceMeters>7805.689611431303</DistanceMeters>
    </Trackpoint>
    <Trackpoint>
     <Time>2026-04-10T14:14:34+00:00</Time>
     <Position>
      <LatitudeDegrees>43.8914200</LatitudeDegrees>
      <LongitudeDegrees>4.9152600</LongitudeDegrees>
     </Position>
     <AltitudeMeters>44.370000000000005</AltitudeMeters>
     <DistanceMeters>7816.664400564638</DistanceMeters>
    </Trackpoint>
    <Trackpoint>
     <Time>2026-04-10T14:14:41+00:00</Time>
     <Position>
      <LatitudeDegrees>43.8913600</LatitudeDegrees>
      <LongitudeDegrees>4.9152600</LongitudeDegrees>
     </Position>
     <AltitudeMeters>44.370000000000005</AltitudeMeters>
     <DistanceMeters>7823.342141330834</DistanceMeters>
    </Trackpoint>
    <Trackpoint>
     <Time>2026-04-10T14:14:48+00:00</Time>
     <Position>
      <LatitudeDegrees>43.8908550</LatitudeDegrees>
      <LongitudeDegrees>4.9148500</LongitudeDegrees>
     </Position>
     <AltitudeMeters>43.29</AltitudeMeters>
     <DistanceMeters>7888.459949706394</DistanceMeters>
    </Trackpoint>
    <Trackpoint>
     <Time>2026-04-10T14:14:55+00:00</Time>
     <Position>
      <LatitudeDegrees>43.8903500</LatitudeDegrees>
      <LongitudeDegrees>4.9144400</LongitudeDegrees>
     </Position>
     <AltitudeMeters>43.29</AltitudeMeters>
     <DistanceMeters>7953.577738641756</DistanceMeters>
    </Trackpoint>
    <Trackpoint>
     <Time>2026-04-10T14:15:02+00:00</Time>
     <Position>
      <LatitudeDegrees>43.8902800</LatitudeDegrees>
      <LongitudeDegrees>4.9144000</LongitudeDegrees>
     </Position>
     <AltitudeMeters>43.29</AltitudeMeters>
     <DistanceMeters>7962.003182141099</DistanceMeters>
    </Trackpoint>
    <Trackpoint>
     <Time>2026-04-10T14:15:08+00:00</Time>
     <Position>
      <LatitudeDegrees>43.8901800</LatitudeDegrees>
      <LongitudeDegrees>4.9144000</LongitudeDegrees>
     </Position>
     <AltitudeMeters>43.230000000000004</AltitudeMeters>
     <DistanceMeters>7973.132750085551</DistanceMeters>
    </Trackpoint>
    <Trackpoint>
     <Time>2026-04-10T14:15:15+00:00</Time>
     <Position>
      <LatitudeDegrees>43.8901700</LatitudeDegrees>
      <LongitudeDegrees>4.9139800</LongitudeDegrees>
     </Position>
     <AltitudeMeters>43.04</AltitudeMeters>
     <DistanceMeters>8006.838262311413</DistanceMeters>
    </Trackpoint>
    <Trackpoint>
     <Time>2026-04-10T14:15:22+00:00</Time>
     <Position>
      <LatitudeDegrees>43.8900700</LatitudeDegrees>
      <LongitudeDegrees>4.9133000</LongitudeDegrees>
     </Position>
     <AltitudeMeters>42.95</AltitudeMeters>
     <DistanceMeters>8062.503343261614</DistanceMeters>
    </Trackpoint>
    <Trackpoint>
     <Time>2026-04-10T14:15:29+00:00</Time>
     <Position>
      <LatitudeDegrees>43.8900900</LatitudeDegrees>
      <LongitudeDegrees>4.9131600</LongitudeDegrees>
     </Position>
     <AltitudeMeters>42.550000000000004</AltitudeMeters>
     <DistanceMeters>8073.950898670244</DistanceMeters>
    </Trackpoint>
    <Trackpoint>
     <Time>2026-04-10T14:15:36+00:00</Time>
     <Position>
      <LatitudeDegrees>43.8900700</LatitudeDegrees>
      <LongitudeDegrees>4.9130900</LongitudeDegrees>
     </Position>
     <AltitudeMeters>42.550000000000004</AltitudeMeters>
     <DistanceMeters>8079.990571648708</DistanceMeters>
    </Trackpoint>
    <Trackpoint>
     <Time>2026-04-10T14:15:42+00:00</Time>
     <Position>
      <LatitudeDegrees>43.8899900</LatitudeDegrees>
      <LongitudeDegrees>4.9130000</LongitudeDegrees>
     </Position>
     <AltitudeMeters>42.68</AltitudeMeters>
     <DistanceMeters>8091.452880689476</DistanceMeters>
    </Trackpoint>
    <Trackpoint>
     <Time>2026-04-10T14:15:49+00:00</Time>
     <Position>
      <LatitudeDegrees>43.8899400</LatitudeDegrees>
      <LongitudeDegrees>4.9129900</LongitudeDegrees>
     </Position>
     <AltitudeMeters>42.68</AltitudeMeters>
     <DistanceMeters>8097.075171043333</DistanceMeters>
    </Trackpoint>
    <Trackpoint>
     <Time>2026-04-10T14:15:56+00:00</Time>
     <Position>
      <LatitudeDegrees>43.8899000</LatitudeDegrees>
      <LongitudeDegrees>4.9130000</LongitudeDegrees>
     </Position>
     <AltitudeMeters>42.68</AltitudeMeters>
     <DistanceMeters>8101.5986756974335</DistanceMeters>
    </Trackpoint>
    <Trackpoint>
     <Time>2026-04-10T14:16:03+00:00</Time>
     <Position>
      <LatitudeDegrees>43.8898200</LatitudeDegrees>
      <LongitudeDegrees>4.9130700</LongitudeDegrees>
     </Position>
     <AltitudeMeters>42.88</AltitudeMeters>
     <DistanceMeters>8112.124750566321</DistanceMeters>
    </Trackpoint>
    <Trackpoint>
     <Time>2026-04-10T14:16:10+00:00</Time>
     <Position>
      <LatitudeDegrees>43.8897900</LatitudeDegrees>
      <LongitudeDegrees>4.9131900</LongitudeDegrees>
     </Position>
     <AltitudeMeters>42.88</AltitudeMeters>
     <DistanceMeters>8122.312380761903</DistanceMeters>
    </Trackpoint>
    <Trackpoint>
     <Time>2026-04-10T14:16:16+00:00</Time>
     <Position>
      <LatitudeDegrees>43.8898000</LatitudeDegrees>
      <LongitudeDegrees>4.9132700</LongitudeDegrees>
     </Position>
     <AltitudeMeters>43.260000000000005</AltitudeMeters>
     <DistanceMeters>8128.824823503319</DistanceMeters>
    </Trackpoint>
    <Trackpoint>
     <Time>2026-04-10T14:16:23+00:00</Time>
     <Position>
      <LatitudeDegrees>43.8898700</LatitudeDegrees>
      <LongitudeDegrees>4.9133800</LongitudeDegrees>
     </Position>
     <AltitudeMeters>43.24</AltitudeMeters>
     <DistanceMeters>8140.595040847576</DistanceMeters>
    </Trackpoint>
    <Trackpoint>
     <Time>2026-04-10T14:16:30+00:00</Time>
     <Position>
      <LatitudeDegrees>43.8899400</LatitudeDegrees>
      <LongitudeDegrees>4.9134000</LongitudeDegrees>
     </Position>
     <AltitudeMeters>43.24</AltitudeMeters>
     <DistanceMeters>8148.549177276712</DistanceMeters>
    </Trackpoint>
    <Trackpoint>
     <Time>2026-04-10T14:16:37+00:00</Time>
     <Position>
      <LatitudeDegrees>43.8900600</LatitudeDegrees>
      <LongitudeDegrees>4.9135800</LongitudeDegrees>
     </Position>
     <AltitudeMeters>43.07</AltitudeMeters>
     <DistanceMeters>8168.216586044964</DistanceMeters>
    </Trackpoint>
    <Trackpoint>
     <Time>2026-04-10T14:16:44+00:00</Time>
     <Position>
      <LatitudeDegrees>43.8900900</LatitudeDegrees>
      <LongitudeDegrees>4.9136700</LongitudeDegrees>
     </Position>
     <AltitudeMeters>43.07</AltitudeMeters>
     <DistanceMeters>8176.170040914685</DistanceMeters>
    </Trackpoint>
    <Trackpoint>
     <Time>2026-04-10T14:16:50+00:00</Time>
     <Position>
      <LatitudeDegrees>43.8901800</LatitudeDegrees>
      <LongitudeDegrees>4.9143400</LongitudeDegrees>
     </Position>
     <AltitudeMeters>43.32</AltitudeMeters>
     <DistanceMeters>8230.834619469242</DistanceMeters>
    </Trackpoint>
    <Trackpoint>
     <Time>2026-04-10T14:16:57+00:00</Time>
     <Position>
      <LatitudeDegrees>43.8901800</LatitudeDegrees>
      <LongitudeDegrees>4.9144900</LongitudeDegrees>
     </Position>
     <AltitudeMeters>43.32</AltitudeMeters>
     <DistanceMeters>8242.865737132464</DistanceMeters>
    </Trackpoint>
    <Trackpoint>
     <Time>2026-04-10T14:17:04+00:00</Time>
     <Position>
      <LatitudeDegrees>43.8901400</LatitudeDegrees>
      <LongitudeDegrees>4.9148400</LongitudeDegrees>
     </Position>
     <AltitudeMeters>43.32</AltitudeMeters>
     <DistanceMeters>8271.289153670787</DistanceMeters>
    </Trackpoint>
    <Trackpoint>
     <Time>2026-04-10T14:17:11+00:00</Time>
     <Position>
      <LatitudeDegrees>43.8899700</LatitudeDegrees>
      <LongitudeDegrees>4.9157250</LongitudeDegrees>
     </Position>
     <AltitudeMeters>43.32</AltitudeMeters>
     <DistanceMeters>8344.75126479985</DistanceMeters>
    </Trackpoint>
    <Trackpoint>
     <Time>2026-04-10T14:17:18+00:00</Time>
     <Position>
      <LatitudeDegrees>43.8898000</LatitudeDegrees>
      <LongitudeDegrees>4.9166100</LongitudeDegrees>
     </Position>
     <AltitudeMeters>44.800000000000004</AltitudeMeters>
     <DistanceMeters>8418.213387553054</DistanceMeters>
    </Trackpoint>
    <Trackpoint>
     <Time>2026-04-10T14:17:24+00:00</Time>
     <Position>
      <LatitudeDegrees>43.8897300</LatitudeDegrees>
      <LongitudeDegrees>4.9172500</LongitudeDegrees>
     </Position>
     <AltitudeMeters>44.800000000000004</AltitudeMeters>
     <DistanceMeters>8470.134335460676</DistanceMeters>
    </Trackpoint>
    <Trackpoint>
     <Time>2026-04-10T14:17:31+00:00</Time>
     <Position>
      <LatitudeDegrees>43.8897600</LatitudeDegrees>
      <LongitudeDegrees>4.9175000</LongitudeDegrees>
     </Position>
     <AltitudeMeters>44.800000000000004</AltitudeMeters>
     <DistanceMeters>8490.462422662782</DistanceMeters>
    </Trackpoint>
    <Trackpoint>
     <Time>2026-04-10T14:17:38+00:00</Time>
     <Position>
      <LatitudeDegrees>43.8897100</LatitudeDegrees>
      <LongitudeDegrees>4.9175500</LongitudeDegrees>
     </Position>
     <AltitudeMeters>44.800000000000004</AltitudeMeters>
     <DistanceMeters>8497.321733780704</DistanceMeters>
    </Trackpoint>
    <Trackpoint>
     <Time>2026-04-10T14:17:45+00:00</Time>
     <Position>
      <LatitudeDegrees>43.8895500</LatitudeDegrees>
      <LongitudeDegrees>4.9183200</LongitudeDegrees>
     </Position>
     <AltitudeMeters>42.84</AltitudeMeters>
     <DistanceMeters>8561.597980130342</DistanceMeters>
    </Trackpoint>
    <Trackpoint>
     <Time>2026-04-10T14:17:52+00:00</Time>
     <Position>
      <LatitudeDegrees>43.8895400</LatitudeDegrees>
      <LongitudeDegrees>4.9184900</LongitudeDegrees>
     </Position>
     <AltitudeMeters>42.84</AltitudeMeters>
     <DistanceMeters>8575.278737960718</DistanceMeters>
    </Trackpoint>
    <Trackpoint>
     <Time>2026-04-10T14:17:58+00:00</Time>
     <Position>
      <LatitudeDegrees>43.8894350</LatitudeDegrees>
      <LongitudeDegrees>4.9191300</LongitudeDegrees>
     </Position>
     <AltitudeMeters>42.370000000000005</AltitudeMeters>
     <DistanceMeters>8627.925521965406</DistanceMeters>
    </Trackpoint>
    <Trackpoint>
     <Time>2026-04-10T14:18:05+00:00</Time>
     <Position>
      <LatitudeDegrees>43.8893300</LatitudeDegrees>
      <LongitudeDegrees>4.9197700</LongitudeDegrees>
     </Position>
     <AltitudeMeters>42.370000000000005</AltitudeMeters>
     <DistanceMeters>8680.572284621514</DistanceMeters>
    </Trackpoint>
    <Trackpoint>
     <Time>2026-04-10T14:18:12+00:00</Time>
     <Position>
      <LatitudeDegrees>43.8892200</LatitudeDegrees>
      <LongitudeDegrees>4.9203600</LongitudeDegrees>
     </Position>
     <AltitudeMeters>41.61</AltitudeMeters>
     <DistanceMeters>8729.453330473894</DistanceMeters>
    </Trackpoint>
    <Trackpoint>
     <Time>2026-04-10T14:18:19+00:00</Time>
     <Position>
      <LatitudeDegrees>43.8892200</LatitudeDegrees>
      <LongitudeDegrees>4.9206300</LongitudeDegrees>
     </Position>
     <AltitudeMeters>43.79</AltitudeMeters>
     <DistanceMeters>8751.1096913231</DistanceMeters>
    </Trackpoint>
    <Trackpoint>
     <Time>2026-04-10T14:18:26+00:00</Time>
     <Position>
      <LatitudeDegrees>43.8892800</LatitudeDegrees>
      <LongitudeDegrees>4.9214900</LongitudeDegrees>
     </Position>
     <AltitudeMeters>44.52</AltitudeMeters>
     <DistanceMeters>8820.41165069219</DistanceMeters>
    </Trackpoint>
    <Trackpoint>
     <Time>2026-04-10T14:18:32+00:00</Time>
     <Position>
      <LatitudeDegrees>43.8892400</LatitudeDegrees>
      <LongitudeDegrees>4.9218800</LongitudeDegrees>
     </Position>
     <AltitudeMeters>44.52</AltitudeMeters>
     <DistanceMeters>8852.008233889408</DistanceMeters>
    </Trackpoint>
    <Trackpoint>
     <Time>2026-04-10T14:18:39+00:00</Time>
     <Position>
      <LatitudeDegrees>43.8893100</LatitudeDegrees>
      <LongitudeDegrees>4.9226800</LongitudeDegrees>
     </Position>
     <AltitudeMeters>46.61000000000001</AltitudeMeters>
     <DistanceMeters>8916.64638536086</DistanceMeters>
    </Trackpoint>
    <Trackpoint>
     <Time>2026-04-10T14:18:46+00:00</Time>
     <Position>
      <LatitudeDegrees>43.8892900</LatitudeDegrees>
      <LongitudeDegrees>4.9230000</LongitudeDegrees>
     </Position>
     <AltitudeMeters>46.61000000000001</AltitudeMeters>
     <DistanceMeters>8942.40948772489</DistanceMeters>
    </Trackpoint>
    <Trackpoint>
     <Time>2026-04-10T14:18:53+00:00</Time>
     <Position>
      <LatitudeDegrees>43.8890200</LatitudeDegrees>
      <LongitudeDegrees>4.9229100</LongitudeDegrees>
     </Position>
     <AltitudeMeters>44.79</AltitudeMeters>
     <DistanceMeters>8973.314236374246</DistanceMeters>
    </Trackpoint>
    <Trackpoint>
     <Time>2026-04-10T14:19:00+00:00</Time>
     <Position>
      <LatitudeDegrees>43.8890300</LatitudeDegrees>
      <LongitudeDegrees>4.9234300</LongitudeDegrees>
     </Position>
     <AltitudeMeters>45.230000000000004</AltitudeMeters>
     <DistanceMeters>9015.037766203113</DistanceMeters>
    </Trackpoint>
    <Trackpoint>
     <Time>2026-04-10T14:19:06+00:00</Time>
     <Position>
      <LatitudeDegrees>43.8889800</LatitudeDegrees>
      <LongitudeDegrees>4.9238500</LongitudeDegrees>
     </Position>
     <AltitudeMeters>45.230000000000004</AltitudeMeters>
     <DistanceMeters>9049.182081800029</DistanceMeters>
    </Trackpoint>
    <Trackpoint>
     <Time>2026-04-10T14:19:13+00:00</Time>
     <Position>
      <LatitudeDegrees>43.8888300</LatitudeDegrees>
      <LongitudeDegrees>4.9247300</LongitudeDegrees>
     </Position>
     <AltitudeMeters>38.85</AltitudeMeters>
     <DistanceMeters>9121.713634640328</DistanceMeters>
    </Trackpoint>
    <Trackpoint>
     <Time>2026-04-10T14:19:20+00:00</Time>
     <Position>
      <LatitudeDegrees>43.8886800</LatitudeDegrees>
      <LongitudeDegrees>4.9256100</LongitudeDegrees>
     </Position>
     <AltitudeMeters>40.49</AltitudeMeters>
     <DistanceMeters>9194.245165669212</DistanceMeters>
    </Trackpoint>
    <Trackpoint>
     <Time>2026-04-10T14:19:27+00:00</Time>
     <Position>
      <LatitudeDegrees>43.8886900</LatitudeDegrees>
      <LongitudeDegrees>4.9256000</LongitudeDegrees>
     </Position>
     <AltitudeMeters>40.49</AltitudeMeters>
     <DistanceMeters>9194.245165669212</DistanceMeters>
    </Trackpoint>
    <Trackpoint>
     <Time>2026-04-10T14:19:34+00:00</Time>
     <Position>
      <LatitudeDegrees>43.8886800</LatitudeDegrees>
      <LongitudeDegrees>4.9258900</LongitudeDegrees>
     </Position>
     <AltitudeMeters>40.49</AltitudeMeters>
     <DistanceMeters>9217.53252092756</DistanceMeters>
    </Trackpoint>
    <Trackpoint>
     <Time>2026-04-10T14:19:40+00:00</Time>
     <Position>
      <LatitudeDegrees>43.8886900</LatitudeDegrees>
      <LongitudeDegrees>4.9265100</LongitudeDegrees>
     </Position>
     <AltitudeMeters>45.33</AltitudeMeters>
     <DistanceMeters>9267.274841273344</DistanceMeters>
    </Trackpoint>
    <Trackpoint>
     <Time>2026-04-10T14:19:47+00:00</Time>
     <Position>
      <LatitudeDegrees>43.8887500</LatitudeDegrees>
      <LongitudeDegrees>4.9271650</LongitudeDegrees>
     </Position>
     <AltitudeMeters>49.510000000000005</AltitudeMeters>
     <DistanceMeters>9320.234672615994</DistanceMeters>
    </Trackpoint>
    <Trackpoint>
     <Time>2026-04-10T14:19:54+00:00</Time>
     <Position>
      <LatitudeDegrees>43.8888100</LatitudeDegrees>
      <LongitudeDegrees>4.9278200</LongitudeDegrees>
     </Position>
     <AltitudeMeters>49.27</AltitudeMeters>
     <DistanceMeters>9373.194499341991</DistanceMeters>
    </Trackpoint>
    <Trackpoint>
     <Time>2026-04-10T14:20:01+00:00</Time>
     <Position>
      <LatitudeDegrees>43.8888600</LatitudeDegrees>
      <LongitudeDegrees>4.9278700</LongitudeDegrees>
     </Position>
     <AltitudeMeters>49.300000000000004</AltitudeMeters>
     <DistanceMeters>9380.05384588986</DistanceMeters>
    </Trackpoint>
    <Trackpoint>
     <Time>2026-04-10T14:20:08+00:00</Time>
     <Position>
      <LatitudeDegrees>43.8890600</LatitudeDegrees>
      <LongitudeDegrees>4.9278600</LongitudeDegrees>
     </Position>
     <AltitudeMeters>52.71000000000001</AltitudeMeters>
     <DistanceMeters>9402.327428456698</DistanceMeters>
    </Trackpoint>
    <Trackpoint>
     <Time>2026-04-10T14:20:14+00:00</Time>
     <Position>
      <LatitudeDegrees>43.8893200</LatitudeDegrees>
      <LongitudeDegrees>4.9278300</LongitudeDegrees>
     </Position>
     <AltitudeMeters>54.31</AltitudeMeters>
     <DistanceMeters>9431.36417990588</DistanceMeters>
    </Trackpoint>
    <Trackpoint>
     <Time>2026-04-10T14:20:21+00:00</Time>
     <Position>
      <LatitudeDegrees>43.8896000</LatitudeDegrees>
      <LongitudeDegrees>4.9278400</LongitudeDegrees>
     </Position>
     <AltitudeMeters>54.31</AltitudeMeters>
     <DistanceMeters>9462.537290671518</DistanceMeters>
    </Trackpoint>
    <Trackpoint>
     <Time>2026-04-10T14:20:28+00:00</Time>
     <Position>
      <LatitudeDegrees>43.8898700</LatitudeDegrees>
      <LongitudeDegrees>4.9279100</LongitudeDegrees>
     </Position>
     <AltitudeMeters>54.31</AltitudeMeters>
     <DistanceMeters>9493.107142059655</DistanceMeters>
    </Trackpoint>
    <Trackpoint>
     <Time>2026-04-10T14:20:35+00:00</Time>
     <Position>
      <LatitudeDegrees>43.8899800</LatitudeDegrees>
      <LongitudeDegrees>4.9279700</LongitudeDegrees>
     </Position>
     <AltitudeMeters>54.31</AltitudeMeters>
     <DistanceMeters>9506.261580741684</DistanceMeters>
    </Trackpoint>
    <Trackpoint>
     <Time>2026-04-10T14:20:42+00:00</Time>
     <Position>
      <LatitudeDegrees>43.8902100</LatitudeDegrees>
      <LongitudeDegrees>4.9281800</LongitudeDegrees>
     </Position>
     <AltitudeMeters>54.31</AltitudeMeters>
     <DistanceMeters>9536.904106871556</DistanceMeters>
    </Trackpoint>
    <Trackpoint>
     <Time>2026-04-10T14:20:48+00:00</Time>
     <Position>
      <LatitudeDegrees>43.8904100</LatitudeDegrees>
      <LongitudeDegrees>4.9285000</LongitudeDegrees>
     </Position>
     <AltitudeMeters>54.31</AltitudeMeters>
     <DistanceMeters>9570.878060722125</DistanceMeters>
    </Trackpoint>
    <Trackpoint>
     <Time>2026-04-10T14:20:55+00:00</Time>
     <Position>
      <LatitudeDegrees>43.8905900</LatitudeDegrees>
      <LongitudeDegrees>4.9288800</LongitudeDegrees>
     </Position>
     <AltitudeMeters>53.51</AltitudeMeters>
     <DistanceMeters>9607.351053166456</DistanceMeters>
    </Trackpoint>
    <Trackpoint>
     <Time>2026-04-10T14:21:02+00:00</Time>
     <Position>
      <LatitudeDegrees>43.8906800</LatitudeDegrees>
      <LongitudeDegrees>4.9291300</LongitudeDegrees>
     </Position>
     <AltitudeMeters>53.51</AltitudeMeters>
     <DistanceMeters>9629.765413658819</DistanceMeters>
    </Trackpoint>
    <Trackpoint>
     <Time>2026-04-10T14:21:09+00:00</Time>
     <Position>
      <LatitudeDegrees>43.8909700</LatitudeDegrees>
      <LongitudeDegrees>4.9301800</LongitudeDegrees>
     </Position>
     <AltitudeMeters>53.51</AltitudeMeters>
     <DistanceMeters>9719.95528030869</DistanceMeters>
    </Trackpoint>
    <Trackpoint>
     <Time>2026-04-10T14:21:16+00:00</Time>
     <Position>
      <LatitudeDegrees>43.8912675</LatitudeDegrees>
      <LongitudeDegrees>4.9312825</LongitudeDegrees>
     </Position>
     <AltitudeMeters>51.47</AltitudeMeters>
     <DistanceMeters>9814.377611335576</DistanceMeters>
    </Trackpoint>
    <Trackpoint>
     <Time>2026-04-10T14:21:22+00:00</Time>
     <Position>
      <LatitudeDegrees>43.8915650</LatitudeDegrees>
      <LongitudeDegrees>4.9323850</LongitudeDegrees>
     </Position>
     <AltitudeMeters>51.47</AltitudeMeters>
     <DistanceMeters>9908.799942362284</DistanceMeters>
    </Trackpoint>
    <Trackpoint>
     <Time>2026-04-10T14:21:29+00:00</Time>
     <Position>
      <LatitudeDegrees>43.8918625</LatitudeDegrees>
      <LongitudeDegrees>4.9334875</LongitudeDegrees>
     </Position>
     <AltitudeMeters>54.410000000000004</AltitudeMeters>
     <DistanceMeters>10003.222273388583</DistanceMeters>
    </Trackpoint>
    <Trackpoint>
     <Time>2026-04-10T14:21:36+00:00</Time>
     <Position>
      <LatitudeDegrees>43.8921600</LatitudeDegrees>
      <LongitudeDegrees>4.9345900</LongitudeDegrees>
     </Position>
     <AltitudeMeters>52.050000000000004</AltitudeMeters>
     <DistanceMeters>10097.644608606854</DistanceMeters>
    </Trackpoint>
    <Trackpoint>
     <Time>2026-04-10T14:21:43+00:00</Time>
     <Position>
      <LatitudeDegrees>43.8923400</LatitudeDegrees>
      <LongitudeDegrees>4.9353200</LongitudeDegrees>
     </Position>
     <AltitudeMeters>55.53</AltitudeMeters>
     <DistanceMeters>10159.526453592041</DistanceMeters>
    </Trackpoint>
    <Trackpoint>
     <Time>2026-04-10T14:21:50+00:00</Time>
     <Position>
      <LatitudeDegrees>43.8923900</LatitudeDegrees>
      <LongitudeDegrees>4.9359200</LongitudeDegrees>
     </Position>
     <AltitudeMeters>52.27</AltitudeMeters>
     <DistanceMeters>10207.969838787349</DistanceMeters>
    </Trackpoint>
    <Trackpoint>
     <Time>2026-04-10T14:21:56+00:00</Time>
     <Position>
      <LatitudeDegrees>43.8924615</LatitudeDegrees>
      <LongitudeDegrees>4.9370500</LongitudeDegrees>
     </Position>
     <AltitudeMeters>49.95</AltitudeMeters>
     <DistanceMeters>10298.94850145634</DistanceMeters>
    </Trackpoint>
    <Trackpoint>
     <Time>2026-04-10T14:22:03+00:00</Time>
     <Position>
      <LatitudeDegrees>43.8925329</LatitudeDegrees>
      <LongitudeDegrees>4.9381800</LongitudeDegrees>
     </Position>
     <AltitudeMeters>51.02</AltitudeMeters>
     <DistanceMeters>10389.927164125229</DistanceMeters>
    </Trackpoint>
    <Trackpoint>
     <Time>2026-04-10T14:22:10+00:00</Time>
     <Position>
      <LatitudeDegrees>43.8926044</LatitudeDegrees>
      <LongitudeDegrees>4.9393100</LongitudeDegrees>
     </Position>
     <AltitudeMeters>53.22</AltitudeMeters>
     <DistanceMeters>10480.905826794253</DistanceMeters>
    </Trackpoint>
    <Trackpoint>
     <Time>2026-04-10T14:22:17+00:00</Time>
     <Position>
      <LatitudeDegrees>43.8926758</LatitudeDegrees>
      <LongitudeDegrees>4.9404400</LongitudeDegrees>
     </Position>
     <AltitudeMeters>52.910000000000004</AltitudeMeters>
     <DistanceMeters>10571.884489463304</DistanceMeters>
    </Trackpoint>
    <Trackpoint>
     <Time>2026-04-10T14:22:24+00:00</Time>
     <Position>
      <LatitudeDegrees>43.8927472</LatitudeDegrees>
      <LongitudeDegrees>4.9415700</LongitudeDegrees>
     </Position>
     <AltitudeMeters>50.95</AltitudeMeters>
     <DistanceMeters>10662.863152132284</DistanceMeters>
    </Trackpoint>
    <Trackpoint>
     <Time>2026-04-10T14:22:30+00:00</Time>
     <Position>
      <LatitudeDegrees>43.8928186</LatitudeDegrees>
      <LongitudeDegrees>4.9427000</LongitudeDegrees>
     </Position>
     <AltitudeMeters>50.95</AltitudeMeters>
     <DistanceMeters>10753.841814801359</DistanceMeters>
    </Trackpoint>
    <Trackpoint>
     <Time>2026-04-10T14:22:37+00:00</Time>
     <Position>
      <LatitudeDegrees>43.8928900</LatitudeDegrees>
      <LongitudeDegrees>4.9438300</LongitudeDegrees>
     </Position>
     <AltitudeMeters>52.480000000000004</AltitudeMeters>
     <DistanceMeters>10844.820476931223</DistanceMeters>
    </Trackpoint>
    <Trackpoint>
     <Time>2026-04-10T14:22:44+00:00</Time>
     <Position>
      <LatitudeDegrees>43.8928600</LatitudeDegrees>
      <LongitudeDegrees>4.9441000</LongitudeDegrees>
     </Position>
     <AltitudeMeters>53.09</AltitudeMeters>
     <DistanceMeters>10866.73139795972</DistanceMeters>
    </Trackpoint>
    <Trackpoint>
     <Time>2026-04-10T14:22:51+00:00</Time>
     <Position>
      <LatitudeDegrees>43.8927500</LatitudeDegrees>
      <LongitudeDegrees>4.9447800</LongitudeDegrees>
     </Position>
     <AltitudeMeters>53.28</AltitudeMeters>
     <DistanceMeters>10922.627240014932</DistanceMeters>
    </Trackpoint>
    <Trackpoint>
     <Time>2026-04-10T14:22:58+00:00</Time>
     <Position>
      <LatitudeDegrees>43.8927600</LatitudeDegrees>
      <LongitudeDegrees>4.9449900</LongitudeDegrees>
     </Position>
     <AltitudeMeters>53.28</AltitudeMeters>
     <DistanceMeters>10939.506807961414</DistanceMeters>
    </Trackpoint>
    <Trackpoint>
     <Time>2026-04-10T14:23:04+00:00</Time>
     <Position>
      <LatitudeDegrees>43.8929000</LatitudeDegrees>
      <LongitudeDegrees>4.9459950</LongitudeDegrees>
     </Position>
     <AltitudeMeters>51.93</AltitudeMeters>
     <DistanceMeters>11021.603797026695</DistanceMeters>
    </Trackpoint>
    <Trackpoint>
     <Time>2026-04-10T14:23:11+00:00</Time>
     <Position>
      <LatitudeDegrees>43.8930400</LatitudeDegrees>
      <LongitudeDegrees>4.9470000</LongitudeDegrees>
     </Position>
     <AltitudeMeters>50.82</AltitudeMeters>
     <DistanceMeters>11103.70077595712</DistanceMeters>
    </Trackpoint>
    <Trackpoint>
     <Time>2026-04-10T14:23:18+00:00</Time>
     <Position>
      <LatitudeDegrees>43.8931000</LatitudeDegrees>
      <LongitudeDegrees>4.9472100</LongitudeDegrees>
     </Position>
     <AltitudeMeters>50.760000000000005</AltitudeMeters>
     <DistanceMeters>11121.819008818667</DistanceMeters>
    </Trackpoint>
    <Trackpoint>
     <Time>2026-04-10T14:23:25+00:00</Time>
     <Position>
      <LatitudeDegrees>43.8931500</LatitudeDegrees>
      <LongitudeDegrees>4.9473200</LongitudeDegrees>
     </Position>
     <AltitudeMeters>50.760000000000005</AltitudeMeters>
     <DistanceMeters>11132.249793480914</DistanceMeters>
    </Trackpoint>
    <Trackpoint>
     <Time>2026-04-10T14:23:32+00:00</Time>
     <Position>
      <LatitudeDegrees>43.8931900</LatitudeDegrees>
      <LongitudeDegrees>4.9475100</LongitudeDegrees>
     </Position>
     <AltitudeMeters>50.760000000000005</AltitudeMeters>
     <DistanceMeters>11148.125411217412</DistanceMeters>
    </Trackpoint>
    <Trackpoint>
     <Time>2026-04-10T14:23:38+00:00</Time>
     <Position>
      <LatitudeDegrees>43.8931600</LatitudeDegrees>
      <LongitudeDegrees>4.9480300</LongitudeDegrees>
     </Position>
     <AltitudeMeters>49.74</AltitudeMeters>
     <DistanceMeters>11189.964626158046</DistanceMeters>
    </Trackpoint>
    <Trackpoint>
     <Time>2026-04-10T14:23:45+00:00</Time>
     <Position>
      <LatitudeDegrees>43.8930700</LatitudeDegrees>
      <LongitudeDegrees>4.9482600</LongitudeDegrees>
     </Position>
     <AltitudeMeters>49.550000000000004</AltitudeMeters>
     <DistanceMeters>11210.955507530536</DistanceMeters>
    </Trackpoint>
    <Trackpoint>
     <Time>2026-04-10T14:23:52+00:00</Time>
     <Position>
      <LatitudeDegrees>43.8930400</LatitudeDegrees>
      <LongitudeDegrees>4.9485800</LongitudeDegrees>
     </Position>
     <AltitudeMeters>49.57</AltitudeMeters>
     <DistanceMeters>11236.836924463758</DistanceMeters>
    </Trackpoint>
    <Trackpoint>
     <Time>2026-04-10T14:23:59+00:00</Time>
     <Position>
      <LatitudeDegrees>43.8929500</LatitudeDegrees>
      <LongitudeDegrees>4.9492400</LongitudeDegrees>
     </Position>
     <AltitudeMeters>50.04</AltitudeMeters>
     <DistanceMeters>11290.710710859252</DistanceMeters>
    </Trackpoint>
    <Trackpoint>
     <Time>2026-04-10T14:24:06+00:00</Time>
     <Position>
      <LatitudeDegrees>43.8929600</LatitudeDegrees>
      <LongitudeDegrees>4.9494000</LongitudeDegrees>
     </Position>
     <AltitudeMeters>50.04</AltitudeMeters>
     <DistanceMeters>11303.591477436443</DistanceMeters>
    </Trackpoint>
    <Trackpoint>
     <Time>2026-04-10T14:24:12+00:00</Time>
     <Position>
      <LatitudeDegrees>43.8929400</LatitudeDegrees>
      <LongitudeDegrees>4.9494400</LongitudeDegrees>
     </Position>
     <AltitudeMeters>50.04</AltitudeMeters>
     <DistanceMeters>11307.496206646876</DistanceMeters>
    </Trackpoint>
    <Trackpoint>
     <Time>2026-04-10T14:24:19+00:00</Time>
     <Position>
      <LatitudeDegrees>43.8929500</LatitudeDegrees>
      <LongitudeDegrees>4.9495100</LongitudeDegrees>
     </Position>
     <AltitudeMeters>50.06000000000001</AltitudeMeters>
     <DistanceMeters>11313.219719423923</DistanceMeters>
    </Trackpoint>
    <Trackpoint>
     <Time>2026-04-10T14:24:26+00:00</Time>
     <Position>
      <LatitudeDegrees>43.8930100</LatitudeDegrees>
      <LongitudeDegrees>4.9495000</LongitudeDegrees>
     </Position>
     <AltitudeMeters>50.06000000000001</AltitudeMeters>
     <DistanceMeters>11319.945452452657</DistanceMeters>
    </Trackpoint>
    <Trackpoint>
     <Time>2026-04-10T14:24:33+00:00</Time>
     <Position>
      <LatitudeDegrees>43.8930700</LatitudeDegrees>
      <LongitudeDegrees>4.9496400</LongitudeDegrees>
     </Position>
     <AltitudeMeters>50.06000000000001</AltitudeMeters>
     <DistanceMeters>11333.009583584299</DistanceMeters>
    </Trackpoint>
    <Trackpoint>
     <Time>2026-04-10T14:24:40+00:00</Time>
     <Position>
      <LatitudeDegrees>43.8930800</LatitudeDegrees>
      <LongitudeDegrees>4.9497300</LongitudeDegrees>
     </Position>
     <AltitudeMeters>50.06000000000001</AltitudeMeters>
     <DistanceMeters>11340.313199968912</DistanceMeters>
    </Trackpoint>
    <Trackpoint>
     <Time>2026-04-10T14:24:46+00:00</Time>
     <Position>
      <LatitudeDegrees>43.8930800</LatitudeDegrees>
      <LongitudeDegrees>4.9502500</LongitudeDegrees>
     </Position>
     <AltitudeMeters>49.93</AltitudeMeters>
     <DistanceMeters>11382.019043692952</DistanceMeters>
    </Trackpoint>
    <Trackpoint>
     <Time>2026-04-10T14:24:53+00:00</Time>
     <Position>
      <LatitudeDegrees>43.8930550</LatitudeDegrees>
      <LongitudeDegrees>4.9509050</LongitudeDegrees>
     </Position>
     <AltitudeMeters>50.13</AltitudeMeters>
     <DistanceMeters>11434.626024089288</DistanceMeters>
    </Trackpoint>
    <Trackpoint>
     <Time>2026-04-10T14:25:00+00:00</Time>
     <Position>
      <LatitudeDegrees>43.8930300</LatitudeDegrees>
      <LongitudeDegrees>4.9515600</LongitudeDegrees>
     </Position>
     <AltitudeMeters>50.13</AltitudeMeters>
     <DistanceMeters>11487.23299681267</DistanceMeters>
    </Trackpoint>
    <Trackpoint>
     <Time>2026-04-10T14:25:07+00:00</Time>
     <Position>
      <LatitudeDegrees>43.8929700</LatitudeDegrees>
      <LongitudeDegrees>4.9526700</LongitudeDegrees>
     </Position>
     <AltitudeMeters>49.17</AltitudeMeters>
     <DistanceMeters>11576.509145542615</DistanceMeters>
    </Trackpoint>
    <Trackpoint>
     <Time>2026-04-10T14:25:14+00:00</Time>
     <Position>
      <LatitudeDegrees>43.8929800</LatitudeDegrees>
      <LongitudeDegrees>4.9533600</LongitudeDegrees>
     </Position>
     <AltitudeMeters>49.43</AltitudeMeters>
     <DistanceMeters>11631.8608798313</DistanceMeters>
    </Trackpoint>
    <Trackpoint>
     <Time>2026-04-10T14:25:20+00:00</Time>
     <Position>
      <LatitudeDegrees>43.8930367</LatitudeDegrees>
      <LongitudeDegrees>4.9542667</LongitudeDegrees>
     </Position>
     <AltitudeMeters>50.150000000000006</AltitudeMeters>
     <DistanceMeters>11704.851760926198</DistanceMeters>
    </Trackpoint>
    <Trackpoint>
     <Time>2026-04-10T14:25:27+00:00</Time>
     <Position>
      <LatitudeDegrees>43.8930933</LatitudeDegrees>
      <LongitudeDegrees>4.9551733</LongitudeDegrees>
     </Position>
     <AltitudeMeters>50.21</AltitudeMeters>
     <DistanceMeters>11777.84264202114</DistanceMeters>
    </Trackpoint>
    <Trackpoint>
     <Time>2026-04-10T14:25:34+00:00</Time>
     <Position>
      <LatitudeDegrees>43.8931500</LatitudeDegrees>
      <LongitudeDegrees>4.9560800</LongitudeDegrees>
     </Position>
     <AltitudeMeters>50.800000000000004</AltitudeMeters>
     <DistanceMeters>11850.83351019571</DistanceMeters>
    </Trackpoint>
    <Trackpoint>
     <Time>2026-04-10T14:25:41+00:00</Time>
     <Position>
      <LatitudeDegrees>43.8933033</LatitudeDegrees>
      <LongitudeDegrees>4.9570967</LongitudeDegrees>
     </Position>
     <AltitudeMeters>50.32</AltitudeMeters>
     <DistanceMeters>11934.140018350867</DistanceMeters>
    </Trackpoint>
    <Trackpoint>
     <Time>2026-04-10T14:25:48+00:00</Time>
     <Position>
      <LatitudeDegrees>43.8934567</LatitudeDegrees>
      <LongitudeDegrees>4.9581133</LongitudeDegrees>
     </Position>
     <AltitudeMeters>50.18</AltitudeMeters>
     <DistanceMeters>12017.446526505631</DistanceMeters>
    </Trackpoint>
    <Trackpoint>
     <Time>2026-04-10T14:25:54+00:00</Time>
     <Position>
      <LatitudeDegrees>43.8936100</LatitudeDegrees>
      <LongitudeDegrees>4.9591300</LongitudeDegrees>
     </Position>
     <AltitudeMeters>50.330000000000005</AltitudeMeters>
     <DistanceMeters>12100.753040303056</DistanceMeters>
    </Trackpoint>
    <Trackpoint>
     <Time>2026-04-10T14:26:01+00:00</Time>
     <Position>
      <LatitudeDegrees>43.8937750</LatitudeDegrees>
      <LongitudeDegrees>4.9599900</LongitudeDegrees>
     </Position>
     <AltitudeMeters>51.03000000000001</AltitudeMeters>
     <DistanceMeters>12172.130038140582</DistanceMeters>
    </Trackpoint>
    <Trackpoint>
     <Time>2026-04-10T14:26:08+00:00</Time>
     <Position>
      <LatitudeDegrees>43.8939400</LatitudeDegrees>
      <LongitudeDegrees>4.9608500</LongitudeDegrees>
     </Position>
     <AltitudeMeters>50.580000000000005</AltitudeMeters>
     <DistanceMeters>12243.507025196799</DistanceMeters>
    </Trackpoint>
    <Trackpoint>
     <Time>2026-04-10T14:26:15+00:00</Time>
     <Position>
      <LatitudeDegrees>43.8940650</LatitudeDegrees>
      <LongitudeDegrees>4.9616300</LongitudeDegrees>
     </Position>
     <AltitudeMeters>50.330000000000005</AltitudeMeters>
     <DistanceMeters>12307.593022350386</DistanceMeters>
    </Trackpoint>
    <Trackpoint>
     <Time>2026-04-10T14:26:22+00:00</Time>
     <Position>
      <LatitudeDegrees>43.8941900</LatitudeDegrees>
      <LongitudeDegrees>4.9624100</LongitudeDegrees>
     </Position>
     <AltitudeMeters>51.06</AltitudeMeters>
     <DistanceMeters>12371.67897720966</DistanceMeters>
    </Trackpoint>
    <Trackpoint>
     <Time>2026-04-10T14:26:28+00:00</Time>
     <Position>
      <LatitudeDegrees>43.8944350</LatitudeDegrees>
      <LongitudeDegrees>4.9632700</LongitudeDegrees>
     </Position>
     <AltitudeMeters>51.65</AltitudeMeters>
     <DistanceMeters>12445.84672253106</DistanceMeters>
    </Trackpoint>
    <Trackpoint>
     <Time>2026-04-10T14:26:35+00:00</Time>
     <Position>
      <LatitudeDegrees>43.8946800</LatitudeDegrees>
      <LongitudeDegrees>4.9641300</LongitudeDegrees>
     </Position>
     <AltitudeMeters>52.38</AltitudeMeters>
     <DistanceMeters>12520.014465702603</DistanceMeters>
    </Trackpoint>
    <Trackpoint>
     <Time>2026-04-10T14:26:42+00:00</Time>
     <Position>
      <LatitudeDegrees>43.8949300</LatitudeDegrees>
      <LongitudeDegrees>4.9650733</LongitudeDegrees>
     </Position>
     <AltitudeMeters>50.49000000000001</AltitudeMeters>
     <DistanceMeters>12600.62480834428</DistanceMeters>
    </Trackpoint>
    <Trackpoint>
     <Time>2026-04-10T14:26:49+00:00</Time>
     <Position>
      <LatitudeDegrees>43.8951800</LatitudeDegrees>
      <LongitudeDegrees>4.9660167</LongitudeDegrees>
     </Position>
     <AltitudeMeters>50.14</AltitudeMeters>
     <DistanceMeters>12681.235150985867</DistanceMeters>
    </Trackpoint>
    <Trackpoint>
     <Time>2026-04-10T14:26:56+00:00</Time>
     <Position>
      <LatitudeDegrees>43.8954300</LatitudeDegrees>
      <LongitudeDegrees>4.9669600</LongitudeDegrees>
     </Position>
     <AltitudeMeters>50.14</AltitudeMeters>
     <DistanceMeters>12761.845476247161</DistanceMeters>
    </Trackpoint>
    <Trackpoint>
     <Time>2026-04-10T14:27:02+00:00</Time>
     <Position>
      <LatitudeDegrees>43.8955200</LatitudeDegrees>
      <LongitudeDegrees>4.9672900</LongitudeDegrees>
     </Position>
     <AltitudeMeters>50.14</AltitudeMeters>
     <DistanceMeters>12790.143660750422</DistanceMeters>
    </Trackpoint>
    <Trackpoint>
     <Time>2026-04-10T14:27:09+00:00</Time>
     <Position>
      <LatitudeDegrees>43.8956700</LatitudeDegrees>
      <LongitudeDegrees>4.9680900</LongitudeDegrees>
     </Position>
     <AltitudeMeters>50.54</AltitudeMeters>
     <DistanceMeters>12856.44014070556</DistanceMeters>
    </Trackpoint>
    <Trackpoint>
     <Time>2026-04-10T14:27:16+00:00</Time>
     <Position>
      <LatitudeDegrees>43.8957650</LatitudeDegrees>
      <LongitudeDegrees>4.9688850</LongitudeDegrees>
     </Position>
     <AltitudeMeters>52.480000000000004</AltitudeMeters>
     <DistanceMeters>12921.069814154256</DistanceMeters>
    </Trackpoint>
    <Trackpoint>
     <Time>2026-04-10T14:27:23+00:00</Time>
     <Position>
      <LatitudeDegrees>43.8958600</LatitudeDegrees>
      <LongitudeDegrees>4.9696800</LongitudeDegrees>
     </Position>
     <AltitudeMeters>52.480000000000004</AltitudeMeters>
     <DistanceMeters>12985.699463901487</DistanceMeters>
    </Trackpoint>
    <Trackpoint>
     <Time>2026-04-10T14:27:30+00:00</Time>
     <Position>
      <LatitudeDegrees>43.8958100</LatitudeDegrees>
      <LongitudeDegrees>4.9706900</LongitudeDegrees>
     </Position>
     <AltitudeMeters>53.57000000000001</AltitudeMeters>
     <DistanceMeters>13066.892221375398</DistanceMeters>
    </Trackpoint>
    <Trackpoint>
     <Time>2026-04-10T14:27:36+00:00</Time>
     <Position>
      <LatitudeDegrees>43.8957100</LatitudeDegrees>
      <LongitudeDegrees>4.9714200</LongitudeDegrees>
     </Position>
     <AltitudeMeters>54.7</AltitudeMeters>
     <DistanceMeters>13126.486650222989</DistanceMeters>
    </Trackpoint>
    <Trackpoint>
     <Time>2026-04-10T14:27:43+00:00</Time>
     <Position>
      <LatitudeDegrees>43.8956400</LatitudeDegrees>
      <LongitudeDegrees>4.9722500</LongitudeDegrees>
     </Position>
     <AltitudeMeters>54.7</AltitudeMeters>
     <DistanceMeters>13193.507042121992</DistanceMeters>
    </Trackpoint>
    <Trackpoint>
     <Time>2026-04-10T14:27:50+00:00</Time>
     <Position>
      <LatitudeDegrees>43.8956500</LatitudeDegrees>
      <LongitudeDegrees>4.9729100</LongitudeDegrees>
     </Position>
     <AltitudeMeters>54.56</AltitudeMeters>
     <DistanceMeters>13246.45080157017</DistanceMeters>
    </Trackpoint>
    <Trackpoint>
     <Time>2026-04-10T14:27:57+00:00</Time>
     <Position>
      <LatitudeDegrees>43.8958000</LatitudeDegrees>
      <LongitudeDegrees>4.9735350</LongitudeDegrees>
     </Position>
     <AltitudeMeters>53.77</AltitudeMeters>
     <DistanceMeters>13299.28271849407</DistanceMeters>
    </Trackpoint>
    <Trackpoint>
     <Time>2026-04-10T14:28:04+00:00</Time>
     <Position>
      <LatitudeDegrees>43.8959500</LatitudeDegrees>
      <LongitudeDegrees>4.9741600</LongitudeDegrees>
     </Position>
     <AltitudeMeters>53.26</AltitudeMeters>
     <DistanceMeters>13352.114601259991</DistanceMeters>
    </Trackpoint>
    <Trackpoint>
     <Time>2026-04-10T14:28:10+00:00</Time>
     <Position>
      <LatitudeDegrees>43.8959900</LatitudeDegrees>
      <LongitudeDegrees>4.9744400</LongitudeDegrees>
     </Position>
     <AltitudeMeters>53.26</AltitudeMeters>
     <DistanceMeters>13375.007533419817</DistanceMeters>
    </Trackpoint>
    <Trackpoint>
     <Time>2026-04-10T14:28:17+00:00</Time>
     <Position>
      <LatitudeDegrees>43.8960200</LatitudeDegrees>
      <LongitudeDegrees>4.9749200</LongitudeDegrees>
     </Position>
     <AltitudeMeters>53.31</AltitudeMeters>
     <DistanceMeters>13413.647868837365</DistanceMeters>
    </Trackpoint>
    <Trackpoint>
     <Time>2026-04-10T14:28:24+00:00</Time>
     <Position>
      <LatitudeDegrees>43.8960500</LatitudeDegrees>
      <LongitudeDegrees>4.9757200</LongitudeDegrees>
     </Position>
     <AltitudeMeters>52.85</AltitudeMeters>
     <DistanceMeters>13477.894340260596</DistanceMeters>
    </Trackpoint>
    <Trackpoint>
     <Time>2026-04-10T14:28:31+00:00</Time>
     <Position>
      <LatitudeDegrees>43.8961600</LatitudeDegrees>
      <LongitudeDegrees>4.9767750</LongitudeDegrees>
     </Position>
     <AltitudeMeters>54.35</AltitudeMeters>
     <DistanceMeters>13563.38580746389</DistanceMeters>
    </Trackpoint>
    <Trackpoint>
     <Time>2026-04-10T14:28:38+00:00</Time>
     <Position>
      <LatitudeDegrees>43.8962700</LatitudeDegrees>
      <LongitudeDegrees>4.9778300</LongitudeDegrees>
     </Position>
     <AltitudeMeters>54.35</AltitudeMeters>
     <DistanceMeters>13648.877300507831</DistanceMeters>
    </Trackpoint>
    <Trackpoint>
     <Time>2026-04-10T14:28:44+00:00</Time>
     <Position>
      <LatitudeDegrees>43.8963767</LatitudeDegrees>
      <LongitudeDegrees>4.9787033</LongitudeDegrees>
     </Position>
     <AltitudeMeters>54.37</AltitudeMeters>
     <DistanceMeters>13719.916750097469</DistanceMeters>
    </Trackpoint>
    <Trackpoint>
     <Time>2026-04-10T14:28:51+00:00</Time>
     <Position>
      <LatitudeDegrees>43.8964833</LatitudeDegrees>
      <LongitudeDegrees>4.9795767</LongitudeDegrees>
     </Position>
     <AltitudeMeters>54.07000000000001</AltitudeMeters>
     <DistanceMeters>13790.956199687145</DistanceMeters>
    </Trackpoint>
    <Trackpoint>
     <Time>2026-04-10T14:28:58+00:00</Time>
     <Position>
      <LatitudeDegrees>43.8965900</LatitudeDegrees>
      <LongitudeDegrees>4.9804500</LongitudeDegrees>
     </Position>
     <AltitudeMeters>54.230000000000004</AltitudeMeters>
     <DistanceMeters>13861.99565403278</DistanceMeters>
    </Trackpoint>
    <Trackpoint>
     <Time>2026-04-10T14:29:05+00:00</Time>
     <Position>
      <LatitudeDegrees>43.8966100</LatitudeDegrees>
      <LongitudeDegrees>4.9806500</LongitudeDegrees>
     </Position>
     <AltitudeMeters>54.290000000000006</AltitudeMeters>
     <DistanceMeters>13878.18912875984</DistanceMeters>
    </Trackpoint>
    <Trackpoint>
     <Time>2026-04-10T14:29:12+00:00</Time>
     <Position>
      <LatitudeDegrees>43.8966200</LatitudeDegrees>
      <LongitudeDegrees>4.9814500</LongitudeDegrees>
     </Position>
     <AltitudeMeters>54.290000000000006</AltitudeMeters>
     <DistanceMeters>13942.357792406488</DistanceMeters>
    </Trackpoint>
    <Trackpoint>
     <Time>2026-04-10T14:29:18+00:00</Time>
     <Position>
      <LatitudeDegrees>43.8966300</LatitudeDegrees>
      <LongitudeDegrees>4.9822500</LongitudeDegrees>
     </Position>
     <AltitudeMeters>54.38</AltitudeMeters>
     <DistanceMeters>14006.526478373187</DistanceMeters>
    </Trackpoint>
    <Trackpoint>
     <Time>2026-04-10T14:29:25+00:00</Time>
     <Position>
      <LatitudeDegrees>43.8967050</LatitudeDegrees>
      <LongitudeDegrees>4.9829650</LongitudeDegrees>
     </Position>
     <AltitudeMeters>54.38</AltitudeMeters>
     <DistanceMeters>14064.472870744114</DistanceMeters>
    </Trackpoint>
    <Trackpoint>
     <Time>2026-04-10T14:29:32+00:00</Time>
     <Position>
      <LatitudeDegrees>43.8967800</LatitudeDegrees>
      <LongitudeDegrees>4.9836800</LongitudeDegrees>
     </Position>
     <AltitudeMeters>54.38</AltitudeMeters>
     <DistanceMeters>14122.419280616425</DistanceMeters>
    </Trackpoint>
    <Trackpoint>
     <Time>2026-04-10T14:29:39+00:00</Time>
     <Position>
      <LatitudeDegrees>43.8967750</LatitudeDegrees>
      <LongitudeDegrees>4.9845350</LongitudeDegrees>
     </Position>
     <AltitudeMeters>55.75000000000001</AltitudeMeters>
     <DistanceMeters>14190.991301384689</DistanceMeters>
    </Trackpoint>
    <Trackpoint>
     <Time>2026-04-10T14:29:46+00:00</Time>
     <Position>
      <LatitudeDegrees>43.8967700</LatitudeDegrees>
      <LongitudeDegrees>4.9853900</LongitudeDegrees>
     </Position>
     <AltitudeMeters>55.75000000000001</AltitudeMeters>
     <DistanceMeters>14259.563350018114</DistanceMeters>
    </Trackpoint>
    <Trackpoint>
     <Time>2026-04-10T14:29:52+00:00</Time>
     <Position>
      <LatitudeDegrees>43.8968600</LatitudeDegrees>
      <LongitudeDegrees>4.9859300</LongitudeDegrees>
     </Position>
     <AltitudeMeters>55.75000000000001</AltitudeMeters>
     <DistanceMeters>14304.013838458919</DistanceMeters>
    </Trackpoint>
    <Trackpoint>
     <Time>2026-04-10T14:29:59+00:00</Time>
     <Position>
      <LatitudeDegrees>43.8971200</LatitudeDegrees>
      <LongitudeDegrees>4.9870600</LongitudeDegrees>
     </Position>
     <AltitudeMeters>55.75000000000001</AltitudeMeters>
     <DistanceMeters>14399.145654157233</DistanceMeters>
    </Trackpoint>
    <Trackpoint>
     <Time>2026-04-10T14:30:06+00:00</Time>
     <Position>
      <LatitudeDegrees>43.8973100</LatitudeDegrees>
      <LongitudeDegrees>4.9877200</LongitudeDegrees>
     </Position>
     <AltitudeMeters>56.52</AltitudeMeters>
     <DistanceMeters>14456.143952394083</DistanceMeters>
    </Trackpoint>
    <Trackpoint>
     <Time>2026-04-10T14:30:13+00:00</Time>
     <Position>
      <LatitudeDegrees>43.8975000</LatitudeDegrees>
      <LongitudeDegrees>4.9883800</LongitudeDegrees>
     </Position>
     <AltitudeMeters>56.52</AltitudeMeters>
     <DistanceMeters>14513.142271682214</DistanceMeters>
    </Trackpoint>
    <Trackpoint>
     <Time>2026-04-10T14:30:20+00:00</Time>
     <Position>
      <LatitudeDegrees>43.8978300</LatitudeDegrees>
      <LongitudeDegrees>4.9892500</LongitudeDegrees>
     </Position>
     <AltitudeMeters>56.52</AltitudeMeters>
     <DistanceMeters>14591.99026819162</DistanceMeters>
    </Trackpoint>
    <Trackpoint>
     <Time>2026-04-10T14:30:26+00:00</Time>
     <Position>
      <LatitudeDegrees>43.8980000</LatitudeDegrees>
      <LongitudeDegrees>4.9897700</LongitudeDegrees>
     </Position>
     <AltitudeMeters>55.400000000000006</AltitudeMeters>
     <DistanceMeters>14637.784060513823</DistanceMeters>
    </Trackpoint>
    <Trackpoint>
     <Time>2026-04-10T14:30:33+00:00</Time>
     <Position>
      <LatitudeDegrees>43.8980900</LatitudeDegrees>
      <LongitudeDegrees>4.9901600</LongitudeDegrees>
     </Position>
     <AltitudeMeters>55.400000000000006</AltitudeMeters>
     <DistanceMeters>14670.625637016055</DistanceMeters>
    </Trackpoint>
    <Trackpoint>
     <Time>2026-04-10T14:30:40+00:00</Time>
     <Position>
      <LatitudeDegrees>43.8981900</LatitudeDegrees>
      <LongitudeDegrees>4.9908600</LongitudeDegrees>
     </Position>
     <AltitudeMeters>55.400000000000006</AltitudeMeters>
     <DistanceMeters>14727.855960616047</DistanceMeters>
    </Trackpoint>
    <Trackpoint>
     <Time>2026-04-10T14:30:47+00:00</Time>
     <Position>
      <LatitudeDegrees>43.8982733</LatitudeDegrees>
      <LongitudeDegrees>4.9916933</LongitudeDegrees>
     </Position>
     <AltitudeMeters>55.300000000000004</AltitudeMeters>
     <DistanceMeters>14795.32686586941</DistanceMeters>
    </Trackpoint>
    <Trackpoint>
     <Time>2026-04-10T14:30:54+00:00</Time>
     <Position>
      <LatitudeDegrees>43.8983567</LatitudeDegrees>
      <LongitudeDegrees>4.9925267</LongitudeDegrees>
     </Position>
     <AltitudeMeters>55.300000000000004</AltitudeMeters>
     <DistanceMeters>14862.797771122665</DistanceMeters>
    </Trackpoint>
    <Trackpoint>
     <Time>2026-04-10T14:31:00+00:00</Time>
     <Position>
      <LatitudeDegrees>43.8984400</LatitudeDegrees>
      <LongitudeDegrees>4.9933600</LongitudeDegrees>
     </Position>
     <AltitudeMeters>55.300000000000004</AltitudeMeters>
     <DistanceMeters>14930.26867487498</DistanceMeters>
    </Trackpoint>
    <Trackpoint>
     <Time>2026-04-10T14:31:07+00:00</Time>
     <Position>
      <LatitudeDegrees>43.8985600</LatitudeDegrees>
      <LongitudeDegrees>4.9943950</LongitudeDegrees>
     </Position>
     <AltitudeMeters>55.800000000000004</AltitudeMeters>
     <DistanceMeters>15014.339319658455</DistanceMeters>
    </Trackpoint>
    <Trackpoint>
     <Time>2026-04-10T14:31:14+00:00</Time>
     <Position>
      <LatitudeDegrees>43.8986800</LatitudeDegrees>
      <LongitudeDegrees>4.9954300</LongitudeDegrees>
     </Position>
     <AltitudeMeters>55.800000000000004</AltitudeMeters>
     <DistanceMeters>15098.409949027191</DistanceMeters>
    </Trackpoint>
    <Trackpoint>
     <Time>2026-04-10T14:31:21+00:00</Time>
     <Position>
      <LatitudeDegrees>43.8987700</LatitudeDegrees>
      <LongitudeDegrees>4.9964750</LongitudeDegrees>
     </Position>
     <AltitudeMeters>56.1</AltitudeMeters>
     <DistanceMeters>15182.811133768058</DistanceMeters>
    </Trackpoint>
    <Trackpoint>
     <Time>2026-04-10T14:31:28+00:00</Time>
     <Position>
      <LatitudeDegrees>43.8988600</LatitudeDegrees>
      <LongitudeDegrees>4.9975200</LongitudeDegrees>
     </Position>
     <AltitudeMeters>56.1</AltitudeMeters>
     <DistanceMeters>15267.21231544542</DistanceMeters>
    </Trackpoint>
    <Trackpoint>
     <Time>2026-04-10T14:31:34+00:00</Time>
     <Position>
      <LatitudeDegrees>43.8990533</LatitudeDegrees>
      <LongitudeDegrees>4.9984767</LongitudeDegrees>
     </Position>
     <AltitudeMeters>57.25</AltitudeMeters>
     <DistanceMeters>15346.892819907785</DistanceMeters>
    </Trackpoint>
    <Trackpoint>
     <Time>2026-04-10T14:31:41+00:00</Time>
     <Position>
      <LatitudeDegrees>43.8992467</LatitudeDegrees>
      <LongitudeDegrees>4.9994333</LongitudeDegrees>
     </Position>
     <AltitudeMeters>57.25</AltitudeMeters>
     <DistanceMeters>15426.573324370349</DistanceMeters>
    </Trackpoint>
    <Trackpoint>
     <Time>2026-04-10T14:31:48+00:00</Time>
     <Position>
      <LatitudeDegrees>43.8994400</LatitudeDegrees>
      <LongitudeDegrees>5.0003900</LongitudeDegrees>
     </Position>
     <AltitudeMeters>57.25</AltitudeMeters>
     <DistanceMeters>15506.253837431937</DistanceMeters>
    </Trackpoint>
    <Trackpoint>
     <Time>2026-04-10T14:31:55+00:00</Time>
     <Position>
      <LatitudeDegrees>43.8996567</LatitudeDegrees>
      <LongitudeDegrees>5.0012333</LongitudeDegrees>
     </Position>
     <AltitudeMeters>57.25</AltitudeMeters>
     <DistanceMeters>15578.054975731642</DistanceMeters>
    </Trackpoint>
    <Trackpoint>
     <Time>2026-04-10T14:32:02+00:00</Time>
     <Position>
      <LatitudeDegrees>43.8998733</LatitudeDegrees>
      <LongitudeDegrees>5.0020767</LongitudeDegrees>
     </Position>
     <AltitudeMeters>56.99</AltitudeMeters>
     <DistanceMeters>15649.856114032149</DistanceMeters>
    </Trackpoint>
    <Trackpoint>
     <Time>2026-04-10T14:32:08+00:00</Time>
     <Position>
      <LatitudeDegrees>43.9000900</LatitudeDegrees>
      <LongitudeDegrees>5.0029200</LongitudeDegrees>
     </Position>
     <AltitudeMeters>56.99</AltitudeMeters>
     <DistanceMeters>15721.657259024101</DistanceMeters>
    </Trackpoint>
    <Trackpoint>
     <Time>2026-04-10T14:32:15+00:00</Time>
     <Position>
      <LatitudeDegrees>43.9003450</LatitudeDegrees>
      <LongitudeDegrees>5.0037350</LongitudeDegrees>
     </Position>
     <AltitudeMeters>56.74</AltitudeMeters>
     <DistanceMeters>15792.911083794988</DistanceMeters>
    </Trackpoint>
    <Trackpoint>
     <Time>2026-04-10T14:32:22+00:00</Time>
     <Position>
      <LatitudeDegrees>43.9006000</LatitudeDegrees>
      <LongitudeDegrees>5.0045500</LongitudeDegrees>
     </Position>
     <AltitudeMeters>57.02</AltitudeMeters>
     <DistanceMeters>15864.164859821441</DistanceMeters>
    </Trackpoint>
    <Trackpoint>
     <Time>2026-04-10T14:32:29+00:00</Time>
     <Position>
      <LatitudeDegrees>43.9010280</LatitudeDegrees>
      <LongitudeDegrees>5.0055960</LongitudeDegrees>
     </Position>
     <AltitudeMeters>57.31</AltitudeMeters>
     <DistanceMeters>15960.627495493529</DistanceMeters>
    </Trackpoint>
    <Trackpoint>
     <Time>2026-04-10T14:32:36+00:00</Time>
     <Position>
      <LatitudeDegrees>43.9014560</LatitudeDegrees>
      <LongitudeDegrees>5.0066420</LongitudeDegrees>
     </Position>
     <AltitudeMeters>56.63</AltitudeMeters>
     <DistanceMeters>16057.090131165518</DistanceMeters>
    </Trackpoint>
    <Trackpoint>
     <Time>2026-04-10T14:32:42+00:00</Time>
     <Position>
      <LatitudeDegrees>43.9018840</LatitudeDegrees>
      <LongitudeDegrees>5.0076880</LongitudeDegrees>
     </Position>
     <AltitudeMeters>57.120000000000005</AltitudeMeters>
     <DistanceMeters>16153.552766837995</DistanceMeters>
    </Trackpoint>
    <Trackpoint>
     <Time>2026-04-10T14:32:49+00:00</Time>
     <Position>
      <LatitudeDegrees>43.9023120</LatitudeDegrees>
      <LongitudeDegrees>5.0087340</LongitudeDegrees>
     </Position>
     <AltitudeMeters>57.75</AltitudeMeters>
     <DistanceMeters>16250.01540250993</DistanceMeters>
    </Trackpoint>
    <Trackpoint>
     <Time>2026-04-10T14:32:56+00:00</Time>
     <Position>
      <LatitudeDegrees>43.9027400</LatitudeDegrees>
      <LongitudeDegrees>5.0097800</LongitudeDegrees>
     </Position>
     <AltitudeMeters>57.690000000000005</AltitudeMeters>
     <DistanceMeters>16346.478041754768</DistanceMeters>
    </Trackpoint>
    <Trackpoint>
     <Time>2026-04-10T14:33:03+00:00</Time>
     <Position>
      <LatitudeDegrees>43.9028300</LatitudeDegrees>
      <LongitudeDegrees>5.0100700</LongitudeDegrees>
     </Position>
     <AltitudeMeters>57.690000000000005</AltitudeMeters>
     <DistanceMeters>16371.79875604463</DistanceMeters>
    </Trackpoint>
    <Trackpoint>
     <Time>2026-04-10T14:33:10+00:00</Time>
     <Position>
      <LatitudeDegrees>43.9030000</LatitudeDegrees>
      <LongitudeDegrees>5.0107900</LongitudeDegrees>
     </Position>
     <AltitudeMeters>57.830000000000005</AltitudeMeters>
     <DistanceMeters>16432.556795803066</DistanceMeters>
    </Trackpoint>
    <Trackpoint>
     <Time>2026-04-10T14:33:16+00:00</Time>
     <Position>
      <LatitudeDegrees>43.9031133</LatitudeDegrees>
      <LongitudeDegrees>5.0116267</LongitudeDegrees>
     </Position>
     <AltitudeMeters>57.730000000000004</AltitudeMeters>
     <DistanceMeters>16500.824453058987</DistanceMeters>
    </Trackpoint>
    <Trackpoint>
     <Time>2026-04-10T14:33:23+00:00</Time>
     <Position>
      <LatitudeDegrees>43.9032267</LatitudeDegrees>
      <LongitudeDegrees>5.0124633</LongitudeDegrees>
     </Position>
     <AltitudeMeters>57.730000000000004</AltitudeMeters>
     <DistanceMeters>16569.092110314676</DistanceMeters>
    </Trackpoint>
    <Trackpoint>
     <Time>2026-04-10T14:33:30+00:00</Time>
     <Position>
      <LatitudeDegrees>43.9033400</LatitudeDegrees>
      <LongitudeDegrees>5.0133000</LongitudeDegrees>
     </Position>
     <AltitudeMeters>58.34</AltitudeMeters>
     <DistanceMeters>16637.35975353276</DistanceMeters>
    </Trackpoint>
    <Trackpoint>
     <Time>2026-04-10T14:33:37+00:00</Time>
     <Position>
      <LatitudeDegrees>43.9034433</LatitudeDegrees>
      <LongitudeDegrees>5.0141567</LongitudeDegrees>
     </Position>
     <AltitudeMeters>58.34</AltitudeMeters>
     <DistanceMeters>16707.01145273398</DistanceMeters>
    </Trackpoint>
    <Trackpoint>
     <Time>2026-04-10T14:33:44+00:00</Time>
     <Position>
      <LatitudeDegrees>43.9035467</LatitudeDegrees>
      <LongitudeDegrees>5.0150133</LongitudeDegrees>
     </Position>
     <AltitudeMeters>58.34</AltitudeMeters>
     <DistanceMeters>16776.66315193551</DistanceMeters>
    </Trackpoint>
    <Trackpoint>
     <Time>2026-04-10T14:33:50+00:00</Time>
     <Position>
      <LatitudeDegrees>43.9036500</LatitudeDegrees>
      <LongitudeDegrees>5.0158700</LongitudeDegrees>
     </Position>
     <AltitudeMeters>58.34</AltitudeMeters>
     <DistanceMeters>16846.31487149121</DistanceMeters>
    </Trackpoint>
    <Trackpoint>
     <Time>2026-04-10T14:33:57+00:00</Time>
     <Position>
      <LatitudeDegrees>43.9037550</LatitudeDegrees>
      <LongitudeDegrees>5.0165750</LongitudeDegrees>
     </Position>
     <AltitudeMeters>58.910000000000004</AltitudeMeters>
     <DistanceMeters>16904.04339174379</DistanceMeters>
    </Trackpoint>
    <Trackpoint>
     <Time>2026-04-10T14:34:04+00:00</Time>
     <Position>
      <LatitudeDegrees>43.9038600</LatitudeDegrees>
      <LongitudeDegrees>5.0172800</LongitudeDegrees>
     </Position>
     <AltitudeMeters>58.910000000000004</AltitudeMeters>
     <DistanceMeters>16961.771960267393</DistanceMeters>
    </Trackpoint>
    <Trackpoint>
     <Time>2026-04-10T14:34:11+00:00</Time>
     <Position>
      <LatitudeDegrees>43.9039700</LatitudeDegrees>
      <LongitudeDegrees>5.0177000</LongitudeDegrees>
     </Position>
     <AltitudeMeters>58.910000000000004</AltitudeMeters>
     <DistanceMeters>16997.60739937912</DistanceMeters>
    </Trackpoint>
    <Trackpoint>
     <Time>2026-04-10T14:34:18+00:00</Time>
     <Position>
      <LatitudeDegrees>43.9041700</LatitudeDegrees>
      <LongitudeDegrees>5.0181400</LongitudeDegrees>
     </Position>
     <AltitudeMeters>58.900000000000006</AltitudeMeters>
     <DistanceMeters>17039.325052029773</DistanceMeters>
    </Trackpoint>
    <Trackpoint>
     <Time>2026-04-10T14:34:24+00:00</Time>
     <Position>
      <LatitudeDegrees>43.9047800</LatitudeDegrees>
      <LongitudeDegrees>5.0189200</LongitudeDegrees>
     </Position>
     <AltitudeMeters>58.900000000000006</AltitudeMeters>
     <DistanceMeters>17131.635414755372</DistanceMeters>
    </Trackpoint>
    <Trackpoint>
     <Time>2026-04-10T14:34:31+00:00</Time>
     <Position>
      <LatitudeDegrees>43.9050600</LatitudeDegrees>
      <LongitudeDegrees>5.0193100</LongitudeDegrees>
     </Position>
     <AltitudeMeters>58.67000000000001</AltitudeMeters>
     <DistanceMeters>17175.784369939553</DistanceMeters>
    </Trackpoint>
    <Trackpoint>
     <Time>2026-04-10T14:34:38+00:00</Time>
     <Position>
      <LatitudeDegrees>43.9053900</LatitudeDegrees>
      <LongitudeDegrees>5.0199500</LongitudeDegrees>
     </Position>
     <AltitudeMeters>58.67000000000001</AltitudeMeters>
     <DistanceMeters>17238.89250400059</DistanceMeters>
    </Trackpoint>
    <Trackpoint>
     <Time>2026-04-10T14:34:45+00:00</Time>
     <Position>
      <LatitudeDegrees>43.9057500</LatitudeDegrees>
      <LongitudeDegrees>5.0206650</LongitudeDegrees>
     </Position>
     <AltitudeMeters>59.24000000000001</AltitudeMeters>
     <DistanceMeters>17308.838424912887</DistanceMeters>
    </Trackpoint>
    <Trackpoint>
     <Time>2026-04-10T14:34:52+00:00</Time>
     <Position>
      <LatitudeDegrees>43.9061100</LatitudeDegrees>
      <LongitudeDegrees>5.0213800</LongitudeDegrees>
     </Position>
     <AltitudeMeters>59.84</AltitudeMeters>
     <DistanceMeters>17378.78433519882</DistanceMeters>
    </Trackpoint>
    <Trackpoint>
     <Time>2026-04-10T14:34:58+00:00</Time>
     <Position>
      <LatitudeDegrees>43.9064750</LatitudeDegrees>
      <LongitudeDegrees>5.0221350</LongitudeDegrees>
     </Position>
     <AltitudeMeters>58.85000000000001</AltitudeMeters>
     <DistanceMeters>17451.690583175252</DistanceMeters>
    </Trackpoint>
    <Trackpoint>
     <Time>2026-04-10T14:35:05+00:00</Time>
     <Position>
      <LatitudeDegrees>43.9068400</LatitudeDegrees>
      <LongitudeDegrees>5.0228900</LongitudeDegrees>
     </Position>
     <AltitudeMeters>58.85000000000001</AltitudeMeters>
     <DistanceMeters>17524.596819877377</DistanceMeters>
    </Trackpoint>
    <Trackpoint>
     <Time>2026-04-10T14:35:12+00:00</Time>
     <Position>
      <LatitudeDegrees>43.9070900</LatitudeDegrees>
      <LongitudeDegrees>5.0234600</LongitudeDegrees>
     </Position>
     <AltitudeMeters>59.050000000000004</AltitudeMeters>
     <DistanceMeters>17578.105235395054</DistanceMeters>
    </Trackpoint>
    <Trackpoint>
     <Time>2026-04-10T14:35:19+00:00</Time>
     <Position>
      <LatitudeDegrees>43.9072400</LatitudeDegrees>
      <LongitudeDegrees>5.0239500</LongitudeDegrees>
     </Position>
     <AltitudeMeters>59.5</AltitudeMeters>
     <DistanceMeters>17620.795283069223</DistanceMeters>
    </Trackpoint>
    <Trackpoint>
     <Time>2026-04-10T14:35:26+00:00</Time>
     <Position>
      <LatitudeDegrees>43.9075500</LatitudeDegrees>
      <LongitudeDegrees>5.0251200</LongitudeDegrees>
     </Position>
     <AltitudeMeters>58.11</AltitudeMeters>
     <DistanceMeters>17720.753921503172</DistanceMeters>
    </Trackpoint>
    <Trackpoint>
     <Time>2026-04-10T14:35:32+00:00</Time>
     <Position>
      <LatitudeDegrees>43.9076600</LatitudeDegrees>
      <LongitudeDegrees>5.0253700</LongitudeDegrees>
     </Position>
     <AltitudeMeters>58.11</AltitudeMeters>
     <DistanceMeters>17744.242670788095</DistanceMeters>
    </Trackpoint>
    <Trackpoint>
     <Time>2026-04-10T14:35:39+00:00</Time>
     <Position>
      <LatitudeDegrees>43.9078600</LatitudeDegrees>
      <LongitudeDegrees>5.0257600</LongitudeDegrees>
     </Position>
     <AltitudeMeters>58.080000000000005</AltitudeMeters>
     <DistanceMeters>17782.627388588924</DistanceMeters>
    </Trackpoint>
    <Trackpoint>
     <Time>2026-04-10T14:35:46+00:00</Time>
     <Position>
      <LatitudeDegrees>43.9083700</LatitudeDegrees>
      <LongitudeDegrees>5.0265000</LongitudeDegrees>
     </Position>
     <AltitudeMeters>59.31</AltitudeMeters>
     <DistanceMeters>17864.739965880384</DistanceMeters>
    </Trackpoint>
    <Trackpoint>
     <Time>2026-04-10T14:35:53+00:00</Time>
     <Position>
      <LatitudeDegrees>43.9088800</LatitudeDegrees>
      <LongitudeDegrees>5.0272400</LongitudeDegrees>
     </Position>
     <AltitudeMeters>60.24</AltitudeMeters>
     <DistanceMeters>17946.852548466704</DistanceMeters>
    </Trackpoint>
    <Trackpoint>
     <Time>2026-04-10T14:36:00+00:00</Time>
     <Position>
      <LatitudeDegrees>43.9090700</LatitudeDegrees>
      <LongitudeDegrees>5.0276300</LongitudeDegrees>
     </Position>
     <AltitudeMeters>60.24</AltitudeMeters>
     <DistanceMeters>17984.602229225093</DistanceMeters>
    </Trackpoint>
    <Trackpoint>
     <Time>2026-04-10T14:36:06+00:00</Time>
     <Position>
      <LatitudeDegrees>43.9091700</LatitudeDegrees>
      <LongitudeDegrees>5.0279400</LongitudeDegrees>
     </Position>
     <AltitudeMeters>59.99</AltitudeMeters>
     <DistanceMeters>18011.836545504833</DistanceMeters>
    </Trackpoint>
    <Trackpoint>
     <Time>2026-04-10T14:36:13+00:00</Time>
     <Position>
      <LatitudeDegrees>43.9093700</LatitudeDegrees>
      <LongitudeDegrees>5.0289450</LongitudeDegrees>
     </Position>
     <AltitudeMeters>59.99</AltitudeMeters>
     <DistanceMeters>18095.436865982425</DistanceMeters>
    </Trackpoint>
    <Trackpoint>
     <Time>2026-04-10T14:36:20+00:00</Time>
     <Position>
      <LatitudeDegrees>43.9095700</LatitudeDegrees>
      <LongitudeDegrees>5.0299500</LongitudeDegrees>
     </Position>
     <AltitudeMeters>60.22</AltitudeMeters>
     <DistanceMeters>18179.037147801206</DistanceMeters>
    </Trackpoint>
    <Trackpoint>
     <Time>2026-04-10T14:36:27+00:00</Time>
     <Position>
      <LatitudeDegrees>43.9096600</LatitudeDegrees>
      <LongitudeDegrees>5.0302700</LongitudeDegrees>
     </Position>
     <AltitudeMeters>60.22</AltitudeMeters>
     <DistanceMeters>18206.58103739588</DistanceMeters>
    </Trackpoint>
    <Trackpoint>
     <Time>2026-04-10T14:36:34+00:00</Time>
     <Position>
      <LatitudeDegrees>43.9098400</LatitudeDegrees>
      <LongitudeDegrees>5.0307200</LongitudeDegrees>
     </Position>
     <AltitudeMeters>60.22</AltitudeMeters>
     <DistanceMeters>18247.850929759654</DistanceMeters>
    </Trackpoint>
    <Trackpoint>
     <Time>2026-04-10T14:36:40+00:00</Time>
     <Position>
      <LatitudeDegrees>43.9100300</LatitudeDegrees>
      <LongitudeDegrees>5.0310500</LongitudeDegrees>
     </Position>
     <AltitudeMeters>60.42</AltitudeMeters>
     <DistanceMeters>18281.722384635592</DistanceMeters>
    </Trackpoint>
    <Trackpoint>
     <Time>2026-04-10T14:36:47+00:00</Time>
     <Position>
      <LatitudeDegrees>43.9103700</LatitudeDegrees>
      <LongitudeDegrees>5.0315300</LongitudeDegrees>
     </Position>
     <AltitudeMeters>60.42</AltitudeMeters>
     <DistanceMeters>18335.69577361788</DistanceMeters>
    </Trackpoint>
    <Trackpoint>
     <Time>2026-04-10T14:36:54+00:00</Time>
     <Position>
      <LatitudeDegrees>43.9110100</LatitudeDegrees>
      <LongitudeDegrees>5.0322500</LongitudeDegrees>
     </Position>
     <AltitudeMeters>60.83</AltitudeMeters>
     <DistanceMeters>18427.38162920971</DistanceMeters>
    </Trackpoint>
    <Trackpoint>
     <Time>2026-04-10T14:37:01+00:00</Time>
     <Position>
      <LatitudeDegrees>43.9112900</LatitudeDegrees>
      <LongitudeDegrees>5.0326700</LongitudeDegrees>
     </Position>
     <AltitudeMeters>61.03000000000001</AltitudeMeters>
     <DistanceMeters>18473.263467319863</DistanceMeters>
    </Trackpoint>
    <Trackpoint>
     <Time>2026-04-10T14:37:08+00:00</Time>
     <Position>
      <LatitudeDegrees>43.9116100</LatitudeDegrees>
      <LongitudeDegrees>5.0332600</LongitudeDegrees>
     </Position>
     <AltitudeMeters>60.43000000000001</AltitudeMeters>
     <DistanceMeters>18532.47673141848</DistanceMeters>
    </Trackpoint>
    <Trackpoint>
     <Time>2026-04-10T14:37:14+00:00</Time>
     <Position>
      <LatitudeDegrees>43.9118800</LatitudeDegrees>
      <LongitudeDegrees>5.0338500</LongitudeDegrees>
     </Position>
     <AltitudeMeters>60.43000000000001</AltitudeMeters>
     <DistanceMeters>18588.51939353516</DistanceMeters>
    </Trackpoint>
    <Trackpoint>
     <Time>2026-04-10T14:37:21+00:00</Time>
     <Position>
      <LatitudeDegrees>43.9120100</LatitudeDegrees>
      <LongitudeDegrees>5.0342100</LongitudeDegrees>
     </Position>
     <AltitudeMeters>60.27</AltitudeMeters>
     <DistanceMeters>18620.806753679844</DistanceMeters>
    </Trackpoint>
    <Trackpoint>
     <Time>2026-04-10T14:37:28+00:00</Time>
     <Position>
      <LatitudeDegrees>43.9121700</LatitudeDegrees>
      <LongitudeDegrees>5.0348100</LongitudeDegrees>
     </Position>
     <AltitudeMeters>59.99</AltitudeMeters>
     <DistanceMeters>18672.103546557984</DistanceMeters>
    </Trackpoint>
    <Trackpoint>
     <Time>2026-04-10T14:37:35+00:00</Time>
     <Position>
      <LatitudeDegrees>43.9123200</LatitudeDegrees>
      <LongitudeDegrees>5.0354000</LongitudeDegrees>
     </Position>
     <AltitudeMeters>59.99</AltitudeMeters>
     <DistanceMeters>18722.26778952151</DistanceMeters>
    </Trackpoint>
    <Trackpoint>
     <Time>2026-04-10T14:37:42+00:00</Time>
     <Position>
      <LatitudeDegrees>43.9124300</LatitudeDegrees>
      <LongitudeDegrees>5.0360300</LongitudeDegrees>
     </Position>
     <AltitudeMeters>59.78000000000001</AltitudeMeters>
     <DistanceMeters>18774.242085231035</DistanceMeters>
    </Trackpoint>
    <Trackpoint>
     <Time>2026-04-10T14:37:48+00:00</Time>
     <Position>
      <LatitudeDegrees>43.9125400</LatitudeDegrees>
      <LongitudeDegrees>5.0369500</LongitudeDegrees>
     </Position>
     <AltitudeMeters>59.78000000000001</AltitudeMeters>
     <DistanceMeters>18849.014347932793</DistanceMeters>
    </Trackpoint>
    <Trackpoint>
     <Time>2026-04-10T14:37:55+00:00</Time>
     <Position>
      <LatitudeDegrees>43.9126100</LatitudeDegrees>
      <LongitudeDegrees>5.0376800</LongitudeDegrees>
     </Position>
     <AltitudeMeters>59.49000000000001</AltitudeMeters>
     <DistanceMeters>18908.05998996698</DistanceMeters>
    </Trackpoint>
    <Trackpoint>
     <Time>2026-04-10T14:38:02+00:00</Time>
     <Position>
      <LatitudeDegrees>43.9126300</LatitudeDegrees>
      <LongitudeDegrees>5.0382500</LongitudeDegrees>
     </Position>
     <AltitudeMeters>59.29</AltitudeMeters>
     <DistanceMeters>18953.815184068335</DistanceMeters>
    </Trackpoint>
    <Trackpoint>
     <Time>2026-04-10T14:38:09+00:00</Time>
     <Position>
      <LatitudeDegrees>43.9126600</LatitudeDegrees>
      <LongitudeDegrees>5.0394300</LongitudeDegrees>
     </Position>
     <AltitudeMeters>59.370000000000005</AltitudeMeters>
     <DistanceMeters>19048.48316851032</DistanceMeters>
    </Trackpoint>
    <Trackpoint>
     <Time>2026-04-10T14:38:16+00:00</Time>
     <Position>
      <LatitudeDegrees>43.9126500</LatitudeDegrees>
      <LongitudeDegrees>5.0399400</LongitudeDegrees>
     </Position>
     <AltitudeMeters>59.370000000000005</AltitudeMeters>
     <DistanceMeters>19089.38867294034</DistanceMeters>
    </Trackpoint>
    <Trackpoint>
     <Time>2026-04-10T14:38:22+00:00</Time>
     <Position>
      <LatitudeDegrees>43.9127200</LatitudeDegrees>
      <LongitudeDegrees>5.0406700</LongitudeDegrees>
     </Position>
     <AltitudeMeters>59.46000000000001</AltitudeMeters>
     <DistanceMeters>19148.434207738108</DistanceMeters>
    </Trackpoint>
    <Trackpoint>
     <Time>2026-04-10T14:38:29+00:00</Time>
     <Position>
      <LatitudeDegrees>43.9126800</LatitudeDegrees>
      <LongitudeDegrees>5.0409000</LongitudeDegrees>
     </Position>
     <AltitudeMeters>59.760000000000005</AltitudeMeters>
     <DistanceMeters>19167.40469927784</DistanceMeters>
    </Trackpoint>
    <Trackpoint>
     <Time>2026-04-10T14:38:36+00:00</Time>
     <Position>
      <LatitudeDegrees>43.9126500</LatitudeDegrees>
      <LongitudeDegrees>5.0409600</LongitudeDegrees>
     </Position>
     <AltitudeMeters>59.760000000000005</AltitudeMeters>
     <DistanceMeters>19173.26048405903</DistanceMeters>
    </Trackpoint>
    <Trackpoint>
     <Time>2026-04-10T14:38:43+00:00</Time>
     <Position>
      <LatitudeDegrees>43.9126400</LatitudeDegrees>
      <LongitudeDegrees>5.0410300</LongitudeDegrees>
     </Position>
     <AltitudeMeters>59.9</AltitudeMeters>
     <DistanceMeters>19178.982174811834</DistanceMeters>
    </Trackpoint>
    <Trackpoint>
     <Time>2026-04-10T14:38:50+00:00</Time>
     <Position>
      <LatitudeDegrees>43.9126600</LatitudeDegrees>
      <LongitudeDegrees>5.0411400</LongitudeDegrees>
     </Position>
     <AltitudeMeters>59.9</AltitudeMeters>
     <DistanceMeters>19188.078223488617</DistanceMeters>
    </Trackpoint>
    <Trackpoint>
     <Time>2026-04-10T14:38:56+00:00</Time>
     <Position>
      <LatitudeDegrees>43.9127200</LatitudeDegrees>
      <LongitudeDegrees>5.0411900</LongitudeDegrees>
     </Position>
     <AltitudeMeters>60.0</AltitudeMeters>
     <DistanceMeters>19195.866878870842</DistanceMeters>
    </Trackpoint>
    <Trackpoint>
     <Time>2026-04-10T14:39:03+00:00</Time>
     <Position>
      <LatitudeDegrees>43.9128000</LatitudeDegrees>
      <LongitudeDegrees>5.0412200</LongitudeDegrees>
     </Position>
     <AltitudeMeters>60.0</AltitudeMeters>
     <DistanceMeters>19205.08970828529</DistanceMeters>
    </Trackpoint>
    <Trackpoint>
     <Time>2026-04-10T14:39:10+00:00</Time>
     <Position>
      <LatitudeDegrees>43.9128700</LatitudeDegrees>
      <LongitudeDegrees>5.0413200</LongitudeDegrees>
     </Position>
     <AltitudeMeters>60.0</AltitudeMeters>
     <DistanceMeters>19216.269081207283</DistanceMeters>
    </Trackpoint>
    <Trackpoint>
     <Time>2026-04-10T14:39:17+00:00</Time>
     <Position>
      <LatitudeDegrees>43.9129900</LatitudeDegrees>
      <LongitudeDegrees>5.0417100</LongitudeDegrees>
     </Position>
     <AltitudeMeters>60.83</AltitudeMeters>
     <DistanceMeters>19250.270793490665</DistanceMeters>
    </Trackpoint>
    <Trackpoint>
     <Time>2026-04-10T14:39:24+00:00</Time>
     <Position>
      <LatitudeDegrees>43.9132800</LatitudeDegrees>
      <LongitudeDegrees>5.0423200</LongitudeDegrees>
     </Position>
     <AltitudeMeters>60.59</AltitudeMeters>
     <DistanceMeters>19308.86845072675</DistanceMeters>
    </Trackpoint>
    <Trackpoint>
     <Time>2026-04-10T14:39:30+00:00</Time>
     <Position>
      <LatitudeDegrees>43.9135000</LatitudeDegrees>
      <LongitudeDegrees>5.0428300</LongitudeDegrees>
     </Position>
     <AltitudeMeters>59.18</AltitudeMeters>
     <DistanceMeters>19356.528685387035</DistanceMeters>
    </Trackpoint>
    <Trackpoint>
     <Time>2026-04-10T14:39:37+00:00</Time>
     <Position>
      <LatitudeDegrees>43.9136400</LatitudeDegrees>
      <LongitudeDegrees>5.0432600</LongitudeDegrees>
     </Position>
     <AltitudeMeters>58.74000000000001</AltitudeMeters>
     <DistanceMeters>19394.36188210224</DistanceMeters>
    </Trackpoint>
    <Trackpoint>
     <Time>2026-04-10T14:39:44+00:00</Time>
     <Position>
      <LatitudeDegrees>43.9139000</LatitudeDegrees>
      <LongitudeDegrees>5.0442200</LongitudeDegrees>
     </Position>
     <AltitudeMeters>59.830000000000005</AltitudeMeters>
     <DistanceMeters>19476.590318676914</DistanceMeters>
    </Trackpoint>
    <Trackpoint>
     <Time>2026-04-10T14:39:51+00:00</Time>
     <Position>
      <LatitudeDegrees>43.9139500</LatitudeDegrees>
      <LongitudeDegrees>5.0444600</LongitudeDegrees>
     </Position>
     <AltitudeMeters>60.33</AltitudeMeters>
     <DistanceMeters>19496.62093777231</DistanceMeters>
    </Trackpoint>
    <Trackpoint>
     <Time>2026-04-10T14:39:58+00:00</Time>
     <Position>
      <LatitudeDegrees>43.9141700</LatitudeDegrees>
      <LongitudeDegrees>5.0453200</LongitudeDegrees>
     </Position>
     <AltitudeMeters>59.4</AltitudeMeters>
     <DistanceMeters>19569.79007713752</DistanceMeters>
    </Trackpoint>
    <Trackpoint>
     <Time>2026-04-10T14:40:04+00:00</Time>
     <Position>
      <LatitudeDegrees>43.9143700</LatitudeDegrees>
      <LongitudeDegrees>5.0458900</LongitudeDegrees>
     </Position>
     <AltitudeMeters>59.39</AltitudeMeters>
     <DistanceMeters>19620.6225118028</DistanceMeters>
    </Trackpoint>
    <Trackpoint>
     <Time>2026-04-10T14:40:11+00:00</Time>
     <Position>
      <LatitudeDegrees>43.9144400</LatitudeDegrees>
      <LongitudeDegrees>5.0460200</LongitudeDegrees>
     </Position>
     <AltitudeMeters>59.39</AltitudeMeters>
     <DistanceMeters>19633.635128761343</DistanceMeters>
    </Trackpoint>
    <Trackpoint>
     <Time>2026-04-10T14:40:18+00:00</Time>
     <Position>
      <LatitudeDegrees>43.9146900</LatitudeDegrees>
      <LongitudeDegrees>5.0465000</LongitudeDegrees>
     </Position>
     <AltitudeMeters>59.2</AltitudeMeters>
     <DistanceMeters>19681.123803027822</DistanceMeters>
    </Trackpoint>
    <Trackpoint>
     <Time>2026-04-10T14:40:25+00:00</Time>
     <Position>
      <LatitudeDegrees>43.9152400</LatitudeDegrees>
      <LongitudeDegrees>5.0471900</LongitudeDegrees>
     </Position>
     <AltitudeMeters>59.84</AltitudeMeters>
     <DistanceMeters>19763.630162734804</DistanceMeters>
    </Trackpoint>
    <Trackpoint>
     <Time>2026-04-10T14:40:32+00:00</Time>
     <Position>
      <LatitudeDegrees>43.9153000</LatitudeDegrees>
      <LongitudeDegrees>5.0472900</LongitudeDegrees>
     </Position>
     <AltitudeMeters>59.85000000000001</AltitudeMeters>
     <DistanceMeters>19774.06425932995</DistanceMeters>
    </Trackpoint>
    <Trackpoint>
     <Time>2026-04-10T14:40:38+00:00</Time>
     <Position>
      <LatitudeDegrees>43.9153300</LatitudeDegrees>
      <LongitudeDegrees>5.0473800</LongitudeDegrees>
     </Position>
     <AltitudeMeters>59.88</AltitudeMeters>
     <DistanceMeters>19782.0149371757</DistanceMeters>
    </Trackpoint>
    <Trackpoint>
     <Time>2026-04-10T14:40:45+00:00</Time>
     <Position>
      <LatitudeDegrees>43.9153000</LatitudeDegrees>
      <LongitudeDegrees>5.0474500</LongitudeDegrees>
     </Position>
     <AltitudeMeters>59.93</AltitudeMeters>
     <DistanceMeters>19788.545197607753</DistanceMeters>
    </Trackpoint>
    <Trackpoint>
     <Time>2026-04-10T14:40:52+00:00</Time>
     <Position>
      <LatitudeDegrees>43.9153400</LatitudeDegrees>
      <LongitudeDegrees>5.0475200</LongitudeDegrees>
     </Position>
     <AltitudeMeters>60.06</AltitudeMeters>
     <DistanceMeters>19795.708646902454</DistanceMeters>
    </Trackpoint>
    <Trackpoint>
     <Time>2026-04-10T14:40:59+00:00</Time>
     <Position>
      <LatitudeDegrees>43.9153700</LatitudeDegrees>
      <LongitudeDegrees>5.0475200</LongitudeDegrees>
     </Position>
     <AltitudeMeters>60.06</AltitudeMeters>
     <DistanceMeters>19799.047517285948</DistanceMeters>
    </Trackpoint>
    <Trackpoint>
     <Time>2026-04-10T14:41:06+00:00</Time>
     <Position>
      <LatitudeDegrees>43.9154100</LatitudeDegrees>
      <LongitudeDegrees>5.0474700</LongitudeDegrees>
     </Position>
     <AltitudeMeters>60.06</AltitudeMeters>
     <DistanceMeters>19805.038196538906</DistanceMeters>
    </Trackpoint>
    <Trackpoint>
     <Time>2026-04-10T14:41:12+00:00</Time>
     <Position>
      <LatitudeDegrees>43.9154800</LatitudeDegrees>
      <LongitudeDegrees>5.0474900</LongitudeDegrees>
     </Position>
     <AltitudeMeters>60.06</AltitudeMeters>
     <DistanceMeters>19812.99219423595</DistanceMeters>
    </Trackpoint>
    <Trackpoint>
     <Time>2026-04-10T14:41:19+00:00</Time>
     <Position>
      <LatitudeDegrees>43.9162200</LatitudeDegrees>
      <LongitudeDegrees>5.0479900</LongitudeDegrees>
     </Position>
     <AltitudeMeters>60.95</AltitudeMeters>
     <DistanceMeters>19904.58856327874</DistanceMeters>
    </Trackpoint>
    <Trackpoint>
     <Time>2026-04-10T14:41:26+00:00</Time>
     <Position>
      <LatitudeDegrees>43.9160200</LatitudeDegrees>
      <LongitudeDegrees>5.0489500</LongitudeDegrees>
     </Position>
     <AltitudeMeters>60.76</AltitudeMeters>
     <DistanceMeters>19984.708312425537</DistanceMeters>
    </Trackpoint>
    <Trackpoint>
     <Time>2026-04-10T14:41:33+00:00</Time>
     <Position>
      <LatitudeDegrees>43.9157300</LatitudeDegrees>
      <LongitudeDegrees>5.0497100</LongitudeDegrees>
     </Position>
     <AltitudeMeters>60.53000000000001</AltitudeMeters>
     <DistanceMeters>20053.660138355262</DistanceMeters>
    </Trackpoint>
    <Trackpoint>
     <Time>2026-04-10T14:41:40+00:00</Time>
     <Position>
      <LatitudeDegrees>43.9156100</LatitudeDegrees>
      <LongitudeDegrees>5.0500100</LongitudeDegrees>
     </Position>
     <AltitudeMeters>59.78000000000001</AltitudeMeters>
     <DistanceMeters>20081.17130808501</DistanceMeters>
    </Trackpoint>
    <Trackpoint>
     <Time>2026-04-10T14:41:46+00:00</Time>
     <Position>
      <LatitudeDegrees>43.9155600</LatitudeDegrees>
      <LongitudeDegrees>5.0502200</LongitudeDegrees>
     </Position>
     <AltitudeMeters>59.43</AltitudeMeters>
     <DistanceMeters>20098.903495236686</DistanceMeters>
    </Trackpoint>
    <Trackpoint>
     <Time>2026-04-10T14:41:53+00:00</Time>
     <Position>
      <LatitudeDegrees>43.9155200</LatitudeDegrees>
      <LongitudeDegrees>5.0505100</LongitudeDegrees>
     </Position>
     <AltitudeMeters>59.43</AltitudeMeters>
     <DistanceMeters>20122.57611869446</DistanceMeters>
    </Trackpoint>
    <Trackpoint>
     <Time>2026-04-10T14:42:00+00:00</Time>
     <Position>
      <LatitudeDegrees>43.9155000</LatitudeDegrees>
      <LongitudeDegrees>5.0516000</LongitudeDegrees>
     </Position>
     <AltitudeMeters>60.14000000000001</AltitudeMeters>
     <DistanceMeters>20209.993394412195</DistanceMeters>
    </Trackpoint>
    <Trackpoint>
     <Time>2026-04-10T14:42:07+00:00</Time>
     <Position>
      <LatitudeDegrees>43.9154700</LatitudeDegrees>
      <LongitudeDegrees>5.0516900</LongitudeDegrees>
     </Position>
     <AltitudeMeters>60.14000000000001</AltitudeMeters>
     <DistanceMeters>20217.944053549803</DistanceMeters>
    </Trackpoint>
    <Trackpoint>
     <Time>2026-04-10T14:42:14+00:00</Time>
     <Position>
      <LatitudeDegrees>43.9152300</LatitudeDegrees>
      <LongitudeDegrees>5.0519500</LongitudeDegrees>
     </Position>
     <AltitudeMeters>61.00000000000001</AltitudeMeters>
     <DistanceMeters>20251.82612364199</DistanceMeters>
    </Trackpoint>
    <Trackpoint>
     <Time>2026-04-10T14:42:20+00:00</Time>
     <Position>
      <LatitudeDegrees>43.9150700</LatitudeDegrees>
      <LongitudeDegrees>5.0520500</LongitudeDegrees>
     </Position>
     <AltitudeMeters>61.26</AltitudeMeters>
     <DistanceMeters>20271.35504201382</DistanceMeters>
    </Trackpoint>
    <Trackpoint>
     <Time>2026-04-10T14:42:27+00:00</Time>
     <Position>
      <LatitudeDegrees>43.9151000</LatitudeDegrees>
      <LongitudeDegrees>5.0521500</LongitudeDegrees>
     </Position>
     <AltitudeMeters>61.26</AltitudeMeters>
     <DistanceMeters>20280.039891184497</DistanceMeters>
    </Trackpoint>
    <Trackpoint>
     <Time>2026-04-10T14:42:34+00:00</Time>
     <Position>
      <LatitudeDegrees>43.9152000</LatitudeDegrees>
      <LongitudeDegrees>5.0523700</LongitudeDegrees>
     </Position>
     <AltitudeMeters>61.38</AltitudeMeters>
     <DistanceMeters>20300.89594026957</DistanceMeters>
    </Trackpoint>
    <Trackpoint>
     <Time>2026-04-10T14:42:41+00:00</Time>
     <Position>
      <LatitudeDegrees>43.9154100</LatitudeDegrees>
      <LongitudeDegrees>5.0522400</LongitudeDegrees>
     </Position>
     <AltitudeMeters>61.58</AltitudeMeters>
     <DistanceMeters>20326.486654641863</DistanceMeters>
    </Trackpoint>
    <Trackpoint>
     <Time>2026-04-10T14:42:48+00:00</Time>
     <Position>
      <LatitudeDegrees>43.9155000</LatitudeDegrees>
      <LongitudeDegrees>5.0522300</LongitudeDegrees>
     </Position>
     <AltitudeMeters>61.58</AltitudeMeters>
     <DistanceMeters>20336.535300144</DistanceMeters>
    </Trackpoint>
    <Trackpoint>
     <Time>2026-04-10T14:42:54+00:00</Time>
     <Position>
      <LatitudeDegrees>43.9162200</LatitudeDegrees>
      <LongitudeDegrees>5.0523250</LongitudeDegrees>
     </Position>
     <AltitudeMeters>61.38</AltitudeMeters>
     <DistanceMeters>20417.029349985052</DistanceMeters>
    </Trackpoint>
    <Trackpoint>
     <Time>2026-04-10T14:43:01+00:00</Time>
     <Position>
      <LatitudeDegrees>43.9169400</LatitudeDegrees>
      <LongitudeDegrees>5.0524200</LongitudeDegrees>
     </Position>
     <AltitudeMeters>60.34</AltitudeMeters>
     <DistanceMeters>20497.52336317103</DistanceMeters>
    </Trackpoint>
    <Trackpoint>
     <Time>2026-04-10T14:43:08+00:00</Time>
     <Position>
      <LatitudeDegrees>43.9173900</LatitudeDegrees>
      <LongitudeDegrees>5.0524600</LongitudeDegrees>
     </Position>
     <AltitudeMeters>59.75</AltitudeMeters>
     <DistanceMeters>20547.70898184898</DistanceMeters>
    </Trackpoint>
    <Trackpoint>
     <Time>2026-04-10T14:43:15+00:00</Time>
     <Position>
      <LatitudeDegrees>43.9174600</LatitudeDegrees>
      <LongitudeDegrees>5.0524200</LongitudeDegrees>
     </Position>
     <AltitudeMeters>59.75</AltitudeMeters>
     <DistanceMeters>20556.133869243007</DistanceMeters>
    </Trackpoint>
    <Trackpoint>
     <Time>2026-04-10T14:43:22+00:00</Time>
     <Position>
      <LatitudeDegrees>43.9175400</LatitudeDegrees>
      <LongitudeDegrees>5.0523500</LongitudeDegrees>
     </Position>
     <AltitudeMeters>59.760000000000005</AltitudeMeters>
     <DistanceMeters>20566.65855421552</DistanceMeters>
    </Trackpoint>
    <Trackpoint>
     <Time>2026-04-10T14:43:28+00:00</Time>
     <Position>
      <LatitudeDegrees>43.9177500</LatitudeDegrees>
      <LongitudeDegrees>5.0525600</LongitudeDegrees>
     </Position>
     <AltitudeMeters>59.980000000000004</AltitudeMeters>
     <DistanceMeters>20595.463045723423</DistanceMeters>
    </Trackpoint>
    <Trackpoint>
     <Time>2026-04-10T14:43:35+00:00</Time>
     <Position>
      <LatitudeDegrees>43.9179800</LatitudeDegrees>
      <LongitudeDegrees>5.0528300</LongitudeDegrees>
     </Position>
     <AltitudeMeters>60.42</AltitudeMeters>
     <DistanceMeters>20628.98624321779</DistanceMeters>
    </Trackpoint>
    <Trackpoint>
     <Time>2026-04-10T14:43:42+00:00</Time>
     <Position>
      <LatitudeDegrees>43.9180200</LatitudeDegrees>
      <LongitudeDegrees>5.0529200</LongitudeDegrees>
     </Position>
     <AltitudeMeters>60.42</AltitudeMeters>
     <DistanceMeters>20637.464408677253</DistanceMeters>
    </Trackpoint>
    <Trackpoint>
     <Time>2026-04-10T14:43:49+00:00</Time>
     <Position>
      <LatitudeDegrees>43.9180900</LatitudeDegrees>
      <LongitudeDegrees>5.0532200</LongitudeDegrees>
     </Position>
     <AltitudeMeters>60.9</AltitudeMeters>
     <DistanceMeters>20662.7457094657</DistanceMeters>
    </Trackpoint>
    <Trackpoint>
     <Time>2026-04-10T14:43:56+00:00</Time>
     <Position>
      <LatitudeDegrees>43.9182400</LatitudeDegrees>
      <LongitudeDegrees>5.0536100</LongitudeDegrees>
     </Position>
     <AltitudeMeters>60.88</AltitudeMeters>
     <DistanceMeters>20698.189706435813</DistanceMeters>
    </Trackpoint>
    <Trackpoint>
     <Time>2026-04-10T14:44:02+00:00</Time>
     <Position>
      <LatitudeDegrees>43.9181700</LatitudeDegrees>
      <LongitudeDegrees>5.0536800</LongitudeDegrees>
     </Position>
     <AltitudeMeters>60.88</AltitudeMeters>
     <DistanceMeters>20707.79117273488</DistanceMeters>
    </Trackpoint>
    <Trackpoint>
     <Time>2026-04-10T14:44:09+00:00</Time>
     <Position>
      <LatitudeDegrees>43.9178700</LatitudeDegrees>
      <LongitudeDegrees>5.0538800</LongitudeDegrees>
     </Position>
     <AltitudeMeters>60.21000000000001</AltitudeMeters>
     <DistanceMeters>20744.83026532467</DistanceMeters>
    </Trackpoint>
    <Trackpoint>
     <Time>2026-04-10T14:44:16+00:00</Time>
     <Position>
      <LatitudeDegrees>43.9177800</LatitudeDegrees>
      <LongitudeDegrees>5.0540100</LongitudeDegrees>
     </Position>
     <AltitudeMeters>60.21000000000001</AltitudeMeters>
     <DistanceMeters>20759.285480445407</DistanceMeters>
    </Trackpoint>
    <Trackpoint>
     <Time>2026-04-10T14:44:23+00:00</Time>
     <Position>
      <LatitudeDegrees>43.9176600</LatitudeDegrees>
      <LongitudeDegrees>5.0541200</LongitudeDegrees>
     </Position>
     <AltitudeMeters>59.9</AltitudeMeters>
     <DistanceMeters>20775.289824984815</DistanceMeters>
    </Trackpoint>
    <Trackpoint>
     <Time>2026-04-10T14:44:30+00:00</Time>
     <Position>
      <LatitudeDegrees>43.9174100</LatitudeDegrees>
      <LongitudeDegrees>5.0544100</LongitudeDegrees>
     </Position>
     <AltitudeMeters>59.93</AltitudeMeters>
     <DistanceMeters>20811.548735701625</DistanceMeters>
    </Trackpoint>
    <Trackpoint>
     <Time>2026-04-10T14:44:36+00:00</Time>
     <Position>
      <LatitudeDegrees>43.9174600</LatitudeDegrees>
      <LongitudeDegrees>5.0546100</LongitudeDegrees>
     </Position>
     <AltitudeMeters>60.07000000000001</AltitudeMeters>
     <DistanceMeters>20828.521087104167</DistanceMeters>
    </Trackpoint>
    <Trackpoint>
     <Time>2026-04-10T14:44:43+00:00</Time>
     <Position>
      <LatitudeDegrees>43.9174700</LatitudeDegrees>
      <LongitudeDegrees>5.0551500</LongitudeDegrees>
     </Position>
     <AltitudeMeters>61.39000000000001</AltitudeMeters>
     <DistanceMeters>20871.827567586937</DistanceMeters>
    </Trackpoint>
    <Trackpoint>
     <Time>2026-04-10T14:44:50+00:00</Time>
     <Position>
      <LatitudeDegrees>43.9174400</LatitudeDegrees>
      <LongitudeDegrees>5.0553800</LongitudeDegrees>
     </Position>
     <AltitudeMeters>61.480000000000004</AltitudeMeters>
     <DistanceMeters>20890.566684384263</DistanceMeters>
    </Trackpoint>
    <Trackpoint>
     <Time>2026-04-10T14:44:57+00:00</Time>
     <Position>
      <LatitudeDegrees>43.9173500</LatitudeDegrees>
      <LongitudeDegrees>5.0556600</LongitudeDegrees>
     </Position>
     <AltitudeMeters>61.68000000000001</AltitudeMeters>
     <DistanceMeters>20915.14792120629</DistanceMeters>
    </Trackpoint>
    <Trackpoint>
     <Time>2026-04-10T14:45:04+00:00</Time>
     <Position>
      <LatitudeDegrees>43.9173100</LatitudeDegrees>
      <LongitudeDegrees>5.0557000</LongitudeDegrees>
     </Position>
     <AltitudeMeters>61.64000000000001</AltitudeMeters>
     <DistanceMeters>20920.634500940338</DistanceMeters>
    </Trackpoint>
    <Trackpoint>
     <Time>2026-04-10T14:45:10+00:00</Time>
     <Position>
      <LatitudeDegrees>43.9171500</LatitudeDegrees>
      <LongitudeDegrees>5.0557400</LongitudeDegrees>
     </Position>
     <AltitudeMeters>61.34</AltitudeMeters>
     <DistanceMeters>20938.728258703894</DistanceMeters>
    </Trackpoint>
    <Trackpoint>
     <Time>2026-04-10T14:45:17+00:00</Time>
     <Position>
      <LatitudeDegrees>43.9164950</LatitudeDegrees>
      <LongitudeDegrees>5.0556950</LongitudeDegrees>
     </Position>
     <AltitudeMeters>60.64000000000001</AltitudeMeters>
     <DistanceMeters>21011.71613654676</DistanceMeters>
    </Trackpoint>
    <Trackpoint>
     <Time>2026-04-10T14:45:24+00:00</Time>
     <Position>
      <LatitudeDegrees>43.9158400</LatitudeDegrees>
      <LongitudeDegrees>5.0556500</LongitudeDegrees>
     </Position>
     <AltitudeMeters>60.67</AltitudeMeters>
     <DistanceMeters>21084.704035902636</DistanceMeters>
    </Trackpoint>
    <Trackpoint>
     <Time>2026-04-10T14:45:31+00:00</Time>
     <Position>
      <LatitudeDegrees>43.9155600</LatitudeDegrees>
      <LongitudeDegrees>5.0556700</LongitudeDegrees>
     </Position>
     <AltitudeMeters>60.76</AltitudeMeters>
     <DistanceMeters>21115.90805142267</DistanceMeters>
    </Trackpoint>
    <Trackpoint>
     <Time>2026-04-10T14:45:38+00:00</Time>
     <Position>
      <LatitudeDegrees>43.9151700</LatitudeDegrees>
      <LongitudeDegrees>5.0557200</LongitudeDegrees>
     </Position>
     <AltitudeMeters>60.730000000000004</AltitudeMeters>
     <DistanceMeters>21159.49808302285</DistanceMeters>
    </Trackpoint>
    <Trackpoint>
     <Time>2026-04-10T14:45:45+00:00</Time>
     <Position>
      <LatitudeDegrees>43.9147700</LatitudeDegrees>
      <LongitudeDegrees>5.0558200</LongitudeDegrees>
     </Position>
     <AltitudeMeters>60.53000000000001</AltitudeMeters>
     <DistanceMeters>21204.73253140085</DistanceMeters>
    </Trackpoint>
    <Trackpoint>
     <Time>2026-04-10T14:45:51+00:00</Time>
     <Position>
      <LatitudeDegrees>43.9139000</LatitudeDegrees>
      <LongitudeDegrees>5.0559225</LongitudeDegrees>
     </Position>
     <AltitudeMeters>61.230000000000004</AltitudeMeters>
     <DistanceMeters>21301.9078989385</DistanceMeters>
    </Trackpoint>
    <Trackpoint>
     <Time>2026-04-10T14:45:58+00:00</Time>
     <Position>
      <LatitudeDegrees>43.9130300</LatitudeDegrees>
      <LongitudeDegrees>5.0560250</LongitudeDegrees>
     </Position>
     <AltitudeMeters>61.56</AltitudeMeters>
     <DistanceMeters>21399.083266477806</DistanceMeters>
    </Trackpoint>
    <Trackpoint>
     <Time>2026-04-10T14:46:05+00:00</Time>
     <Position>
      <LatitudeDegrees>43.9121600</LatitudeDegrees>
      <LongitudeDegrees>5.0561275</LongitudeDegrees>
     </Position>
     <AltitudeMeters>61.53000000000001</AltitudeMeters>
     <DistanceMeters>21496.258634016223</DistanceMeters>
    </Trackpoint>
    <Trackpoint>
     <Time>2026-04-10T14:46:12+00:00</Time>
     <Position>
      <LatitudeDegrees>43.9112900</LatitudeDegrees>
      <LongitudeDegrees>5.0562300</LongitudeDegrees>
     </Position>
     <AltitudeMeters>61.730000000000004</AltitudeMeters>
     <DistanceMeters>21593.43399910277</DistanceMeters>
    </Trackpoint>
    <Trackpoint>
     <Time>2026-04-10T14:46:19+00:00</Time>
     <Position>
      <LatitudeDegrees>43.9111400</LatitudeDegrees>
      <LongitudeDegrees>5.0561700</LongitudeDegrees>
     </Position>
     <AltitudeMeters>61.730000000000004</AltitudeMeters>
     <DistanceMeters>21610.807676708748</DistanceMeters>
    </Trackpoint>
    <Trackpoint>
     <Time>2026-04-10T14:46:25+00:00</Time>
     <Position>
      <LatitudeDegrees>43.9111100</LatitudeDegrees>
      <LongitudeDegrees>5.0561200</LongitudeDegrees>
     </Position>
     <AltitudeMeters>61.76</AltitudeMeters>
     <DistanceMeters>21616.024939553427</DistanceMeters>
    </Trackpoint>
    <Trackpoint>
     <Time>2026-04-10T14:46:32+00:00</Time>
     <Position>
      <LatitudeDegrees>43.9110700</LatitudeDegrees>
      <LongitudeDegrees>5.0561000</LongitudeDegrees>
     </Position>
     <AltitudeMeters>61.76</AltitudeMeters>
     <DistanceMeters>21620.756773492496</DistanceMeters>
    </Trackpoint>
    <Trackpoint>
     <Time>2026-04-10T14:46:39+00:00</Time>
     <Position>
      <LatitudeDegrees>43.9110200</LatitudeDegrees>
      <LongitudeDegrees>5.0561000</LongitudeDegrees>
     </Position>
     <AltitudeMeters>61.790000000000006</AltitudeMeters>
     <DistanceMeters>21626.321557464722</DistanceMeters>
    </Trackpoint>
    <Trackpoint>
     <Time>2026-04-10T14:46:46+00:00</Time>
     <Position>
      <LatitudeDegrees>43.9109700</LatitudeDegrees>
      <LongitudeDegrees>5.0561500</LongitudeDegrees>
     </Position>
     <AltitudeMeters>61.790000000000006</AltitudeMeters>
     <DistanceMeters>21633.18003156704</DistanceMeters>
    </Trackpoint>
    <Trackpoint>
     <Time>2026-04-10T14:46:53+00:00</Time>
     <Position>
      <LatitudeDegrees>43.9109400</LatitudeDegrees>
      <LongitudeDegrees>5.0562400</LongitudeDegrees>
     </Position>
     <AltitudeMeters>61.76</AltitudeMeters>
     <DistanceMeters>21641.13118919662</DistanceMeters>
    </Trackpoint>
    <Trackpoint>
     <Time>2026-04-10T14:46:59+00:00</Time>
     <Position>
      <LatitudeDegrees>43.9109500</LatitudeDegrees>
      <LongitudeDegrees>5.0563100</LongitudeDegrees>
     </Position>
     <AltitudeMeters>61.76</AltitudeMeters>
     <DistanceMeters>21646.853037204703</DistanceMeters>
    </Trackpoint>
    <Trackpoint>
     <Time>2026-04-10T14:47:06+00:00</Time>
     <Position>
      <LatitudeDegrees>43.9109500</LatitudeDegrees>
      <LongitudeDegrees>5.0565200</LongitudeDegrees>
     </Position>
     <AltitudeMeters>61.65</AltitudeMeters>
     <DistanceMeters>21663.690727027533</DistanceMeters>
    </Trackpoint>
    <Trackpoint>
     <Time>2026-04-10T14:47:13+00:00</Time>
     <Position>
      <LatitudeDegrees>43.9108700</LatitudeDegrees>
      <LongitudeDegrees>5.0566700</LongitudeDegrees>
     </Position>
     <AltitudeMeters>61.65</AltitudeMeters>
     <DistanceMeters>21678.65475360196</DistanceMeters>
    </Trackpoint>
    <Trackpoint>
     <Time>2026-04-10T14:47:20+00:00</Time>
     <Position>
      <LatitudeDegrees>43.9107500</LatitudeDegrees>
      <LongitudeDegrees>5.0567300</LongitudeDegrees>
     </Position>
     <AltitudeMeters>61.56</AltitudeMeters>
     <DistanceMeters>21692.850263089997</DistanceMeters>
    </Trackpoint>
    <Trackpoint>
     <Time>2026-04-10T14:47:27+00:00</Time>
     <Position>
      <LatitudeDegrees>43.9103100</LatitudeDegrees>
      <LongitudeDegrees>5.0568900</LongitudeDegrees>
     </Position>
     <AltitudeMeters>61.38</AltitudeMeters>
     <DistanceMeters>21743.472875329502</DistanceMeters>
    </Trackpoint>
    <Trackpoint>
     <Time>2026-04-10T14:47:33+00:00</Time>
     <Position>
      <LatitudeDegrees>43.9097300</LatitudeDegrees>
      <LongitudeDegrees>5.0570200</LongitudeDegrees>
     </Position>
     <AltitudeMeters>61.38</AltitudeMeters>
     <DistanceMeters>21808.860524228145</DistanceMeters>
    </Trackpoint>
    <Trackpoint>
     <Time>2026-04-10T14:47:40+00:00</Time>
     <Position>
      <LatitudeDegrees>43.9088500</LatitudeDegrees>
      <LongitudeDegrees>5.0571600</LongitudeDegrees>
     </Position>
     <AltitudeMeters>62.19</AltitudeMeters>
     <DistanceMeters>21907.441936115796</DistanceMeters>
    </Trackpoint>
    <Trackpoint>
     <Time>2026-04-10T14:47:47+00:00</Time>
     <Position>
      <LatitudeDegrees>43.9079700</LatitudeDegrees>
      <LongitudeDegrees>5.0573000</LongitudeDegrees>
     </Position>
     <AltitudeMeters>62.14000000000001</AltitudeMeters>
     <DistanceMeters>22006.02334754048</DistanceMeters>
    </Trackpoint>
    <Trackpoint>
     <Time>2026-04-10T14:47:54+00:00</Time>
     <Position>
      <LatitudeDegrees>43.9071800</LatitudeDegrees>
      <LongitudeDegrees>5.0574000</LongitudeDegrees>
     </Position>
     <AltitudeMeters>62.39000000000001</AltitudeMeters>
     <DistanceMeters>22094.311805915524</DistanceMeters>
    </Trackpoint>
    <Trackpoint>
     <Time>2026-04-10T14:48:01+00:00</Time>
     <Position>
      <LatitudeDegrees>43.9066700</LatitudeDegrees>
      <LongitudeDegrees>5.0575200</LongitudeDegrees>
     </Position>
     <AltitudeMeters>62.96</AltitudeMeters>
     <DistanceMeters>22151.882410543745</DistanceMeters>
    </Trackpoint>
    <Trackpoint>
     <Time>2026-04-10T14:48:07+00:00</Time>
     <Position>
      <LatitudeDegrees>43.9061550</LatitudeDegrees>
      <LongitudeDegrees>5.0576800</LongitudeDegrees>
     </Position>
     <AltitudeMeters>62.96</AltitudeMeters>
     <DistanceMeters>22210.6180380279</DistanceMeters>
    </Trackpoint>
    <Trackpoint>
     <Time>2026-04-10T14:48:14+00:00</Time>
     <Position>
      <LatitudeDegrees>43.9056400</LatitudeDegrees>
      <LongitudeDegrees>5.0578400</LongitudeDegrees>
     </Position>
     <AltitudeMeters>65.08</AltitudeMeters>
     <DistanceMeters>22269.35364067877</DistanceMeters>
    </Trackpoint>
    <Trackpoint>
     <Time>2026-04-10T14:48:21+00:00</Time>
     <Position>
      <LatitudeDegrees>43.9051450</LatitudeDegrees>
      <LongitudeDegrees>5.0581350</LongitudeDegrees>
     </Position>
     <AltitudeMeters>65.08</AltitudeMeters>
     <DistanceMeters>22329.308873453498</DistanceMeters>
    </Trackpoint>
    <Trackpoint>
     <Time>2026-04-10T14:48:28+00:00</Time>
     <Position>
      <LatitudeDegrees>43.9046500</LatitudeDegrees>
      <LongitudeDegrees>5.0584300</LongitudeDegrees>
     </Position>
     <AltitudeMeters>65.08</AltitudeMeters>
     <DistanceMeters>22389.26409135751</DistanceMeters>
    </Trackpoint>
    <Trackpoint>
     <Time>2026-04-10T14:48:35+00:00</Time>
     <Position>
      <LatitudeDegrees>43.9040800</LatitudeDegrees>
      <LongitudeDegrees>5.0588000</LongitudeDegrees>
     </Position>
     <AltitudeMeters>64.24000000000001</AltitudeMeters>
     <DistanceMeters>22459.297928894448</DistanceMeters>
    </Trackpoint>
    <Trackpoint>
     <Time>2026-04-10T14:48:41+00:00</Time>
     <Position>
      <LatitudeDegrees>43.9036450</LatitudeDegrees>
      <LongitudeDegrees>5.0590700</LongitudeDegrees>
     </Position>
     <AltitudeMeters>63.95</AltitudeMeters>
     <DistanceMeters>22512.33233913748</DistanceMeters>
    </Trackpoint>
    <Trackpoint>
     <Time>2026-04-10T14:48:48+00:00</Time>
     <Position>
      <LatitudeDegrees>43.9032100</LatitudeDegrees>
      <LongitudeDegrees>5.0593400</LongitudeDegrees>
     </Position>
     <AltitudeMeters>63.95</AltitudeMeters>
     <DistanceMeters>22565.366764063005</DistanceMeters>
    </Trackpoint>
    <Trackpoint>
     <Time>2026-04-10T14:48:55+00:00</Time>
     <Position>
      <LatitudeDegrees>43.9029800</LatitudeDegrees>
      <LongitudeDegrees>5.0594400</LongitudeDegrees>
     </Position>
     <AltitudeMeters>63.95</AltitudeMeters>
     <DistanceMeters>22592.191423930606</DistanceMeters>
    </Trackpoint>
    <Trackpoint>
     <Time>2026-04-10T14:49:02+00:00</Time>
     <Position>
      <LatitudeDegrees>43.9027500</LatitudeDegrees>
      <LongitudeDegrees>5.0595100</LongitudeDegrees>
     </Position>
     <AltitudeMeters>63.95</AltitudeMeters>
     <DistanceMeters>22618.397670323677</DistanceMeters>
    </Trackpoint>
    <Trackpoint>
     <Time>2026-04-10T14:49:09+00:00</Time>
     <Position>
      <LatitudeDegrees>43.9023100</LatitudeDegrees>
      <LongitudeDegrees>5.0596100</LongitudeDegrees>
     </Position>
     <AltitudeMeters>63.95</AltitudeMeters>
     <DistanceMeters>22668.020006666084</DistanceMeters>
    </Trackpoint>
    <Trackpoint>
     <Time>2026-04-10T14:49:15+00:00</Time>
     <Position>
      <LatitudeDegrees>43.9015500</LatitudeDegrees>
      <LongitudeDegrees>5.0598300</LongitudeDegrees>
     </Position>
     <AltitudeMeters>64.56</AltitudeMeters>
     <DistanceMeters>22754.424983218465</DistanceMeters>
    </Trackpoint>
    <Trackpoint>
     <Time>2026-04-10T14:49:22+00:00</Time>
     <Position>
      <LatitudeDegrees>43.9014000</LatitudeDegrees>
      <LongitudeDegrees>5.0598400</LongitudeDegrees>
     </Position>
     <AltitudeMeters>64.56</AltitudeMeters>
     <DistanceMeters>22771.1385844285</DistanceMeters>
    </Trackpoint>
    <Trackpoint>
     <Time>2026-04-10T14:49:29+00:00</Time>
     <Position>
      <LatitudeDegrees>43.9013100</LatitudeDegrees>
      <LongitudeDegrees>5.0598200</LongitudeDegrees>
     </Position>
     <AltitudeMeters>64.56</AltitudeMeters>
     <DistanceMeters>22781.282786090545</DistanceMeters>
    </Trackpoint>
    <Trackpoint>
     <Time>2026-04-10T14:49:36+00:00</Time>
     <Position>
      <LatitudeDegrees>43.9012400</LatitudeDegrees>
      <LongitudeDegrees>5.0597900</LongitudeDegrees>
     </Position>
     <AltitudeMeters>64.56</AltitudeMeters>
     <DistanceMeters>22789.43647991737</DistanceMeters>
    </Trackpoint>
    <Trackpoint>
     <Time>2026-04-10T14:49:43+00:00</Time>
     <Position>
      <LatitudeDegrees>43.9011600</LatitudeDegrees>
      <LongitudeDegrees>5.0597100</LongitudeDegrees>
     </Position>
     <AltitudeMeters>64.51</AltitudeMeters>
     <DistanceMeters>22800.41065551973</DistanceMeters>
    </Trackpoint>
    <Trackpoint>
     <Time>2026-04-10T14:49:49+00:00</Time>
     <Position>
      <LatitudeDegrees>43.9012400</LatitudeDegrees>
      <LongitudeDegrees>5.0597900</LongitudeDegrees>
     </Position>
     <AltitudeMeters>64.56</AltitudeMeters>
     <DistanceMeters>22811.384831122086</DistanceMeters>
    </Trackpoint>
    <Trackpoint>
     <Time>2026-04-10T14:49:56+00:00</Time>
     <Position>
      <LatitudeDegrees>43.9012500</LatitudeDegrees>
      <LongitudeDegrees>5.0598600</LongitudeDegrees>
     </Position>
     <AltitudeMeters>64.56</AltitudeMeters>
     <DistanceMeters>22817.107576320817</DistanceMeters>
    </Trackpoint>
    <Trackpoint>
     <Time>2026-04-10T14:50:03+00:00</Time>
     <Position>
      <LatitudeDegrees>43.9012800</LatitudeDegrees>
      <LongitudeDegrees>5.0599400</LongitudeDegrees>
     </Position>
     <AltitudeMeters>64.56</AltitudeMeters>
     <DistanceMeters>22824.339825960353</DistanceMeters>
    </Trackpoint>
    <Trackpoint>
     <Time>2026-04-10T14:50:10+00:00</Time>
     <Position>
      <LatitudeDegrees>43.9015400</LatitudeDegrees>
      <LongitudeDegrees>5.0603800</LongitudeDegrees>
     </Position>
     <AltitudeMeters>64.56</AltitudeMeters>
     <DistanceMeters>22869.97257180469</DistanceMeters>
    </Trackpoint>
    <Trackpoint>
     <Time>2026-04-10T14:50:17+00:00</Time>
     <Position>
      <LatitudeDegrees>43.9020000</LatitudeDegrees>
      <LongitudeDegrees>5.0610500</LongitudeDegrees>
     </Position>
     <AltitudeMeters>64.56</AltitudeMeters>
     <DistanceMeters>22944.187038336688</DistanceMeters>
    </Trackpoint>
    <Trackpoint>
     <Time>2026-04-10T14:50:23+00:00</Time>
     <Position>
      <LatitudeDegrees>43.9025500</LatitudeDegrees>
      <LongitudeDegrees>5.0617550</LongitudeDegrees>
     </Position>
     <AltitudeMeters>64.56</AltitudeMeters>
     <DistanceMeters>23027.512526491755</DistanceMeters>
    </Trackpoint>
    <Trackpoint>
     <Time>2026-04-10T14:50:30+00:00</Time>
     <Position>
      <LatitudeDegrees>43.9031000</LatitudeDegrees>
      <LongitudeDegrees>5.0624600</LongitudeDegrees>
     </Position>
     <AltitudeMeters>64.94000000000001</AltitudeMeters>
     <DistanceMeters>23110.838001024833</DistanceMeters>
    </Trackpoint>
    <Trackpoint>
     <Time>2026-04-10T14:50:37+00:00</Time>
     <Position>
      <LatitudeDegrees>43.9037450</LatitudeDegrees>
      <LongitudeDegrees>5.0632100</LongitudeDegrees>
     </Position>
     <AltitudeMeters>64.94000000000001</AltitudeMeters>
     <DistanceMeters>23204.487523932978</DistanceMeters>
    </Trackpoint>
    <Trackpoint>
     <Time>2026-04-10T14:50:44+00:00</Time>
     <Position>
      <LatitudeDegrees>43.9043900</LatitudeDegrees>
      <LongitudeDegrees>5.0639600</LongitudeDegrees>
     </Position>
     <AltitudeMeters>64.94000000000001</AltitudeMeters>
     <DistanceMeters>23298.137067354306</DistanceMeters>
    </Trackpoint>
    <Trackpoint>
     <Time>2026-04-10T14:50:51+00:00</Time>
     <Position>
      <LatitudeDegrees>43.9047300</LatitudeDegrees>
      <LongitudeDegrees>5.0644450</LongitudeDegrees>
     </Position>
     <AltitudeMeters>64.94000000000001</AltitudeMeters>
     <DistanceMeters>23352.39960648617</DistanceMeters>
    </Trackpoint>
    <Trackpoint>
     <Time>2026-04-10T14:50:57+00:00</Time>
     <Position>
      <LatitudeDegrees>43.9050700</LatitudeDegrees>
      <LongitudeDegrees>5.0649300</LongitudeDegrees>
     </Position>
     <AltitudeMeters>64.94000000000001</AltitudeMeters>
     <DistanceMeters>23406.662164443787</DistanceMeters>
    </Trackpoint>
    <Trackpoint>
     <Time>2026-04-10T14:51:04+00:00</Time>
     <Position>
      <LatitudeDegrees>43.9051800</LatitudeDegrees>
      <LongitudeDegrees>5.0651200</LongitudeDegrees>
     </Position>
     <AltitudeMeters>64.99000000000001</AltitudeMeters>
     <DistanceMeters>23426.207052578244</DistanceMeters>
    </Trackpoint>
    <Trackpoint>
     <Time>2026-04-10T14:51:11+00:00</Time>
     <Position>
      <LatitudeDegrees>43.9047600</LatitudeDegrees>
      <LongitudeDegrees>5.0662000</LongitudeDegrees>
     </Position>
     <AltitudeMeters>64.99000000000001</AltitudeMeters>
     <DistanceMeters>23524.61954001586</DistanceMeters>
    </Trackpoint>
    <Trackpoint>
     <Time>2026-04-10T14:51:18+00:00</Time>
     <Position>
      <LatitudeDegrees>43.9046700</LatitudeDegrees>
      <LongitudeDegrees>5.0665000</LongitudeDegrees>
     </Position>
     <AltitudeMeters>64.99000000000001</AltitudeMeters>
     <DistanceMeters>23550.67795649421</DistanceMeters>
    </Trackpoint>
    <Trackpoint>
     <Time>2026-04-10T14:51:25+00:00</Time>
     <Position>
      <LatitudeDegrees>43.9044100</LatitudeDegrees>
      <LongitudeDegrees>5.0676500</LongitudeDegrees>
     </Position>
     <AltitudeMeters>68.2</AltitudeMeters>
     <DistanceMeters>23647.32780784431</DistanceMeters>
    </Trackpoint>
    <Trackpoint>
     <Time>2026-04-10T14:51:31+00:00</Time>
     <Position>
      <LatitudeDegrees>43.9042400</LatitudeDegrees>
      <LongitudeDegrees>5.0681800</LongitudeDegrees>
     </Position>
     <AltitudeMeters>68.2</AltitudeMeters>
     <DistanceMeters>23693.848919852775</DistanceMeters>
    </Trackpoint>
    <Trackpoint>
     <Time>2026-04-10T14:51:38+00:00</Time>
     <Position>
      <LatitudeDegrees>43.9038800</LatitudeDegrees>
      <LongitudeDegrees>5.0689850</LongitudeDegrees>
     </Position>
     <AltitudeMeters>68.2</AltitudeMeters>
     <DistanceMeters>23769.824569355755</DistanceMeters>
    </Trackpoint>
    <Trackpoint>
     <Time>2026-04-10T14:51:45+00:00</Time>
     <Position>
      <LatitudeDegrees>43.9035200</LatitudeDegrees>
      <LongitudeDegrees>5.0697900</LongitudeDegrees>
     </Position>
     <AltitudeMeters>68.2</AltitudeMeters>
     <DistanceMeters>23845.80021911206</DistanceMeters>
    </Trackpoint>
    <Trackpoint>
     <Time>2026-04-10T14:51:52+00:00</Time>
     <Position>
      <LatitudeDegrees>43.9030400</LatitudeDegrees>
      <LongitudeDegrees>5.0705000</LongitudeDegrees>
     </Position>
     <AltitudeMeters>68.2</AltitudeMeters>
     <DistanceMeters>23923.87370672966</DistanceMeters>
    </Trackpoint>
    <Trackpoint>
     <Time>2026-04-10T14:51:59+00:00</Time>
     <Position>
      <LatitudeDegrees>43.9027000</LatitudeDegrees>
      <LongitudeDegrees>5.0709000</LongitudeDegrees>
     </Position>
     <AltitudeMeters>68.85000000000001</AltitudeMeters>
     <DistanceMeters>23973.480004674442</DistanceMeters>
    </Trackpoint>
    <Trackpoint>
     <Time>2026-04-10T14:52:05+00:00</Time>
     <Position>
      <LatitudeDegrees>43.9020900</LatitudeDegrees>
      <LongitudeDegrees>5.0715100</LongitudeDegrees>
     </Position>
     <AltitudeMeters>68.85000000000001</AltitudeMeters>
     <DistanceMeters>24057.157519657714</DistanceMeters>
    </Trackpoint>
    <Trackpoint>
     <Time>2026-04-10T14:52:12+00:00</Time>
     <Position>
      <LatitudeDegrees>43.9017500</LatitudeDegrees>
      <LongitudeDegrees>5.0719000</LongitudeDegrees>
     </Position>
     <AltitudeMeters>68.85000000000001</AltitudeMeters>
     <DistanceMeters>24106.249424387504</DistanceMeters>
    </Trackpoint>
    <Trackpoint>
     <Time>2026-04-10T14:52:19+00:00</Time>
     <Position>
      <LatitudeDegrees>43.9015300</LatitudeDegrees>
      <LongitudeDegrees>5.0722100</LongitudeDegrees>
     </Position>
     <AltitudeMeters>67.9</AltitudeMeters>
     <DistanceMeters>24141.14231245873</DistanceMeters>
    </Trackpoint>
    <Trackpoint>
     <Time>2026-04-10T14:52:26+00:00</Time>
     <Position>
      <LatitudeDegrees>43.9013900</LatitudeDegrees>
      <LongitudeDegrees>5.0725000</LongitudeDegrees>
     </Position>
     <AltitudeMeters>67.9</AltitudeMeters>
     <DistanceMeters>24169.135347663214</DistanceMeters>
    </Trackpoint>
    <Trackpoint>
     <Time>2026-04-10T14:52:33+00:00</Time>
     <Position>
      <LatitudeDegrees>43.9012800</LatitudeDegrees>
      <LongitudeDegrees>5.0728900</LongitudeDegrees>
     </Position>
     <AltitudeMeters>67.91000000000001</AltitudeMeters>
     <DistanceMeters>24202.721177368043</DistanceMeters>
    </Trackpoint>
    <Trackpoint>
     <Time>2026-04-10T14:52:39+00:00</Time>
     <Position>
      <LatitudeDegrees>43.9012400</LatitudeDegrees>
      <LongitudeDegrees>5.0734100</LongitudeDegrees>
     </Position>
     <AltitudeMeters>68.08</AltitudeMeters>
     <DistanceMeters>24244.65825329636</DistanceMeters>
    </Trackpoint>
    <Trackpoint>
     <Time>2026-04-10T14:52:46+00:00</Time>
     <Position>
      <LatitudeDegrees>43.9012500</LatitudeDegrees>
      <LongitudeDegrees>5.0736800</LongitudeDegrees>
     </Position>
     <AltitudeMeters>68.08</AltitudeMeters>
     <DistanceMeters>24266.3388266895</DistanceMeters>
    </Trackpoint>
    <Trackpoint>
     <Time>2026-04-10T14:52:53+00:00</Time>
     <Position>
      <LatitudeDegrees>43.9013200</LatitudeDegrees>
      <LongitudeDegrees>5.0744600</LongitudeDegrees>
     </Position>
     <AltitudeMeters>69.88000000000001</AltitudeMeters>
     <DistanceMeters>24329.372275905764</DistanceMeters>
    </Trackpoint>
    <Trackpoint>
     <Time>2026-04-10T14:53:00+00:00</Time>
     <Position>
      <LatitudeDegrees>43.9013200</LatitudeDegrees>
      <LongitudeDegrees>5.0747500</LongitudeDegrees>
     </Position>
     <AltitudeMeters>70.08</AltitudeMeters>
     <DistanceMeters>24352.62808570845</DistanceMeters>
    </Trackpoint>
    <Trackpoint>
     <Time>2026-04-10T14:53:07+00:00</Time>
     <Position>
      <LatitudeDegrees>43.9012150</LatitudeDegrees>
      <LongitudeDegrees>5.0756300</LongitudeDegrees>
     </Position>
     <AltitudeMeters>70.08</AltitudeMeters>
     <DistanceMeters>24424.158629332924</DistanceMeters>
    </Trackpoint>
    <Trackpoint>
     <Time>2026-04-10T14:53:13+00:00</Time>
     <Position>
      <LatitudeDegrees>43.9011100</LatitudeDegrees>
      <LongitudeDegrees>5.0765100</LongitudeDegrees>
     </Position>
     <AltitudeMeters>75.13</AltitudeMeters>
     <DistanceMeters>24495.689120967854</DistanceMeters>
    </Trackpoint>
    <Trackpoint>
     <Time>2026-04-10T14:53:20+00:00</Time>
     <Position>
      <LatitudeDegrees>43.9010600</LatitudeDegrees>
      <LongitudeDegrees>5.0767100</LongitudeDegrees>
     </Position>
     <AltitudeMeters>75.13</AltitudeMeters>
     <DistanceMeters>24512.66563407842</DistanceMeters>
    </Trackpoint>
    <Trackpoint>
     <Time>2026-04-10T14:53:27+00:00</Time>
     <Position>
      <LatitudeDegrees>43.9009200</LatitudeDegrees>
      <LongitudeDegrees>5.0771000</LongitudeDegrees>
     </Position>
     <AltitudeMeters>75.16</AltitudeMeters>
     <DistanceMeters>24547.607296245405</DistanceMeters>
    </Trackpoint>
    <Trackpoint>
     <Time>2026-04-10T14:53:34+00:00</Time>
     <Position>
      <LatitudeDegrees>43.9008550</LatitudeDegrees>
      <LongitudeDegrees>5.0777500</LongitudeDegrees>
     </Position>
     <AltitudeMeters>75.16</AltitudeMeters>
     <DistanceMeters>24600.232423615067</DistanceMeters>
    </Trackpoint>
    <Trackpoint>
     <Time>2026-04-10T14:53:41+00:00</Time>
     <Position>
      <LatitudeDegrees>43.9007900</LatitudeDegrees>
      <LongitudeDegrees>5.0784000</LongitudeDegrees>
     </Position>
     <AltitudeMeters>74.57000000000001</AltitudeMeters>
     <DistanceMeters>24652.857502399616</DistanceMeters>
    </Trackpoint>
    <Trackpoint>
     <Time>2026-04-10T14:53:47+00:00</Time>
     <Position>
      <LatitudeDegrees>43.9007700</LatitudeDegrees>
      <LongitudeDegrees>5.0788400</LongitudeDegrees>
     </Position>
     <AltitudeMeters>74.57000000000001</AltitudeMeters>
     <DistanceMeters>24688.21263926625</DistanceMeters>
    </Trackpoint>
    <Trackpoint>
     <Time>2026-04-10T14:53:54+00:00</Time>
     <Position>
      <LatitudeDegrees>43.9008100</LatitudeDegrees>
      <LongitudeDegrees>5.0795900</LongitudeDegrees>
     </Position>
     <AltitudeMeters>74.52</AltitudeMeters>
     <DistanceMeters>24748.522043885965</DistanceMeters>
    </Trackpoint>
    <Trackpoint>
     <Time>2026-04-10T14:54:01+00:00</Time>
     <Position>
      <LatitudeDegrees>43.9008400</LatitudeDegrees>
      <LongitudeDegrees>5.0798500</LongitudeDegrees>
     </Position>
     <AltitudeMeters>74.52</AltitudeMeters>
     <DistanceMeters>24769.637898144385</DistanceMeters>
    </Trackpoint>
    <Trackpoint>
     <Time>2026-04-10T14:54:08+00:00</Time>
     <Position>
      <LatitudeDegrees>43.9009400</LatitudeDegrees>
      <LongitudeDegrees>5.0802300</LongitudeDegrees>
     </Position>
     <AltitudeMeters>74.52</AltitudeMeters>
     <DistanceMeters>24802.08003669328</DistanceMeters>
    </Trackpoint>
    <Trackpoint>
     <Time>2026-04-10T14:54:15+00:00</Time>
     <Position>
      <LatitudeDegrees>43.9012300</LatitudeDegrees>
      <LongitudeDegrees>5.0810600</LongitudeDegrees>
     </Position>
     <AltitudeMeters>69.4</AltitudeMeters>
     <DistanceMeters>24876.052711906534</DistanceMeters>
    </Trackpoint>
    <Trackpoint>
     <Time>2026-04-10T14:54:21+00:00</Time>
     <Position>
      <LatitudeDegrees>43.9014800</LatitudeDegrees>
      <LongitudeDegrees>5.0816700</LongitudeDegrees>
     </Position>
     <AltitudeMeters>69.4</AltitudeMeters>
     <DistanceMeters>24932.329519243867</DistanceMeters>
    </Trackpoint>
    <Trackpoint>
     <Time>2026-04-10T14:54:28+00:00</Time>
     <Position>
      <LatitudeDegrees>43.9015600</LatitudeDegrees>
      <LongitudeDegrees>5.0817900</LongitudeDegrees>
     </Position>
     <AltitudeMeters>69.4</AltitudeMeters>
     <DistanceMeters>24945.439758421086</DistanceMeters>
    </Trackpoint>
    <Trackpoint>
     <Time>2026-04-10T14:54:35+00:00</Time>
     <Position>
      <LatitudeDegrees>43.9019900</LatitudeDegrees>
      <LongitudeDegrees>5.0827300</LongitudeDegrees>
     </Position>
     <AltitudeMeters>68.76</AltitudeMeters>
     <DistanceMeters>25034.72861214663</DistanceMeters>
    </Trackpoint>
    <Trackpoint>
     <Time>2026-04-10T14:54:42+00:00</Time>
     <Position>
      <LatitudeDegrees>43.9019200</LatitudeDegrees>
      <LongitudeDegrees>5.0827800</LongitudeDegrees>
     </Position>
     <AltitudeMeters>68.77000000000001</AltitudeMeters>
     <DistanceMeters>25043.490558115787</DistanceMeters>
    </Trackpoint>
    <Trackpoint>
     <Time>2026-04-10T14:54:49+00:00</Time>
     <Position>
      <LatitudeDegrees>43.9022000</LatitudeDegrees>
      <LongitudeDegrees>5.0833650</LongitudeDegrees>
     </Position>
     <AltitudeMeters>68.60000000000001</AltitudeMeters>
     <DistanceMeters>25099.809670077786</DistanceMeters>
    </Trackpoint>
    <Trackpoint>
     <Time>2026-04-10T14:54:55+00:00</Time>
     <Position>
      <LatitudeDegrees>43.9024800</LatitudeDegrees>
      <LongitudeDegrees>5.0839500</LongitudeDegrees>
     </Position>
     <AltitudeMeters>68.60000000000001</AltitudeMeters>
     <DistanceMeters>25156.128824643845</DistanceMeters>
    </Trackpoint>
    <Trackpoint>
     <Time>2026-04-10T14:55:02+00:00</Time>
     <Position>
      <LatitudeDegrees>43.9027000</LatitudeDegrees>
      <LongitudeDegrees>5.0844500</LongitudeDegrees>
     </Position>
     <AltitudeMeters>68.60000000000001</AltitudeMeters>
     <DistanceMeters>25203.10920587962</DistanceMeters>
    </Trackpoint>
    <Trackpoint>
     <Time>2026-04-10T14:55:09+00:00</Time>
     <Position>
      <LatitudeDegrees>43.9028200</LatitudeDegrees>
      <LongitudeDegrees>5.0848100</LongitudeDegrees>
     </Position>
     <AltitudeMeters>71.03000000000002</AltitudeMeters>
     <DistanceMeters>25234.917443236165</DistanceMeters>
    </Trackpoint>
    <Trackpoint>
     <Time>2026-04-10T14:55:16+00:00</Time>
     <Position>
      <LatitudeDegrees>43.9029300</LatitudeDegrees>
      <LongitudeDegrees>5.0852400</LongitudeDegrees>
     </Position>
     <AltitudeMeters>71.03000000000002</AltitudeMeters>
     <DistanceMeters>25271.508118505117</DistanceMeters>
    </Trackpoint>
    <Trackpoint>
     <Time>2026-04-10T14:55:23+00:00</Time>
     <Position>
      <LatitudeDegrees>43.9029900</LatitudeDegrees>
      <LongitudeDegrees>5.0856100</LongitudeDegrees>
     </Position>
     <AltitudeMeters>71.03000000000002</AltitudeMeters>
     <DistanceMeters>25301.920684358938</DistanceMeters>
    </Trackpoint>
    <Trackpoint>
     <Time>2026-04-10T14:55:29+00:00</Time>
     <Position>
      <LatitudeDegrees>43.9029800</LatitudeDegrees>
      <LongitudeDegrees>5.0858300</LongitudeDegrees>
     </Position>
     <AltitudeMeters>71.03000000000002</AltitudeMeters>
     <DistanceMeters>25319.59760067705</DistanceMeters>
    </Trackpoint>
    <Trackpoint>
     <Time>2026-04-10T14:55:36+00:00</Time>
     <Position>
      <LatitudeDegrees>43.9029400</LatitudeDegrees>
      <LongitudeDegrees>5.0861200</LongitudeDegrees>
     </Position>
     <AltitudeMeters>71.03000000000002</AltitudeMeters>
     <DistanceMeters>25343.275051110217</DistanceMeters>
    </Trackpoint>
    <Trackpoint>
     <Time>2026-04-10T14:55:43+00:00</Time>
     <Position>
      <LatitudeDegrees>43.9030250</LatitudeDegrees>
      <LongitudeDegrees>5.0868250</LongitudeDegrees>
     </Position>
     <AltitudeMeters>71.03000000000002</AltitudeMeters>
     <DistanceMeters>25400.595140193327</DistanceMeters>
    </Trackpoint>
    <Trackpoint>
     <Time>2026-04-10T14:55:50+00:00</Time>
     <Position>
      <LatitudeDegrees>43.9031100</LatitudeDegrees>
      <LongitudeDegrees>5.0875300</LongitudeDegrees>
     </Position>
     <AltitudeMeters>71.93</AltitudeMeters>
     <DistanceMeters>25457.915247409255</DistanceMeters>
    </Trackpoint>
    <Trackpoint>
     <Time>2026-04-10T14:55:57+00:00</Time>
     <Position>
      <LatitudeDegrees>43.9031700</LatitudeDegrees>
      <LongitudeDegrees>5.0882650</LongitudeDegrees>
     </Position>
     <AltitudeMeters>71.93</AltitudeMeters>
     <DistanceMeters>25517.231938929308</DistanceMeters>
    </Trackpoint>
    <Trackpoint>
     <Time>2026-04-10T14:56:03+00:00</Time>
     <Position>
      <LatitudeDegrees>43.9032300</LatitudeDegrees>
      <LongitudeDegrees>5.0890000</LongitudeDegrees>
     </Position>
     <AltitudeMeters>71.93</AltitudeMeters>
     <DistanceMeters>25576.54864448527</DistanceMeters>
    </Trackpoint>
    <Trackpoint>
     <Time>2026-04-10T14:56:10+00:00</Time>
     <Position>
      <LatitudeDegrees>43.9034300</LatitudeDegrees>
      <LongitudeDegrees>5.0902100</LongitudeDegrees>
     </Position>
     <AltitudeMeters>72.43</AltitudeMeters>
     <DistanceMeters>25676.098680223295</DistanceMeters>
    </Trackpoint>
    <Trackpoint>
     <Time>2026-04-10T14:56:17+00:00</Time>
     <Position>
      <LatitudeDegrees>43.9034500</LatitudeDegrees>
      <LongitudeDegrees>5.0902500</LongitudeDegrees>
     </Position>
     <AltitudeMeters>72.43</AltitudeMeters>
     <DistanceMeters>25680.0029451188</DistanceMeters>
    </Trackpoint>
    <Trackpoint>
     <Time>2026-04-10T14:56:24+00:00</Time>
     <Position>
      <LatitudeDegrees>43.9035000</LatitudeDegrees>
      <LongitudeDegrees>5.0902700</LongitudeDegrees>
     </Position>
     <AltitudeMeters>72.43</AltitudeMeters>
     <DistanceMeters>25685.79422873221</DistanceMeters>
    </Trackpoint>
    <Trackpoint>
     <Time>2026-04-10T14:56:31+00:00</Time>
     <Position>
      <LatitudeDegrees>43.9034400</LatitudeDegrees>
      <LongitudeDegrees>5.0909950</LongitudeDegrees>
     </Position>
     <AltitudeMeters>73.43</AltitudeMeters>
     <DistanceMeters>25744.313938893527</DistanceMeters>
    </Trackpoint>
    <Trackpoint>
     <Time>2026-04-10T14:56:37+00:00</Time>
     <Position>
      <LatitudeDegrees>43.9033800</LatitudeDegrees>
      <LongitudeDegrees>5.0917200</LongitudeDegrees>
     </Position>
     <AltitudeMeters>73.43</AltitudeMeters>
     <DistanceMeters>25802.833637536347</DistanceMeters>
    </Trackpoint>
    <Trackpoint>
     <Time>2026-04-10T14:56:44+00:00</Time>
     <Position>
      <LatitudeDegrees>43.9032900</LatitudeDegrees>
      <LongitudeDegrees>5.0924650</LongitudeDegrees>
     </Position>
     <AltitudeMeters>71.47</AltitudeMeters>
     <DistanceMeters>25863.408945259584</DistanceMeters>
    </Trackpoint>
    <Trackpoint>
     <Time>2026-04-10T14:56:51+00:00</Time>
     <Position>
      <LatitudeDegrees>43.9032000</LatitudeDegrees>
      <LongitudeDegrees>5.0932100</LongitudeDegrees>
     </Position>
     <AltitudeMeters>71.47</AltitudeMeters>
     <DistanceMeters>25923.98423742668</DistanceMeters>
    </Trackpoint>
    <Trackpoint>
     <Time>2026-04-10T14:56:58+00:00</Time>
     <Position>
      <LatitudeDegrees>43.9031100</LatitudeDegrees>
      <LongitudeDegrees>5.0938200</LongitudeDegrees>
     </Position>
     <AltitudeMeters>71.01</AltitudeMeters>
     <DistanceMeters>25973.91515303724</DistanceMeters>
    </Trackpoint>
    <Trackpoint>
     <Time>2026-04-10T14:57:05+00:00</Time>
     <Position>
      <LatitudeDegrees>43.9029800</LatitudeDegrees>
      <LongitudeDegrees>5.0943600</LongitudeDegrees>
     </Position>
     <AltitudeMeters>71.01</AltitudeMeters>
     <DistanceMeters>26019.57100344948</DistanceMeters>
    </Trackpoint>
    <Trackpoint>
     <Time>2026-04-10T14:57:11+00:00</Time>
     <Position>
      <LatitudeDegrees>43.9029100</LatitudeDegrees>
      <LongitudeDegrees>5.0947800</LongitudeDegrees>
     </Position>
     <AltitudeMeters>71.01</AltitudeMeters>
     <DistanceMeters>26054.140227008156</DistanceMeters>
    </Trackpoint>
    <Trackpoint>
     <Time>2026-04-10T14:57:18+00:00</Time>
     <Position>
      <LatitudeDegrees>43.9028250</LatitudeDegrees>
      <LongitudeDegrees>5.0956550</LongitudeDegrees>
     </Position>
     <AltitudeMeters>67.59</AltitudeMeters>
     <DistanceMeters>26124.94169443213</DistanceMeters>
    </Trackpoint>
    <Trackpoint>
     <Time>2026-04-10T14:57:25+00:00</Time>
     <Position>
      <LatitudeDegrees>43.9027400</LatitudeDegrees>
      <LongitudeDegrees>5.0965300</LongitudeDegrees>
     </Position>
     <AltitudeMeters>67.59</AltitudeMeters>
     <DistanceMeters>26195.743170102887</DistanceMeters>
    </Trackpoint>
    <Trackpoint>
     <Time>2026-04-10T14:57:32+00:00</Time>
     <Position>
      <LatitudeDegrees>43.9026000</LatitudeDegrees>
      <LongitudeDegrees>5.0975600</LongitudeDegrees>
     </Position>
     <AltitudeMeters>70.21000000000001</AltitudeMeters>
     <DistanceMeters>26279.796347247524</DistanceMeters>
    </Trackpoint>
    <Trackpoint>
     <Time>2026-04-10T14:57:39+00:00</Time>
     <Position>
      <LatitudeDegrees>43.9024800</LatitudeDegrees>
      <LongitudeDegrees>5.0982200</LongitudeDegrees>
     </Position>
     <AltitudeMeters>71.17000000000002</AltitudeMeters>
     <DistanceMeters>26334.38135473156</DistanceMeters>
    </Trackpoint>
    <Trackpoint>
     <Time>2026-04-10T14:57:45+00:00</Time>
     <Position>
      <LatitudeDegrees>43.9024000</LatitudeDegrees>
      <LongitudeDegrees>5.0986000</LongitudeDegrees>
     </Position>
     <AltitudeMeters>71.64000000000001</AltitudeMeters>
     <DistanceMeters>26366.128036132526</DistanceMeters>
    </Trackpoint>
    <Trackpoint>
     <Time>2026-04-10T14:57:52+00:00</Time>
     <Position>
      <LatitudeDegrees>43.9023400</LatitudeDegrees>
      <LongitudeDegrees>5.0987600</LongitudeDegrees>
     </Position>
     <AltitudeMeters>71.74000000000001</AltitudeMeters>
     <DistanceMeters>26380.592324166104</DistanceMeters>
    </Trackpoint>
    <Trackpoint>
     <Time>2026-04-10T14:57:59+00:00</Time>
     <Position>
      <LatitudeDegrees>43.9018450</LatitudeDegrees>
      <LongitudeDegrees>5.0997000</LongitudeDegrees>
     </Position>
     <AltitudeMeters>72.81</AltitudeMeters>
     <DistanceMeters>26473.958469672303</DistanceMeters>
    </Trackpoint>
    <Trackpoint>
     <Time>2026-04-10T14:58:06+00:00</Time>
     <Position>
      <LatitudeDegrees>43.9013500</LatitudeDegrees>
      <LongitudeDegrees>5.1006400</LongitudeDegrees>
     </Position>
     <AltitudeMeters>74.62</AltitudeMeters>
     <DistanceMeters>26567.324625323512</DistanceMeters>
    </Trackpoint>
    <Trackpoint>
     <Time>2026-04-10T14:58:13+00:00</Time>
     <Position>
      <LatitudeDegrees>43.9010150</LatitudeDegrees>
      <LongitudeDegrees>5.1012950</LongitudeDegrees>
     </Position>
     <AltitudeMeters>74.66</AltitudeMeters>
     <DistanceMeters>26631.73825150794</DistanceMeters>
    </Trackpoint>
    <Trackpoint>
     <Time>2026-04-10T14:58:19+00:00</Time>
     <Position>
      <LatitudeDegrees>43.9006800</LatitudeDegrees>
      <LongitudeDegrees>5.1019500</LongitudeDegrees>
     </Position>
     <AltitudeMeters>74.94000000000001</AltitudeMeters>
     <DistanceMeters>26696.15187569148</DistanceMeters>
    </Trackpoint>
    <Trackpoint>
     <Time>2026-04-10T14:58:26+00:00</Time>
     <Position>
      <LatitudeDegrees>43.9002650</LatitudeDegrees>
      <LongitudeDegrees>5.1026800</LongitudeDegrees>
     </Position>
     <AltitudeMeters>77.44000000000001</AltitudeMeters>
     <DistanceMeters>26770.720063145458</DistanceMeters>
    </Trackpoint>
    <Trackpoint>
     <Time>2026-04-10T14:58:33+00:00</Time>
     <Position>
      <LatitudeDegrees>43.8998500</LatitudeDegrees>
      <LongitudeDegrees>5.1034100</LongitudeDegrees>
     </Position>
     <AltitudeMeters>77.44000000000001</AltitudeMeters>
     <DistanceMeters>26845.288247072473</DistanceMeters>
    </Trackpoint>
    <Trackpoint>
     <Time>2026-04-10T14:58:40+00:00</Time>
     <Position>
      <LatitudeDegrees>43.8995600</LatitudeDegrees>
      <LongitudeDegrees>5.1039700</LongitudeDegrees>
     </Position>
     <AltitudeMeters>77.84</AltitudeMeters>
     <DistanceMeters>26900.592325794736</DistanceMeters>
    </Trackpoint>
    <Trackpoint>
     <Time>2026-04-10T14:58:47+00:00</Time>
     <Position>
      <LatitudeDegrees>43.8993700</LatitudeDegrees>
      <LongitudeDegrees>5.1042400</LongitudeDegrees>
     </Position>
     <AltitudeMeters>77.84</AltitudeMeters>
     <DistanceMeters>26930.85777660179</DistanceMeters>
    </Trackpoint>
    <Trackpoint>
     <Time>2026-04-10T14:58:53+00:00</Time>
     <Position>
      <LatitudeDegrees>43.8989600</LatitudeDegrees>
      <LongitudeDegrees>5.1046000</LongitudeDegrees>
     </Position>
     <AltitudeMeters>79.46000000000001</AltitudeMeters>
     <DistanceMeters>26984.85504272398</DistanceMeters>
    </Trackpoint>
    <Trackpoint>
     <Time>2026-04-10T14:59:00+00:00</Time>
     <Position>
      <LatitudeDegrees>43.8988500</LatitudeDegrees>
      <LongitudeDegrees>5.1047200</LongitudeDegrees>
     </Position>
     <AltitudeMeters>79.46000000000001</AltitudeMeters>
     <DistanceMeters>27000.427160666146</DistanceMeters>
    </Trackpoint>
    <Trackpoint>
     <Time>2026-04-10T14:59:07+00:00</Time>
     <Position>
      <LatitudeDegrees>43.8987900</LatitudeDegrees>
      <LongitudeDegrees>5.1048200</LongitudeDegrees>
     </Position>
     <AltitudeMeters>79.46000000000001</AltitudeMeters>
     <DistanceMeters>27010.86296006054</DistanceMeters>
    </Trackpoint>
    <Trackpoint>
     <Time>2026-04-10T14:59:14+00:00</Time>
     <Position>
      <LatitudeDegrees>43.8987100</LatitudeDegrees>
      <LongitudeDegrees>5.1051400</LongitudeDegrees>
     </Position>
     <AltitudeMeters>79.46000000000001</AltitudeMeters>
     <DistanceMeters>27038.02633184917</DistanceMeters>
    </Trackpoint>
    <Trackpoint>
     <Time>2026-04-10T14:59:21+00:00</Time>
     <Position>
      <LatitudeDegrees>43.8986000</LatitudeDegrees>
      <LongitudeDegrees>5.1060900</LongitudeDegrees>
     </Position>
     <AltitudeMeters>83.29</AltitudeMeters>
     <DistanceMeters>27115.189936331175</DistanceMeters>
    </Trackpoint>
    <Trackpoint>
     <Time>2026-04-10T14:59:27+00:00</Time>
     <Position>
      <LatitudeDegrees>43.8985200</LatitudeDegrees>
      <LongitudeDegrees>5.1065000</LongitudeDegrees>
     </Position>
     <AltitudeMeters>83.29</AltitudeMeters>
     <DistanceMeters>27149.254545319036</DistanceMeters>
    </Trackpoint>
    <Trackpoint>
     <Time>2026-04-10T14:59:34+00:00</Time>
     <Position>
      <LatitudeDegrees>43.8980700</LatitudeDegrees>
      <LongitudeDegrees>5.1065900</LongitudeDegrees>
     </Position>
     <AltitudeMeters>84.23000000000002</AltitudeMeters>
     <DistanceMeters>27199.855014471486</DistanceMeters>
    </Trackpoint>
    <Trackpoint>
     <Time>2026-04-10T14:59:41+00:00</Time>
     <Position>
      <LatitudeDegrees>43.8978100</LatitudeDegrees>
      <LongitudeDegrees>5.1069200</LongitudeDegrees>
     </Position>
     <AltitudeMeters>85.76</AltitudeMeters>
     <DistanceMeters>27239.06903731145</DistanceMeters>
    </Trackpoint>
    <Trackpoint>
     <Time>2026-04-10T14:59:48+00:00</Time>
     <Position>
      <LatitudeDegrees>43.8977500</LatitudeDegrees>
      <LongitudeDegrees>5.1070300</LongitudeDegrees>
     </Position>
     <AltitudeMeters>85.76</AltitudeMeters>
     <DistanceMeters>27250.133146035118</DistanceMeters>
    </Trackpoint>
    <Trackpoint>
     <Time>2026-04-10T14:59:55+00:00</Time>
     <Position>
      <LatitudeDegrees>43.8975200</LatitudeDegrees>
      <LongitudeDegrees>5.1077500</LongitudeDegrees>
     </Position>
     <AltitudeMeters>91.11000000000001</AltitudeMeters>
     <DistanceMeters>27313.294939710613</DistanceMeters>
    </Trackpoint>
    <Trackpoint>
     <Time>2026-04-10T15:00:01+00:00</Time>
     <Position>
      <LatitudeDegrees>43.8973150</LatitudeDegrees>
      <LongitudeDegrees>5.1086250</LongitudeDegrees>
     </Position>
     <AltitudeMeters>91.11000000000001</AltitudeMeters>
     <DistanceMeters>27387.083949048687</DistanceMeters>
    </Trackpoint>
    <Trackpoint>
     <Time>2026-04-10T15:00:08+00:00</Time>
     <Position>
      <LatitudeDegrees>43.8971100</LatitudeDegrees>
      <LongitudeDegrees>5.1095000</LongitudeDegrees>
     </Position>
     <AltitudeMeters>94.38000000000001</AltitudeMeters>
     <DistanceMeters>27460.872957842814</DistanceMeters>
    </Trackpoint>
    <Trackpoint>
     <Time>2026-04-10T15:00:15+00:00</Time>
     <Position>
      <LatitudeDegrees>43.8970600</LatitudeDegrees>
      <LongitudeDegrees>5.1096700</LongitudeDegrees>
     </Position>
     <AltitudeMeters>94.84</AltitudeMeters>
     <DistanceMeters>27475.598588860485</DistanceMeters>
    </Trackpoint>
    <Trackpoint>
     <Time>2026-04-10T15:00:22+00:00</Time>
     <Position>
      <LatitudeDegrees>43.8969600</LatitudeDegrees>
      <LongitudeDegrees>5.1099700</LongitudeDegrees>
     </Position>
     <AltitudeMeters>95.21000000000001</AltitudeMeters>
     <DistanceMeters>27502.10756204155</DistanceMeters>
    </Trackpoint>
    <Trackpoint>
     <Time>2026-04-10T15:00:29+00:00</Time>
     <Position>
      <LatitudeDegrees>43.8968300</LatitudeDegrees>
      <LongitudeDegrees>5.1102800</LongitudeDegrees>
     </Position>
     <AltitudeMeters>95.21000000000001</AltitudeMeters>
     <DistanceMeters>27530.87264862236</DistanceMeters>
    </Trackpoint>
    <Trackpoint>
     <Time>2026-04-10T15:00:35+00:00</Time>
     <Position>
      <LatitudeDegrees>43.8964900</LatitudeDegrees>
      <LongitudeDegrees>5.1109700</LongitudeDegrees>
     </Position>
     <AltitudeMeters>101.05000000000001</AltitudeMeters>
     <DistanceMeters>27597.91071688756</DistanceMeters>
    </Trackpoint>
    <Trackpoint>
     <Time>2026-04-10T15:00:42+00:00</Time>
     <Position>
      <LatitudeDegrees>43.8963400</LatitudeDegrees>
      <LongitudeDegrees>5.1113600</LongitudeDegrees>
     </Position>
     <AltitudeMeters>101.05000000000001</AltitudeMeters>
     <DistanceMeters>27633.36479412436</DistanceMeters>
    </Trackpoint>
    <Trackpoint>
     <Time>2026-04-10T15:00:49+00:00</Time>
     <Position>
      <LatitudeDegrees>43.8962500</LatitudeDegrees>
      <LongitudeDegrees>5.1117700</LongitudeDegrees>
     </Position>
     <AltitudeMeters>105.63000000000001</AltitudeMeters>
     <DistanceMeters>27667.73829083142</DistanceMeters>
    </Trackpoint>
    <Trackpoint>
     <Time>2026-04-10T15:00:56+00:00</Time>
     <Position>
      <LatitudeDegrees>43.8962200</LatitudeDegrees>
      <LongitudeDegrees>5.1122800</LongitudeDegrees>
     </Position>
     <AltitudeMeters>105.63000000000001</AltitudeMeters>
     <DistanceMeters>27708.775984602817</DistanceMeters>
    </Trackpoint>
    <Trackpoint>
     <Time>2026-04-10T15:01:03+00:00</Time>
     <Position>
      <LatitudeDegrees>43.8961500</LatitudeDegrees>
      <LongitudeDegrees>5.1126500</LongitudeDegrees>
     </Position>
     <AltitudeMeters>107.06</AltitudeMeters>
     <DistanceMeters>27739.455412165633</DistanceMeters>
    </Trackpoint>
    <Trackpoint>
     <Time>2026-04-10T15:01:09+00:00</Time>
     <Position>
      <LatitudeDegrees>43.8960500</LatitudeDegrees>
      <LongitudeDegrees>5.1129300</LongitudeDegrees>
     </Position>
     <AltitudeMeters>109.04</AltitudeMeters>
     <DistanceMeters>27764.517987023817</DistanceMeters>
    </Trackpoint>
    <Trackpoint>
     <Time>2026-04-10T15:01:16+00:00</Time>
     <Position>
      <LatitudeDegrees>43.8959400</LatitudeDegrees>
      <LongitudeDegrees>5.1130500</LongitudeDegrees>
     </Position>
     <AltitudeMeters>109.2</AltitudeMeters>
     <DistanceMeters>27780.09039562648</DistanceMeters>
    </Trackpoint>
    <Trackpoint>
     <Time>2026-04-10T15:01:23+00:00</Time>
     <Position>
      <LatitudeDegrees>43.8955900</LatitudeDegrees>
      <LongitudeDegrees>5.1132600</LongitudeDegrees>
     </Position>
     <AltitudeMeters>111.2</AltitudeMeters>
     <DistanceMeters>27822.52890028363</DistanceMeters>
    </Trackpoint>
    <Trackpoint>
     <Time>2026-04-10T15:01:30+00:00</Time>
     <Position>
      <LatitudeDegrees>43.8948900</LatitudeDegrees>
      <LongitudeDegrees>5.1133900</LongitudeDegrees>
     </Position>
     <AltitudeMeters>114.48</AltitudeMeters>
     <DistanceMeters>27901.130427305463</DistanceMeters>
    </Trackpoint>
    <Trackpoint>
     <Time>2026-04-10T15:01:37+00:00</Time>
     <Position>
      <LatitudeDegrees>43.8942400</LatitudeDegrees>
      <LongitudeDegrees>5.1137100</LongitudeDegrees>
     </Position>
     <AltitudeMeters>114.17</AltitudeMeters>
     <DistanceMeters>27977.890175707187</DistanceMeters>
    </Trackpoint>
    <Trackpoint>
     <Time>2026-04-10T15:01:43+00:00</Time>
     <Position>
      <LatitudeDegrees>43.8941800</LatitudeDegrees>
      <LongitudeDegrees>5.1137000</LongitudeDegrees>
     </Position>
     <AltitudeMeters>114.17</AltitudeMeters>
     <DistanceMeters>27984.615906760562</DistanceMeters>
    </Trackpoint>
    <Trackpoint>
     <Time>2026-04-10T15:01:50+00:00</Time>
     <Position>
      <LatitudeDegrees>43.8940200</LatitudeDegrees>
      <LongitudeDegrees>5.1136200</LongitudeDegrees>
     </Position>
     <AltitudeMeters>113.69000000000001</AltitudeMeters>
     <DistanceMeters>28003.543863046478</DistanceMeters>
    </Trackpoint>
    <Trackpoint>
     <Time>2026-04-10T15:01:57+00:00</Time>
     <Position>
      <LatitudeDegrees>43.8939000</LatitudeDegrees>
      <LongitudeDegrees>5.1136300</LongitudeDegrees>
     </Position>
     <AltitudeMeters>113.69000000000001</AltitudeMeters>
     <DistanceMeters>28016.923404475314</DistanceMeters>
    </Trackpoint>
    <Trackpoint>
     <Time>2026-04-10T15:02:04+00:00</Time>
     <Position>
      <LatitudeDegrees>43.8937600</LatitudeDegrees>
      <LongitudeDegrees>5.1137000</LongitudeDegrees>
     </Position>
     <AltitudeMeters>115.18</AltitudeMeters>
     <DistanceMeters>28033.48537485393</DistanceMeters>
    </Trackpoint>
    <Trackpoint>
     <Time>2026-04-10T15:02:11+00:00</Time>
     <Position>
      <LatitudeDegrees>43.8935500</LatitudeDegrees>
      <LongitudeDegrees>5.1138800</LongitudeDegrees>
     </Position>
     <AltitudeMeters>115.18</AltitudeMeters>
     <DistanceMeters>28060.956581864317</DistanceMeters>
    </Trackpoint>
    <Trackpoint>
     <Time>2026-04-10T15:02:17+00:00</Time>
     <Position>
      <LatitudeDegrees>43.8933300</LatitudeDegrees>
      <LongitudeDegrees>5.1140500</LongitudeDegrees>
     </Position>
     <AltitudeMeters>115.18</AltitudeMeters>
     <DistanceMeters>28088.981888154227</DistanceMeters>
    </Trackpoint>
    <Trackpoint>
     <Time>2026-04-10T15:02:24+00:00</Time>
     <Position>
      <LatitudeDegrees>43.8929300</LatitudeDegrees>
      <LongitudeDegrees>5.1142400</LongitudeDegrees>
     </Position>
     <AltitudeMeters>116.5</AltitudeMeters>
     <DistanceMeters>28136.036041075975</DistanceMeters>
    </Trackpoint>
    <Trackpoint>
     <Time>2026-04-10T15:02:31+00:00</Time>
     <Position>
      <LatitudeDegrees>43.8927800</LatitudeDegrees>
      <LongitudeDegrees>5.1142900</LongitudeDegrees>
     </Position>
     <AltitudeMeters>116.5</AltitudeMeters>
     <DistanceMeters>28153.205287689027</DistanceMeters>
    </Trackpoint>
    <Trackpoint>
     <Time>2026-04-10T15:02:38+00:00</Time>
     <Position>
      <LatitudeDegrees>43.8927200</LatitudeDegrees>
      <LongitudeDegrees>5.1143800</LongitudeDegrees>
     </Position>
     <AltitudeMeters>116.5</AltitudeMeters>
     <DistanceMeters>28163.038747400657</DistanceMeters>
    </Trackpoint>
    <Trackpoint>
     <Time>2026-04-10T15:02:45+00:00</Time>
     <Position>
      <LatitudeDegrees>43.8933200</LatitudeDegrees>
      <LongitudeDegrees>5.1147700</LongitudeDegrees>
     </Position>
     <AltitudeMeters>127.39</AltitudeMeters>
     <DistanceMeters>28236.778993764157</DistanceMeters>
    </Trackpoint>
    <Trackpoint>
     <Time>2026-04-10T15:02:51+00:00</Time>
     <Position>
      <LatitudeDegrees>43.8933700</LatitudeDegrees>
      <LongitudeDegrees>5.1148500</LongitudeDegrees>
     </Position>
     <AltitudeMeters>127.39</AltitudeMeters>
     <DistanceMeters>28245.272235203687</DistanceMeters>
    </Trackpoint>
    <Trackpoint>
     <Time>2026-04-10T15:02:58+00:00</Time>
     <Position>
      <LatitudeDegrees>43.8933700</LatitudeDegrees>
      <LongitudeDegrees>5.1150400</LongitudeDegrees>
     </Position>
     <AltitudeMeters>131.25</AltitudeMeters>
     <DistanceMeters>28260.510834666107</DistanceMeters>
    </Trackpoint>
    <Trackpoint>
     <Time>2026-04-10T15:03:05+00:00</Time>
     <Position>
      <LatitudeDegrees>43.8934100</LatitudeDegrees>
      <LongitudeDegrees>5.1153200</LongitudeDegrees>
     </Position>
     <AltitudeMeters>132.37</AltitudeMeters>
     <DistanceMeters>28283.40472117212</DistanceMeters>
    </Trackpoint>
    <Trackpoint>
     <Time>2026-04-10T15:03:12+00:00</Time>
     <Position>
      <LatitudeDegrees>43.8935000</LatitudeDegrees>
      <LongitudeDegrees>5.1154300</LongitudeDegrees>
     </Position>
     <AltitudeMeters>132.37</AltitudeMeters>
     <DistanceMeters>28296.752608058716</DistanceMeters>
    </Trackpoint>
    <Trackpoint>
     <Time>2026-04-10T15:03:19+00:00</Time>
     <Position>
      <LatitudeDegrees>43.8935900</LatitudeDegrees>
      <LongitudeDegrees>5.1157000</LongitudeDegrees>
     </Position>
     <AltitudeMeters>134.26000000000002</AltitudeMeters>
     <DistanceMeters>28320.611827500186</DistanceMeters>
    </Trackpoint>
    <Trackpoint>
     <Time>2026-04-10T15:03:25+00:00</Time>
     <Position>
      <LatitudeDegrees>43.8938300</LatitudeDegrees>
      <LongitudeDegrees>5.1159200</LongitudeDegrees>
     </Position>
     <AltitudeMeters>135.51000000000002</AltitudeMeters>
     <DistanceMeters>28352.62443787991</DistanceMeters>
    </Trackpoint>
    <Trackpoint>
     <Time>2026-04-10T15:03:32+00:00</Time>
     <Position>
      <LatitudeDegrees>43.8938900</LatitudeDegrees>
      <LongitudeDegrees>5.1160100</LongitudeDegrees>
     </Position>
     <AltitudeMeters>135.51000000000002</AltitudeMeters>
     <DistanceMeters>28362.457798831485</DistanceMeters>
    </Trackpoint>
    <Trackpoint>
     <Time>2026-04-10T15:03:39+00:00</Time>
     <Position>
      <LatitudeDegrees>43.8941000</LatitudeDegrees>
      <LongitudeDegrees>5.1167800</LongitudeDegrees>
     </Position>
     <AltitudeMeters>136.54000000000002</AltitudeMeters>
     <DistanceMeters>28428.488331441367</DistanceMeters>
    </Trackpoint>
    <Trackpoint>
     <Time>2026-04-10T15:03:46+00:00</Time>
     <Position>
      <LatitudeDegrees>43.8943400</LatitudeDegrees>
      <LongitudeDegrees>5.1174800</LongitudeDegrees>
     </Position>
     <AltitudeMeters>139.75</AltitudeMeters>
     <DistanceMeters>28490.66013495915</DistanceMeters>
    </Trackpoint>
    <Trackpoint>
     <Time>2026-04-10T15:03:53+00:00</Time>
     <Position>
      <LatitudeDegrees>43.8943200</LatitudeDegrees>
      <LongitudeDegrees>5.1177200</LongitudeDegrees>
     </Position>
     <AltitudeMeters>143.18</AltitudeMeters>
     <DistanceMeters>28510.03685811269</DistanceMeters>
    </Trackpoint>
    <Trackpoint>
     <Time>2026-04-10T15:03:59+00:00</Time>
     <Position>
      <LatitudeDegrees>43.8943400</LatitudeDegrees>
      <LongitudeDegrees>5.1179400</LongitudeDegrees>
     </Position>
     <AltitudeMeters>143.18</AltitudeMeters>
     <DistanceMeters>28527.821117562336</DistanceMeters>
    </Trackpoint>
    <Trackpoint>
     <Time>2026-04-10T15:04:06+00:00</Time>
     <Position>
      <LatitudeDegrees>43.8943400</LatitudeDegrees>
      <LongitudeDegrees>5.1180300</LongitudeDegrees>
     </Position>
     <AltitudeMeters>143.18</AltitudeMeters>
     <DistanceMeters>28535.039283945465</DistanceMeters>
    </Trackpoint>
    <Trackpoint>
     <Time>2026-04-10T15:04:13+00:00</Time>
     <Position>
      <LatitudeDegrees>43.8943200</LatitudeDegrees>
      <LongitudeDegrees>5.1181100</LongitudeDegrees>
     </Position>
     <AltitudeMeters>145.06000000000003</AltitudeMeters>
     <DistanceMeters>28541.830576823835</DistanceMeters>
    </Trackpoint>
    <Trackpoint>
     <Time>2026-04-10T15:04:20+00:00</Time>
     <Position>
      <LatitudeDegrees>43.8940900</LatitudeDegrees>
      <LongitudeDegrees>5.1186000</LongitudeDegrees>
     </Position>
     <AltitudeMeters>145.06000000000003</AltitudeMeters>
     <DistanceMeters>28588.731205064614</DistanceMeters>
    </Trackpoint>
    <Trackpoint>
     <Time>2026-04-10T15:04:27+00:00</Time>
     <Position>
      <LatitudeDegrees>43.8940200</LatitudeDegrees>
      <LongitudeDegrees>5.1188400</LongitudeDegrees>
     </Position>
     <AltitudeMeters>145.06000000000003</AltitudeMeters>
     <DistanceMeters>28609.496587296424</DistanceMeters>
    </Trackpoint>
    <Trackpoint>
     <Time>2026-04-10T15:04:33+00:00</Time>
     <Position>
      <LatitudeDegrees>43.8939600</LatitudeDegrees>
      <LongitudeDegrees>5.1192100</LongitudeDegrees>
     </Position>
     <AltitudeMeters>154.13000000000002</AltitudeMeters>
     <DistanceMeters>28639.913514235268</DistanceMeters>
    </Trackpoint>
    <Trackpoint>
     <Time>2026-04-10T15:04:40+00:00</Time>
     <Position>
      <LatitudeDegrees>43.8939600</LatitudeDegrees>
      <LongitudeDegrees>5.1193700</LongitudeDegrees>
     </Position>
     <AltitudeMeters>154.13000000000002</AltitudeMeters>
     <DistanceMeters>28652.74589191137</DistanceMeters>
    </Trackpoint>
    <Trackpoint>
     <Time>2026-04-10T15:04:47+00:00</Time>
     <Position>
      <LatitudeDegrees>43.8940600</LatitudeDegrees>
      <LongitudeDegrees>5.1197700</LongitudeDegrees>
     </Position>
     <AltitudeMeters>154.13000000000002</AltitudeMeters>
     <DistanceMeters>28686.702519166447</DistanceMeters>
    </Trackpoint>
    <Trackpoint>
     <Time>2026-04-10T15:04:54+00:00</Time>
     <Position>
      <LatitudeDegrees>43.8940200</LatitudeDegrees>
      <LongitudeDegrees>5.1204000</LongitudeDegrees>
     </Position>
     <AltitudeMeters>161.94</AltitudeMeters>
     <DistanceMeters>28737.425678162283</DistanceMeters>
    </Trackpoint>
    <Trackpoint>
     <Time>2026-04-10T15:05:01+00:00</Time>
     <Position>
      <LatitudeDegrees>43.8940300</LatitudeDegrees>
      <LongitudeDegrees>5.1205800</LongitudeDegrees>
     </Position>
     <AltitudeMeters>161.94</AltitudeMeters>
     <DistanceMeters>28751.904924736285</DistanceMeters>
    </Trackpoint>
    <Trackpoint>
     <Time>2026-04-10T15:05:07+00:00</Time>
     <Position>
      <LatitudeDegrees>43.8940600</LatitudeDegrees>
      <LongitudeDegrees>5.1207500</LongitudeDegrees>
     </Position>
     <AltitudeMeters>161.94</AltitudeMeters>
     <DistanceMeters>28765.942176000455</DistanceMeters>
    </Trackpoint>
    <Trackpoint>
     <Time>2026-04-10T15:05:14+00:00</Time>
     <Position>
      <LatitudeDegrees>43.8941100</LatitudeDegrees>
      <LongitudeDegrees>5.1209100</LongitudeDegrees>
     </Position>
     <AltitudeMeters>161.94</AltitudeMeters>
     <DistanceMeters>28779.92917161036</DistanceMeters>
    </Trackpoint>
    <Trackpoint>
     <Time>2026-04-10T15:05:21+00:00</Time>
     <Position>
      <LatitudeDegrees>43.8943300</LatitudeDegrees>
      <LongitudeDegrees>5.1212700</LongitudeDegrees>
     </Position>
     <AltitudeMeters>161.94</AltitudeMeters>
     <DistanceMeters>28817.786163336044</DistanceMeters>
    </Trackpoint>
    <Trackpoint>
     <Time>2026-04-10T15:05:28+00:00</Time>
     <Position>
      <LatitudeDegrees>43.8946200</LatitudeDegrees>
      <LongitudeDegrees>5.1218300</LongitudeDegrees>
     </Position>
     <AltitudeMeters>180.41000000000003</AltitudeMeters>
     <DistanceMeters>28873.093445302584</DistanceMeters>
    </Trackpoint>
    <Trackpoint>
     <Time>2026-04-10T15:05:35+00:00</Time>
     <Position>
      <LatitudeDegrees>43.8949400</LatitudeDegrees>
      <LongitudeDegrees>5.1223700</LongitudeDegrees>
     </Position>
     <AltitudeMeters>180.41000000000003</AltitudeMeters>
     <DistanceMeters>28929.165208164544</DistanceMeters>
    </Trackpoint>
    <Trackpoint>
     <Time>2026-04-10T15:05:41+00:00</Time>
     <Position>
      <LatitudeDegrees>43.8948250</LatitudeDegrees>
      <LongitudeDegrees>5.1231800</LongitudeDegrees>
     </Position>
     <AltitudeMeters>187.47000000000003</AltitudeMeters>
     <DistanceMeters>28995.377017833627</DistanceMeters>
    </Trackpoint>
    <Trackpoint>
     <Time>2026-04-10T15:05:48+00:00</Time>
     <Position>
      <LatitudeDegrees>43.8947100</LatitudeDegrees>
      <LongitudeDegrees>5.1239900</LongitudeDegrees>
     </Position>
     <AltitudeMeters>190.43</AltitudeMeters>
     <DistanceMeters>29061.5887973001</DistanceMeters>
    </Trackpoint>
    <Trackpoint>
     <Time>2026-04-10T15:05:55+00:00</Time>
     <Position>
      <LatitudeDegrees>43.8946200</LatitudeDegrees>
      <LongitudeDegrees>5.1244500</LongitudeDegrees>
     </Position>
     <AltitudeMeters>194.49</AltitudeMeters>
     <DistanceMeters>29099.817059796824</DistanceMeters>
    </Trackpoint>
    <Trackpoint>
     <Time>2026-04-10T15:06:02+00:00</Time>
     <Position>
      <LatitudeDegrees>43.8943800</LatitudeDegrees>
      <LongitudeDegrees>5.1253600</LongitudeDegrees>
     </Position>
     <AltitudeMeters>194.49</AltitudeMeters>
     <DistanceMeters>29177.535191462885</DistanceMeters>
    </Trackpoint>
    <Trackpoint>
     <Time>2026-04-10T15:06:09+00:00</Time>
     <Position>
      <LatitudeDegrees>43.8941400</LatitudeDegrees>
      <LongitudeDegrees>5.1262700</LongitudeDegrees>
     </Position>
     <AltitudeMeters>206.22</AltitudeMeters>
     <DistanceMeters>29255.253323128527</DistanceMeters>
    </Trackpoint>
    <Trackpoint>
     <Time>2026-04-10T15:06:15+00:00</Time>
     <Position>
      <LatitudeDegrees>43.8939000</LatitudeDegrees>
      <LongitudeDegrees>5.1271800</LongitudeDegrees>
     </Position>
     <AltitudeMeters>206.22</AltitudeMeters>
     <DistanceMeters>29332.971450043864</DistanceMeters>
    </Trackpoint>
    <Trackpoint>
     <Time>2026-04-10T15:06:22+00:00</Time>
     <Position>
      <LatitudeDegrees>43.8938600</LatitudeDegrees>
      <LongitudeDegrees>5.1277900</LongitudeDegrees>
     </Position>
     <AltitudeMeters>206.22</AltitudeMeters>
     <DistanceMeters>29382.097086595957</DistanceMeters>
    </Trackpoint>
    <Trackpoint>
     <Time>2026-04-10T15:06:29+00:00</Time>
     <Position>
      <LatitudeDegrees>43.8937500</LatitudeDegrees>
      <LongitudeDegrees>5.1282300</LongitudeDegrees>
     </Position>
     <AltitudeMeters>222.07000000000002</AltitudeMeters>
     <DistanceMeters>29419.4494913448</DistanceMeters>
    </Trackpoint>
    <Trackpoint>
     <Time>2026-04-10T15:06:36+00:00</Time>
     <Position>
      <LatitudeDegrees>43.8935700</LatitudeDegrees>
      <LongitudeDegrees>5.1285300</LongitudeDegrees>
     </Position>
     <AltitudeMeters>222.07000000000002</AltitudeMeters>
     <DistanceMeters>29450.75849172468</DistanceMeters>
    </Trackpoint>
    <Trackpoint>
     <Time>2026-04-10T15:06:43+00:00</Time>
     <Position>
      <LatitudeDegrees>43.8932300</LatitudeDegrees>
      <LongitudeDegrees>5.1289200</LongitudeDegrees>
     </Position>
     <AltitudeMeters>222.07000000000002</AltitudeMeters>
     <DistanceMeters>29499.85324766182</DistanceMeters>
    </Trackpoint>
    <Trackpoint>
     <Time>2026-04-10T15:06:49+00:00</Time>
     <Position>
      <LatitudeDegrees>43.8930900</LatitudeDegrees>
      <LongitudeDegrees>5.1292600</LongitudeDegrees>
     </Position>
     <AltitudeMeters>222.07000000000002</AltitudeMeters>
     <DistanceMeters>29531.260053379163</DistanceMeters>
    </Trackpoint>
    <Trackpoint>
     <Time>2026-04-10T15:06:56+00:00</Time>
     <Position>
      <LatitudeDegrees>43.8930600</LatitudeDegrees>
      <LongitudeDegrees>5.1294900</LongitudeDegrees>
     </Position>
     <AltitudeMeters>226.07000000000002</AltitudeMeters>
     <DistanceMeters>29550.006602779446</DistanceMeters>
    </Trackpoint>
    <Trackpoint>
     <Time>2026-04-10T15:07:03+00:00</Time>
     <Position>
      <LatitudeDegrees>43.8930800</LatitudeDegrees>
      <LongitudeDegrees>5.1297600</LongitudeDegrees>
     </Position>
     <AltitudeMeters>226.07000000000002</AltitudeMeters>
     <DistanceMeters>29571.775663972865</DistanceMeters>
    </Trackpoint>
    <Trackpoint>
     <Time>2026-04-10T15:07:10+00:00</Time>
     <Position>
      <LatitudeDegrees>43.8931100</LatitudeDegrees>
      <LongitudeDegrees>5.1299400</LongitudeDegrees>
     </Position>
     <AltitudeMeters>226.07000000000002</AltitudeMeters>
     <DistanceMeters>29586.593372072053</DistanceMeters>
    </Trackpoint>
    <Trackpoint>
     <Time>2026-04-10T15:07:17+00:00</Time>
     <Position>
      <LatitudeDegrees>43.8934700</LatitudeDegrees>
      <LongitudeDegrees>5.1308900</LongitudeDegrees>
     </Position>
     <AltitudeMeters>234.97</AltitudeMeters>
     <DistanceMeters>29672.67884366519</DistanceMeters>
    </Trackpoint>
    <Trackpoint>
     <Time>2026-04-10T15:07:23+00:00</Time>
     <Position>
      <LatitudeDegrees>43.8935300</LatitudeDegrees>
      <LongitudeDegrees>5.1313100</LongitudeDegrees>
     </Position>
     <AltitudeMeters>234.97</AltitudeMeters>
     <DistanceMeters>29707.019612391843</DistanceMeters>
    </Trackpoint>
    <Trackpoint>
     <Time>2026-04-10T15:07:30+00:00</Time>
     <Position>
      <LatitudeDegrees>43.8935300</LatitudeDegrees>
      <LongitudeDegrees>5.1314500</LongitudeDegrees>
     </Position>
     <AltitudeMeters>234.97</AltitudeMeters>
     <DistanceMeters>29718.24802393366</DistanceMeters>
    </Trackpoint>
    <Trackpoint>
     <Time>2026-04-10T15:07:37+00:00</Time>
     <Position>
      <LatitudeDegrees>43.8934900</LatitudeDegrees>
      <LongitudeDegrees>5.1316700</LongitudeDegrees>
     </Position>
     <AltitudeMeters>234.97</AltitudeMeters>
     <DistanceMeters>29736.445620802602</DistanceMeters>
    </Trackpoint>
    <Trackpoint>
     <Time>2026-04-10T15:07:44+00:00</Time>
     <Position>
      <LatitudeDegrees>43.8934400</LatitudeDegrees>
      <LongitudeDegrees>5.1318500</LongitudeDegrees>
     </Position>
     <AltitudeMeters>234.97</AltitudeMeters>
     <DistanceMeters>29751.91755180017</DistanceMeters>
    </Trackpoint>
    <Trackpoint>
     <Time>2026-04-10T15:07:51+00:00</Time>
     <Position>
      <LatitudeDegrees>43.8933600</LatitudeDegrees>
      <LongitudeDegrees>5.1320300</LongitudeDegrees>
     </Position>
     <AltitudeMeters>234.97</AltitudeMeters>
     <DistanceMeters>29768.87895928831</DistanceMeters>
    </Trackpoint>
    <Trackpoint>
     <Time>2026-04-10T15:07:57+00:00</Time>
     <Position>
      <LatitudeDegrees>43.8932500</LatitudeDegrees>
      <LongitudeDegrees>5.1322000</LongitudeDegrees>
     </Position>
     <AltitudeMeters>234.97</AltitudeMeters>
     <DistanceMeters>29787.203270996026</DistanceMeters>
    </Trackpoint>
    <Trackpoint>
     <Time>2026-04-10T15:08:04+00:00</Time>
     <Position>
      <LatitudeDegrees>43.8931400</LatitudeDegrees>
      <LongitudeDegrees>5.1322900</LongitudeDegrees>
     </Position>
     <AltitudeMeters>232.58</AltitudeMeters>
     <DistanceMeters>29801.415355342047</DistanceMeters>
    </Trackpoint>
    <Trackpoint>
     <Time>2026-04-10T15:08:11+00:00</Time>
     <Position>
      <LatitudeDegrees>43.8928100</LatitudeDegrees>
      <LongitudeDegrees>5.1325000</LongitudeDegrees>
     </Position>
     <AltitudeMeters>232.58</AltitudeMeters>
     <DistanceMeters>29841.820723216515</DistanceMeters>
    </Trackpoint>
    <Trackpoint>
     <Time>2026-04-10T15:08:18+00:00</Time>
     <Position>
      <LatitudeDegrees>43.8925300</LatitudeDegrees>
      <LongitudeDegrees>5.1326200</LongitudeDegrees>
     </Position>
     <AltitudeMeters>232.58</AltitudeMeters>
     <DistanceMeters>29874.435908896325</DistanceMeters>
    </Trackpoint>
    <Trackpoint>
     <Time>2026-04-10T15:08:25+00:00</Time>
     <Position>
      <LatitudeDegrees>43.8924500</LatitudeDegrees>
      <LongitudeDegrees>5.1326400</LongitudeDegrees>
     </Position>
     <AltitudeMeters>232.32000000000002</AltitudeMeters>
     <DistanceMeters>29883.48290593108</DistanceMeters>
    </Trackpoint>
    <Trackpoint>
     <Time>2026-04-10T15:08:31+00:00</Time>
     <Position>
      <LatitudeDegrees>43.8923100</LatitudeDegrees>
      <LongitudeDegrees>5.1326300</LongitudeDegrees>
     </Position>
     <AltitudeMeters>232.32000000000002</AltitudeMeters>
     <DistanceMeters>29899.084929836336</DistanceMeters>
    </Trackpoint>
    <Trackpoint>
     <Time>2026-04-10T15:08:38+00:00</Time>
     <Position>
      <LatitudeDegrees>43.8922000</LatitudeDegrees>
      <LongitudeDegrees>5.1326000</LongitudeDegrees>
     </Position>
     <AltitudeMeters>231.75</AltitudeMeters>
     <DistanceMeters>29911.561664995388</DistanceMeters>
    </Trackpoint>
    <Trackpoint>
     <Time>2026-04-10T15:08:45+00:00</Time>
     <Position>
      <LatitudeDegrees>43.8920500</LatitudeDegrees>
      <LongitudeDegrees>5.1325100</LongitudeDegrees>
     </Position>
     <AltitudeMeters>231.75</AltitudeMeters>
     <DistanceMeters>29929.749770660634</DistanceMeters>
    </Trackpoint>
    <Trackpoint>
     <Time>2026-04-10T15:08:52+00:00</Time>
     <Position>
      <LatitudeDegrees>43.8917500</LatitudeDegrees>
      <LongitudeDegrees>5.1322900</LongitudeDegrees>
     </Position>
     <AltitudeMeters>231.75</AltitudeMeters>
     <DistanceMeters>29967.514253232883</DistanceMeters>
    </Trackpoint>
    <Trackpoint>
     <Time>2026-04-10T15:08:59+00:00</Time>
     <Position>
      <LatitudeDegrees>43.8914900</LatitudeDegrees>
      <LongitudeDegrees>5.1322200</LongitudeDegrees>
     </Position>
     <AltitudeMeters>231.75</AltitudeMeters>
     <DistanceMeters>29996.99075503937</DistanceMeters>
    </Trackpoint>
    <Trackpoint>
     <Time>2026-04-10T15:09:05+00:00</Time>
     <Position>
      <LatitudeDegrees>43.8913000</LatitudeDegrees>
      <LongitudeDegrees>5.1322100</LongitudeDegrees>
     </Position>
     <AltitudeMeters>220.71</AltitudeMeters>
     <DistanceMeters>30018.152139388112</DistanceMeters>
    </Trackpoint>
    <Trackpoint>
     <Time>2026-04-10T15:09:12+00:00</Time>
     <Position>
      <LatitudeDegrees>43.8910800</LatitudeDegrees>
      <LongitudeDegrees>5.1322500</LongitudeDegrees>
     </Position>
     <AltitudeMeters>220.71</AltitudeMeters>
     <DistanceMeters>30042.846480341443</DistanceMeters>
    </Trackpoint>
    <Trackpoint>
     <Time>2026-04-10T15:09:19+00:00</Time>
     <Position>
      <LatitudeDegrees>43.8905700</LatitudeDegrees>
      <LongitudeDegrees>5.1325400</LongitudeDegrees>
     </Position>
     <AltitudeMeters>220.71</AltitudeMeters>
     <DistanceMeters>30104.188297909368</DistanceMeters>
    </Trackpoint>
    <Trackpoint>
     <Time>2026-04-10T15:09:26+00:00</Time>
     <Position>
      <LatitudeDegrees>43.8900600</LatitudeDegrees>
      <LongitudeDegrees>5.1328300</LongitudeDegrees>
     </Position>
     <AltitudeMeters>218.99</AltitudeMeters>
     <DistanceMeters>30165.530073647584</DistanceMeters>
    </Trackpoint>
    <Trackpoint>
     <Time>2026-04-10T15:09:33+00:00</Time>
     <Position>
      <LatitudeDegrees>43.8899300</LatitudeDegrees>
      <LongitudeDegrees>5.1329400</LongitudeDegrees>
     </Position>
     <AltitudeMeters>218.74</AltitudeMeters>
     <DistanceMeters>30182.476410633626</DistanceMeters>
    </Trackpoint>
    <Trackpoint>
     <Time>2026-04-10T15:09:39+00:00</Time>
     <Position>
      <LatitudeDegrees>43.8898000</LatitudeDegrees>
      <LongitudeDegrees>5.1331700</LongitudeDegrees>
     </Position>
     <AltitudeMeters>218.74</AltitudeMeters>
     <DistanceMeters>30205.921185105235</DistanceMeters>
    </Trackpoint>
    <Trackpoint>
     <Time>2026-04-10T15:09:46+00:00</Time>
     <Position>
      <LatitudeDegrees>43.8897000</LatitudeDegrees>
      <LongitudeDegrees>5.1335300</LongitudeDegrees>
     </Position>
     <AltitudeMeters>216.73</AltitudeMeters>
     <DistanceMeters>30236.866727669185</DistanceMeters>
    </Trackpoint>
    <Trackpoint>
     <Time>2026-04-10T15:09:53+00:00</Time>
     <Position>
      <LatitudeDegrees>43.8896300</LatitudeDegrees>
      <LongitudeDegrees>5.1339700</LongitudeDegrees>
     </Position>
     <AltitudeMeters>216.73</AltitudeMeters>
     <DistanceMeters>30273.007990014223</DistanceMeters>
    </Trackpoint>
    <Trackpoint>
     <Time>2026-04-10T15:10:00+00:00</Time>
     <Position>
      <LatitudeDegrees>43.8894650</LatitudeDegrees>
      <LongitudeDegrees>5.1349700</LongitudeDegrees>
     </Position>
     <AltitudeMeters>216.73</AltitudeMeters>
     <DistanceMeters>30355.291774312034</DistanceMeters>
    </Trackpoint>
    <Trackpoint>
     <Time>2026-04-10T15:10:07+00:00</Time>
     <Position>
      <LatitudeDegrees>43.8893000</LatitudeDegrees>
      <LongitudeDegrees>5.1359700</LongitudeDegrees>
     </Position>
     <AltitudeMeters>205.94</AltitudeMeters>
     <DistanceMeters>30437.575524429478</DistanceMeters>
    </Trackpoint>
    <Trackpoint>
     <Time>2026-04-10T15:10:13+00:00</Time>
     <Position>
      <LatitudeDegrees>43.8892800</LatitudeDegrees>
      <LongitudeDegrees>5.1363400</LongitudeDegrees>
     </Position>
     <AltitudeMeters>205.94</AltitudeMeters>
     <DistanceMeters>30467.336084109767</DistanceMeters>
    </Trackpoint>
    <Trackpoint>
     <Time>2026-04-10T15:10:20+00:00</Time>
     <Position>
      <LatitudeDegrees>43.8893100</LatitudeDegrees>
      <LongitudeDegrees>5.1365100</LongitudeDegrees>
     </Position>
     <AltitudeMeters>205.94</AltitudeMeters>
     <DistanceMeters>30481.374391636396</DistanceMeters>
    </Trackpoint>
    <Trackpoint>
     <Time>2026-04-10T15:10:27+00:00</Time>
     <Position>
      <LatitudeDegrees>43.8893300</LatitudeDegrees>
      <LongitudeDegrees>5.1365800</LongitudeDegrees>
     </Position>
     <AltitudeMeters>205.94</AltitudeMeters>
     <DistanceMeters>30487.414131214457</DistanceMeters>
    </Trackpoint>
    <Trackpoint>
     <Time>2026-04-10T15:10:34+00:00</Time>
     <Position>
      <LatitudeDegrees>43.8894600</LatitudeDegrees>
      <LongitudeDegrees>5.1367700</LongitudeDegrees>
     </Position>
     <AltitudeMeters>205.94</AltitudeMeters>
     <DistanceMeters>30508.42797476123</DistanceMeters>
    </Trackpoint>
    <Trackpoint>
     <Time>2026-04-10T15:10:41+00:00</Time>
     <Position>
      <LatitudeDegrees>43.8895700</LatitudeDegrees>
      <LongitudeDegrees>5.1368700</LongitudeDegrees>
     </Position>
     <AltitudeMeters>205.94</AltitudeMeters>
     <DistanceMeters>30523.063998833684</DistanceMeters>
    </Trackpoint>
    <Trackpoint>
     <Time>2026-04-10T15:10:47+00:00</Time>
     <Position>
      <LatitudeDegrees>43.8901650</LatitudeDegrees>
      <LongitudeDegrees>5.1372050</LongitudeDegrees>
     </Position>
     <AltitudeMeters>205.94</AltitudeMeters>
     <DistanceMeters>30594.52854287964</DistanceMeters>
    </Trackpoint>
    <Trackpoint>
     <Time>2026-04-10T15:10:54+00:00</Time>
     <Position>
      <LatitudeDegrees>43.8907600</LatitudeDegrees>
      <LongitudeDegrees>5.1375400</LongitudeDegrees>
     </Position>
     <AltitudeMeters>198.34</AltitudeMeters>
     <DistanceMeters>30665.993095353628</DistanceMeters>
    </Trackpoint>
    <Trackpoint>
     <Time>2026-04-10T15:11:01+00:00</Time>
     <Position>
      <LatitudeDegrees>43.8908700</LatitudeDegrees>
      <LongitudeDegrees>5.1376400</LongitudeDegrees>
     </Position>
     <AltitudeMeters>198.34</AltitudeMeters>
     <DistanceMeters>30680.629023486756</DistanceMeters>
    </Trackpoint>
    <Trackpoint>
     <Time>2026-04-10T15:11:08+00:00</Time>
     <Position>
      <LatitudeDegrees>43.8909400</LatitudeDegrees>
      <LongitudeDegrees>5.1377300</LongitudeDegrees>
     </Position>
     <AltitudeMeters>198.34</AltitudeMeters>
     <DistanceMeters>30691.24989468719</DistanceMeters>
    </Trackpoint>
    <Trackpoint>
     <Time>2026-04-10T15:11:15+00:00</Time>
     <Position>
      <LatitudeDegrees>43.8909800</LatitudeDegrees>
      <LongitudeDegrees>5.1378600</LongitudeDegrees>
     </Position>
     <AltitudeMeters>198.34</AltitudeMeters>
     <DistanceMeters>30702.587336753444</DistanceMeters>
    </Trackpoint>
    <Trackpoint>
     <Time>2026-04-10T15:11:21+00:00</Time>
     <Position>
      <LatitudeDegrees>43.8910000</LatitudeDegrees>
      <LongitudeDegrees>5.1380000</LongitudeDegrees>
     </Position>
     <AltitudeMeters>198.34</AltitudeMeters>
     <DistanceMeters>30714.034723869052</DistanceMeters>
    </Trackpoint>
    <Trackpoint>
     <Time>2026-04-10T15:11:28+00:00</Time>
     <Position>
      <LatitudeDegrees>43.8909900</LatitudeDegrees>
      <LongitudeDegrees>5.1381500</LongitudeDegrees>
     </Position>
     <AltitudeMeters>198.34</AltitudeMeters>
     <DistanceMeters>30726.117045817027</DistanceMeters>
    </Trackpoint>
    <Trackpoint>
     <Time>2026-04-10T15:11:35+00:00</Time>
     <Position>
      <LatitudeDegrees>43.8909400</LatitudeDegrees>
      <LongitudeDegrees>5.1382800</LongitudeDegrees>
     </Position>
     <AltitudeMeters>198.34</AltitudeMeters>
     <DistanceMeters>30737.935913350928</DistanceMeters>
    </Trackpoint>
    <Trackpoint>
     <Time>2026-04-10T15:11:42+00:00</Time>
     <Position>
      <LatitudeDegrees>43.8907900</LatitudeDegrees>
      <LongitudeDegrees>5.1384400</LongitudeDegrees>
     </Position>
     <AltitudeMeters>198.34</AltitudeMeters>
     <DistanceMeters>30758.992703681255</DistanceMeters>
    </Trackpoint>
    <Trackpoint>
     <Time>2026-04-10T15:11:49+00:00</Time>
     <Position>
      <LatitudeDegrees>43.8903900</LatitudeDegrees>
      <LongitudeDegrees>5.1385100</LongitudeDegrees>
     </Position>
     <AltitudeMeters>198.05</AltitudeMeters>
     <DistanceMeters>30803.863617873776</DistanceMeters>
    </Trackpoint>
    <Trackpoint>
     <Time>2026-04-10T15:11:55+00:00</Time>
     <Position>
      <LatitudeDegrees>43.8899100</LatitudeDegrees>
      <LongitudeDegrees>5.1385500</LongitudeDegrees>
     </Position>
     <AltitudeMeters>195.64000000000001</AltitudeMeters>
     <DistanceMeters>30857.381795891648</DistanceMeters>
    </Trackpoint>
    <Trackpoint>
     <Time>2026-04-10T15:12:02+00:00</Time>
     <Position>
      <LatitudeDegrees>43.8897700</LatitudeDegrees>
      <LongitudeDegrees>5.1385800</LongitudeDegrees>
     </Position>
     <AltitudeMeters>195.64000000000001</AltitudeMeters>
     <DistanceMeters>30873.147894068232</DistanceMeters>
    </Trackpoint>
    <Trackpoint>
     <Time>2026-04-10T15:12:09+00:00</Time>
     <Position>
      <LatitudeDegrees>43.8896300</LatitudeDegrees>
      <LongitudeDegrees>5.1386600</LongitudeDegrees>
     </Position>
     <AltitudeMeters>195.64000000000001</AltitudeMeters>
     <DistanceMeters>30889.998806296495</DistanceMeters>
    </Trackpoint>
    <Trackpoint>
     <Time>2026-04-10T15:12:16+00:00</Time>
     <Position>
      <LatitudeDegrees>43.8895600</LatitudeDegrees>
      <LongitudeDegrees>5.1387600</LongitudeDegrees>
     </Position>
     <AltitudeMeters>195.64000000000001</AltitudeMeters>
     <DistanceMeters>30901.180424441623</DistanceMeters>
    </Trackpoint>
    <Trackpoint>
     <Time>2026-04-10T15:12:23+00:00</Time>
     <Position>
      <LatitudeDegrees>43.8895000</LatitudeDegrees>
      <LongitudeDegrees>5.1389000</LongitudeDegrees>
     </Position>
     <AltitudeMeters>195.64000000000001</AltitudeMeters>
     <DistanceMeters>30914.245124363144</DistanceMeters>
    </Trackpoint>
    <Trackpoint>
     <Time>2026-04-10T15:12:29+00:00</Time>
     <Position>
      <LatitudeDegrees>43.8893300</LatitudeDegrees>
      <LongitudeDegrees>5.1398100</LongitudeDegrees>
     </Position>
     <AltitudeMeters>189.3</AltitudeMeters>
     <DistanceMeters>30989.64721569009</DistanceMeters>
    </Trackpoint>
    <Trackpoint>
     <Time>2026-04-10T15:12:36+00:00</Time>
     <Position>
      <LatitudeDegrees>43.8891000</LatitudeDegrees>
      <LongitudeDegrees>5.1409100</LongitudeDegrees>
     </Position>
     <AltitudeMeters>182.79</AltitudeMeters>
     <DistanceMeters>31081.515190376052</DistanceMeters>
    </Trackpoint>
    <Trackpoint>
     <Time>2026-04-10T15:12:43+00:00</Time>
     <Position>
      <LatitudeDegrees>43.8890300</LatitudeDegrees>
      <LongitudeDegrees>5.1417000</LongitudeDegrees>
     </Position>
     <AltitudeMeters>177.27</AltitudeMeters>
     <DistanceMeters>31145.357397339452</DistanceMeters>
    </Trackpoint>
    <Trackpoint>
     <Time>2026-04-10T15:12:50+00:00</Time>
     <Position>
      <LatitudeDegrees>43.8890400</LatitudeDegrees>
      <LongitudeDegrees>5.1419800</LongitudeDegrees>
     </Position>
     <AltitudeMeters>176.4</AltitudeMeters>
     <DistanceMeters>31167.84347537867</DistanceMeters>
    </Trackpoint>
    <Trackpoint>
     <Time>2026-04-10T15:12:57+00:00</Time>
     <Position>
      <LatitudeDegrees>43.8891300</LatitudeDegrees>
      <LongitudeDegrees>5.1427500</LongitudeDegrees>
     </Position>
     <AltitudeMeters>172.86</AltitudeMeters>
     <DistanceMeters>31230.411341772415</DistanceMeters>
    </Trackpoint>
    <Trackpoint>
     <Time>2026-04-10T15:13:03+00:00</Time>
     <Position>
      <LatitudeDegrees>43.8891100</LatitudeDegrees>
      <LongitudeDegrees>5.1428800</LongitudeDegrees>
     </Position>
     <AltitudeMeters>173.75</AltitudeMeters>
     <DistanceMeters>31241.07343520002</DistanceMeters>
    </Trackpoint>
    <Trackpoint>
     <Time>2026-04-10T15:13:10+00:00</Time>
     <Position>
      <LatitudeDegrees>43.8893000</LatitudeDegrees>
      <LongitudeDegrees>5.1429200</LongitudeDegrees>
     </Position>
     <AltitudeMeters>173.75</AltitudeMeters>
     <DistanceMeters>31262.46161893822</DistanceMeters>
    </Trackpoint>
    <Trackpoint>
     <Time>2026-04-10T15:13:17+00:00</Time>
     <Position>
      <LatitudeDegrees>43.8893900</LatitudeDegrees>
      <LongitudeDegrees>5.1430700</LongitudeDegrees>
     </Position>
     <AltitudeMeters>173.75</AltitudeMeters>
     <DistanceMeters>31278.116789002936</DistanceMeters>
    </Trackpoint>
    <Trackpoint>
     <Time>2026-04-10T15:13:24+00:00</Time>
     <Position>
      <LatitudeDegrees>43.8895100</LatitudeDegrees>
      <LongitudeDegrees>5.1433700</LongitudeDegrees>
     </Position>
     <AltitudeMeters>168.09</AltitudeMeters>
     <DistanceMeters>31305.637222299425</DistanceMeters>
    </Trackpoint>
    <Trackpoint>
     <Time>2026-04-10T15:13:31+00:00</Time>
     <Position>
      <LatitudeDegrees>43.8895600</LatitudeDegrees>
      <LongitudeDegrees>5.1435600</LongitudeDegrees>
     </Position>
     <AltitudeMeters>168.09</AltitudeMeters>
     <DistanceMeters>31321.861020924254</DistanceMeters>
    </Trackpoint>
    <Trackpoint>
     <Time>2026-04-10T15:13:37+00:00</Time>
     <Position>
      <LatitudeDegrees>43.8895900</LatitudeDegrees>
      <LongitudeDegrees>5.1437600</LongitudeDegrees>
     </Position>
     <AltitudeMeters>168.09</AltitudeMeters>
     <DistanceMeters>31338.24646237964</DistanceMeters>
    </Trackpoint>
    <Trackpoint>
     <Time>2026-04-10T15:13:44+00:00</Time>
     <Position>
      <LatitudeDegrees>43.8896100</LatitudeDegrees>
      <LongitudeDegrees>5.1442500</LongitudeDegrees>
     </Position>
     <AltitudeMeters>166.81</AltitudeMeters>
     <DistanceMeters>31377.611479192838</DistanceMeters>
    </Trackpoint>
    <Trackpoint>
     <Time>2026-04-10T15:13:51+00:00</Time>
     <Position>
      <LatitudeDegrees>43.8896250</LatitudeDegrees>
      <LongitudeDegrees>5.1450350</LongitudeDegrees>
     </Position>
     <AltitudeMeters>166.0</AltitudeMeters>
     <DistanceMeters>31440.59703200365</DistanceMeters>
    </Trackpoint>
    <Trackpoint>
     <Time>2026-04-10T15:13:58+00:00</Time>
     <Position>
      <LatitudeDegrees>43.8896400</LatitudeDegrees>
      <LongitudeDegrees>5.1458200</LongitudeDegrees>
     </Position>
     <AltitudeMeters>168.61</AltitudeMeters>
     <DistanceMeters>31503.582607048615</DistanceMeters>
    </Trackpoint>
    <Trackpoint>
     <Time>2026-04-10T15:14:05+00:00</Time>
     <Position>
      <LatitudeDegrees>43.8896900</LatitudeDegrees>
      <LongitudeDegrees>5.1469000</LongitudeDegrees>
     </Position>
     <AltitudeMeters>170.56</AltitudeMeters>
     <DistanceMeters>31590.385960302432</DistanceMeters>
    </Trackpoint>
    <Trackpoint>
     <Time>2026-04-10T15:14:11+00:00</Time>
     <Position>
      <LatitudeDegrees>43.8897500</LatitudeDegrees>
      <LongitudeDegrees>5.1474200</LongitudeDegrees>
     </Position>
     <AltitudeMeters>170.56</AltitudeMeters>
     <DistanceMeters>31632.625348233953</DistanceMeters>
    </Trackpoint>
    <Trackpoint>
     <Time>2026-04-10T15:14:18+00:00</Time>
     <Position>
      <LatitudeDegrees>43.8898400</LatitudeDegrees>
      <LongitudeDegrees>5.1476800</LongitudeDegrees>
     </Position>
     <AltitudeMeters>169.19</AltitudeMeters>
     <DistanceMeters>31655.760274675107</DistanceMeters>
    </Trackpoint>
    <Trackpoint>
     <Time>2026-04-10T15:14:25+00:00</Time>
     <Position>
      <LatitudeDegrees>43.8899400</LatitudeDegrees>
      <LongitudeDegrees>5.1478400</LongitudeDegrees>
     </Position>
     <AltitudeMeters>169.19</AltitudeMeters>
     <DistanceMeters>31672.74731996772</DistanceMeters>
    </Trackpoint>
    <Trackpoint>
     <Time>2026-04-10T15:14:32+00:00</Time>
     <Position>
      <LatitudeDegrees>43.8902800</LatitudeDegrees>
      <LongitudeDegrees>5.1482200</LongitudeDegrees>
     </Position>
     <AltitudeMeters>169.19</AltitudeMeters>
     <DistanceMeters>31721.336075200248</DistanceMeters>
    </Trackpoint>
    <Trackpoint>
     <Time>2026-04-10T15:14:39+00:00</Time>
     <Position>
      <LatitudeDegrees>43.8903400</LatitudeDegrees>
      <LongitudeDegrees>5.1483300</LongitudeDegrees>
     </Position>
     <AltitudeMeters>168.62</AltitudeMeters>
     <DistanceMeters>31732.401066297018</DistanceMeters>
    </Trackpoint>
    <Trackpoint>
     <Time>2026-04-10T15:14:45+00:00</Time>
     <Position>
      <LatitudeDegrees>43.8904300</LatitudeDegrees>
      <LongitudeDegrees>5.1486800</LongitudeDegrees>
     </Position>
     <AltitudeMeters>168.62</AltitudeMeters>
     <DistanceMeters>31762.20707889804</DistanceMeters>
    </Trackpoint>
    <Trackpoint>
     <Time>2026-04-10T15:14:52+00:00</Time>
     <Position>
      <LatitudeDegrees>43.8904300</LatitudeDegrees>
      <LongitudeDegrees>5.1488300</LongitudeDegrees>
     </Position>
     <AltitudeMeters>168.62</AltitudeMeters>
     <DistanceMeters>31774.238146060707</DistanceMeters>
    </Trackpoint>
    <Trackpoint>
     <Time>2026-04-10T15:14:59+00:00</Time>
     <Position>
      <LatitudeDegrees>43.8903800</LatitudeDegrees>
      <LongitudeDegrees>5.1489500</LongitudeDegrees>
     </Position>
     <AltitudeMeters>168.48000000000002</AltitudeMeters>
     <DistanceMeters>31785.35591147261</DistanceMeters>
    </Trackpoint>
    <Trackpoint>
     <Time>2026-04-10T15:15:06+00:00</Time>
     <Position>
      <LatitudeDegrees>43.8902800</LatitudeDegrees>
      <LongitudeDegrees>5.1490600</LongitudeDegrees>
     </Position>
     <AltitudeMeters>168.48000000000002</AltitudeMeters>
     <DistanceMeters>31799.558342129545</DistanceMeters>
    </Trackpoint>
    <Trackpoint>
     <Time>2026-04-10T15:15:13+00:00</Time>
     <Position>
      <LatitudeDegrees>43.8902300</LatitudeDegrees>
      <LongitudeDegrees>5.1492200</LongitudeDegrees>
     </Position>
     <AltitudeMeters>168.48000000000002</AltitudeMeters>
     <DistanceMeters>31813.546094889098</DistanceMeters>
    </Trackpoint>
    <Trackpoint>
     <Time>2026-04-10T15:15:19+00:00</Time>
     <Position>
      <LatitudeDegrees>43.8902100</LatitudeDegrees>
      <LongitudeDegrees>5.1495700</LongitudeDegrees>
     </Position>
     <AltitudeMeters>168.54000000000002</AltitudeMeters>
     <DistanceMeters>31841.706793495472</DistanceMeters>
    </Trackpoint>
    <Trackpoint>
     <Time>2026-04-10T15:15:26+00:00</Time>
     <Position>
      <LatitudeDegrees>43.8902500</LatitudeDegrees>
      <LongitudeDegrees>5.1499200</LongitudeDegrees>
     </Position>
     <AltitudeMeters>168.09</AltitudeMeters>
     <DistanceMeters>31870.130177447412</DistanceMeters>
    </Trackpoint>
    <Trackpoint>
     <Time>2026-04-10T15:15:33+00:00</Time>
     <Position>
      <LatitudeDegrees>43.8904150</LatitudeDegrees>
      <LongitudeDegrees>5.1506800</LongitudeDegrees>
     </Position>
     <AltitudeMeters>166.72</AltitudeMeters>
     <DistanceMeters>31933.793645054204</DistanceMeters>
    </Trackpoint>
    <Trackpoint>
     <Time>2026-04-10T15:15:40+00:00</Time>
     <Position>
      <LatitudeDegrees>43.8905800</LatitudeDegrees>
      <LongitudeDegrees>5.1514400</LongitudeDegrees>
     </Position>
     <AltitudeMeters>165.74</AltitudeMeters>
     <DistanceMeters>31997.45709544196</DistanceMeters>
    </Trackpoint>
    <Trackpoint>
     <Time>2026-04-10T15:15:47+00:00</Time>
     <Position>
      <LatitudeDegrees>43.8906700</LatitudeDegrees>
      <LongitudeDegrees>5.1520500</LongitudeDegrees>
     </Position>
     <AltitudeMeters>165.60000000000002</AltitudeMeters>
     <DistanceMeters>32047.398096131004</DistanceMeters>
    </Trackpoint>
    <Trackpoint>
     <Time>2026-04-10T15:15:53+00:00</Time>
     <Position>
      <LatitudeDegrees>43.8906300</LatitudeDegrees>
      <LongitudeDegrees>5.1520900</LongitudeDegrees>
     </Position>
     <AltitudeMeters>165.60000000000002</AltitudeMeters>
     <DistanceMeters>32052.885516208036</DistanceMeters>
    </Trackpoint>
    <Trackpoint>
     <Time>2026-04-10T15:16:00+00:00</Time>
     <Position>
      <LatitudeDegrees>43.8906400</LatitudeDegrees>
      <LongitudeDegrees>5.1521500</LongitudeDegrees>
     </Position>
     <AltitudeMeters>165.11</AltitudeMeters>
     <DistanceMeters>32057.82494590498</DistanceMeters>
    </Trackpoint>
    <Trackpoint>
     <Time>2026-04-10T15:16:07+00:00</Time>
     <Position>
      <LatitudeDegrees>43.8906600</LatitudeDegrees>
      <LongitudeDegrees>5.1521700</LongitudeDegrees>
     </Position>
     <AltitudeMeters>165.11</AltitudeMeters>
     <DistanceMeters>32060.568655943498</DistanceMeters>
    </Trackpoint>
    <Trackpoint>
     <Time>2026-04-10T15:16:14+00:00</Time>
     <Position>
      <LatitudeDegrees>43.8905900</LatitudeDegrees>
      <LongitudeDegrees>5.1523000</LongitudeDegrees>
     </Position>
     <AltitudeMeters>165.11</AltitudeMeters>
     <DistanceMeters>32073.584608421254</DistanceMeters>
    </Trackpoint>
    <Trackpoint>
     <Time>2026-04-10T15:16:21+00:00</Time>
     <Position>
      <LatitudeDegrees>43.8900350</LatitudeDegrees>
      <LongitudeDegrees>5.1529650</LongitudeDegrees>
     </Position>
     <AltitudeMeters>159.3</AltitudeMeters>
     <DistanceMeters>32155.195724022607</DistanceMeters>
    </Trackpoint>
    <Trackpoint>
     <Time>2026-04-10T15:16:27+00:00</Time>
     <Position>
      <LatitudeDegrees>43.8894800</LatitudeDegrees>
      <LongitudeDegrees>5.1536300</LongitudeDegrees>
     </Position>
     <AltitudeMeters>157.78</AltitudeMeters>
     <DistanceMeters>32236.80682830089</DistanceMeters>
    </Trackpoint>
    <Trackpoint>
     <Time>2026-04-10T15:16:34+00:00</Time>
     <Position>
      <LatitudeDegrees>43.8888200</LatitudeDegrees>
      <LongitudeDegrees>5.1544700</LongitudeDegrees>
     </Position>
     <AltitudeMeters>153.50000000000003</AltitudeMeters>
     <DistanceMeters>32336.481833174956</DistanceMeters>
    </Trackpoint>
    <Trackpoint>
     <Time>2026-04-10T15:16:41+00:00</Time>
     <Position>
      <LatitudeDegrees>43.8887600</LatitudeDegrees>
      <LongitudeDegrees>5.1545700</LongitudeDegrees>
     </Position>
     <AltitudeMeters>153.50000000000003</AltitudeMeters>
     <DistanceMeters>32346.918670656327</DistanceMeters>
    </Trackpoint>
    <Trackpoint>
     <Time>2026-04-10T15:16:48+00:00</Time>
     <Position>
      <LatitudeDegrees>43.8885900</LatitudeDegrees>
      <LongitudeDegrees>5.1549500</LongitudeDegrees>
     </Position>
     <AltitudeMeters>153.45</AltitudeMeters>
     <DistanceMeters>32382.793209796066</DistanceMeters>
    </Trackpoint>
    <Trackpoint>
     <Time>2026-04-10T15:16:55+00:00</Time>
     <Position>
      <LatitudeDegrees>43.8883300</LatitudeDegrees>
      <LongitudeDegrees>5.1556700</LongitudeDegrees>
     </Position>
     <AltitudeMeters>151.08</AltitudeMeters>
     <DistanceMeters>32447.3884019815</DistanceMeters>
    </Trackpoint>
    <Trackpoint>
     <Time>2026-04-10T15:17:01+00:00</Time>
     <Position>
      <LatitudeDegrees>43.8880700</LatitudeDegrees>
      <LongitudeDegrees>5.1563900</LongitudeDegrees>
     </Position>
     <AltitudeMeters>148.88</AltitudeMeters>
     <DistanceMeters>32511.983598626</DistanceMeters>
    </Trackpoint>
    <Trackpoint>
     <Time>2026-04-10T15:17:08+00:00</Time>
     <Position>
      <LatitudeDegrees>43.8876700</LatitudeDegrees>
      <LongitudeDegrees>5.1572000</LongitudeDegrees>
     </Position>
     <AltitudeMeters>147.14000000000001</AltitudeMeters>
     <DistanceMeters>32590.743232003617</DistanceMeters>
    </Trackpoint>
    <Trackpoint>
     <Time>2026-04-10T15:17:15+00:00</Time>
     <Position>
      <LatitudeDegrees>43.8872700</LatitudeDegrees>
      <LongitudeDegrees>5.1580100</LongitudeDegrees>
     </Position>
     <AltitudeMeters>146.46</AltitudeMeters>
     <DistanceMeters>32669.502840599554</DistanceMeters>
    </Trackpoint>
    <Trackpoint>
     <Time>2026-04-10T15:17:22+00:00</Time>
     <Position>
      <LatitudeDegrees>43.8870200</LatitudeDegrees>
      <LongitudeDegrees>5.1587400</LongitudeDegrees>
     </Position>
     <AltitudeMeters>147.74</AltitudeMeters>
     <DistanceMeters>32734.33177665918</DistanceMeters>
    </Trackpoint>
    <Trackpoint>
     <Time>2026-04-10T15:17:29+00:00</Time>
     <Position>
      <LatitudeDegrees>43.8868900</LatitudeDegrees>
      <LongitudeDegrees>5.1592300</LongitudeDegrees>
     </Position>
     <AltitudeMeters>147.99</AltitudeMeters>
     <DistanceMeters>32776.21402535428</DistanceMeters>
    </Trackpoint>
    <Trackpoint>
     <Time>2026-04-10T15:17:35+00:00</Time>
     <Position>
      <LatitudeDegrees>43.8868400</LatitudeDegrees>
      <LongitudeDegrees>5.1595200</LongitudeDegrees>
     </Position>
     <AltitudeMeters>147.99</AltitudeMeters>
     <DistanceMeters>32800.13184565975</DistanceMeters>
    </Trackpoint>
    <Trackpoint>
     <Time>2026-04-10T15:17:42+00:00</Time>
     <Position>
      <LatitudeDegrees>43.8868500</LatitudeDegrees>
      <LongitudeDegrees>5.1598900</LongitudeDegrees>
     </Position>
     <AltitudeMeters>147.99</AltitudeMeters>
     <DistanceMeters>32829.83112515368</DistanceMeters>
    </Trackpoint>
    <Trackpoint>
     <Time>2026-04-10T15:17:49+00:00</Time>
     <Position>
      <LatitudeDegrees>43.8870600</LatitudeDegrees>
      <LongitudeDegrees>5.1607400</LongitudeDegrees>
     </Position>
     <AltitudeMeters>148.73</AltitudeMeters>
     <DistanceMeters>32901.905881558996</DistanceMeters>
    </Trackpoint>
    <Trackpoint>
     <Time>2026-04-10T15:17:56+00:00</Time>
     <Position>
      <LatitudeDegrees>43.8871600</LatitudeDegrees>
      <LongitudeDegrees>5.1612200</LongitudeDegrees>
     </Position>
     <AltitudeMeters>149.31000000000003</AltitudeMeters>
     <DistanceMeters>32941.983774175926</DistanceMeters>
    </Trackpoint>
    <Trackpoint>
     <Time>2026-04-10T15:18:03+00:00</Time>
     <Position>
      <LatitudeDegrees>43.8872500</LatitudeDegrees>
      <LongitudeDegrees>5.1623400</LongitudeDegrees>
     </Position>
     <AltitudeMeters>149.31000000000003</AltitudeMeters>
     <DistanceMeters>33032.377296747436</DistanceMeters>
    </Trackpoint>
    <Trackpoint>
     <Time>2026-04-10T15:18:09+00:00</Time>
     <Position>
      <LatitudeDegrees>43.8872300</LatitudeDegrees>
      <LongitudeDegrees>5.1635400</LongitudeDegrees>
     </Position>
     <AltitudeMeters>153.79000000000002</AltitudeMeters>
     <DistanceMeters>33128.65672322964</DistanceMeters>
    </Trackpoint>
    <Trackpoint>
     <Time>2026-04-10T15:18:16+00:00</Time>
     <Position>
      <LatitudeDegrees>43.8871400</LatitudeDegrees>
      <LongitudeDegrees>5.1641000</LongitudeDegrees>
     </Position>
     <AltitudeMeters>153.79000000000002</AltitudeMeters>
     <DistanceMeters>33174.67843506036</DistanceMeters>
    </Trackpoint>
    <Trackpoint>
     <Time>2026-04-10T15:18:23+00:00</Time>
     <Position>
      <LatitudeDegrees>43.8869900</LatitudeDegrees>
      <LongitudeDegrees>5.1647050</LongitudeDegrees>
     </Position>
     <AltitudeMeters>153.79000000000002</AltitudeMeters>
     <DistanceMeters>33225.99782065473</DistanceMeters>
    </Trackpoint>
    <Trackpoint>
     <Time>2026-04-10T15:18:30+00:00</Time>
     <Position>
      <LatitudeDegrees>43.8868400</LatitudeDegrees>
      <LongitudeDegrees>5.1653100</LongitudeDegrees>
     </Position>
     <AltitudeMeters>153.79000000000002</AltitudeMeters>
     <DistanceMeters>33277.31719071182</DistanceMeters>
    </Trackpoint>
    <Trackpoint>
     <Time>2026-04-10T15:18:37+00:00</Time>
     <Position>
      <LatitudeDegrees>43.8867400</LatitudeDegrees>
      <LongitudeDegrees>5.1655300</LongitudeDegrees>
     </Position>
     <AltitudeMeters>153.79000000000002</AltitudeMeters>
     <DistanceMeters>33298.1803475093</DistanceMeters>
    </Trackpoint>
    <Trackpoint>
     <Time>2026-04-10T15:18:43+00:00</Time>
     <Position>
      <LatitudeDegrees>43.8861800</LatitudeDegrees>
      <LongitudeDegrees>5.1664700</LongitudeDegrees>
     </Position>
     <AltitudeMeters>153.92</AltitudeMeters>
     <DistanceMeters>33396.00465272929</DistanceMeters>
    </Trackpoint>
    <Trackpoint>
     <Time>2026-04-10T15:18:50+00:00</Time>
     <Position>
      <LatitudeDegrees>43.8861200</LatitudeDegrees>
      <LongitudeDegrees>5.1664700</LongitudeDegrees>
     </Position>
     <AltitudeMeters>153.95</AltitudeMeters>
     <DistanceMeters>33402.68239349548</DistanceMeters>
    </Trackpoint>
    <Trackpoint>
     <Time>2026-04-10T15:18:57+00:00</Time>
     <Position>
      <LatitudeDegrees>43.8861000</LatitudeDegrees>
      <LongitudeDegrees>5.1665000</LongitudeDegrees>
     </Position>
     <AltitudeMeters>153.95</AltitudeMeters>
     <DistanceMeters>33405.96041031943</DistanceMeters>
    </Trackpoint>
    <Trackpoint>
     <Time>2026-04-10T15:19:04+00:00</Time>
     <Position>
      <LatitudeDegrees>43.8861100</LatitudeDegrees>
      <LongitudeDegrees>5.1666000</LongitudeDegrees>
     </Position>
     <AltitudeMeters>153.95</AltitudeMeters>
     <DistanceMeters>33414.05854763622</DistanceMeters>
    </Trackpoint>
    <Trackpoint>
     <Time>2026-04-10T15:19:11+00:00</Time>
     <Position>
      <LatitudeDegrees>43.8861400</LatitudeDegrees>
      <LongitudeDegrees>5.1666200</LongitudeDegrees>
     </Position>
     <AltitudeMeters>153.95</AltitudeMeters>
     <DistanceMeters>33417.76282893174</DistanceMeters>
    </Trackpoint>
    <Trackpoint>
     <Time>2026-04-10T15:19:17+00:00</Time>
     <Position>
      <LatitudeDegrees>43.8861200</LatitudeDegrees>
      <LongitudeDegrees>5.1667200</LongitudeDegrees>
     </Position>
     <AltitudeMeters>153.95</AltitudeMeters>
     <DistanceMeters>33426.08723836872</DistanceMeters>
    </Trackpoint>
    <Trackpoint>
     <Time>2026-04-10T15:19:24+00:00</Time>
     <Position>
      <LatitudeDegrees>43.8858500</LatitudeDegrees>
      <LongitudeDegrees>5.1674900</LongitudeDegrees>
     </Position>
     <AltitudeMeters>152.78</AltitudeMeters>
     <DistanceMeters>33494.7736036828</DistanceMeters>
    </Trackpoint>
    <Trackpoint>
     <Time>2026-04-10T15:19:31+00:00</Time>
     <Position>
      <LatitudeDegrees>43.8855800</LatitudeDegrees>
      <LongitudeDegrees>5.1682600</LongitudeDegrees>
     </Position>
     <AltitudeMeters>152.78</AltitudeMeters>
     <DistanceMeters>33563.45990291781</DistanceMeters>
    </Trackpoint>
    <Trackpoint>
     <Time>2026-04-10T15:19:38+00:00</Time>
     <Position>
      <LatitudeDegrees>43.8852800</LatitudeDegrees>
      <LongitudeDegrees>5.1690500</LongitudeDegrees>
     </Position>
     <AltitudeMeters>152.43</AltitudeMeters>
     <DistanceMeters>33635.08690929617</DistanceMeters>
    </Trackpoint>
    <Trackpoint>
     <Time>2026-04-10T15:19:45+00:00</Time>
     <Position>
      <LatitudeDegrees>43.8850400</LatitudeDegrees>
      <LongitudeDegrees>5.1692500</LongitudeDegrees>
     </Position>
     <AltitudeMeters>152.66000000000003</AltitudeMeters>
     <DistanceMeters>33666.24534851195</DistanceMeters>
    </Trackpoint>
    <Trackpoint>
     <Time>2026-04-10T15:19:51+00:00</Time>
     <Position>
      <LatitudeDegrees>43.8848500</LatitudeDegrees>
      <LongitudeDegrees>5.1693500</LongitudeDegrees>
     </Position>
     <AltitudeMeters>152.97000000000003</AltitudeMeters>
     <DistanceMeters>33688.861814888325</DistanceMeters>
    </Trackpoint>
    <Trackpoint>
     <Time>2026-04-10T15:19:58+00:00</Time>
     <Position>
      <LatitudeDegrees>43.8850200</LatitudeDegrees>
      <LongitudeDegrees>5.1700800</LongitudeDegrees>
     </Position>
     <AltitudeMeters>153.35000000000002</AltitudeMeters>
     <DistanceMeters>33750.39921243288</DistanceMeters>
    </Trackpoint>
    <Trackpoint>
     <Time>2026-04-10T15:20:05+00:00</Time>
     <Position>
      <LatitudeDegrees>43.8850100</LatitudeDegrees>
      <LongitudeDegrees>5.1702400</LongitudeDegrees>
     </Position>
     <AltitudeMeters>153.58</AltitudeMeters>
     <DistanceMeters>33763.281683393674</DistanceMeters>
    </Trackpoint>
    <Trackpoint>
     <Time>2026-04-10T15:20:12+00:00</Time>
     <Position>
      <LatitudeDegrees>43.8849600</LatitudeDegrees>
      <LongitudeDegrees>5.1704300</LongitudeDegrees>
     </Position>
     <AltitudeMeters>153.58</AltitudeMeters>
     <DistanceMeters>33779.506575540625</DistanceMeters>
    </Trackpoint>
    <Trackpoint>
     <Time>2026-04-10T15:20:19+00:00</Time>
     <Position>
      <LatitudeDegrees>43.8849600</LatitudeDegrees>
      <LongitudeDegrees>5.1705200</LongitudeDegrees>
     </Position>
     <AltitudeMeters>153.58</AltitudeMeters>
     <DistanceMeters>33786.725878777215</DistanceMeters>
    </Trackpoint>
    <Trackpoint>
     <Time>2026-04-10T15:20:25+00:00</Time>
     <Position>
      <LatitudeDegrees>43.8847800</LatitudeDegrees>
      <LongitudeDegrees>5.1715600</LongitudeDegrees>
     </Position>
     <AltitudeMeters>153.58</AltitudeMeters>
     <DistanceMeters>33872.52073818788</DistanceMeters>
    </Trackpoint>
    <Trackpoint>
     <Time>2026-04-10T15:20:32+00:00</Time>
     <Position>
      <LatitudeDegrees>43.8846500</LatitudeDegrees>
      <LongitudeDegrees>5.1720900</LongitudeDegrees>
     </Position>
     <AltitudeMeters>153.58</AltitudeMeters>
     <DistanceMeters>33917.42912386291</DistanceMeters>
    </Trackpoint>
    <Trackpoint>
     <Time>2026-04-10T15:20:39+00:00</Time>
     <Position>
      <LatitudeDegrees>43.8845200</LatitudeDegrees>
      <LongitudeDegrees>5.1725100</LongitudeDegrees>
     </Position>
     <AltitudeMeters>155.8</AltitudeMeters>
     <DistanceMeters>33954.09479728405</DistanceMeters>
    </Trackpoint>
    <Trackpoint>
     <Time>2026-04-10T15:20:46+00:00</Time>
     <Position>
      <LatitudeDegrees>43.8843400</LatitudeDegrees>
      <LongitudeDegrees>5.1729600</LongitudeDegrees>
     </Position>
     <AltitudeMeters>155.8</AltitudeMeters>
     <DistanceMeters>33995.37810700073</DistanceMeters>
    </Trackpoint>
    <Trackpoint>
     <Time>2026-04-10T15:20:53+00:00</Time>
     <Position>
      <LatitudeDegrees>43.8839400</LatitudeDegrees>
      <LongitudeDegrees>5.1738300</LongitudeDegrees>
     </Position>
     <AltitudeMeters>157.01000000000002</AltitudeMeters>
     <DistanceMeters>34078.156001717485</DistanceMeters>
    </Trackpoint>
    <Trackpoint>
     <Time>2026-04-10T15:20:59+00:00</Time>
     <Position>
      <LatitudeDegrees>43.8836350</LatitudeDegrees>
      <LongitudeDegrees>5.1744950</LongitudeDegrees>
     </Position>
     <AltitudeMeters>157.01000000000002</AltitudeMeters>
     <DistanceMeters>34141.38447839064</DistanceMeters>
    </Trackpoint>
    <Trackpoint>
     <Time>2026-04-10T15:21:06+00:00</Time>
     <Position>
      <LatitudeDegrees>43.8833300</LatitudeDegrees>
      <LongitudeDegrees>5.1751600</LongitudeDegrees>
     </Position>
     <AltitudeMeters>157.01000000000002</AltitudeMeters>
     <DistanceMeters>34204.61292078287</DistanceMeters>
    </Trackpoint>
    <Trackpoint>
     <Time>2026-04-10T15:21:13+00:00</Time>
     <Position>
      <LatitudeDegrees>43.8831800</LatitudeDegrees>
      <LongitudeDegrees>5.1755400</LongitudeDegrees>
     </Position>
     <AltitudeMeters>167.70000000000002</AltitudeMeters>
     <DistanceMeters>34239.36743947772</DistanceMeters>
    </Trackpoint>
    <Trackpoint>
     <Time>2026-04-10T15:21:20+00:00</Time>
     <Position>
      <LatitudeDegrees>43.8831000</LatitudeDegrees>
      <LongitudeDegrees>5.1759100</LongitudeDegrees>
     </Position>
     <AltitudeMeters>167.70000000000002</AltitudeMeters>
     <DistanceMeters>34270.35442322491</DistanceMeters>
    </Trackpoint>
    <Trackpoint>
     <Time>2026-04-10T15:21:27+00:00</Time>
     <Position>
      <LatitudeDegrees>43.8830700</LatitudeDegrees>
      <LongitudeDegrees>5.1762900</LongitudeDegrees>
     </Position>
     <AltitudeMeters>167.70000000000002</AltitudeMeters>
     <DistanceMeters>34301.01920012345</DistanceMeters>
    </Trackpoint>
    <Trackpoint>
     <Time>2026-04-10T15:21:33+00:00</Time>
     <Position>
      <LatitudeDegrees>43.8830650</LatitudeDegrees>
      <LongitudeDegrees>5.1772650</LongitudeDegrees>
     </Position>
     <AltitudeMeters>167.88</AltitudeMeters>
     <DistanceMeters>34379.23278470004</DistanceMeters>
    </Trackpoint>
    <Trackpoint>
     <Time>2026-04-10T15:21:40+00:00</Time>
     <Position>
      <LatitudeDegrees>43.8830600</LatitudeDegrees>
      <LongitudeDegrees>5.1782400</LongitudeDegrees>
     </Position>
     <AltitudeMeters>167.88</AltitudeMeters>
     <DistanceMeters>34457.44637197675</DistanceMeters>
    </Trackpoint>
    <Trackpoint>
     <Time>2026-04-10T15:21:47+00:00</Time>
     <Position>
      <LatitudeDegrees>43.8830000</LatitudeDegrees>
      <LongitudeDegrees>5.1785900</LongitudeDegrees>
     </Position>
     <AltitudeMeters>167.88</AltitudeMeters>
     <DistanceMeters>34486.305560230845</DistanceMeters>
    </Trackpoint>
    <Trackpoint>
     <Time>2026-04-10T15:21:54+00:00</Time>
     <Position>
      <LatitudeDegrees>43.8829100</LatitudeDegrees>
      <LongitudeDegrees>5.1789200</LongitudeDegrees>
     </Position>
     <AltitudeMeters>167.53</AltitudeMeters>
     <DistanceMeters>34514.608948420835</DistanceMeters>
    </Trackpoint>
    <Trackpoint>
     <Time>2026-04-10T15:22:01+00:00</Time>
     <Position>
      <LatitudeDegrees>43.8825100</LatitudeDegrees>
      <LongitudeDegrees>5.1799700</LongitudeDegrees>
     </Position>
     <AltitudeMeters>167.53</AltitudeMeters>
     <DistanceMeters>34609.87855249271</DistanceMeters>
    </Trackpoint>
    <Trackpoint>
     <Time>2026-04-10T15:22:07+00:00</Time>
     <Position>
      <LatitudeDegrees>43.8824200</LatitudeDegrees>
      <LongitudeDegrees>5.1805800</LongitudeDegrees>
     </Position>
     <AltitudeMeters>167.53</AltitudeMeters>
     <DistanceMeters>34659.82611977197</DistanceMeters>
    </Trackpoint>
    <Trackpoint>
     <Time>2026-04-10T15:22:14+00:00</Time>
     <Position>
      <LatitudeDegrees>43.8824100</LatitudeDegrees>
      <LongitudeDegrees>5.1812700</LongitudeDegrees>
     </Position>
     <AltitudeMeters>170.81</AltitudeMeters>
     <DistanceMeters>34715.18766405886</DistanceMeters>
    </Trackpoint>
    <Trackpoint>
     <Time>2026-04-10T15:22:21+00:00</Time>
     <Position>
      <LatitudeDegrees>43.8824467</LatitudeDegrees>
      <LongitudeDegrees>5.1821800</LongitudeDegrees>
     </Position>
     <AltitudeMeters>170.81</AltitudeMeters>
     <DistanceMeters>34788.29987067547</DistanceMeters>
    </Trackpoint>
    <Trackpoint>
     <Time>2026-04-10T15:22:28+00:00</Time>
     <Position>
      <LatitudeDegrees>43.8824833</LatitudeDegrees>
      <LongitudeDegrees>5.1830900</LongitudeDegrees>
     </Position>
     <AltitudeMeters>170.78</AltitudeMeters>
     <DistanceMeters>34861.412077292116</DistanceMeters>
    </Trackpoint>
    <Trackpoint>
     <Time>2026-04-10T15:22:35+00:00</Time>
     <Position>
      <LatitudeDegrees>43.8825200</LatitudeDegrees>
      <LongitudeDegrees>5.1840000</LongitudeDegrees>
     </Position>
     <AltitudeMeters>171.35</AltitudeMeters>
     <DistanceMeters>34934.524298942444</DistanceMeters>
    </Trackpoint>
    <Trackpoint>
     <Time>2026-04-10T15:22:41+00:00</Time>
     <Position>
      <LatitudeDegrees>43.8824900</LatitudeDegrees>
      <LongitudeDegrees>5.1842900</LongitudeDegrees>
     </Position>
     <AltitudeMeters>171.35</AltitudeMeters>
     <DistanceMeters>34958.02584302521</DistanceMeters>
    </Trackpoint>
    <Trackpoint>
     <Time>2026-04-10T15:22:48+00:00</Time>
     <Position>
      <LatitudeDegrees>43.8824100</LatitudeDegrees>
      <LongitudeDegrees>5.1846000</LongitudeDegrees>
     </Position>
     <AltitudeMeters>171.35</AltitudeMeters>
     <DistanceMeters>34984.43927597173</DistanceMeters>
    </Trackpoint>
    <Trackpoint>
     <Time>2026-04-10T15:22:55+00:00</Time>
     <Position>
      <LatitudeDegrees>43.8823400</LatitudeDegrees>
      <LongitudeDegrees>5.1847400</LongitudeDegrees>
     </Position>
     <AltitudeMeters>171.35</AltitudeMeters>
     <DistanceMeters>34998.10746626128</DistanceMeters>
    </Trackpoint>
    <Trackpoint>
     <Time>2026-04-10T15:23:02+00:00</Time>
     <Position>
      <LatitudeDegrees>43.8820400</LatitudeDegrees>
      <LongitudeDegrees>5.1852000</LongitudeDegrees>
     </Position>
     <AltitudeMeters>171.35</AltitudeMeters>
     <DistanceMeters>35047.871342169834</DistanceMeters>
    </Trackpoint>
    <Trackpoint>
     <Time>2026-04-10T15:23:09+00:00</Time>
     <Position>
      <LatitudeDegrees>43.8818600</LatitudeDegrees>
      <LongitudeDegrees>5.1855300</LongitudeDegrees>
     </Position>
     <AltitudeMeters>171.35</AltitudeMeters>
     <DistanceMeters>35081.06927768587</DistanceMeters>
    </Trackpoint>
    <Trackpoint>
     <Time>2026-04-10T15:23:15+00:00</Time>
     <Position>
      <LatitudeDegrees>43.8818200</LatitudeDegrees>
      <LongitudeDegrees>5.1856800</LongitudeDegrees>
     </Position>
     <AltitudeMeters>171.35</AltitudeMeters>
     <DistanceMeters>35093.89920733014</DistanceMeters>
    </Trackpoint>
    <Trackpoint>
     <Time>2026-04-10T15:23:22+00:00</Time>
     <Position>
      <LatitudeDegrees>43.8817900</LatitudeDegrees>
      <LongitudeDegrees>5.1859100</LongitudeDegrees>
     </Position>
     <AltitudeMeters>171.35</AltitudeMeters>
     <DistanceMeters>35112.64919147839</DistanceMeters>
    </Trackpoint>
    <Trackpoint>
     <Time>2026-04-10T15:23:29+00:00</Time>
     <Position>
      <LatitudeDegrees>43.8818100</LatitudeDegrees>
      <LongitudeDegrees>5.1861300</LongitudeDegrees>
     </Position>
     <AltitudeMeters>171.35</AltitudeMeters>
     <DistanceMeters>35130.4371338492</DistanceMeters>
    </Trackpoint>
    <Trackpoint>
     <Time>2026-04-10T15:23:36+00:00</Time>
     <Position>
      <LatitudeDegrees>43.8818500</LatitudeDegrees>
      <LongitudeDegrees>5.1863100</LongitudeDegrees>
     </Position>
     <AltitudeMeters>194.13000000000002</AltitudeMeters>
     <DistanceMeters>35145.54719770212</DistanceMeters>
    </Trackpoint>
    <Trackpoint>
     <Time>2026-04-10T15:23:43+00:00</Time>
     <Position>
      <LatitudeDegrees>43.8819100</LatitudeDegrees>
      <LongitudeDegrees>5.1864500</LongitudeDegrees>
     </Position>
     <AltitudeMeters>194.13000000000002</AltitudeMeters>
     <DistanceMeters>35158.61313719873</DistanceMeters>
    </Trackpoint>
    <Trackpoint>
     <Time>2026-04-10T15:23:49+00:00</Time>
     <Position>
      <LatitudeDegrees>43.8820300</LatitudeDegrees>
      <LongitudeDegrees>5.1866400</LongitudeDegrees>
     </Position>
     <AltitudeMeters>194.13000000000002</AltitudeMeters>
     <DistanceMeters>35178.87819836273</DistanceMeters>
    </Trackpoint>
    <Trackpoint>
     <Time>2026-04-10T15:23:56+00:00</Time>
     <Position>
      <LatitudeDegrees>43.8824950</LatitudeDegrees>
      <LongitudeDegrees>5.1872850</LongitudeDegrees>
     </Position>
     <AltitudeMeters>194.13000000000002</AltitudeMeters>
     <DistanceMeters>35252.058772535805</DistanceMeters>
    </Trackpoint>
    <Trackpoint>
     <Time>2026-04-10T15:24:03+00:00</Time>
     <Position>
      <LatitudeDegrees>43.8829600</LatitudeDegrees>
      <LongitudeDegrees>5.1879300</LongitudeDegrees>
     </Position>
     <AltitudeMeters>194.13000000000002</AltitudeMeters>
     <DistanceMeters>35325.23936348638</DistanceMeters>
    </Trackpoint>
    <Trackpoint>
     <Time>2026-04-10T15:24:10+00:00</Time>
     <Position>
      <LatitudeDegrees>43.8830900</LatitudeDegrees>
      <LongitudeDegrees>5.1881700</LongitudeDegrees>
     </Position>
     <AltitudeMeters>196.16000000000003</AltitudeMeters>
     <DistanceMeters>35349.322118438</DistanceMeters>
    </Trackpoint>
    <Trackpoint>
     <Time>2026-04-10T15:24:17+00:00</Time>
     <Position>
      <LatitudeDegrees>43.8831600</LatitudeDegrees>
      <LongitudeDegrees>5.1884600</LongitudeDegrees>
     </Position>
     <AltitudeMeters>196.16000000000003</AltitudeMeters>
     <DistanceMeters>35373.85491736827</DistanceMeters>
    </Trackpoint>
    <Trackpoint>
     <Time>2026-04-10T15:24:23+00:00</Time>
     <Position>
      <LatitudeDegrees>43.8831600</LatitudeDegrees>
      <LongitudeDegrees>5.1887000</LongitudeDegrees>
     </Position>
     <AltitudeMeters>196.22</AltitudeMeters>
     <DistanceMeters>35393.106974365546</DistanceMeters>
    </Trackpoint>
    <Trackpoint>
     <Time>2026-04-10T15:24:30+00:00</Time>
     <Position>
      <LatitudeDegrees>43.8831400</LatitudeDegrees>
      <LongitudeDegrees>5.1888400</LongitudeDegrees>
     </Position>
     <AltitudeMeters>196.22</AltitudeMeters>
     <DistanceMeters>35404.555811302336</DistanceMeters>
    </Trackpoint>
    <Trackpoint>
     <Time>2026-04-10T15:24:37+00:00</Time>
     <Position>
      <LatitudeDegrees>43.8828400</LatitudeDegrees>
      <LongitudeDegrees>5.1897300</LongitudeDegrees>
     </Position>
     <AltitudeMeters>198.68</AltitudeMeters>
     <DistanceMeters>35483.37079378752</DistanceMeters>
    </Trackpoint>
    <Trackpoint>
     <Time>2026-04-10T15:24:44+00:00</Time>
     <Position>
      <LatitudeDegrees>43.8826500</LatitudeDegrees>
      <LongitudeDegrees>5.1903800</LongitudeDegrees>
     </Position>
     <AltitudeMeters>199.78</AltitudeMeters>
     <DistanceMeters>35539.63695916175</DistanceMeters>
    </Trackpoint>
    <Trackpoint>
     <Time>2026-04-10T15:24:51+00:00</Time>
     <Position>
      <LatitudeDegrees>43.8826500</LatitudeDegrees>
      <LongitudeDegrees>5.1904100</LongitudeDegrees>
     </Position>
     <AltitudeMeters>199.78</AltitudeMeters>
     <DistanceMeters>35542.04348688788</DistanceMeters>
    </Trackpoint>
    <Trackpoint>
     <Time>2026-04-10T15:24:57+00:00</Time>
     <Position>
      <LatitudeDegrees>43.8825700</LatitudeDegrees>
      <LongitudeDegrees>5.1904300</LongitudeDegrees>
     </Position>
     <AltitudeMeters>199.78</AltitudeMeters>
     <DistanceMeters>35551.090531106645</DistanceMeters>
    </Trackpoint>
    <Trackpoint>
     <Time>2026-04-10T15:25:04+00:00</Time>
     <Position>
      <LatitudeDegrees>43.8824250</LatitudeDegrees>
      <LongitudeDegrees>5.1911300</LongitudeDegrees>
     </Position>
     <AltitudeMeters>202.24</AltitudeMeters>
     <DistanceMeters>35609.51604809443</DistanceMeters>
    </Trackpoint>
    <Trackpoint>
     <Time>2026-04-10T15:25:11+00:00</Time>
     <Position>
      <LatitudeDegrees>43.8822800</LatitudeDegrees>
      <LongitudeDegrees>5.1918300</LongitudeDegrees>
     </Position>
     <AltitudeMeters>202.24</AltitudeMeters>
     <DistanceMeters>35667.941497760214</DistanceMeters>
    </Trackpoint>
    <Trackpoint>
     <Time>2026-04-10T15:25:18+00:00</Time>
     <Position>
      <LatitudeDegrees>43.8819950</LatitudeDegrees>
      <LongitudeDegrees>5.1925850</LongitudeDegrees>
     </Position>
     <AltitudeMeters>208.32</AltitudeMeters>
     <DistanceMeters>35736.30979832611</DistanceMeters>
    </Trackpoint>
    <Trackpoint>
     <Time>2026-04-10T15:25:25+00:00</Time>
     <Position>
      <LatitudeDegrees>43.8817100</LatitudeDegrees>
      <LongitudeDegrees>5.1933400</LongitudeDegrees>
     </Position>
     <AltitudeMeters>208.51000000000002</AltitudeMeters>
     <DistanceMeters>35804.67810303053</DistanceMeters>
    </Trackpoint>
    <Trackpoint>
     <Time>2026-04-10T15:25:31+00:00</Time>
     <Position>
      <LatitudeDegrees>43.8815400</LatitudeDegrees>
      <LongitudeDegrees>5.1938200</LongitudeDegrees>
     </Position>
     <AltitudeMeters>208.51000000000002</AltitudeMeters>
     <DistanceMeters>35847.58054633456</DistanceMeters>
    </Trackpoint>
    <Trackpoint>
     <Time>2026-04-10T15:25:38+00:00</Time>
     <Position>
      <LatitudeDegrees>43.8814900</LatitudeDegrees>
      <LongitudeDegrees>5.1940800</LongitudeDegrees>
     </Position>
     <AltitudeMeters>208.51000000000002</AltitudeMeters>
     <DistanceMeters>35869.16711759477</DistanceMeters>
    </Trackpoint>
    <Trackpoint>
     <Time>2026-04-10T15:25:45+00:00</Time>
     <Position>
      <LatitudeDegrees>43.8814300</LatitudeDegrees>
      <LongitudeDegrees>5.1945100</LongitudeDegrees>
     </Position>
     <AltitudeMeters>215.95000000000002</AltitudeMeters>
     <DistanceMeters>35904.30179727706</DistanceMeters>
    </Trackpoint>
    <Trackpoint>
     <Time>2026-04-10T15:25:52+00:00</Time>
     <Position>
      <LatitudeDegrees>43.8814000</LatitudeDegrees>
      <LongitudeDegrees>5.1948600</LongitudeDegrees>
     </Position>
     <AltitudeMeters>215.95000000000002</AltitudeMeters>
     <DistanceMeters>35932.57636744451</DistanceMeters>
    </Trackpoint>
    <Trackpoint>
     <Time>2026-04-10T15:25:59+00:00</Time>
     <Position>
      <LatitudeDegrees>43.8814100</LatitudeDegrees>
      <LongitudeDegrees>5.1955000</LongitudeDegrees>
     </Position>
     <AltitudeMeters>215.95000000000002</AltitudeMeters>
     <DistanceMeters>35983.92876040777</DistanceMeters>
    </Trackpoint>
    <Trackpoint>
     <Time>2026-04-10T15:26:05+00:00</Time>
     <Position>
      <LatitudeDegrees>43.8815700</LatitudeDegrees>
      <LongitudeDegrees>5.1966300</LongitudeDegrees>
     </Position>
     <AltitudeMeters>218.29000000000002</AltitudeMeters>
     <DistanceMeters>36076.30892798106</DistanceMeters>
    </Trackpoint>
    <Trackpoint>
     <Time>2026-04-10T15:26:12+00:00</Time>
     <Position>
      <LatitudeDegrees>43.8816000</LatitudeDegrees>
      <LongitudeDegrees>5.1974600</LongitudeDegrees>
     </Position>
     <AltitudeMeters>220.15</AltitudeMeters>
     <DistanceMeters>36142.974383057604</DistanceMeters>
    </Trackpoint>
    <Trackpoint>
     <Time>2026-04-10T15:26:19+00:00</Time>
     <Position>
      <LatitudeDegrees>43.8814800</LatitudeDegrees>
      <LongitudeDegrees>5.1980400</LongitudeDegrees>
     </Position>
     <AltitudeMeters>220.15</AltitudeMeters>
     <DistanceMeters>36191.38034435909</DistanceMeters>
    </Trackpoint>
    <Trackpoint>
     <Time>2026-04-10T15:26:26+00:00</Time>
     <Position>
      <LatitudeDegrees>43.8812500</LatitudeDegrees>
      <LongitudeDegrees>5.1990100</LongitudeDegrees>
     </Position>
     <AltitudeMeters>220.15</AltitudeMeters>
     <DistanceMeters>36273.29542635572</DistanceMeters>
    </Trackpoint>
    <Trackpoint>
     <Time>2026-04-10T15:26:33+00:00</Time>
     <Position>
      <LatitudeDegrees>43.8812000</LatitudeDegrees>
      <LongitudeDegrees>5.1993400</LongitudeDegrees>
     </Position>
     <AltitudeMeters>218.63000000000002</AltitudeMeters>
     <DistanceMeters>36300.34643009212</DistanceMeters>
    </Trackpoint>
    <Trackpoint>
     <Time>2026-04-10T15:26:39+00:00</Time>
     <Position>
      <LatitudeDegrees>43.8811350</LatitudeDegrees>
      <LongitudeDegrees>5.2003400</LongitudeDegrees>
     </Position>
     <AltitudeMeters>218.63000000000002</AltitudeMeters>
     <DistanceMeters>36380.89158537561</DistanceMeters>
    </Trackpoint>
    <Trackpoint>
     <Time>2026-04-10T15:26:46+00:00</Time>
     <Position>
      <LatitudeDegrees>43.8810700</LatitudeDegrees>
      <LongitudeDegrees>5.2013400</LongitudeDegrees>
     </Position>
     <AltitudeMeters>218.97000000000003</AltitudeMeters>
     <DistanceMeters>36461.43675368443</DistanceMeters>
    </Trackpoint>
    <Trackpoint>
     <Time>2026-04-10T15:26:53+00:00</Time>
     <Position>
      <LatitudeDegrees>43.8810700</LatitudeDegrees>
      <LongitudeDegrees>5.2016000</LongitudeDegrees>
     </Position>
     <AltitudeMeters>218.97000000000003</AltitudeMeters>
     <DistanceMeters>36482.29388044169</DistanceMeters>
    </Trackpoint>
    <Trackpoint>
     <Time>2026-04-10T15:27:00+00:00</Time>
     <Position>
      <LatitudeDegrees>43.8811000</LatitudeDegrees>
      <LongitudeDegrees>5.2018200</LongitudeDegrees>
     </Position>
     <AltitudeMeters>218.97000000000003</AltitudeMeters>
     <DistanceMeters>36500.25527609081</DistanceMeters>
    </Trackpoint>
    <Trackpoint>
     <Time>2026-04-10T15:27:07+00:00</Time>
     <Position>
      <LatitudeDegrees>43.8812900</LatitudeDegrees>
      <LongitudeDegrees>5.2024900</LongitudeDegrees>
     </Position>
     <AltitudeMeters>218.92000000000002</AltitudeMeters>
     <DistanceMeters>36558.01262615766</DistanceMeters>
    </Trackpoint>
    <Trackpoint>
     <Time>2026-04-10T15:27:13+00:00</Time>
     <Position>
      <LatitudeDegrees>43.8813600</LatitudeDegrees>
      <LongitudeDegrees>5.2029200</LongitudeDegrees>
     </Position>
     <AltitudeMeters>218.92000000000002</AltitudeMeters>
     <DistanceMeters>36593.3757970477</DistanceMeters>
    </Trackpoint>
    <Trackpoint>
     <Time>2026-04-10T15:27:20+00:00</Time>
     <Position>
      <LatitudeDegrees>43.8813500</LatitudeDegrees>
      <LongitudeDegrees>5.2031000</LongitudeDegrees>
     </Position>
     <AltitudeMeters>218.92000000000002</AltitudeMeters>
     <DistanceMeters>36607.858105629355</DistanceMeters>
    </Trackpoint>
    <Trackpoint>
     <Time>2026-04-10T15:27:27+00:00</Time>
     <Position>
      <LatitudeDegrees>43.8812700</LatitudeDegrees>
      <LongitudeDegrees>5.2035700</LongitudeDegrees>
     </Position>
     <AltitudeMeters>218.36</AltitudeMeters>
     <DistanceMeters>36646.598265616536</DistanceMeters>
    </Trackpoint>
    <Trackpoint>
     <Time>2026-04-10T15:27:34+00:00</Time>
     <Position>
      <LatitudeDegrees>43.8809100</LatitudeDegrees>
      <LongitudeDegrees>5.2043650</LongitudeDegrees>
     </Position>
     <AltitudeMeters>218.36</AltitudeMeters>
     <DistanceMeters>36721.91461931903</DistanceMeters>
    </Trackpoint>
    <Trackpoint>
     <Time>2026-04-10T15:27:41+00:00</Time>
     <Position>
      <LatitudeDegrees>43.8805500</LatitudeDegrees>
      <LongitudeDegrees>5.2051600</LongitudeDegrees>
     </Position>
     <AltitudeMeters>218.36</AltitudeMeters>
     <DistanceMeters>36797.230946433905</DistanceMeters>
    </Trackpoint>
    <Trackpoint>
     <Time>2026-04-10T15:27:47+00:00</Time>
     <Position>
      <LatitudeDegrees>43.8805000</LatitudeDegrees>
      <LongitudeDegrees>5.2053600</LongitudeDegrees>
     </Position>
     <AltitudeMeters>218.36</AltitudeMeters>
     <DistanceMeters>36814.21269128342</DistanceMeters>
    </Trackpoint>
    <Trackpoint>
     <Time>2026-04-10T15:27:54+00:00</Time>
     <Position>
      <LatitudeDegrees>43.8804700</LatitudeDegrees>
      <LongitudeDegrees>5.2056000</LongitudeDegrees>
     </Position>
     <AltitudeMeters>244.18</AltitudeMeters>
     <DistanceMeters>36833.7529839916</DistanceMeters>
    </Trackpoint>
    <Trackpoint>
     <Time>2026-04-10T15:28:01+00:00</Time>
     <Position>
      <LatitudeDegrees>43.8805000</LatitudeDegrees>
      <LongitudeDegrees>5.2060500</LongitudeDegrees>
     </Position>
     <AltitudeMeters>244.18</AltitudeMeters>
     <DistanceMeters>36870.006291357306</DistanceMeters>
    </Trackpoint>
    <Trackpoint>
     <Time>2026-04-10T15:28:08+00:00</Time>
     <Position>
      <LatitudeDegrees>43.8805700</LatitudeDegrees>
      <LongitudeDegrees>5.2063000</LongitudeDegrees>
     </Position>
     <AltitudeMeters>244.18</AltitudeMeters>
     <DistanceMeters>36891.52145791552</DistanceMeters>
    </Trackpoint>
    <Trackpoint>
     <Time>2026-04-10T15:28:15+00:00</Time>
     <Position>
      <LatitudeDegrees>43.8808500</LatitudeDegrees>
      <LongitudeDegrees>5.2071100</LongitudeDegrees>
     </Position>
     <AltitudeMeters>244.18</AltitudeMeters>
     <DistanceMeters>36963.58606324802</DistanceMeters>
    </Trackpoint>
    <Trackpoint>
     <Time>2026-04-10T15:28:21+00:00</Time>
     <Position>
      <LatitudeDegrees>43.8809400</LatitudeDegrees>
      <LongitudeDegrees>5.2075300</LongitudeDegrees>
     </Position>
     <AltitudeMeters>244.18</AltitudeMeters>
     <DistanceMeters>36998.735871394354</DistanceMeters>
    </Trackpoint>
    <Trackpoint>
     <Time>2026-04-10T15:28:28+00:00</Time>
     <Position>
      <LatitudeDegrees>43.8809500</LatitudeDegrees>
      <LongitudeDegrees>5.2080000</LongitudeDegrees>
     </Position>
     <AltitudeMeters>244.18</AltitudeMeters>
     <DistanceMeters>37036.45564108467</DistanceMeters>
    </Trackpoint>
    <Trackpoint>
     <Time>2026-04-10T15:28:35+00:00</Time>
     <Position>
      <LatitudeDegrees>43.8808900</LatitudeDegrees>
      <LongitudeDegrees>5.2090300</LongitudeDegrees>
     </Position>
     <AltitudeMeters>249.10000000000002</AltitudeMeters>
     <DistanceMeters>37119.351561838135</DistanceMeters>
    </Trackpoint>
    <Trackpoint>
     <Time>2026-04-10T15:28:42+00:00</Time>
     <Position>
      <LatitudeDegrees>43.8806600</LatitudeDegrees>
      <LongitudeDegrees>5.2101000</LongitudeDegrees>
     </Position>
     <AltitudeMeters>242.42000000000002</AltitudeMeters>
     <DistanceMeters>37208.92273484689</DistanceMeters>
    </Trackpoint>
    <Trackpoint>
     <Time>2026-04-10T15:28:49+00:00</Time>
     <Position>
      <LatitudeDegrees>43.8806800</LatitudeDegrees>
      <LongitudeDegrees>5.2103300</LongitudeDegrees>
     </Position>
     <AltitudeMeters>242.42000000000002</AltitudeMeters>
     <DistanceMeters>37227.50717758411</DistanceMeters>
    </Trackpoint>
    <Trackpoint>
     <Time>2026-04-10T15:28:55+00:00</Time>
     <Position>
      <LatitudeDegrees>43.8810050</LatitudeDegrees>
      <LongitudeDegrees>5.2114800</LongitudeDegrees>
     </Position>
     <AltitudeMeters>242.42000000000002</AltitudeMeters>
     <DistanceMeters>37326.59764778694</DistanceMeters>
    </Trackpoint>
    <Trackpoint>
     <Time>2026-04-10T15:29:02+00:00</Time>
     <Position>
      <LatitudeDegrees>43.8813300</LatitudeDegrees>
      <LongitudeDegrees>5.2126300</LongitudeDegrees>
     </Position>
     <AltitudeMeters>224.96</AltitudeMeters>
     <DistanceMeters>37425.6881350839</DistanceMeters>
    </Trackpoint>
    <Trackpoint>
     <Time>2026-04-10T15:29:09+00:00</Time>
     <Position>
      <LatitudeDegrees>43.8814600</LatitudeDegrees>
      <LongitudeDegrees>5.2130100</LongitudeDegrees>
     </Position>
     <AltitudeMeters>224.96</AltitudeMeters>
     <DistanceMeters>37459.43082187993</DistanceMeters>
    </Trackpoint>
    <Trackpoint>
     <Time>2026-04-10T15:29:16+00:00</Time>
     <Position>
      <LatitudeDegrees>43.8808500</LatitudeDegrees>
      <LongitudeDegrees>5.2127900</LongitudeDegrees>
     </Position>
     <AltitudeMeters>222.35000000000002</AltitudeMeters>
     <DistanceMeters>37529.57755760387</DistanceMeters>
    </Trackpoint>
    <Trackpoint>
     <Time>2026-04-10T15:29:23+00:00</Time>
     <Position>
      <LatitudeDegrees>43.8800700</LatitudeDegrees>
      <LongitudeDegrees>5.2123900</LongitudeDegrees>
     </Position>
     <AltitudeMeters>222.35000000000002</AltitudeMeters>
     <DistanceMeters>37622.12883566771</DistanceMeters>
    </Trackpoint>
    <Trackpoint>
     <Time>2026-04-10T15:29:29+00:00</Time>
     <Position>
      <LatitudeDegrees>43.8800300</LatitudeDegrees>
      <LongitudeDegrees>5.2123900</LongitudeDegrees>
     </Position>
     <AltitudeMeters>222.35000000000002</AltitudeMeters>
     <DistanceMeters>37626.580662845176</DistanceMeters>
    </Trackpoint>
    <Trackpoint>
     <Time>2026-04-10T15:29:36+00:00</Time>
     <Position>
      <LatitudeDegrees>43.8799600</LatitudeDegrees>
      <LongitudeDegrees>5.2124300</LongitudeDegrees>
     </Position>
     <AltitudeMeters>222.35000000000002</AltitudeMeters>
     <DistanceMeters>37635.0063180229</DistanceMeters>
    </Trackpoint>
    <Trackpoint>
     <Time>2026-04-10T15:29:43+00:00</Time>
     <Position>
      <LatitudeDegrees>43.8798000</LatitudeDegrees>
      <LongitudeDegrees>5.2125700</LongitudeDegrees>
     </Position>
     <AltitudeMeters>212.82</AltitudeMeters>
     <DistanceMeters>37656.05947134623</DistanceMeters>
    </Trackpoint>
    <Trackpoint>
     <Time>2026-04-10T15:29:50+00:00</Time>
     <Position>
      <LatitudeDegrees>43.8796900</LatitudeDegrees>
      <LongitudeDegrees>5.2127800</LongitudeDegrees>
     </Position>
     <AltitudeMeters>212.82</AltitudeMeters>
     <DistanceMeters>37676.884564289176</DistanceMeters>
    </Trackpoint>
    <Trackpoint>
     <Time>2026-04-10T15:29:57+00:00</Time>
     <Position>
      <LatitudeDegrees>43.8795700</LatitudeDegrees>
      <LongitudeDegrees>5.2131700</LongitudeDegrees>
     </Position>
     <AltitudeMeters>210.71</AltitudeMeters>
     <DistanceMeters>37710.902362700115</DistanceMeters>
    </Trackpoint>
    <Trackpoint>
     <Time>2026-04-10T15:30:03+00:00</Time>
     <Position>
      <LatitudeDegrees>43.8794800</LatitudeDegrees>
      <LongitudeDegrees>5.2134200</LongitudeDegrees>
     </Position>
     <AltitudeMeters>210.50000000000003</AltitudeMeters>
     <DistanceMeters>37733.32006907204</DistanceMeters>
    </Trackpoint>
    <Trackpoint>
     <Time>2026-04-10T15:30:10+00:00</Time>
     <Position>
      <LatitudeDegrees>43.8793900</LatitudeDegrees>
      <LongitudeDegrees>5.2138200</LongitudeDegrees>
     </Position>
     <AltitudeMeters>208.78000000000003</AltitudeMeters>
     <DistanceMeters>37766.93586183987</DistanceMeters>
    </Trackpoint>
    <Trackpoint>
     <Time>2026-04-10T15:30:17+00:00</Time>
     <Position>
      <LatitudeDegrees>43.8794100</LatitudeDegrees>
      <LongitudeDegrees>5.2139400</LongitudeDegrees>
     </Position>
     <AltitudeMeters>208.78000000000003</AltitudeMeters>
     <DistanceMeters>37776.81648997717</DistanceMeters>
    </Trackpoint>
    <Trackpoint>
     <Time>2026-04-10T15:30:24+00:00</Time>
     <Position>
      <LatitudeDegrees>43.8795800</LatitudeDegrees>
      <LongitudeDegrees>5.2145900</LongitudeDegrees>
     </Position>
     <AltitudeMeters>208.87000000000003</AltitudeMeters>
     <DistanceMeters>37832.287144839414</DistanceMeters>
    </Trackpoint>
    <Trackpoint>
     <Time>2026-04-10T15:30:31+00:00</Time>
     <Position>
      <LatitudeDegrees>43.8795300</LatitudeDegrees>
      <LongitudeDegrees>5.2146700</LongitudeDegrees>
     </Position>
     <AltitudeMeters>205.96</AltitudeMeters>
     <DistanceMeters>37840.781508602005</DistanceMeters>
    </Trackpoint>
    <Trackpoint>
     <Time>2026-04-10T15:30:37+00:00</Time>
     <Position>
      <LatitudeDegrees>43.8795000</LatitudeDegrees>
      <LongitudeDegrees>5.2147700</LongitudeDegrees>
     </Position>
     <AltitudeMeters>205.96</AltitudeMeters>
     <DistanceMeters>37849.47078053058</DistanceMeters>
    </Trackpoint>
    <Trackpoint>
     <Time>2026-04-10T15:30:44+00:00</Time>
     <Position>
      <LatitudeDegrees>43.8794600</LatitudeDegrees>
      <LongitudeDegrees>5.2151100</LongitudeDegrees>
     </Position>
     <AltitudeMeters>205.96</AltitudeMeters>
     <DistanceMeters>37877.107132707584</DistanceMeters>
    </Trackpoint>
    <Trackpoint>
     <Time>2026-04-10T15:30:51+00:00</Time>
     <Position>
      <LatitudeDegrees>43.8793400</LatitudeDegrees>
      <LongitudeDegrees>5.2154700</LongitudeDegrees>
     </Position>
     <AltitudeMeters>205.08</AltitudeMeters>
     <DistanceMeters>37908.92564896278</DistanceMeters>
    </Trackpoint>
    <Trackpoint>
     <Time>2026-04-10T15:30:58+00:00</Time>
     <Position>
      <LatitudeDegrees>43.8789775</LatitudeDegrees>
      <LongitudeDegrees>5.2163000</LongitudeDegrees>
     </Position>
     <AltitudeMeters>199.84</AltitudeMeters>
     <DistanceMeters>37986.77981202421</DistanceMeters>
    </Trackpoint>
    <Trackpoint>
     <Time>2026-04-10T15:31:05+00:00</Time>
     <Position>
      <LatitudeDegrees>43.8786150</LatitudeDegrees>
      <LongitudeDegrees>5.2171300</LongitudeDegrees>
     </Position>
     <AltitudeMeters>196.04000000000002</AltitudeMeters>
     <DistanceMeters>38064.63397508576</DistanceMeters>
    </Trackpoint>
    <Trackpoint>
     <Time>2026-04-10T15:31:11+00:00</Time>
     <Position>
      <LatitudeDegrees>43.8782525</LatitudeDegrees>
      <LongitudeDegrees>5.2179600</LongitudeDegrees>
     </Position>
     <AltitudeMeters>190.11</AltitudeMeters>
     <DistanceMeters>38142.48813814785</DistanceMeters>
    </Trackpoint>
    <Trackpoint>
     <Time>2026-04-10T15:31:18+00:00</Time>
     <Position>
      <LatitudeDegrees>43.8778900</LatitudeDegrees>
      <LongitudeDegrees>5.2187900</LongitudeDegrees>
     </Position>
     <AltitudeMeters>190.11</AltitudeMeters>
     <DistanceMeters>38220.34229197935</DistanceMeters>
    </Trackpoint>
    <Trackpoint>
     <Time>2026-04-10T15:31:25+00:00</Time>
     <Position>
      <LatitudeDegrees>43.8777800</LatitudeDegrees>
      <LongitudeDegrees>5.2190200</LongitudeDegrees>
     </Position>
     <AltitudeMeters>190.11</AltitudeMeters>
     <DistanceMeters>38242.485883149915</DistanceMeters>
    </Trackpoint>
    <Trackpoint>
     <Time>2026-04-10T15:31:32+00:00</Time>
     <Position>
      <LatitudeDegrees>43.8776700</LatitudeDegrees>
      <LongitudeDegrees>5.2191700</LongitudeDegrees>
     </Position>
     <AltitudeMeters>190.11</AltitudeMeters>
     <DistanceMeters>38259.65235461453</DistanceMeters>
    </Trackpoint>
    <Trackpoint>
     <Time>2026-04-10T15:31:39+00:00</Time>
     <Position>
      <LatitudeDegrees>43.8772350</LatitudeDegrees>
      <LongitudeDegrees>5.2196400</LongitudeDegrees>
     </Position>
     <AltitudeMeters>182.74</AltitudeMeters>
     <DistanceMeters>38321.01681723641</DistanceMeters>
    </Trackpoint>
    <Trackpoint>
     <Time>2026-04-10T15:31:45+00:00</Time>
     <Position>
      <LatitudeDegrees>43.8768000</LatitudeDegrees>
      <LongitudeDegrees>5.2201100</LongitudeDegrees>
     </Position>
     <AltitudeMeters>181.94000000000003</AltitudeMeters>
     <DistanceMeters>38382.38129248744</DistanceMeters>
    </Trackpoint>
    <Trackpoint>
     <Time>2026-04-10T15:31:52+00:00</Time>
     <Position>
      <LatitudeDegrees>43.8766800</LatitudeDegrees>
      <LongitudeDegrees>5.2203000</LongitudeDegrees>
     </Position>
     <AltitudeMeters>181.86</AltitudeMeters>
     <DistanceMeters>38402.647359938885</DistanceMeters>
    </Trackpoint>
    <Trackpoint>
     <Time>2026-04-10T15:31:59+00:00</Time>
     <Position>
      <LatitudeDegrees>43.8765300</LatitudeDegrees>
      <LongitudeDegrees>5.2207000</LongitudeDegrees>
     </Position>
     <AltitudeMeters>181.86</AltitudeMeters>
     <DistanceMeters>38438.82039168599</DistanceMeters>
    </Trackpoint>
    <Trackpoint>
     <Time>2026-04-10T15:32:06+00:00</Time>
     <Position>
      <LatitudeDegrees>43.8764800</LatitudeDegrees>
      <LongitudeDegrees>5.2210500</LongitudeDegrees>
     </Position>
     <AltitudeMeters>181.86</AltitudeMeters>
     <DistanceMeters>38467.44555572444</DistanceMeters>
    </Trackpoint>
    <Trackpoint>
     <Time>2026-04-10T15:32:13+00:00</Time>
     <Position>
      <LatitudeDegrees>43.8764900</LatitudeDegrees>
      <LongitudeDegrees>5.2213200</LongitudeDegrees>
     </Position>
     <AltitudeMeters>181.86</AltitudeMeters>
     <DistanceMeters>38489.13511983987</DistanceMeters>
    </Trackpoint>
    <Trackpoint>
     <Time>2026-04-10T15:32:19+00:00</Time>
     <Position>
      <LatitudeDegrees>43.8765800</LatitudeDegrees>
      <LongitudeDegrees>5.2220250</LongitudeDegrees>
     </Position>
     <AltitudeMeters>181.86</AltitudeMeters>
     <DistanceMeters>38546.57438661196</DistanceMeters>
    </Trackpoint>
    <Trackpoint>
     <Time>2026-04-10T15:32:26+00:00</Time>
     <Position>
      <LatitudeDegrees>43.8766700</LatitudeDegrees>
      <LongitudeDegrees>5.2227300</LongitudeDegrees>
     </Position>
     <AltitudeMeters>176.76000000000002</AltitudeMeters>
     <DistanceMeters>38604.01368979389</DistanceMeters>
    </Trackpoint>
    <Trackpoint>
     <Time>2026-04-10T15:32:33+00:00</Time>
     <Position>
      <LatitudeDegrees>43.8766700</LatitudeDegrees>
      <LongitudeDegrees>5.2229800</LongitudeDegrees>
     </Position>
     <AltitudeMeters>176.76000000000002</AltitudeMeters>
     <DistanceMeters>38624.070100408404</DistanceMeters>
    </Trackpoint>
    <Trackpoint>
     <Time>2026-04-10T15:32:40+00:00</Time>
     <Position>
      <LatitudeDegrees>43.8765500</LatitudeDegrees>
      <LongitudeDegrees>5.2234100</LongitudeDegrees>
     </Position>
     <AltitudeMeters>176.76000000000002</AltitudeMeters>
     <DistanceMeters>38661.06220908191</DistanceMeters>
    </Trackpoint>
    <Trackpoint>
     <Time>2026-04-10T15:32:47+00:00</Time>
     <Position>
      <LatitudeDegrees>43.8762800</LatitudeDegrees>
      <LongitudeDegrees>5.2240500</LongitudeDegrees>
     </Position>
     <AltitudeMeters>176.76000000000002</AltitudeMeters>
     <DistanceMeters>38720.55391953131</DistanceMeters>
    </Trackpoint>
    <Trackpoint>
     <Time>2026-04-10T15:32:54+00:00</Time>
     <Position>
      <LatitudeDegrees>43.8760300</LatitudeDegrees>
      <LongitudeDegrees>5.2250100</LongitudeDegrees>
     </Position>
     <AltitudeMeters>176.19</AltitudeMeters>
     <DistanceMeters>38802.443065962136</DistanceMeters>
    </Trackpoint>
    <Trackpoint>
     <Time>2026-04-10T15:33:00+00:00</Time>
     <Position>
      <LatitudeDegrees>43.8759900</LatitudeDegrees>
      <LongitudeDegrees>5.2252400</LongitudeDegrees>
     </Position>
     <AltitudeMeters>176.19</AltitudeMeters>
     <DistanceMeters>38821.42460537771</DistanceMeters>
    </Trackpoint>
    <Trackpoint>
     <Time>2026-04-10T15:33:07+00:00</Time>
     <Position>
      <LatitudeDegrees>43.8760100</LatitudeDegrees>
      <LongitudeDegrees>5.2256500</LongitudeDegrees>
     </Position>
     <AltitudeMeters>171.70000000000002</AltitudeMeters>
     <DistanceMeters>38854.39271814747</DistanceMeters>
    </Trackpoint>
    <Trackpoint>
     <Time>2026-04-10T15:33:14+00:00</Time>
     <Position>
      <LatitudeDegrees>43.8760900</LatitudeDegrees>
      <LongitudeDegrees>5.2261500</LongitudeDegrees>
     </Position>
     <AltitudeMeters>171.70000000000002</AltitudeMeters>
     <DistanceMeters>38895.48221767455</DistanceMeters>
    </Trackpoint>
    <Trackpoint>
     <Time>2026-04-10T15:33:21+00:00</Time>
     <Position>
      <LatitudeDegrees>43.8761700</LatitudeDegrees>
      <LongitudeDegrees>5.2263500</LongitudeDegrees>
     </Position>
     <AltitudeMeters>171.70000000000002</AltitudeMeters>
     <DistanceMeters>38913.83230964375</DistanceMeters>
    </Trackpoint>
    <Trackpoint>
     <Time>2026-04-10T15:33:28+00:00</Time>
     <Position>
      <LatitudeDegrees>43.8763500</LatitudeDegrees>
      <LongitudeDegrees>5.2265300</LongitudeDegrees>
     </Position>
     <AltitudeMeters>166.03</AltitudeMeters>
     <DistanceMeters>38938.52773929133</DistanceMeters>
    </Trackpoint>
    <Trackpoint>
     <Time>2026-04-10T15:33:34+00:00</Time>
     <Position>
      <LatitudeDegrees>43.8766000</LatitudeDegrees>
      <LongitudeDegrees>5.2267100</LongitudeDegrees>
     </Position>
     <AltitudeMeters>166.03</AltitudeMeters>
     <DistanceMeters>38969.875837500964</DistanceMeters>
    </Trackpoint>
    <Trackpoint>
     <Time>2026-04-10T15:33:41+00:00</Time>
     <Position>
      <LatitudeDegrees>43.8766700</LatitudeDegrees>
      <LongitudeDegrees>5.2267800</LongitudeDegrees>
     </Position>
     <AltitudeMeters>166.01000000000002</AltitudeMeters>
     <DistanceMeters>38979.47959503136</DistanceMeters>
    </Trackpoint>
    <Trackpoint>
     <Time>2026-04-10T15:33:48+00:00</Time>
     <Position>
      <LatitudeDegrees>43.8767900</LatitudeDegrees>
      <LongitudeDegrees>5.2269700</LongitudeDegrees>
     </Position>
     <AltitudeMeters>166.01000000000002</AltitudeMeters>
     <DistanceMeters>38999.74566440676</DistanceMeters>
    </Trackpoint>
    <Trackpoint>
     <Time>2026-04-10T15:33:55+00:00</Time>
     <Position>
      <LatitudeDegrees>43.8768300</LatitudeDegrees>
      <LongitudeDegrees>5.2270900</LongitudeDegrees>
     </Position>
     <AltitudeMeters>166.01000000000002</AltitudeMeters>
     <DistanceMeters>39010.35221630205</DistanceMeters>
    </Trackpoint>
    <Trackpoint>
     <Time>2026-04-10T15:34:02+00:00</Time>
     <Position>
      <LatitudeDegrees>43.8768600</LatitudeDegrees>
      <LongitudeDegrees>5.2274700</LongitudeDegrees>
     </Position>
     <AltitudeMeters>163.65</AltitudeMeters>
     <DistanceMeters>39041.02016686832</DistanceMeters>
    </Trackpoint>
    <Trackpoint>
     <Time>2026-04-10T15:34:08+00:00</Time>
     <Position>
      <LatitudeDegrees>43.8768500</LatitudeDegrees>
      <LongitudeDegrees>5.2277700</LongitudeDegrees>
     </Position>
     <AltitudeMeters>163.65</AltitudeMeters>
     <DistanceMeters>39065.1135043238</DistanceMeters>
    </Trackpoint>
    <Trackpoint>
     <Time>2026-04-10T15:34:15+00:00</Time>
     <Position>
      <LatitudeDegrees>43.8769100</LatitudeDegrees>
      <LongitudeDegrees>5.2280800</LongitudeDegrees>
     </Position>
     <AltitudeMeters>163.65</AltitudeMeters>
     <DistanceMeters>39090.86427583648</DistanceMeters>
    </Trackpoint>
    <Trackpoint>
     <Time>2026-04-10T15:34:22+00:00</Time>
     <Position>
      <LatitudeDegrees>43.8769500</LatitudeDegrees>
      <LongitudeDegrees>5.2281900</LongitudeDegrees>
     </Position>
     <AltitudeMeters>163.65</AltitudeMeters>
     <DistanceMeters>39100.74838153574</DistanceMeters>
    </Trackpoint>
    <Trackpoint>
     <Time>2026-04-10T15:34:29+00:00</Time>
     <Position>
      <LatitudeDegrees>43.8771000</LatitudeDegrees>
      <LongitudeDegrees>5.2283900</LongitudeDegrees>
     </Position>
     <AltitudeMeters>163.65</AltitudeMeters>
     <DistanceMeters>39123.90317513666</DistanceMeters>
    </Trackpoint>
    <Trackpoint>
     <Time>2026-04-10T15:34:36+00:00</Time>
     <Position>
      <LatitudeDegrees>43.8776100</LatitudeDegrees>
      <LongitudeDegrees>5.2287700</LongitudeDegrees>
     </Position>
     <AltitudeMeters>158.38000000000002</AltitudeMeters>
     <DistanceMeters>39188.3325725316</DistanceMeters>
    </Trackpoint>
    <Trackpoint>
     <Time>2026-04-10T15:34:42+00:00</Time>
     <Position>
      <LatitudeDegrees>43.8777700</LatitudeDegrees>
      <LongitudeDegrees>5.2289500</LongitudeDegrees>
     </Position>
     <AltitudeMeters>158.38000000000002</AltitudeMeters>
     <DistanceMeters>39211.25907432569</DistanceMeters>
    </Trackpoint>
    <Trackpoint>
     <Time>2026-04-10T15:34:49+00:00</Time>
     <Position>
      <LatitudeDegrees>43.8778900</LatitudeDegrees>
      <LongitudeDegrees>5.2292800</LongitudeDegrees>
     </Position>
     <AltitudeMeters>158.38000000000002</AltitudeMeters>
     <DistanceMeters>39240.91103440977</DistanceMeters>
    </Trackpoint>
    <Trackpoint>
     <Time>2026-04-10T15:34:56+00:00</Time>
     <Position>
      <LatitudeDegrees>43.8779100</LatitudeDegrees>
      <LongitudeDegrees>5.2294300</LongitudeDegrees>
     </Position>
     <AltitudeMeters>158.38000000000002</AltitudeMeters>
     <DistanceMeters>39253.14876995572</DistanceMeters>
    </Trackpoint>
    <Trackpoint>
     <Time>2026-04-10T15:35:03+00:00</Time>
     <Position>
      <LatitudeDegrees>43.8778500</LatitudeDegrees>
      <LongitudeDegrees>5.2306050</LongitudeDegrees>
     </Position>
     <AltitudeMeters>154.75000000000003</AltitudeMeters>
     <DistanceMeters>39347.64827096014</DistanceMeters>
    </Trackpoint>
    <Trackpoint>
     <Time>2026-04-10T15:35:10+00:00</Time>
     <Position>
      <LatitudeDegrees>43.8777900</LatitudeDegrees>
      <LongitudeDegrees>5.2317800</LongitudeDegrees>
     </Position>
     <AltitudeMeters>153.45</AltitudeMeters>
     <DistanceMeters>39442.147764689944</DistanceMeters>
    </Trackpoint>
    <Trackpoint>
     <Time>2026-04-10T15:35:16+00:00</Time>
     <Position>
      <LatitudeDegrees>43.8772550</LatitudeDegrees>
      <LongitudeDegrees>5.2322000</LongitudeDegrees>
     </Position>
     <AltitudeMeters>153.45</AltitudeMeters>
     <DistanceMeters>39510.56344361984</DistanceMeters>
    </Trackpoint>
    <Trackpoint>
     <Time>2026-04-10T15:35:23+00:00</Time>
     <Position>
      <LatitudeDegrees>43.8767200</LatitudeDegrees>
      <LongitudeDegrees>5.2326200</LongitudeDegrees>
     </Position>
     <AltitudeMeters>153.45</AltitudeMeters>
     <DistanceMeters>39578.979142940756</DistanceMeters>
    </Trackpoint>
    <Trackpoint>
     <Time>2026-04-10T15:35:30+00:00</Time>
     <Position>
      <LatitudeDegrees>43.8763200</LatitudeDegrees>
      <LongitudeDegrees>5.2328900</LongitudeDegrees>
     </Position>
     <AltitudeMeters>153.45</AltitudeMeters>
     <DistanceMeters>39628.48747041655</DistanceMeters>
    </Trackpoint>
    <Trackpoint>
     <Time>2026-04-10T15:35:37+00:00</Time>
     <Position>
      <LatitudeDegrees>43.8760400</LatitudeDegrees>
      <LongitudeDegrees>5.2330300</LongitudeDegrees>
     </Position>
     <AltitudeMeters>153.45</AltitudeMeters>
     <DistanceMeters>39661.61253921856</DistanceMeters>
    </Trackpoint>
    <Trackpoint>
     <Time>2026-04-10T15:35:44+00:00</Time>
     <Position>
      <LatitudeDegrees>43.8756000</LatitudeDegrees>
      <LongitudeDegrees>5.2331800</LongitudeDegrees>
     </Position>
     <AltitudeMeters>150.49</AltitudeMeters>
     <DistanceMeters>39712.03959724695</DistanceMeters>
    </Trackpoint>
    <Trackpoint>
     <Time>2026-04-10T15:35:50+00:00</Time>
     <Position>
      <LatitudeDegrees>43.8749667</LatitudeDegrees>
      <LongitudeDegrees>5.2333433</LongitudeDegrees>
     </Position>
     <AltitudeMeters>150.49</AltitudeMeters>
     <DistanceMeters>39783.734565289014</DistanceMeters>
    </Trackpoint>
    <Trackpoint>
     <Time>2026-04-10T15:35:57+00:00</Time>
     <Position>
      <LatitudeDegrees>43.8743333</LatitudeDegrees>
      <LongitudeDegrees>5.2335067</LongitudeDegrees>
     </Position>
     <AltitudeMeters>150.49</AltitudeMeters>
     <DistanceMeters>39855.4295333317</DistanceMeters>
    </Trackpoint>
    <Trackpoint>
     <Time>2026-04-10T15:36:04+00:00</Time>
     <Position>
      <LatitudeDegrees>43.8737000</LatitudeDegrees>
      <LongitudeDegrees>5.2336700</LongitudeDegrees>
     </Position>
     <AltitudeMeters>150.49</AltitudeMeters>
     <DistanceMeters>39927.12449746703</DistanceMeters>
    </Trackpoint>
    <Trackpoint>
     <Time>2026-04-10T15:36:11+00:00</Time>
     <Position>
      <LatitudeDegrees>43.8732400</LatitudeDegrees>
      <LongitudeDegrees>5.2336900</LongitudeDegrees>
     </Position>
     <AltitudeMeters>150.49</AltitudeMeters>
     <DistanceMeters>39978.34564972191</DistanceMeters>
    </Trackpoint>
    <Trackpoint>
     <Time>2026-04-10T15:36:18+00:00</Time>
     <Position>
      <LatitudeDegrees>43.8727000</LatitudeDegrees>
      <LongitudeDegrees>5.2335900</LongitudeDegrees>
     </Position>
     <AltitudeMeters>150.49</AltitudeMeters>
     <DistanceMeters>40038.97847491731</DistanceMeters>
    </Trackpoint>
    <Trackpoint>
     <Time>2026-04-10T15:36:24+00:00</Time>
     <Position>
      <LatitudeDegrees>43.8724300</LatitudeDegrees>
      <LongitudeDegrees>5.2335800</LongitudeDegrees>
     </Position>
     <AltitudeMeters>150.49</AltitudeMeters>
     <DistanceMeters>40069.039017067524</DistanceMeters>
    </Trackpoint>
    <Trackpoint>
     <Time>2026-04-10T15:36:31+00:00</Time>
     <Position>
      <LatitudeDegrees>43.8721800</LatitudeDegrees>
      <LongitudeDegrees>5.2336000</LongitudeDegrees>
     </Position>
     <AltitudeMeters>150.49</AltitudeMeters>
     <DistanceMeters>40096.90916875445</DistanceMeters>
    </Trackpoint>
    <Trackpoint>
     <Time>2026-04-10T15:36:38+00:00</Time>
     <Position>
      <LatitudeDegrees>43.8716900</LatitudeDegrees>
      <LongitudeDegrees>5.2337600</LongitudeDegrees>
     </Position>
     <AltitudeMeters>153.51</AltitudeMeters>
     <DistanceMeters>40152.93456635254</DistanceMeters>
    </Trackpoint>
    <Trackpoint>
     <Time>2026-04-10T15:36:45+00:00</Time>
     <Position>
      <LatitudeDegrees>43.8714500</LatitudeDegrees>
      <LongitudeDegrees>5.2339000</LongitudeDegrees>
     </Position>
     <AltitudeMeters>153.51</AltitudeMeters>
     <DistanceMeters>40181.91120787892</DistanceMeters>
    </Trackpoint>
    <Trackpoint>
     <Time>2026-04-10T15:36:52+00:00</Time>
     <Position>
      <LatitudeDegrees>43.8712500</LatitudeDegrees>
      <LongitudeDegrees>5.2340500</LongitudeDegrees>
     </Position>
     <AltitudeMeters>153.51</AltitudeMeters>
     <DistanceMeters>40207.21552464053</DistanceMeters>
    </Trackpoint>
    <Trackpoint>
     <Time>2026-04-10T15:36:58+00:00</Time>
     <Position>
      <LatitudeDegrees>43.8708800</LatitudeDegrees>
      <LongitudeDegrees>5.2343700</LongitudeDegrees>
     </Position>
     <AltitudeMeters>153.51</AltitudeMeters>
     <DistanceMeters>40255.74313765727</DistanceMeters>
    </Trackpoint>
    <Trackpoint>
     <Time>2026-04-10T15:37:05+00:00</Time>
     <Position>
      <LatitudeDegrees>43.8705500</LatitudeDegrees>
      <LongitudeDegrees>5.2347700</LongitudeDegrees>
     </Position>
     <AltitudeMeters>153.51</AltitudeMeters>
     <DistanceMeters>40304.51715868208</DistanceMeters>
    </Trackpoint>
    <Trackpoint>
     <Time>2026-04-10T15:37:12+00:00</Time>
     <Position>
      <LatitudeDegrees>43.8704600</LatitudeDegrees>
      <LongitudeDegrees>5.2349200</LongitudeDegrees>
     </Position>
     <AltitudeMeters>153.51</AltitudeMeters>
     <DistanceMeters>40320.17525314839</DistanceMeters>
    </Trackpoint>
    <Trackpoint>
     <Time>2026-04-10T15:37:19+00:00</Time>
     <Position>
      <LatitudeDegrees>43.8701600</LatitudeDegrees>
      <LongitudeDegrees>5.2358000</LongitudeDegrees>
     </Position>
     <AltitudeMeters>153.51</AltitudeMeters>
     <DistanceMeters>40398.27792226615</DistanceMeters>
    </Trackpoint>
    <Trackpoint>
     <Time>2026-04-10T15:37:26+00:00</Time>
     <Position>
      <LatitudeDegrees>43.8699600</LatitudeDegrees>
      <LongitudeDegrees>5.2363300</LongitudeDegrees>
     </Position>
     <AltitudeMeters>162.99</AltitudeMeters>
     <DistanceMeters>40446.27569102367</DistanceMeters>
    </Trackpoint>
    <Trackpoint>
     <Time>2026-04-10T15:37:32+00:00</Time>
     <Position>
      <LatitudeDegrees>43.8695200</LatitudeDegrees>
      <LongitudeDegrees>5.2371000</LongitudeDegrees>
     </Position>
     <AltitudeMeters>162.99</AltitudeMeters>
     <DistanceMeters>40525.11066876483</DistanceMeters>
    </Trackpoint>
    <Trackpoint>
     <Time>2026-04-10T15:37:39+00:00</Time>
     <Position>
      <LatitudeDegrees>43.8691200</LatitudeDegrees>
      <LongitudeDegrees>5.2376300</LongitudeDegrees>
     </Position>
     <AltitudeMeters>169.49</AltitudeMeters>
     <DistanceMeters>40586.67557841764</DistanceMeters>
    </Trackpoint>
    <Trackpoint>
     <Time>2026-04-10T15:37:46+00:00</Time>
     <Position>
      <LatitudeDegrees>43.8689900</LatitudeDegrees>
      <LongitudeDegrees>5.2377500</LongitudeDegrees>
     </Position>
     <AltitudeMeters>169.49</AltitudeMeters>
     <DistanceMeters>40604.054876709415</DistanceMeters>
    </Trackpoint>
    <Trackpoint>
     <Time>2026-04-10T15:37:53+00:00</Time>
     <Position>
      <LatitudeDegrees>43.8686300</LatitudeDegrees>
      <LongitudeDegrees>5.2379700</LongitudeDegrees>
     </Position>
     <AltitudeMeters>169.49</AltitudeMeters>
     <DistanceMeters>40647.83743033685</DistanceMeters>
    </Trackpoint>
    <Trackpoint>
     <Time>2026-04-10T15:38:00+00:00</Time>
     <Position>
      <LatitudeDegrees>43.8680400</LatitudeDegrees>
      <LongitudeDegrees>5.2382600</LongitudeDegrees>
     </Position>
     <AltitudeMeters>180.29</AltitudeMeters>
     <DistanceMeters>40717.502716243616</DistanceMeters>
    </Trackpoint>
    <Trackpoint>
     <Time>2026-04-10T15:38:06+00:00</Time>
     <Position>
      <LatitudeDegrees>43.8678700</LatitudeDegrees>
      <LongitudeDegrees>5.2384800</LongitudeDegrees>
     </Position>
     <AltitudeMeters>180.32</AltitudeMeters>
     <DistanceMeters>40743.37891004176</DistanceMeters>
    </Trackpoint>
    <Trackpoint>
     <Time>2026-04-10T15:38:13+00:00</Time>
     <Position>
      <LatitudeDegrees>43.8677900</LatitudeDegrees>
      <LongitudeDegrees>5.2387000</LongitudeDegrees>
     </Position>
     <AltitudeMeters>180.32</AltitudeMeters>
     <DistanceMeters>40763.14952779923</DistanceMeters>
    </Trackpoint>
    <Trackpoint>
     <Time>2026-04-10T15:38:20+00:00</Time>
     <Position>
      <LatitudeDegrees>43.8676650</LatitudeDegrees>
      <LongitudeDegrees>5.2393250</LongitudeDegrees>
     </Position>
     <AltitudeMeters>180.32</AltitudeMeters>
     <DistanceMeters>40815.192071314406</DistanceMeters>
    </Trackpoint>
    <Trackpoint>
     <Time>2026-04-10T15:38:27+00:00</Time>
     <Position>
      <LatitudeDegrees>43.8675400</LatitudeDegrees>
      <LongitudeDegrees>5.2399500</LongitudeDegrees>
     </Position>
     <AltitudeMeters>198.46</AltitudeMeters>
     <DistanceMeters>40867.234590018204</DistanceMeters>
    </Trackpoint>
    <Trackpoint>
     <Time>2026-04-10T15:38:34+00:00</Time>
     <Position>
      <LatitudeDegrees>43.8674400</LatitudeDegrees>
      <LongitudeDegrees>5.2402200</LongitudeDegrees>
     </Position>
     <AltitudeMeters>198.46</AltitudeMeters>
     <DistanceMeters>40891.59044053448</DistanceMeters>
    </Trackpoint>
    <Trackpoint>
     <Time>2026-04-10T15:38:40+00:00</Time>
     <Position>
      <LatitudeDegrees>43.8673200</LatitudeDegrees>
      <LongitudeDegrees>5.2404800</LongitudeDegrees>
     </Position>
     <AltitudeMeters>198.46</AltitudeMeters>
     <DistanceMeters>40916.361159943874</DistanceMeters>
    </Trackpoint>
    <Trackpoint>
     <Time>2026-04-10T15:38:47+00:00</Time>
     <Position>
      <LatitudeDegrees>43.8670900</LatitudeDegrees>
      <LongitudeDegrees>5.2408300</LongitudeDegrees>
     </Position>
     <AltitudeMeters>198.46</AltitudeMeters>
     <DistanceMeters>40954.3603339249</DistanceMeters>
    </Trackpoint>
    <Trackpoint>
     <Time>2026-04-10T15:38:54+00:00</Time>
     <Position>
      <LatitudeDegrees>43.8667700</LatitudeDegrees>
      <LongitudeDegrees>5.2411800</LongitudeDegrees>
     </Position>
     <AltitudeMeters>198.46</AltitudeMeters>
     <DistanceMeters>40999.71546097139</DistanceMeters>
    </Trackpoint>
    <Trackpoint>
     <Time>2026-04-10T15:39:01+00:00</Time>
     <Position>
      <LatitudeDegrees>43.8666300</LatitudeDegrees>
      <LongitudeDegrees>5.2413000</LongitudeDegrees>
     </Position>
     <AltitudeMeters>198.46</AltitudeMeters>
     <DistanceMeters>41018.03188805521</DistanceMeters>
    </Trackpoint>
    <Trackpoint>
     <Time>2026-04-10T15:39:08+00:00</Time>
     <Position>
      <LatitudeDegrees>43.8663900</LatitudeDegrees>
      <LongitudeDegrees>5.2414300</LongitudeDegrees>
     </Position>
     <AltitudeMeters>220.72000000000003</AltitudeMeters>
     <DistanceMeters>41046.707376495826</DistanceMeters>
    </Trackpoint>
    <Trackpoint>
     <Time>2026-04-10T15:39:14+00:00</Time>
     <Position>
      <LatitudeDegrees>43.8659900</LatitudeDegrees>
      <LongitudeDegrees>5.2415900</LongitudeDegrees>
     </Position>
     <AltitudeMeters>220.72000000000003</AltitudeMeters>
     <DistanceMeters>41093.03987063144</DistanceMeters>
    </Trackpoint>
    <Trackpoint>
     <Time>2026-04-10T15:39:21+00:00</Time>
     <Position>
      <LatitudeDegrees>43.8659000</LatitudeDegrees>
      <LongitudeDegrees>5.2416500</LongitudeDegrees>
     </Position>
     <AltitudeMeters>220.72000000000003</AltitudeMeters>
     <DistanceMeters>41104.15342059801</DistanceMeters>
    </Trackpoint>
    <Trackpoint>
     <Time>2026-04-10T15:39:28+00:00</Time>
     <Position>
      <LatitudeDegrees>43.8656300</LatitudeDegrees>
      <LongitudeDegrees>5.2419800</LongitudeDegrees>
     </Position>
     <AltitudeMeters>220.72000000000003</AltitudeMeters>
     <DistanceMeters>41144.20521414429</DistanceMeters>
    </Trackpoint>
    <Trackpoint>
     <Time>2026-04-10T15:39:35+00:00</Time>
     <Position>
      <LatitudeDegrees>43.8653400</LatitudeDegrees>
      <LongitudeDegrees>5.2422800</LongitudeDegrees>
     </Position>
     <AltitudeMeters>224.75</AltitudeMeters>
     <DistanceMeters>41184.46928172869</DistanceMeters>
    </Trackpoint>
    <Trackpoint>
     <Time>2026-04-10T15:39:42+00:00</Time>
     <Position>
      <LatitudeDegrees>43.8649900</LatitudeDegrees>
      <LongitudeDegrees>5.2425700</LongitudeDegrees>
     </Position>
     <AltitudeMeters>225.79000000000002</AltitudeMeters>
     <DistanceMeters>41229.84398563699</DistanceMeters>
    </Trackpoint>
    <Trackpoint>
     <Time>2026-04-10T15:39:48+00:00</Time>
     <Position>
      <LatitudeDegrees>43.8643900</LatitudeDegrees>
      <LongitudeDegrees>5.2429500</LongitudeDegrees>
     </Position>
     <AltitudeMeters>234.13000000000002</AltitudeMeters>
     <DistanceMeters>41303.25363396474</DistanceMeters>
    </Trackpoint>
    <Trackpoint>
     <Time>2026-04-10T15:39:55+00:00</Time>
     <Position>
      <LatitudeDegrees>43.8643700</LatitudeDegrees>
      <LongitudeDegrees>5.2432300</LongitudeDegrees>
     </Position>
     <AltitudeMeters>234.13000000000002</AltitudeMeters>
     <DistanceMeters>41325.83143913236</DistanceMeters>
    </Trackpoint>
    <Trackpoint>
     <Time>2026-04-10T15:40:02+00:00</Time>
     <Position>
      <LatitudeDegrees>43.8643600</LatitudeDegrees>
      <LongitudeDegrees>5.2442100</LongitudeDegrees>
     </Position>
     <AltitudeMeters>220.11</AltitudeMeters>
     <DistanceMeters>41404.47667784462</DistanceMeters>
    </Trackpoint>
    <Trackpoint>
     <Time>2026-04-10T15:40:09+00:00</Time>
     <Position>
      <LatitudeDegrees>43.8643100</LatitudeDegrees>
      <LongitudeDegrees>5.2445100</LongitudeDegrees>
     </Position>
     <AltitudeMeters>220.11</AltitudeMeters>
     <DistanceMeters>41429.184176104674</DistanceMeters>
    </Trackpoint>
    <Trackpoint>
     <Time>2026-04-10T15:40:16+00:00</Time>
     <Position>
      <LatitudeDegrees>43.8642100</LatitudeDegrees>
      <LongitudeDegrees>5.2446200</LongitudeDegrees>
     </Position>
     <AltitudeMeters>220.11</AltitudeMeters>
     <DistanceMeters>41443.38900558031</DistanceMeters>
    </Trackpoint>
    <Trackpoint>
     <Time>2026-04-10T15:40:22+00:00</Time>
     <Position>
      <LatitudeDegrees>43.8641500</LatitudeDegrees>
      <LongitudeDegrees>5.2445700</LongitudeDegrees>
     </Position>
     <AltitudeMeters>221.36</AltitudeMeters>
     <DistanceMeters>41451.17934262573</DistanceMeters>
    </Trackpoint>
    <Trackpoint>
     <Time>2026-04-10T15:40:29+00:00</Time>
     <Position>
      <LatitudeDegrees>43.8634400</LatitudeDegrees>
      <LongitudeDegrees>5.2443100</LongitudeDegrees>
     </Position>
     <AltitudeMeters>227.53</AltitudeMeters>
     <DistanceMeters>41532.90707183405</DistanceMeters>
    </Trackpoint>
    <Trackpoint>
     <Time>2026-04-10T15:40:36+00:00</Time>
     <Position>
      <LatitudeDegrees>43.8631300</LatitudeDegrees>
      <LongitudeDegrees>5.2441500</LongitudeDegrees>
     </Position>
     <AltitudeMeters>230.62</AltitudeMeters>
     <DistanceMeters>41569.72016925614</DistanceMeters>
    </Trackpoint>
    <Trackpoint>
     <Time>2026-04-10T15:40:43+00:00</Time>
     <Position>
      <LatitudeDegrees>43.8630600</LatitudeDegrees>
      <LongitudeDegrees>5.2441600</LongitudeDegrees>
     </Position>
     <AltitudeMeters>230.62</AltitudeMeters>
     <DistanceMeters>41577.55208326905</DistanceMeters>
    </Trackpoint>
    <Trackpoint>
     <Time>2026-04-10T15:40:50+00:00</Time>
     <Position>
      <LatitudeDegrees>43.8629100</LatitudeDegrees>
      <LongitudeDegrees>5.2446000</LongitudeDegrees>
     </Position>
     <AltitudeMeters>229.05000000000004</AltitudeMeters>
     <DistanceMeters>41616.60733993389</DistanceMeters>
    </Trackpoint>
    <Trackpoint>
     <Time>2026-04-10T15:40:56+00:00</Time>
     <Position>
      <LatitudeDegrees>43.8627450</LatitudeDegrees>
      <LongitudeDegrees>5.2453050</LongitudeDegrees>
     </Position>
     <AltitudeMeters>228.55000000000004</AltitudeMeters>
     <DistanceMeters>41676.08550493184</DistanceMeters>
    </Trackpoint>
    <Trackpoint>
     <Time>2026-04-10T15:41:03+00:00</Time>
     <Position>
      <LatitudeDegrees>43.8625800</LatitudeDegrees>
      <LongitudeDegrees>5.2460100</LongitudeDegrees>
     </Position>
     <AltitudeMeters>220.24</AltitudeMeters>
     <DistanceMeters>41735.56368604845</DistanceMeters>
    </Trackpoint>
    <Trackpoint>
     <Time>2026-04-10T15:41:10+00:00</Time>
     <Position>
      <LatitudeDegrees>43.8624700</LatitudeDegrees>
      <LongitudeDegrees>5.2462800</LongitudeDegrees>
     </Position>
     <AltitudeMeters>220.24</AltitudeMeters>
     <DistanceMeters>41760.44938016498</DistanceMeters>
    </Trackpoint>
    <Trackpoint>
     <Time>2026-04-10T15:41:17+00:00</Time>
     <Position>
      <LatitudeDegrees>43.8624000</LatitudeDegrees>
      <LongitudeDegrees>5.2463800</LongitudeDegrees>
     </Position>
     <AltitudeMeters>220.24</AltitudeMeters>
     <DistanceMeters>41771.633621584886</DistanceMeters>
    </Trackpoint>
    <Trackpoint>
     <Time>2026-04-10T15:41:24+00:00</Time>
     <Position>
      <LatitudeDegrees>43.8623100</LatitudeDegrees>
      <LongitudeDegrees>5.2464500</LongitudeDegrees>
     </Position>
     <AltitudeMeters>220.24</AltitudeMeters>
     <DistanceMeters>41783.1177325454</DistanceMeters>
    </Trackpoint>
    <Trackpoint>
     <Time>2026-04-10T15:41:30+00:00</Time>
     <Position>
      <LatitudeDegrees>43.8620400</LatitudeDegrees>
      <LongitudeDegrees>5.2466000</LongitudeDegrees>
     </Position>
     <AltitudeMeters>219.02</AltitudeMeters>
     <DistanceMeters>41815.48865161246</DistanceMeters>
    </Trackpoint>
    <Trackpoint>
     <Time>2026-04-10T15:41:37+00:00</Time>
     <Position>
      <LatitudeDegrees>43.8620200</LatitudeDegrees>
      <LongitudeDegrees>5.2465600</LongitudeDegrees>
     </Position>
     <AltitudeMeters>218.4</AltitudeMeters>
     <DistanceMeters>41819.39474906506</DistanceMeters>
    </Trackpoint>
    <Trackpoint>
     <Time>2026-04-10T15:41:44+00:00</Time>
     <Position>
      <LatitudeDegrees>43.8619600</LatitudeDegrees>
      <LongitudeDegrees>5.2465600</LongitudeDegrees>
     </Position>
     <AltitudeMeters>217.93</AltitudeMeters>
     <DistanceMeters>41826.072489831255</DistanceMeters>
    </Trackpoint>
    <Trackpoint>
     <Time>2026-04-10T15:41:51+00:00</Time>
     <Position>
      <LatitudeDegrees>43.8619300</LatitudeDegrees>
      <LongitudeDegrees>5.2466200</LongitudeDegrees>
     </Position>
     <AltitudeMeters>217.93</AltitudeMeters>
     <DistanceMeters>41831.931641651216</DistanceMeters>
    </Trackpoint>
    <Trackpoint>
     <Time>2026-04-10T15:41:58+00:00</Time>
     <Position>
      <LatitudeDegrees>43.8618000</LatitudeDegrees>
      <LongitudeDegrees>5.2466100</LongitudeDegrees>
     </Position>
     <AltitudeMeters>217.93</AltitudeMeters>
     <DistanceMeters>41846.422315990814</DistanceMeters>
    </Trackpoint>
    <Trackpoint>
     <Time>2026-04-10T15:42:04+00:00</Time>
     <Position>
      <LatitudeDegrees>43.8616500</LatitudeDegrees>
      <LongitudeDegrees>5.2465600</LongitudeDegrees>
     </Position>
     <AltitudeMeters>214.13000000000002</AltitudeMeters>
     <DistanceMeters>41863.59205219256</DistanceMeters>
    </Trackpoint>
    <Trackpoint>
     <Time>2026-04-10T15:42:11+00:00</Time>
     <Position>
      <LatitudeDegrees>43.8615600</LatitudeDegrees>
      <LongitudeDegrees>5.2465000</LongitudeDegrees>
     </Position>
     <AltitudeMeters>214.13000000000002</AltitudeMeters>
     <DistanceMeters>41874.70575400353</DistanceMeters>
    </Trackpoint>
    <Trackpoint>
     <Time>2026-04-10T15:42:18+00:00</Time>
     <Position>
      <LatitudeDegrees>43.8614400</LatitudeDegrees>
      <LongitudeDegrees>5.2463500</LongitudeDegrees>
     </Position>
     <AltitudeMeters>214.13000000000002</AltitudeMeters>
     <DistanceMeters>41892.68507764746</DistanceMeters>
    </Trackpoint>
    <Trackpoint>
     <Time>2026-04-10T15:42:25+00:00</Time>
     <Position>
      <LatitudeDegrees>43.8608600</LatitudeDegrees>
      <LongitudeDegrees>5.2455300</LongitudeDegrees>
     </Position>
     <AltitudeMeters>212.72000000000003</AltitudeMeters>
     <DistanceMeters>41984.86327168793</DistanceMeters>
    </Trackpoint>
    <Trackpoint>
     <Time>2026-04-10T15:42:32+00:00</Time>
     <Position>
      <LatitudeDegrees>43.8607400</LatitudeDegrees>
      <LongitudeDegrees>5.2453100</LongitudeDegrees>
     </Position>
     <AltitudeMeters>211.50000000000003</AltitudeMeters>
     <DistanceMeters>42007.000223908384</DistanceMeters>
    </Trackpoint>
    <Trackpoint>
     <Time>2026-04-10T15:42:38+00:00</Time>
     <Position>
      <LatitudeDegrees>43.8606600</LatitudeDegrees>
      <LongitudeDegrees>5.2450700</LongitudeDegrees>
     </Position>
     <AltitudeMeters>211.50000000000003</AltitudeMeters>
     <DistanceMeters>42028.21805192621</DistanceMeters>
    </Trackpoint>
    <Trackpoint>
     <Time>2026-04-10T15:42:45+00:00</Time>
     <Position>
      <LatitudeDegrees>43.8606200</LatitudeDegrees>
      <LongitudeDegrees>5.2448100</LongitudeDegrees>
     </Position>
     <AltitudeMeters>211.50000000000003</AltitudeMeters>
     <DistanceMeters>42049.55198831563</DistanceMeters>
    </Trackpoint>
    <Trackpoint>
     <Time>2026-04-10T15:42:52+00:00</Time>
     <Position>
      <LatitudeDegrees>43.8606100</LatitudeDegrees>
      <LongitudeDegrees>5.2442900</LongitudeDegrees>
     </Position>
     <AltitudeMeters>205.21</AltitudeMeters>
     <DistanceMeters>42091.29540024744</DistanceMeters>
    </Trackpoint>
    <Trackpoint>
     <Time>2026-04-10T15:42:59+00:00</Time>
     <Position>
      <LatitudeDegrees>43.8606700</LatitudeDegrees>
      <LongitudeDegrees>5.2438200</LongitudeDegrees>
     </Position>
     <AltitudeMeters>205.21</AltitudeMeters>
     <DistanceMeters>42129.598187491785</DistanceMeters>
    </Trackpoint>
    <Trackpoint>
     <Time>2026-04-10T15:43:06+00:00</Time>
     <Position>
      <LatitudeDegrees>43.8607900</LatitudeDegrees>
      <LongitudeDegrees>5.2434700</LongitudeDegrees>
     </Position>
     <AltitudeMeters>205.12000000000003</AltitudeMeters>
     <DistanceMeters>42160.698340688774</DistanceMeters>
    </Trackpoint>
    <Trackpoint>
     <Time>2026-04-10T15:43:12+00:00</Time>
     <Position>
      <LatitudeDegrees>43.8608600</LatitudeDegrees>
      <LongitudeDegrees>5.2433400</LongitudeDegrees>
     </Position>
     <AltitudeMeters>202.41</AltitudeMeters>
     <DistanceMeters>42173.718471727545</DistanceMeters>
    </Trackpoint>
    <Trackpoint>
     <Time>2026-04-10T15:43:19+00:00</Time>
     <Position>
      <LatitudeDegrees>43.8613200</LatitudeDegrees>
      <LongitudeDegrees>5.2427200</LongitudeDegrees>
     </Position>
     <AltitudeMeters>203.22</AltitudeMeters>
     <DistanceMeters>42245.10742691804</DistanceMeters>
    </Trackpoint>
    <Trackpoint>
     <Time>2026-04-10T15:43:26+00:00</Time>
     <Position>
      <LatitudeDegrees>43.8613700</LatitudeDegrees>
      <LongitudeDegrees>5.2426000</LongitudeDegrees>
     </Position>
     <AltitudeMeters>203.28</AltitudeMeters>
     <DistanceMeters>42256.22925705056</DistanceMeters>
    </Trackpoint>
    <Trackpoint>
     <Time>2026-04-10T15:43:33+00:00</Time>
     <Position>
      <LatitudeDegrees>43.8614200</LatitudeDegrees>
      <LongitudeDegrees>5.2422600</LongitudeDegrees>
     </Position>
     <AltitudeMeters>203.28</AltitudeMeters>
     <DistanceMeters>42284.07468102908</DistanceMeters>
    </Trackpoint>
    <Trackpoint>
     <Time>2026-04-10T15:43:40+00:00</Time>
     <Position>
      <LatitudeDegrees>43.8613800</LatitudeDegrees>
      <LongitudeDegrees>5.2415000</LongitudeDegrees>
     </Position>
     <AltitudeMeters>201.79000000000002</AltitudeMeters>
     <DistanceMeters>42345.224059107946</DistanceMeters>
    </Trackpoint>
    <Trackpoint>
     <Time>2026-04-10T15:43:46+00:00</Time>
     <Position>
      <LatitudeDegrees>43.8613200</LatitudeDegrees>
      <LongitudeDegrees>5.2412600</LongitudeDegrees>
     </Position>
     <AltitudeMeters>201.79000000000002</AltitudeMeters>
     <DistanceMeters>42365.60800619674</DistanceMeters>
    </Trackpoint>
    <Trackpoint>
     <Time>2026-04-10T15:43:53+00:00</Time>
     <Position>
      <LatitudeDegrees>43.8611400</LatitudeDegrees>
      <LongitudeDegrees>5.2409300</LongitudeDegrees>
     </Position>
     <AltitudeMeters>201.79000000000002</AltitudeMeters>
     <DistanceMeters>42398.81328221074</DistanceMeters>
    </Trackpoint>
    <Trackpoint>
     <Time>2026-04-10T15:44:00+00:00</Time>
     <Position>
      <LatitudeDegrees>43.8610400</LatitudeDegrees>
      <LongitudeDegrees>5.2408300</LongitudeDegrees>
     </Position>
     <AltitudeMeters>201.79000000000002</AltitudeMeters>
     <DistanceMeters>42412.53415957819</DistanceMeters>
    </Trackpoint>
    <Trackpoint>
     <Time>2026-04-10T15:44:07+00:00</Time>
     <Position>
      <LatitudeDegrees>43.8605900</LatitudeDegrees>
      <LongitudeDegrees>5.2405600</LongitudeDegrees>
     </Position>
     <AltitudeMeters>184.56</AltitudeMeters>
     <DistanceMeters>42467.10302126767</DistanceMeters>
    </Trackpoint>
    <Trackpoint>
     <Time>2026-04-10T15:44:14+00:00</Time>
     <Position>
      <LatitudeDegrees>43.8601400</LatitudeDegrees>
      <LongitudeDegrees>5.2402900</LongitudeDegrees>
     </Position>
     <AltitudeMeters>184.56</AltitudeMeters>
     <DistanceMeters>42521.67189465929</DistanceMeters>
    </Trackpoint>
    <Trackpoint>
     <Time>2026-04-10T15:44:20+00:00</Time>
     <Position>
      <LatitudeDegrees>43.8600400</LatitudeDegrees>
      <LongitudeDegrees>5.2402000</LongitudeDegrees>
     </Position>
     <AltitudeMeters>184.56</AltitudeMeters>
     <DistanceMeters>42534.9394919841</DistanceMeters>
    </Trackpoint>
    <Trackpoint>
     <Time>2026-04-10T15:44:27+00:00</Time>
     <Position>
      <LatitudeDegrees>43.8599800</LatitudeDegrees>
      <LongitudeDegrees>5.2400800</LongitudeDegrees>
     </Position>
     <AltitudeMeters>184.56</AltitudeMeters>
     <DistanceMeters>42546.65805244748</DistanceMeters>
    </Trackpoint>
    <Trackpoint>
     <Time>2026-04-10T15:44:34+00:00</Time>
     <Position>
      <LatitudeDegrees>43.8599500</LatitudeDegrees>
      <LongitudeDegrees>5.2399200</LongitudeDegrees>
     </Position>
     <AltitudeMeters>183.22000000000003</AltitudeMeters>
     <DistanceMeters>42559.92477665127</DistanceMeters>
    </Trackpoint>
    <Trackpoint>
     <Time>2026-04-10T15:44:41+00:00</Time>
     <Position>
      <LatitudeDegrees>43.8599600</LatitudeDegrees>
      <LongitudeDegrees>5.2397800</LongitudeDegrees>
     </Position>
     <AltitudeMeters>183.22000000000003</AltitudeMeters>
     <DistanceMeters>42571.21450901511</DistanceMeters>
    </Trackpoint>
    <Trackpoint>
     <Time>2026-04-10T15:44:48+00:00</Time>
     <Position>
      <LatitudeDegrees>43.8600800</LatitudeDegrees>
      <LongitudeDegrees>5.2391000</LongitudeDegrees>
     </Position>
     <AltitudeMeters>183.11</AltitudeMeters>
     <DistanceMeters>42627.393771158204</DistanceMeters>
    </Trackpoint>
    <Trackpoint>
     <Time>2026-04-10T15:44:54+00:00</Time>
     <Position>
      <LatitudeDegrees>43.8601400</LatitudeDegrees>
      <LongitudeDegrees>5.2384300</LongitudeDegrees>
     </Position>
     <AltitudeMeters>183.84</AltitudeMeters>
     <DistanceMeters>42681.5729873881</DistanceMeters>
    </Trackpoint>
    <Trackpoint>
     <Time>2026-04-10T15:45:01+00:00</Time>
     <Position>
      <LatitudeDegrees>43.8601300</LatitudeDegrees>
      <LongitudeDegrees>5.2378500</LongitudeDegrees>
     </Position>
     <AltitudeMeters>183.46</AltitudeMeters>
     <DistanceMeters>42728.13007457402</DistanceMeters>
    </Trackpoint>
    <Trackpoint>
     <Time>2026-04-10T15:45:08+00:00</Time>
     <Position>
      <LatitudeDegrees>43.8601100</LatitudeDegrees>
      <LongitudeDegrees>5.2377000</LongitudeDegrees>
     </Position>
     <AltitudeMeters>184.38000000000002</AltitudeMeters>
     <DistanceMeters>42740.371340455626</DistanceMeters>
    </Trackpoint>
    <Trackpoint>
     <Time>2026-04-10T15:45:15+00:00</Time>
     <Position>
      <LatitudeDegrees>43.8600400</LatitudeDegrees>
      <LongitudeDegrees>5.2374800</LongitudeDegrees>
     </Position>
     <AltitudeMeters>184.38000000000002</AltitudeMeters>
     <DistanceMeters>42759.66844685043</DistanceMeters>
    </Trackpoint>
    <Trackpoint>
     <Time>2026-04-10T15:45:22+00:00</Time>
     <Position>
      <LatitudeDegrees>43.8596100</LatitudeDegrees>
      <LongitudeDegrees>5.2367500</LongitudeDegrees>
     </Position>
     <AltitudeMeters>184.38000000000002</AltitudeMeters>
     <DistanceMeters>42835.31282217326</DistanceMeters>
    </Trackpoint>
    <Trackpoint>
     <Time>2026-04-10T15:45:28+00:00</Time>
     <Position>
      <LatitudeDegrees>43.8594400</LatitudeDegrees>
      <LongitudeDegrees>5.2363900</LongitudeDegrees>
     </Position>
     <AltitudeMeters>161.43</AltitudeMeters>
     <DistanceMeters>42869.846602201505</DistanceMeters>
    </Trackpoint>
    <Trackpoint>
     <Time>2026-04-10T15:45:35+00:00</Time>
     <Position>
      <LatitudeDegrees>43.8592900</LatitudeDegrees>
      <LongitudeDegrees>5.2359000</LongitudeDegrees>
     </Position>
     <AltitudeMeters>161.43</AltitudeMeters>
     <DistanceMeters>42912.565678046754</DistanceMeters>
    </Trackpoint>
    <Trackpoint>
     <Time>2026-04-10T15:45:42+00:00</Time>
     <Position>
      <LatitudeDegrees>43.8592700</LatitudeDegrees>
      <LongitudeDegrees>5.2357500</LongitudeDegrees>
     </Position>
     <AltitudeMeters>161.43</AltitudeMeters>
     <DistanceMeters>42924.80711068847</DistanceMeters>
    </Trackpoint>
    <Trackpoint>
     <Time>2026-04-10T15:45:49+00:00</Time>
     <Position>
      <LatitudeDegrees>43.8592700</LatitudeDegrees>
      <LongitudeDegrees>5.2353900</LongitudeDegrees>
     </Position>
     <AltitudeMeters>161.43</AltitudeMeters>
     <DistanceMeters>42953.69677415532</DistanceMeters>
    </Trackpoint>
    <Trackpoint>
     <Time>2026-04-10T15:45:56+00:00</Time>
     <Position>
      <LatitudeDegrees>43.8593700</LatitudeDegrees>
      <LongitudeDegrees>5.2350300</LongitudeDegrees>
     </Position>
     <AltitudeMeters>161.43</AltitudeMeters>
     <DistanceMeters>42984.65607870286</DistanceMeters>
    </Trackpoint>
    <Trackpoint>
     <Time>2026-04-10T15:46:02+00:00</Time>
     <Position>
      <LatitudeDegrees>43.8594300</LatitudeDegrees>
      <LongitudeDegrees>5.2348600</LongitudeDegrees>
     </Position>
     <AltitudeMeters>157.79000000000002</AltitudeMeters>
     <DistanceMeters>42999.845051029755</DistanceMeters>
    </Trackpoint>
    <Trackpoint>
     <Time>2026-04-10T15:46:09+00:00</Time>
     <Position>
      <LatitudeDegrees>43.8597000</LatitudeDegrees>
      <LongitudeDegrees>5.2344500</LongitudeDegrees>
     </Position>
     <AltitudeMeters>157.79000000000002</AltitudeMeters>
     <DistanceMeters>43044.40434930923</DistanceMeters>
    </Trackpoint>
    <Trackpoint>
     <Time>2026-04-10T15:46:16+00:00</Time>
     <Position>
      <LatitudeDegrees>43.8598700</LatitudeDegrees>
      <LongitudeDegrees>5.2342500</LongitudeDegrees>
     </Position>
     <AltitudeMeters>157.79000000000002</AltitudeMeters>
     <DistanceMeters>43069.215002168945</DistanceMeters>
    </Trackpoint>
    <Trackpoint>
     <Time>2026-04-10T15:46:23+00:00</Time>
     <Position>
      <LatitudeDegrees>43.8600700</LatitudeDegrees>
      <LongitudeDegrees>5.2341000</LongitudeDegrees>
     </Position>
     <AltitudeMeters>157.07000000000002</AltitudeMeters>
     <DistanceMeters>43094.52041184008</DistanceMeters>
    </Trackpoint>
    <Trackpoint>
     <Time>2026-04-10T15:46:30+00:00</Time>
     <Position>
      <LatitudeDegrees>43.8602200</LatitudeDegrees>
      <LongitudeDegrees>5.2340400</LongitudeDegrees>
     </Position>
     <AltitudeMeters>157.07000000000002</AltitudeMeters>
     <DistanceMeters>43111.89523242417</DistanceMeters>
    </Trackpoint>
    <Trackpoint>
     <Time>2026-04-10T15:46:36+00:00</Time>
     <Position>
      <LatitudeDegrees>43.8606000</LatitudeDegrees>
      <LongitudeDegrees>5.2339600</LongitudeDegrees>
     </Position>
     <AltitudeMeters>157.07000000000002</AltitudeMeters>
     <DistanceMeters>43154.67206522833</DistanceMeters>
    </Trackpoint>
    <Trackpoint>
     <Time>2026-04-10T15:46:43+00:00</Time>
     <Position>
      <LatitudeDegrees>43.8607800</LatitudeDegrees>
      <LongitudeDegrees>5.2339000</LongitudeDegrees>
     </Position>
     <AltitudeMeters>157.07000000000002</AltitudeMeters>
     <DistanceMeters>43175.27576820328</DistanceMeters>
    </Trackpoint>
    <Trackpoint>
     <Time>2026-04-10T15:46:50+00:00</Time>
     <Position>
      <LatitudeDegrees>43.8608400</LatitudeDegrees>
      <LongitudeDegrees>5.2338200</LongitudeDegrees>
     </Position>
     <AltitudeMeters>147.20000000000002</AltitudeMeters>
     <DistanceMeters>43184.538895776124</DistanceMeters>
    </Trackpoint>
    <Trackpoint>
     <Time>2026-04-10T15:46:57+00:00</Time>
     <Position>
      <LatitudeDegrees>43.8608800</LatitudeDegrees>
      <LongitudeDegrees>5.2337100</LongitudeDegrees>
     </Position>
     <AltitudeMeters>147.20000000000002</AltitudeMeters>
     <DistanceMeters>43194.425126101756</DistanceMeters>
    </Trackpoint>
    <Trackpoint>
     <Time>2026-04-10T15:47:04+00:00</Time>
     <Position>
      <LatitudeDegrees>43.8608800</LatitudeDegrees>
      <LongitudeDegrees>5.2335600</LongitudeDegrees>
     </Position>
     <AltitudeMeters>147.20000000000002</AltitudeMeters>
     <DistanceMeters>43206.46216083489</DistanceMeters>
    </Trackpoint>
    <Trackpoint>
     <Time>2026-04-10T15:47:10+00:00</Time>
     <Position>
      <LatitudeDegrees>43.8608500</LatitudeDegrees>
      <LongitudeDegrees>5.2334300</LongitudeDegrees>
     </Position>
     <AltitudeMeters>147.23</AltitudeMeters>
     <DistanceMeters>43217.41555086657</DistanceMeters>
    </Trackpoint>
    <Trackpoint>
     <Time>2026-04-10T15:47:17+00:00</Time>
     <Position>
      <LatitudeDegrees>43.8607000</LatitudeDegrees>
      <LongitudeDegrees>5.2334400</LongitudeDegrees>
     </Position>
     <AltitudeMeters>146.99</AltitudeMeters>
     <DistanceMeters>43234.12917837988</DistanceMeters>
    </Trackpoint>
    <Trackpoint>
     <Time>2026-04-10T15:47:24+00:00</Time>
     <Position>
      <LatitudeDegrees>43.8603200</LatitudeDegrees>
      <LongitudeDegrees>5.2334300</LongitudeDegrees>
     </Position>
     <AltitudeMeters>146.99</AltitudeMeters>
     <DistanceMeters>43276.42914913069</DistanceMeters>
    </Trackpoint>
    <Trackpoint>
     <Time>2026-04-10T15:47:31+00:00</Time>
     <Position>
      <LatitudeDegrees>43.8601100</LatitudeDegrees>
      <LongitudeDegrees>5.2333900</LongitudeDegrees>
     </Position>
     <AltitudeMeters>144.84000000000003</AltitudeMeters>
     <DistanceMeters>43300.02063593551</DistanceMeters>
    </Trackpoint>
    <Trackpoint>
     <Time>2026-04-10T15:47:38+00:00</Time>
     <Position>
      <LatitudeDegrees>43.8600100</LatitudeDegrees>
      <LongitudeDegrees>5.2333300</LongitudeDegrees>
     </Position>
     <AltitudeMeters>144.84000000000003</AltitudeMeters>
     <DistanceMeters>43312.14706793929</DistanceMeters>
    </Trackpoint>
    <Trackpoint>
     <Time>2026-04-10T15:47:44+00:00</Time>
     <Position>
      <LatitudeDegrees>43.8596800</LatitudeDegrees>
      <LongitudeDegrees>5.2329900</LongitudeDegrees>
     </Position>
     <AltitudeMeters>144.29</AltitudeMeters>
     <DistanceMeters>43357.90025613174</DistanceMeters>
    </Trackpoint>
    <Trackpoint>
     <Time>2026-04-10T15:47:51+00:00</Time>
     <Position>
      <LatitudeDegrees>43.8595300</LatitudeDegrees>
      <LongitudeDegrees>5.2334200</LongitudeDegrees>
     </Position>
     <AltitudeMeters>145.70000000000002</AltitudeMeters>
     <DistanceMeters>43396.233372622155</DistanceMeters>
    </Trackpoint>
    <Trackpoint>
     <Time>2026-04-10T15:47:58+00:00</Time>
     <Position>
      <LatitudeDegrees>43.8591650</LatitudeDegrees>
      <LongitudeDegrees>5.2342650</LongitudeDegrees>
     </Position>
     <AltitudeMeters>148.83</AltitudeMeters>
     <DistanceMeters>43475.280801268105</DistanceMeters>
    </Trackpoint>
    <Trackpoint>
     <Time>2026-04-10T15:48:05+00:00</Time>
     <Position>
      <LatitudeDegrees>43.8588000</LatitudeDegrees>
      <LongitudeDegrees>5.2351100</LongitudeDegrees>
     </Position>
     <AltitudeMeters>148.83</AltitudeMeters>
     <DistanceMeters>43554.32823736364</DistanceMeters>
    </Trackpoint>
    <Trackpoint>
     <Time>2026-04-10T15:48:12+00:00</Time>
     <Position>
      <LatitudeDegrees>43.8587500</LatitudeDegrees>
      <LongitudeDegrees>5.2352600</LongitudeDegrees>
     </Position>
     <AltitudeMeters>153.64</AltitudeMeters>
     <DistanceMeters>43567.58973264043</DistanceMeters>
    </Trackpoint>
    <Trackpoint>
     <Time>2026-04-10T15:48:18+00:00</Time>
     <Position>
      <LatitudeDegrees>43.8587100</LatitudeDegrees>
      <LongitudeDegrees>5.2354900</LongitudeDegrees>
     </Position>
     <AltitudeMeters>153.64</AltitudeMeters>
     <DistanceMeters>43586.576472889465</DistanceMeters>
    </Trackpoint>
    <Trackpoint>
     <Time>2026-04-10T15:48:25+00:00</Time>
     <Position>
      <LatitudeDegrees>43.8585800</LatitudeDegrees>
      <LongitudeDegrees>5.2366300</LongitudeDegrees>
     </Position>
     <AltitudeMeters>153.7</AltitudeMeters>
     <DistanceMeters>43679.19840012701</DistanceMeters>
    </Trackpoint>
    <Trackpoint>
     <Time>2026-04-10T15:48:32+00:00</Time>
     <Position>
      <LatitudeDegrees>43.8585800</LatitudeDegrees>
      <LongitudeDegrees>5.2371300</LongitudeDegrees>
     </Position>
     <AltitudeMeters>154.77</AltitudeMeters>
     <DistanceMeters>43719.32339705976</DistanceMeters>
    </Trackpoint>
    <Trackpoint>
     <Time>2026-04-10T15:48:39+00:00</Time>
     <Position>
      <LatitudeDegrees>43.8585400</LatitudeDegrees>
      <LongitudeDegrees>5.2371900</LongitudeDegrees>
     </Position>
     <AltitudeMeters>154.83</AltitudeMeters>
     <DistanceMeters>43725.881064497684</DistanceMeters>
    </Trackpoint>
    <Trackpoint>
     <Time>2026-04-10T15:48:46+00:00</Time>
     <Position>
      <LatitudeDegrees>43.8584300</LatitudeDegrees>
      <LongitudeDegrees>5.2372000</LongitudeDegrees>
     </Position>
     <AltitudeMeters>150.78000000000003</AltitudeMeters>
     <DistanceMeters>43738.149863141996</DistanceMeters>
    </Trackpoint>
    <Trackpoint>
     <Time>2026-04-10T15:48:52+00:00</Time>
     <Position>
      <LatitudeDegrees>43.8583700</LatitudeDegrees>
      <LongitudeDegrees>5.2371500</LongitudeDegrees>
     </Position>
     <AltitudeMeters>150.69000000000003</AltitudeMeters>
     <DistanceMeters>43745.94040052702</DistanceMeters>
    </Trackpoint>
    <Trackpoint>
     <Time>2026-04-10T15:48:59+00:00</Time>
     <Position>
      <LatitudeDegrees>43.8583200</LatitudeDegrees>
      <LongitudeDegrees>5.2371600</LongitudeDegrees>
     </Position>
     <AltitudeMeters>146.68</AltitudeMeters>
     <DistanceMeters>43751.56275162568</DistanceMeters>
    </Trackpoint>
    <Trackpoint>
     <Time>2026-04-10T15:49:06+00:00</Time>
     <Position>
      <LatitudeDegrees>43.8582800</LatitudeDegrees>
      <LongitudeDegrees>5.2371800</LongitudeDegrees>
     </Position>
     <AltitudeMeters>146.68</AltitudeMeters>
     <DistanceMeters>43756.295067551866</DistanceMeters>
    </Trackpoint>
    <Trackpoint>
     <Time>2026-04-10T15:49:13+00:00</Time>
     <Position>
      <LatitudeDegrees>43.8581600</LatitudeDegrees>
      <LongitudeDegrees>5.2374300</LongitudeDegrees>
     </Position>
     <AltitudeMeters>147.03000000000003</AltitudeMeters>
     <DistanceMeters>43780.39646983622</DistanceMeters>
    </Trackpoint>
    <Trackpoint>
     <Time>2026-04-10T15:49:20+00:00</Time>
     <Position>
      <LatitudeDegrees>43.8581300</LatitudeDegrees>
      <LongitudeDegrees>5.2374500</LongitudeDegrees>
     </Position>
     <AltitudeMeters>147.06000000000003</AltitudeMeters>
     <DistanceMeters>43784.10107745795</DistanceMeters>
    </Trackpoint>
    <Trackpoint>
     <Time>2026-04-10T15:49:26+00:00</Time>
     <Position>
      <LatitudeDegrees>43.8574775</LatitudeDegrees>
      <LongitudeDegrees>5.2378425</LongitudeDegrees>
     </Position>
     <AltitudeMeters>141.52</AltitudeMeters>
     <DistanceMeters>43863.25862624661</DistanceMeters>
    </Trackpoint>
    <Trackpoint>
     <Time>2026-04-10T15:49:33+00:00</Time>
     <Position>
      <LatitudeDegrees>43.8568250</LatitudeDegrees>
      <LongitudeDegrees>5.2382350</LongitudeDegrees>
     </Position>
     <AltitudeMeters>141.52</AltitudeMeters>
     <DistanceMeters>43942.41617503421</DistanceMeters>
    </Trackpoint>
    <Trackpoint>
     <Time>2026-04-10T15:49:40+00:00</Time>
     <Position>
      <LatitudeDegrees>43.8561725</LatitudeDegrees>
      <LongitudeDegrees>5.2386275</LongitudeDegrees>
     </Position>
     <AltitudeMeters>139.90000000000003</AltitudeMeters>
     <DistanceMeters>44021.573723823865</DistanceMeters>
    </Trackpoint>
    <Trackpoint>
     <Time>2026-04-10T15:49:47+00:00</Time>
     <Position>
      <LatitudeDegrees>43.8555200</LatitudeDegrees>
      <LongitudeDegrees>5.2390200</LongitudeDegrees>
     </Position>
     <AltitudeMeters>139.90000000000003</AltitudeMeters>
     <DistanceMeters>44100.73126187387</DistanceMeters>
    </Trackpoint>
    <Trackpoint>
     <Time>2026-04-10T15:49:54+00:00</Time>
     <Position>
      <LatitudeDegrees>43.8550200</LatitudeDegrees>
      <LongitudeDegrees>5.2393000</LongitudeDegrees>
     </Position>
     <AltitudeMeters>142.64000000000001</AltitudeMeters>
     <DistanceMeters>44160.744954080226</DistanceMeters>
    </Trackpoint>
    <Trackpoint>
     <Time>2026-04-10T15:50:00+00:00</Time>
     <Position>
      <LatitudeDegrees>43.8545200</LatitudeDegrees>
      <LongitudeDegrees>5.2395800</LongitudeDegrees>
     </Position>
     <AltitudeMeters>142.64000000000001</AltitudeMeters>
     <DistanceMeters>44220.75864507589</DistanceMeters>
    </Trackpoint>
    <Trackpoint>
     <Time>2026-04-10T15:50:07+00:00</Time>
     <Position>
      <LatitudeDegrees>43.8542200</LatitudeDegrees>
      <LongitudeDegrees>5.2397000</LongitudeDegrees>
     </Position>
     <AltitudeMeters>143.19</AltitudeMeters>
     <DistanceMeters>44255.50854471893</DistanceMeters>
    </Trackpoint>
    <Trackpoint>
     <Time>2026-04-10T15:50:14+00:00</Time>
     <Position>
      <LatitudeDegrees>43.8541200</LatitudeDegrees>
      <LongitudeDegrees>5.2397800</LongitudeDegrees>
     </Position>
     <AltitudeMeters>143.19</AltitudeMeters>
     <DistanceMeters>44268.35727123917</DistanceMeters>
    </Trackpoint>
    <Trackpoint>
     <Time>2026-04-10T15:50:21+00:00</Time>
     <Position>
      <LatitudeDegrees>43.8540000</LatitudeDegrees>
      <LongitudeDegrees>5.2400100</LongitudeDegrees>
     </Position>
     <AltitudeMeters>145.83</AltitudeMeters>
     <DistanceMeters>44291.14103283611</DistanceMeters>
    </Trackpoint>
    <Trackpoint>
     <Time>2026-04-10T15:50:28+00:00</Time>
     <Position>
      <LatitudeDegrees>43.8538200</LatitudeDegrees>
      <LongitudeDegrees>5.2406700</LongitudeDegrees>
     </Position>
     <AltitudeMeters>145.83</AltitudeMeters>
     <DistanceMeters>44347.77194510717</DistanceMeters>
    </Trackpoint>
    <Trackpoint>
     <Time>2026-04-10T15:50:34+00:00</Time>
     <Position>
      <LatitudeDegrees>43.8536500</LatitudeDegrees>
      <LongitudeDegrees>5.2411500</LongitudeDegrees>
     </Position>
     <AltitudeMeters>145.83</AltitudeMeters>
     <DistanceMeters>44390.69056294378</DistanceMeters>
    </Trackpoint>
    <Trackpoint>
     <Time>2026-04-10T15:50:41+00:00</Time>
     <Position>
      <LatitudeDegrees>43.8535000</LatitudeDegrees>
      <LongitudeDegrees>5.2413900</LongitudeDegrees>
     </Position>
     <AltitudeMeters>145.83</AltitudeMeters>
     <DistanceMeters>44416.17999613185</DistanceMeters>
    </Trackpoint>
    <Trackpoint>
     <Time>2026-04-10T15:50:48+00:00</Time>
     <Position>
      <LatitudeDegrees>43.8533900</LatitudeDegrees>
      <LongitudeDegrees>5.2414900</LongitudeDegrees>
     </Position>
     <AltitudeMeters>145.83</AltitudeMeters>
     <DistanceMeters>44430.818681851226</DistanceMeters>
    </Trackpoint>
    <Trackpoint>
     <Time>2026-04-10T15:50:55+00:00</Time>
     <Position>
      <LatitudeDegrees>43.8528700</LatitudeDegrees>
      <LongitudeDegrees>5.2418500</LongitudeDegrees>
     </Position>
     <AltitudeMeters>145.83</AltitudeMeters>
     <DistanceMeters>44495.5037332271</DistanceMeters>
    </Trackpoint>
    <Trackpoint>
     <Time>2026-04-10T15:51:02+00:00</Time>
     <Position>
      <LatitudeDegrees>43.8525600</LatitudeDegrees>
      <LongitudeDegrees>5.2420300</LongitudeDegrees>
     </Position>
     <AltitudeMeters>145.83</AltitudeMeters>
     <DistanceMeters>44532.907792203165</DistanceMeters>
    </Trackpoint>
    <Trackpoint>
     <Time>2026-04-10T15:51:08+00:00</Time>
     <Position>
      <LatitudeDegrees>43.8518867</LatitudeDegrees>
      <LongitudeDegrees>5.2423600</LongitudeDegrees>
     </Position>
     <AltitudeMeters>176.81000000000003</AltitudeMeters>
     <DistanceMeters>44612.38958906652</DistanceMeters>
    </Trackpoint>
    <Trackpoint>
     <Time>2026-04-10T15:51:15+00:00</Time>
     <Position>
      <LatitudeDegrees>43.8512133</LatitudeDegrees>
      <LongitudeDegrees>5.2426900</LongitudeDegrees>
     </Position>
     <AltitudeMeters>176.81000000000003</AltitudeMeters>
     <DistanceMeters>44691.87138592769</DistanceMeters>
    </Trackpoint>
    <Trackpoint>
     <Time>2026-04-10T15:51:22+00:00</Time>
     <Position>
      <LatitudeDegrees>43.8505400</LatitudeDegrees>
      <LongitudeDegrees>5.2430200</LongitudeDegrees>
     </Position>
     <AltitudeMeters>176.81000000000003</AltitudeMeters>
     <DistanceMeters>44771.353170993534</DistanceMeters>
    </Trackpoint>
    <Trackpoint>
     <Time>2026-04-10T15:51:29+00:00</Time>
     <Position>
      <LatitudeDegrees>43.8498600</LatitudeDegrees>
      <LongitudeDegrees>5.2433500</LongitudeDegrees>
     </Position>
     <AltitudeMeters>176.81000000000003</AltitudeMeters>
     <DistanceMeters>44851.5351077376</DistanceMeters>
    </Trackpoint>
    <Trackpoint>
     <Time>2026-04-10T15:51:36+00:00</Time>
     <Position>
      <LatitudeDegrees>43.8496000</LatitudeDegrees>
      <LongitudeDegrees>5.2434900</LongitudeDegrees>
     </Position>
     <AltitudeMeters>176.81000000000003</AltitudeMeters>
     <DistanceMeters>44882.57710358902</DistanceMeters>
    </Trackpoint>
    <Trackpoint>
     <Time>2026-04-10T15:51:42+00:00</Time>
     <Position>
      <LatitudeDegrees>43.8493500</LatitudeDegrees>
      <LongitudeDegrees>5.2436600</LongitudeDegrees>
     </Position>
     <AltitudeMeters>176.81000000000003</AltitudeMeters>
     <DistanceMeters>44913.566539458625</DistanceMeters>
    </Trackpoint>
    <Trackpoint>
     <Time>2026-04-10T15:51:49+00:00</Time>
     <Position>
      <LatitudeDegrees>43.8487033</LatitudeDegrees>
      <LongitudeDegrees>5.2441733</LongitudeDegrees>
     </Position>
     <AltitudeMeters>198.86</AltitudeMeters>
     <DistanceMeters>44996.49701137341</DistanceMeters>
    </Trackpoint>
    <Trackpoint>
     <Time>2026-04-10T15:51:56+00:00</Time>
     <Position>
      <LatitudeDegrees>43.8480567</LatitudeDegrees>
      <LongitudeDegrees>5.2446867</LongitudeDegrees>
     </Position>
     <AltitudeMeters>198.86</AltitudeMeters>
     <DistanceMeters>45079.42748328737</DistanceMeters>
    </Trackpoint>
    <Trackpoint>
     <Time>2026-04-10T15:52:03+00:00</Time>
     <Position>
      <LatitudeDegrees>43.8474100</LatitudeDegrees>
      <LongitudeDegrees>5.2452000</LongitudeDegrees>
     </Position>
     <AltitudeMeters>198.86</AltitudeMeters>
     <DistanceMeters>45162.35794982134</DistanceMeters>
    </Trackpoint>
    <Trackpoint>
     <Time>2026-04-10T15:52:10+00:00</Time>
     <Position>
      <LatitudeDegrees>43.8472100</LatitudeDegrees>
      <LongitudeDegrees>5.2454100</LongitudeDegrees>
     </Position>
     <AltitudeMeters>200.39000000000001</AltitudeMeters>
     <DistanceMeters>45190.27896707965</DistanceMeters>
    </Trackpoint>
    <Trackpoint>
     <Time>2026-04-10T15:52:16+00:00</Time>
     <Position>
      <LatitudeDegrees>43.8466500</LatitudeDegrees>
      <LongitudeDegrees>5.2462100</LongitudeDegrees>
     </Position>
     <AltitudeMeters>200.39000000000001</AltitudeMeters>
     <DistanceMeters>45279.764876401445</DistanceMeters>
    </Trackpoint>
    <Trackpoint>
     <Time>2026-04-10T15:52:23+00:00</Time>
     <Position>
      <LatitudeDegrees>43.8464000</LatitudeDegrees>
      <LongitudeDegrees>5.2465200</LongitudeDegrees>
     </Position>
     <AltitudeMeters>208.84000000000003</AltitudeMeters>
     <DistanceMeters>45317.091953425996</DistanceMeters>
    </Trackpoint>
    <Trackpoint>
     <Time>2026-04-10T15:52:30+00:00</Time>
     <Position>
      <LatitudeDegrees>43.8457400</LatitudeDegrees>
      <LongitudeDegrees>5.2471760</LongitudeDegrees>
     </Position>
     <AltitudeMeters>208.84000000000003</AltitudeMeters>
     <DistanceMeters>45407.470792657004</DistanceMeters>
    </Trackpoint>
    <Trackpoint>
     <Time>2026-04-10T15:52:37+00:00</Time>
     <Position>
      <LatitudeDegrees>43.8450800</LatitudeDegrees>
      <LongitudeDegrees>5.2478320</LongitudeDegrees>
     </Position>
     <AltitudeMeters>209.18</AltitudeMeters>
     <DistanceMeters>45497.849631887846</DistanceMeters>
    </Trackpoint>
    <Trackpoint>
     <Time>2026-04-10T15:52:44+00:00</Time>
     <Position>
      <LatitudeDegrees>43.8444200</LatitudeDegrees>
      <LongitudeDegrees>5.2484880</LongitudeDegrees>
     </Position>
     <AltitudeMeters>211.01000000000002</AltitudeMeters>
     <DistanceMeters>45588.228471120376</DistanceMeters>
    </Trackpoint>
    <Trackpoint>
     <Time>2026-04-10T15:52:50+00:00</Time>
     <Position>
      <LatitudeDegrees>43.8437600</LatitudeDegrees>
      <LongitudeDegrees>5.2491440</LongitudeDegrees>
     </Position>
     <AltitudeMeters>216.29</AltitudeMeters>
     <DistanceMeters>45678.607310351275</DistanceMeters>
    </Trackpoint>
    <Trackpoint>
     <Time>2026-04-10T15:52:57+00:00</Time>
     <Position>
      <LatitudeDegrees>43.8431000</LatitudeDegrees>
      <LongitudeDegrees>5.2498000</LongitudeDegrees>
     </Position>
     <AltitudeMeters>222.01000000000002</AltitudeMeters>
     <DistanceMeters>45768.98615472574</DistanceMeters>
    </Trackpoint>
    <Trackpoint>
     <Time>2026-04-10T15:53:04+00:00</Time>
     <Position>
      <LatitudeDegrees>43.8429700</LatitudeDegrees>
      <LongitudeDegrees>5.2500800</LongitudeDegrees>
     </Position>
     <AltitudeMeters>222.10000000000002</AltitudeMeters>
     <DistanceMeters>45795.71628368759</DistanceMeters>
    </Trackpoint>
    <Trackpoint>
     <Time>2026-04-10T15:53:11+00:00</Time>
     <Position>
      <LatitudeDegrees>43.8427300</LatitudeDegrees>
      <LongitudeDegrees>5.2507700</LongitudeDegrees>
     </Position>
     <AltitudeMeters>223.32000000000002</AltitudeMeters>
     <DistanceMeters>45857.20780005349</DistanceMeters>
    </Trackpoint>
    <Trackpoint>
     <Time>2026-04-10T15:53:18+00:00</Time>
     <Position>
      <LatitudeDegrees>43.8423300</LatitudeDegrees>
      <LongitudeDegrees>5.2518100</LongitudeDegrees>
     </Position>
     <AltitudeMeters>238.03</AltitudeMeters>
     <DistanceMeters>45951.8188210595</DistanceMeters>
    </Trackpoint>
    <Trackpoint>
     <Time>2026-04-10T15:53:24+00:00</Time>
     <Position>
      <LatitudeDegrees>43.8419300</LatitudeDegrees>
      <LongitudeDegrees>5.2528500</LongitudeDegrees>
     </Position>
     <AltitudeMeters>238.03</AltitudeMeters>
     <DistanceMeters>46046.42982561014</DistanceMeters>
    </Trackpoint>
    <Trackpoint>
     <Time>2026-04-10T15:53:31+00:00</Time>
     <Position>
      <LatitudeDegrees>43.8415450</LatitudeDegrees>
      <LongitudeDegrees>5.2534450</LongitudeDegrees>
     </Position>
     <AltitudeMeters>240.83</AltitudeMeters>
     <DistanceMeters>46110.595780568125</DistanceMeters>
    </Trackpoint>
    <Trackpoint>
     <Time>2026-04-10T15:53:38+00:00</Time>
     <Position>
      <LatitudeDegrees>43.8411600</LatitudeDegrees>
      <LongitudeDegrees>5.2540400</LongitudeDegrees>
     </Position>
     <AltitudeMeters>241.65000000000003</AltitudeMeters>
     <DistanceMeters>46174.76171286357</DistanceMeters>
    </Trackpoint>
    <Trackpoint>
     <Time>2026-04-10T15:53:45+00:00</Time>
     <Position>
      <LatitudeDegrees>43.8407333</LatitudeDegrees>
      <LongitudeDegrees>5.2548967</LongitudeDegrees>
     </Position>
     <AltitudeMeters>243.6</AltitudeMeters>
     <DistanceMeters>46258.332144285385</DistanceMeters>
    </Trackpoint>
    <Trackpoint>
     <Time>2026-04-10T15:53:52+00:00</Time>
     <Position>
      <LatitudeDegrees>43.8403067</LatitudeDegrees>
      <LongitudeDegrees>5.2557533</LongitudeDegrees>
     </Position>
     <AltitudeMeters>245.98000000000002</AltitudeMeters>
     <DistanceMeters>46341.902575706765</DistanceMeters>
    </Trackpoint>
    <Trackpoint>
     <Time>2026-04-10T15:53:58+00:00</Time>
     <Position>
      <LatitudeDegrees>43.8398800</LatitudeDegrees>
      <LongitudeDegrees>5.2566100</LongitudeDegrees>
     </Position>
     <AltitudeMeters>250.85000000000002</AltitudeMeters>
     <DistanceMeters>46425.47299124117</DistanceMeters>
    </Trackpoint>
    <Trackpoint>
     <Time>2026-04-10T15:54:05+00:00</Time>
     <Position>
      <LatitudeDegrees>43.8398200</LatitudeDegrees>
      <LongitudeDegrees>5.2567600</LongitudeDegrees>
     </Position>
     <AltitudeMeters>250.85000000000002</AltitudeMeters>
     <DistanceMeters>46439.241965054425</DistanceMeters>
    </Trackpoint>
    <Trackpoint>
     <Time>2026-04-10T15:54:12+00:00</Time>
     <Position>
      <LatitudeDegrees>43.8397500</LatitudeDegrees>
      <LongitudeDegrees>5.2570100</LongitudeDegrees>
     </Position>
     <AltitudeMeters>250.85000000000002</AltitudeMeters>
     <DistanceMeters>46460.76991347169</DistanceMeters>
    </Trackpoint>
    <Trackpoint>
     <Time>2026-04-10T15:54:19+00:00</Time>
     <Position>
      <LatitudeDegrees>43.8397300</LatitudeDegrees>
      <LongitudeDegrees>5.2572300</LongitudeDegrees>
     </Position>
     <AltitudeMeters>250.85000000000002</AltitudeMeters>
     <DistanceMeters>46478.57021243033</DistanceMeters>
    </Trackpoint>
    <Trackpoint>
     <Time>2026-04-10T15:54:26+00:00</Time>
     <Position>
      <LatitudeDegrees>43.8397700</LatitudeDegrees>
      <LongitudeDegrees>5.2575600</LongitudeDegrees>
     </Position>
     <AltitudeMeters>250.85000000000002</AltitudeMeters>
     <DistanceMeters>46505.432535884</DistanceMeters>
    </Trackpoint>
    <Trackpoint>
     <Time>2026-04-10T15:54:32+00:00</Time>
     <Position>
      <LatitudeDegrees>43.8397600</LatitudeDegrees>
      <LongitudeDegrees>5.2579000</LongitudeDegrees>
     </Position>
     <AltitudeMeters>250.85000000000002</AltitudeMeters>
     <DistanceMeters>46532.748824416005</DistanceMeters>
    </Trackpoint>
    <Trackpoint>
     <Time>2026-04-10T15:54:39+00:00</Time>
     <Position>
      <LatitudeDegrees>43.8395300</LatitudeDegrees>
      <LongitudeDegrees>5.2584800</LongitudeDegrees>
     </Position>
     <AltitudeMeters>256.42</AltitudeMeters>
     <DistanceMeters>46585.88139987969</DistanceMeters>
    </Trackpoint>
    <Trackpoint>
     <Time>2026-04-10T15:54:46+00:00</Time>
     <Position>
      <LatitudeDegrees>43.8393900</LatitudeDegrees>
      <LongitudeDegrees>5.2589900</LongitudeDegrees>
     </Position>
     <AltitudeMeters>256.42</AltitudeMeters>
     <DistanceMeters>46629.686812097156</DistanceMeters>
    </Trackpoint>
    <Trackpoint>
     <Time>2026-04-10T15:54:53+00:00</Time>
     <Position>
      <LatitudeDegrees>43.8392800</LatitudeDegrees>
      <LongitudeDegrees>5.2598300</LongitudeDegrees>
     </Position>
     <AltitudeMeters>256.42</AltitudeMeters>
     <DistanceMeters>46698.22089223054</DistanceMeters>
    </Trackpoint>
    <Trackpoint>
     <Time>2026-04-10T15:55:00+00:00</Time>
     <Position>
      <LatitudeDegrees>43.8392100</LatitudeDegrees>
      <LongitudeDegrees>5.2601100</LongitudeDegrees>
     </Position>
     <AltitudeMeters>258.29</AltitudeMeters>
     <DistanceMeters>46722.01003345495</DistanceMeters>
    </Trackpoint>
    <Trackpoint>
     <Time>2026-04-10T15:55:06+00:00</Time>
     <Position>
      <LatitudeDegrees>43.8390800</LatitudeDegrees>
      <LongitudeDegrees>5.2603300</LongitudeDegrees>
     </Position>
     <AltitudeMeters>258.29</AltitudeMeters>
     <DistanceMeters>46744.840668138364</DistanceMeters>
    </Trackpoint>
    <Trackpoint>
     <Time>2026-04-10T15:55:13+00:00</Time>
     <Position>
      <LatitudeDegrees>43.8387800</LatitudeDegrees>
      <LongitudeDegrees>5.2605900</LongitudeDegrees>
     </Position>
     <AltitudeMeters>258.29</AltitudeMeters>
     <DistanceMeters>46784.21630328123</DistanceMeters>
    </Trackpoint>
    <Trackpoint>
     <Time>2026-04-10T15:55:20+00:00</Time>
     <Position>
      <LatitudeDegrees>43.8387300</LatitudeDegrees>
      <LongitudeDegrees>5.2606600</LongitudeDegrees>
     </Position>
     <AltitudeMeters>258.29</AltitudeMeters>
     <DistanceMeters>46792.124786465974</DistanceMeters>
    </Trackpoint>
    <Trackpoint>
     <Time>2026-04-10T15:55:27+00:00</Time>
     <Position>
      <LatitudeDegrees>43.8386300</LatitudeDegrees>
      <LongitudeDegrees>5.2608800</LongitudeDegrees>
     </Position>
     <AltitudeMeters>258.29</AltitudeMeters>
     <DistanceMeters>46812.99999464713</DistanceMeters>
    </Trackpoint>
    <Trackpoint>
     <Time>2026-04-10T15:55:34+00:00</Time>
     <Position>
      <LatitudeDegrees>43.8384000</LatitudeDegrees>
      <LongitudeDegrees>5.2615800</LongitudeDegrees>
     </Position>
     <AltitudeMeters>258.29</AltitudeMeters>
     <DistanceMeters>46874.74958485327</DistanceMeters>
    </Trackpoint>
    <Trackpoint>
     <Time>2026-04-10T15:55:40+00:00</Time>
     <Position>
      <LatitudeDegrees>43.8382800</LatitudeDegrees>
      <LongitudeDegrees>5.2618900</LongitudeDegrees>
     </Position>
     <AltitudeMeters>258.29</AltitudeMeters>
     <DistanceMeters>46902.99279573186</DistanceMeters>
    </Trackpoint>
    <Trackpoint>
     <Time>2026-04-10T15:55:47+00:00</Time>
     <Position>
      <LatitudeDegrees>43.8381000</LatitudeDegrees>
      <LongitudeDegrees>5.2621800</LongitudeDegrees>
     </Position>
     <AltitudeMeters>266.92</AltitudeMeters>
     <DistanceMeters>46933.706141213144</DistanceMeters>
    </Trackpoint>
    <Trackpoint>
     <Time>2026-04-10T15:55:54+00:00</Time>
     <Position>
      <LatitudeDegrees>43.8376400</LatitudeDegrees>
      <LongitudeDegrees>5.2627200</LongitudeDegrees>
     </Position>
     <AltitudeMeters>266.92</AltitudeMeters>
     <DistanceMeters>47000.79010470278</DistanceMeters>
    </Trackpoint>
    <Trackpoint>
     <Time>2026-04-10T15:56:01+00:00</Time>
     <Position>
      <LatitudeDegrees>43.8374900</LatitudeDegrees>
      <LongitudeDegrees>5.2629600</LongitudeDegrees>
     </Position>
     <AltitudeMeters>266.92</AltitudeMeters>
     <DistanceMeters>47026.28344514458</DistanceMeters>
    </Trackpoint>
    <Trackpoint>
     <Time>2026-04-10T15:56:08+00:00</Time>
     <Position>
      <LatitudeDegrees>43.8374300</LatitudeDegrees>
      <LongitudeDegrees>5.2632800</LongitudeDegrees>
     </Position>
     <AltitudeMeters>266.92</AltitudeMeters>
     <DistanceMeters>47052.82627266394</DistanceMeters>
    </Trackpoint>
    <Trackpoint>
     <Time>2026-04-10T15:56:14+00:00</Time>
     <Position>
      <LatitudeDegrees>43.8374300</LatitudeDegrees>
      <LongitudeDegrees>5.2634500</LongitudeDegrees>
     </Position>
     <AltitudeMeters>266.92</AltitudeMeters>
     <DistanceMeters>47066.47360989025</DistanceMeters>
    </Trackpoint>
    <Trackpoint>
     <Time>2026-04-10T15:56:21+00:00</Time>
     <Position>
      <LatitudeDegrees>43.8374900</LatitudeDegrees>
      <LongitudeDegrees>5.2643300</LongitudeDegrees>
     </Position>
     <AltitudeMeters>266.83</AltitudeMeters>
     <DistanceMeters>47137.43352002285</DistanceMeters>
    </Trackpoint>
    <Trackpoint>
     <Time>2026-04-10T15:56:28+00:00</Time>
     <Position>
      <LatitudeDegrees>43.8374800</LatitudeDegrees>
      <LongitudeDegrees>5.2647000</LongitudeDegrees>
     </Position>
     <AltitudeMeters>266.83</AltitudeMeters>
     <DistanceMeters>47167.157364382896</DistanceMeters>
    </Trackpoint>
    <Trackpoint>
     <Time>2026-04-10T15:56:35+00:00</Time>
     <Position>
      <LatitudeDegrees>43.8374000</LatitudeDegrees>
      <LongitudeDegrees>5.2650400</LongitudeDegrees>
     </Position>
     <AltitudeMeters>268.71</AltitudeMeters>
     <DistanceMeters>47195.86753792217</DistanceMeters>
    </Trackpoint>
    <Trackpoint>
     <Time>2026-04-10T15:56:42+00:00</Time>
     <Position>
      <LatitudeDegrees>43.8371600</LatitudeDegrees>
      <LongitudeDegrees>5.2654800</LongitudeDegrees>
     </Position>
     <AltitudeMeters>268.71</AltitudeMeters>
     <DistanceMeters>47240.15254928626</DistanceMeters>
    </Trackpoint>
    <Trackpoint>
     <Time>2026-04-10T15:56:48+00:00</Time>
     <Position>
      <LatitudeDegrees>43.8366100</LatitudeDegrees>
      <LongitudeDegrees>5.2661000</LongitudeDegrees>
     </Position>
     <AltitudeMeters>268.71</AltitudeMeters>
     <DistanceMeters>47319.0470764094</DistanceMeters>
    </Trackpoint>
    <Trackpoint>
     <Time>2026-04-10T15:56:55+00:00</Time>
     <Position>
      <LatitudeDegrees>43.8364900</LatitudeDegrees>
      <LongitudeDegrees>5.2663200</LongitudeDegrees>
     </Position>
     <AltitudeMeters>268.71</AltitudeMeters>
     <DistanceMeters>47341.18975443106</DistanceMeters>
    </Trackpoint>
    <Trackpoint>
     <Time>2026-04-10T15:57:02+00:00</Time>
     <Position>
      <LatitudeDegrees>43.8364500</LatitudeDegrees>
      <LongitudeDegrees>5.2664500</LongitudeDegrees>
     </Position>
     <AltitudeMeters>268.71</AltitudeMeters>
     <DistanceMeters>47352.53596615597</DistanceMeters>
    </Trackpoint>
    <Trackpoint>
     <Time>2026-04-10T15:57:09+00:00</Time>
     <Position>
      <LatitudeDegrees>43.8364500</LatitudeDegrees>
      <LongitudeDegrees>5.2665800</LongitudeDegrees>
     </Position>
     <AltitudeMeters>268.71</AltitudeMeters>
     <DistanceMeters>47362.972336612154</DistanceMeters>
    </Trackpoint>
    <Trackpoint>
     <Time>2026-04-10T15:57:16+00:00</Time>
     <Position>
      <LatitudeDegrees>43.8364800</LatitudeDegrees>
      <LongitudeDegrees>5.2667000</LongitudeDegrees>
     </Position>
     <AltitudeMeters>277.39000000000004</AltitudeMeters>
     <DistanceMeters>47373.16810692613</DistanceMeters>
    </Trackpoint>
    <Trackpoint>
     <Time>2026-04-10T15:57:22+00:00</Time>
     <Position>
      <LatitudeDegrees>43.8366900</LatitudeDegrees>
      <LongitudeDegrees>5.2670700</LongitudeDegrees>
     </Position>
     <AltitudeMeters>277.39000000000004</AltitudeMeters>
     <DistanceMeters>47410.96426522056</DistanceMeters>
    </Trackpoint>
    <Trackpoint>
     <Time>2026-04-10T15:57:29+00:00</Time>
     <Position>
      <LatitudeDegrees>43.8367500</LatitudeDegrees>
      <LongitudeDegrees>5.2672100</LongitudeDegrees>
     </Position>
     <AltitudeMeters>277.39000000000004</AltitudeMeters>
     <DistanceMeters>47424.03751960003</DistanceMeters>
    </Trackpoint>
    <Trackpoint>
     <Time>2026-04-10T15:57:36+00:00</Time>
     <Position>
      <LatitudeDegrees>43.8367900</LatitudeDegrees>
      <LongitudeDegrees>5.2674900</LongitudeDegrees>
     </Position>
     <AltitudeMeters>277.39000000000004</AltitudeMeters>
     <DistanceMeters>47446.95233907945</DistanceMeters>
    </Trackpoint>
    <Trackpoint>
     <Time>2026-04-10T15:57:43+00:00</Time>
     <Position>
      <LatitudeDegrees>43.8367900</LatitudeDegrees>
      <LongitudeDegrees>5.2677900</LongitudeDegrees>
     </Position>
     <AltitudeMeters>277.39000000000004</AltitudeMeters>
     <DistanceMeters>47471.036133674046</DistanceMeters>
    </Trackpoint>
    <Trackpoint>
     <Time>2026-04-10T15:57:50+00:00</Time>
     <Position>
      <LatitudeDegrees>43.8367200</LatitudeDegrees>
      <LongitudeDegrees>5.2686300</LongitudeDegrees>
     </Position>
     <AltitudeMeters>281.44</AltitudeMeters>
     <DistanceMeters>47538.91933434802</DistanceMeters>
    </Trackpoint>
    <Trackpoint>
     <Time>2026-04-10T15:57:56+00:00</Time>
     <Position>
      <LatitudeDegrees>43.8367100</LatitudeDegrees>
      <LongitudeDegrees>5.2690000</LongitudeDegrees>
     </Position>
     <AltitudeMeters>282.49</AltitudeMeters>
     <DistanceMeters>47568.643561737736</DistanceMeters>
    </Trackpoint>
    <Trackpoint>
     <Time>2026-04-10T15:58:03+00:00</Time>
     <Position>
      <LatitudeDegrees>43.8367500</LatitudeDegrees>
      <LongitudeDegrees>5.2691800</LongitudeDegrees>
     </Position>
     <AltitudeMeters>282.49</AltitudeMeters>
     <DistanceMeters>47583.76406713573</DistanceMeters>
    </Trackpoint>
    <Trackpoint>
     <Time>2026-04-10T15:58:10+00:00</Time>
     <Position>
      <LatitudeDegrees>43.8363800</LatitudeDegrees>
      <LongitudeDegrees>5.2695800</LongitudeDegrees>
     </Position>
     <AltitudeMeters>286.55</AltitudeMeters>
     <DistanceMeters>47635.98392763206</DistanceMeters>
    </Trackpoint>
    <Trackpoint>
     <Time>2026-04-10T15:58:17+00:00</Time>
     <Position>
      <LatitudeDegrees>43.8362900</LatitudeDegrees>
      <LongitudeDegrees>5.2697200</LongitudeDegrees>
     </Position>
     <AltitudeMeters>286.55</AltitudeMeters>
     <DistanceMeters>47651.03888984631</DistanceMeters>
    </Trackpoint>
    <Trackpoint>
     <Time>2026-04-10T15:58:24+00:00</Time>
     <Position>
      <LatitudeDegrees>43.8362300</LatitudeDegrees>
      <LongitudeDegrees>5.2698500</LongitudeDegrees>
     </Position>
     <AltitudeMeters>286.55</AltitudeMeters>
     <DistanceMeters>47663.42883511101</DistanceMeters>
    </Trackpoint>
    <Trackpoint>
     <Time>2026-04-10T15:58:30+00:00</Time>
     <Position>
      <LatitudeDegrees>43.8360800</LatitudeDegrees>
      <LongitudeDegrees>5.2702800</LongitudeDegrees>
     </Position>
     <AltitudeMeters>293.87</AltitudeMeters>
     <DistanceMeters>47701.77416647863</DistanceMeters>
    </Trackpoint>
    <Trackpoint>
     <Time>2026-04-10T15:58:37+00:00</Time>
     <Position>
      <LatitudeDegrees>43.8360200</LatitudeDegrees>
      <LongitudeDegrees>5.2704100</LongitudeDegrees>
     </Position>
     <AltitudeMeters>293.87</AltitudeMeters>
     <DistanceMeters>47714.16414268008</DistanceMeters>
    </Trackpoint>
    <Trackpoint>
     <Time>2026-04-10T15:58:44+00:00</Time>
     <Position>
      <LatitudeDegrees>43.8359200</LatitudeDegrees>
      <LongitudeDegrees>5.2705400</LongitudeDegrees>
     </Position>
     <AltitudeMeters>293.87</AltitudeMeters>
     <DistanceMeters>47729.42149707756</DistanceMeters>
    </Trackpoint>
    <Trackpoint>
     <Time>2026-04-10T15:58:51+00:00</Time>
     <Position>
      <LatitudeDegrees>43.8356500</LatitudeDegrees>
      <LongitudeDegrees>5.2708300</LongitudeDegrees>
     </Position>
     <AltitudeMeters>293.87</AltitudeMeters>
     <DistanceMeters>47767.43486019866</DistanceMeters>
    </Trackpoint>
    <Trackpoint>
     <Time>2026-04-10T15:58:58+00:00</Time>
     <Position>
      <LatitudeDegrees>43.8351600</LatitudeDegrees>
      <LongitudeDegrees>5.2713300</LongitudeDegrees>
     </Position>
     <AltitudeMeters>294.96</AltitudeMeters>
     <DistanceMeters>47835.14993428826</DistanceMeters>
    </Trackpoint>
    <Trackpoint>
     <Time>2026-04-10T15:59:04+00:00</Time>
     <Position>
      <LatitudeDegrees>43.8346700</LatitudeDegrees>
      <LongitudeDegrees>5.2718300</LongitudeDegrees>
     </Position>
     <AltitudeMeters>297.25</AltitudeMeters>
     <DistanceMeters>47902.86504290359</DistanceMeters>
    </Trackpoint>
    <Trackpoint>
     <Time>2026-04-10T15:59:11+00:00</Time>
     <Position>
      <LatitudeDegrees>43.8345000</LatitudeDegrees>
      <LongitudeDegrees>5.2721400</LongitudeDegrees>
     </Position>
     <AltitudeMeters>297.25</AltitudeMeters>
     <DistanceMeters>47934.12787177845</DistanceMeters>
    </Trackpoint>
    <Trackpoint>
     <Time>2026-04-10T15:59:18+00:00</Time>
     <Position>
      <LatitudeDegrees>43.8342300</LatitudeDegrees>
      <LongitudeDegrees>5.2727900</LongitudeDegrees>
     </Position>
     <AltitudeMeters>299.54</AltitudeMeters>
     <DistanceMeters>47994.345215494584</DistanceMeters>
    </Trackpoint>
    <Trackpoint>
     <Time>2026-04-10T15:59:25+00:00</Time>
     <Position>
      <LatitudeDegrees>43.8338500</LatitudeDegrees>
      <LongitudeDegrees>5.2734600</LongitudeDegrees>
     </Position>
     <AltitudeMeters>295.86</AltitudeMeters>
     <DistanceMeters>48062.77011436755</DistanceMeters>
    </Trackpoint>
    <Trackpoint>
     <Time>2026-04-10T15:59:32+00:00</Time>
     <Position>
      <LatitudeDegrees>43.8336300</LatitudeDegrees>
      <LongitudeDegrees>5.2738000</LongitudeDegrees>
     </Position>
     <AltitudeMeters>298.00000000000006</AltitudeMeters>
     <DistanceMeters>48099.43902550113</DistanceMeters>
    </Trackpoint>
    <Trackpoint>
     <Time>2026-04-10T15:59:38+00:00</Time>
     <Position>
      <LatitudeDegrees>43.8335300</LatitudeDegrees>
      <LongitudeDegrees>5.2738900</LongitudeDegrees>
     </Position>
     <AltitudeMeters>298.00000000000006</AltitudeMeters>
     <DistanceMeters>48112.70837076404</DistanceMeters>
    </Trackpoint>
    <Trackpoint>
     <Time>2026-04-10T15:59:45+00:00</Time>
     <Position>
      <LatitudeDegrees>43.8333500</LatitudeDegrees>
      <LongitudeDegrees>5.2739900</LongitudeDegrees>
     </Position>
     <AltitudeMeters>297.88000000000005</AltitudeMeters>
     <DistanceMeters>48134.290421563775</DistanceMeters>
    </Trackpoint>
    <Trackpoint>
     <Time>2026-04-10T15:59:52+00:00</Time>
     <Position>
      <LatitudeDegrees>43.8332500</LatitudeDegrees>
      <LongitudeDegrees>5.2740400</LongitudeDegrees>
     </Position>
     <AltitudeMeters>297.88000000000005</AltitudeMeters>
     <DistanceMeters>48146.12178194509</DistanceMeters>
    </Trackpoint>
    <Trackpoint>
     <Time>2026-04-10T15:59:59+00:00</Time>
     <Position>
      <LatitudeDegrees>43.8330800</LatitudeDegrees>
      <LongitudeDegrees>5.2740900</LongitudeDegrees>
     </Position>
     <AltitudeMeters>297.88000000000005</AltitudeMeters>
     <DistanceMeters>48165.46319672164</DistanceMeters>
    </Trackpoint>
    <Trackpoint>
     <Time>2026-04-10T16:00:06+00:00</Time>
     <Position>
      <LatitudeDegrees>43.8329800</LatitudeDegrees>
      <LongitudeDegrees>5.2740800</LongitudeDegrees>
     </Position>
     <AltitudeMeters>296.68</AltitudeMeters>
     <DistanceMeters>48176.62168410476</DistanceMeters>
    </Trackpoint>
    <Trackpoint>
     <Time>2026-04-10T16:00:12+00:00</Time>
     <Position>
      <LatitudeDegrees>43.8325300</LatitudeDegrees>
      <LongitudeDegrees>5.2739600</LongitudeDegrees>
     </Position>
     <AltitudeMeters>296.68</AltitudeMeters>
     <DistanceMeters>48227.622955560495</DistanceMeters>
    </Trackpoint>
    <Trackpoint>
     <Time>2026-04-10T16:00:19+00:00</Time>
     <Position>
      <LatitudeDegrees>43.8325300</LatitudeDegrees>
      <LongitudeDegrees>5.2738900</LongitudeDegrees>
     </Position>
     <AltitudeMeters>296.68</AltitudeMeters>
     <DistanceMeters>48233.24290880681</DistanceMeters>
    </Trackpoint>
    <Trackpoint>
     <Time>2026-04-10T16:00:26+00:00</Time>
     <Position>
      <LatitudeDegrees>43.8324900</LatitudeDegrees>
      <LongitudeDegrees>5.2738200</LongitudeDegrees>
     </Position>
     <AltitudeMeters>296.68</AltitudeMeters>
     <DistanceMeters>48240.41247370838</DistanceMeters>
    </Trackpoint>
    <Trackpoint>
     <Time>2026-04-10T16:00:33+00:00</Time>
     <Position>
      <LatitudeDegrees>43.8320600</LatitudeDegrees>
      <LongitudeDegrees>5.2736600</LongitudeDegrees>
     </Position>
     <AltitudeMeters>305.87</AltitudeMeters>
     <DistanceMeters>48289.96363006016</DistanceMeters>
    </Trackpoint>
    <Trackpoint>
     <Time>2026-04-10T16:00:40+00:00</Time>
     <Position>
      <LatitudeDegrees>43.8315800</LatitudeDegrees>
      <LongitudeDegrees>5.2733600</LongitudeDegrees>
     </Position>
     <AltitudeMeters>322.1</AltitudeMeters>
     <DistanceMeters>48348.56421004964</DistanceMeters>
    </Trackpoint>
    <Trackpoint>
     <Time>2026-04-10T16:00:46+00:00</Time>
     <Position>
      <LatitudeDegrees>43.8312600</LatitudeDegrees>
      <LongitudeDegrees>5.2729500</LongitudeDegrees>
     </Position>
     <AltitudeMeters>322.1</AltitudeMeters>
     <DistanceMeters>48397.06123619754</DistanceMeters>
    </Trackpoint>
    <Trackpoint>
     <Time>2026-04-10T16:00:53+00:00</Time>
     <Position>
      <LatitudeDegrees>43.8312500</LatitudeDegrees>
      <LongitudeDegrees>5.2728600</LongitudeDegrees>
     </Position>
     <AltitudeMeters>322.1</AltitudeMeters>
     <DistanceMeters>48404.37225404073</DistanceMeters>
    </Trackpoint>
    <Trackpoint>
     <Time>2026-04-10T16:01:00+00:00</Time>
     <Position>
      <LatitudeDegrees>43.8313100</LatitudeDegrees>
      <LongitudeDegrees>5.2727600</LongitudeDegrees>
     </Position>
     <AltitudeMeters>322.1</AltitudeMeters>
     <DistanceMeters>48414.81504143562</DistanceMeters>
    </Trackpoint>
    <Trackpoint>
     <Time>2026-04-10T16:01:07+00:00</Time>
     <Position>
      <LatitudeDegrees>43.8313100</LatitudeDegrees>
      <LongitudeDegrees>5.2727100</LongitudeDegrees>
     </Position>
     <AltitudeMeters>332.3</AltitudeMeters>
     <DistanceMeters>48418.82937581488</DistanceMeters>
    </Trackpoint>
    <Trackpoint>
     <Time>2026-04-10T16:01:14+00:00</Time>
     <Position>
      <LatitudeDegrees>43.8312900</LatitudeDegrees>
      <LongitudeDegrees>5.2726500</LongitudeDegrees>
     </Position>
     <AltitudeMeters>332.3</AltitudeMeters>
     <DistanceMeters>48424.13598744679</DistanceMeters>
    </Trackpoint>
    <Trackpoint>
     <Time>2026-04-10T16:01:20+00:00</Time>
     <Position>
      <LatitudeDegrees>43.8312200</LatitudeDegrees>
      <LongitudeDegrees>5.2725700</LongitudeDegrees>
     </Position>
     <AltitudeMeters>332.3</AltitudeMeters>
     <DistanceMeters>48434.23297405773</DistanceMeters>
    </Trackpoint>
    <Trackpoint>
     <Time>2026-04-10T16:01:27+00:00</Time>
     <Position>
      <LatitudeDegrees>43.8310700</LatitudeDegrees>
      <LongitudeDegrees>5.2724700</LongitudeDegrees>
     </Position>
     <AltitudeMeters>326.04</AltitudeMeters>
     <DistanceMeters>48452.75758645151</DistanceMeters>
    </Trackpoint>
    <Trackpoint>
     <Time>2026-04-10T16:01:34+00:00</Time>
     <Position>
      <LatitudeDegrees>43.8309700</LatitudeDegrees>
      <LongitudeDegrees>5.2723500</LongitudeDegrees>
     </Position>
     <AltitudeMeters>326.04</AltitudeMeters>
     <DistanceMeters>48467.47797694941</DistanceMeters>
    </Trackpoint>
    <Trackpoint>
     <Time>2026-04-10T16:01:41+00:00</Time>
     <Position>
      <LatitudeDegrees>43.8308000</LatitudeDegrees>
      <LongitudeDegrees>5.2720000</LongitudeDegrees>
     </Position>
     <AltitudeMeters>326.04</AltitudeMeters>
     <DistanceMeters>48501.354470829945</DistanceMeters>
    </Trackpoint>
    <Trackpoint>
     <Time>2026-04-10T16:01:48+00:00</Time>
     <Position>
      <LatitudeDegrees>43.8301600</LatitudeDegrees>
      <LongitudeDegrees>5.2711300</LongitudeDegrees>
     </Position>
     <AltitudeMeters>315.6</AltitudeMeters>
     <DistanceMeters>48601.11759438545</DistanceMeters>
    </Trackpoint>
    <Trackpoint>
     <Time>2026-04-10T16:01:54+00:00</Time>
     <Position>
      <LatitudeDegrees>43.8301100</LatitudeDegrees>
      <LongitudeDegrees>5.2711100</LongitudeDegrees>
     </Position>
     <AltitudeMeters>315.6</AltitudeMeters>
     <DistanceMeters>48606.9094251032</DistanceMeters>
    </Trackpoint>
    <Trackpoint>
     <Time>2026-04-10T16:02:01+00:00</Time>
     <Position>
      <LatitudeDegrees>43.8300100</LatitudeDegrees>
      <LongitudeDegrees>5.2711500</LongitudeDegrees>
     </Position>
     <AltitudeMeters>315.6</AltitudeMeters>
     <DistanceMeters>48618.493087657575</DistanceMeters>
    </Trackpoint>
    <Trackpoint>
     <Time>2026-04-10T16:02:08+00:00</Time>
     <Position>
      <LatitudeDegrees>43.8297700</LatitudeDegrees>
      <LongitudeDegrees>5.2714500</LongitudeDegrees>
     </Position>
     <AltitudeMeters>315.6</AltitudeMeters>
     <DistanceMeters>48654.4602789872</DistanceMeters>
    </Trackpoint>
    <Trackpoint>
     <Time>2026-04-10T16:02:15+00:00</Time>
     <Position>
      <LatitudeDegrees>43.8297200</LatitudeDegrees>
      <LongitudeDegrees>5.2714900</LongitudeDegrees>
     </Position>
     <AltitudeMeters>315.6</AltitudeMeters>
     <DistanceMeters>48660.88529922601</DistanceMeters>
    </Trackpoint>
    <Trackpoint>
     <Time>2026-04-10T16:02:22+00:00</Time>
     <Position>
      <LatitudeDegrees>43.8295700</LatitudeDegrees>
      <LongitudeDegrees>5.2715400</LongitudeDegrees>
     </Position>
     <AltitudeMeters>315.6</AltitudeMeters>
     <DistanceMeters>48678.0555399214</DistanceMeters>
    </Trackpoint>
    <Trackpoint>
     <Time>2026-04-10T16:02:28+00:00</Time>
     <Position>
      <LatitudeDegrees>43.8292100</LatitudeDegrees>
      <LongitudeDegrees>5.2715300</LongitudeDegrees>
     </Position>
     <AltitudeMeters>315.6</AltitudeMeters>
     <DistanceMeters>48718.1300283084</DistanceMeters>
    </Trackpoint>
    <Trackpoint>
     <Time>2026-04-10T16:02:35+00:00</Time>
     <Position>
      <LatitudeDegrees>43.8292100</LatitudeDegrees>
      <LongitudeDegrees>5.2714300</LongitudeDegrees>
     </Position>
     <AltitudeMeters>315.6</AltitudeMeters>
     <DistanceMeters>48726.15897956124</DistanceMeters>
    </Trackpoint>
    <Trackpoint>
     <Time>2026-04-10T16:02:42+00:00</Time>
     <Position>
      <LatitudeDegrees>43.8292800</LatitudeDegrees>
      <LongitudeDegrees>5.2713700</LongitudeDegrees>
     </Position>
     <AltitudeMeters>315.6</AltitudeMeters>
     <DistanceMeters>48735.31878317426</DistanceMeters>
    </Trackpoint>
    <Trackpoint>
     <Time>2026-04-10T16:02:49+00:00</Time>
     <Position>
      <LatitudeDegrees>43.8295500</LatitudeDegrees>
      <LongitudeDegrees>5.2713700</LongitudeDegrees>
     </Position>
     <AltitudeMeters>315.6</AltitudeMeters>
     <DistanceMeters>48765.36861662333</DistanceMeters>
    </Trackpoint>
    <Trackpoint>
     <Time>2026-04-10T16:02:56+00:00</Time>
     <Position>
      <LatitudeDegrees>43.8296400</LatitudeDegrees>
      <LongitudeDegrees>5.2713300</LongitudeDegrees>
     </Position>
     <AltitudeMeters>315.6</AltitudeMeters>
     <DistanceMeters>48775.88748610525</DistanceMeters>
    </Trackpoint>
    <Trackpoint>
     <Time>2026-04-10T16:03:02+00:00</Time>
     <Position>
      <LatitudeDegrees>43.8297200</LatitudeDegrees>
      <LongitudeDegrees>5.2712600</LongitudeDegrees>
     </Position>
     <AltitudeMeters>315.6</AltitudeMeters>
     <DistanceMeters>48786.41658634849</DistanceMeters>
    </Trackpoint>
    <Trackpoint>
     <Time>2026-04-10T16:03:09+00:00</Time>
     <Position>
      <LatitudeDegrees>43.8297900</LatitudeDegrees>
      <LongitudeDegrees>5.2711700</LongitudeDegrees>
     </Position>
     <AltitudeMeters>315.6</AltitudeMeters>
     <DistanceMeters>48797.04249346622</DistanceMeters>
    </Trackpoint>
    <Trackpoint>
     <Time>2026-04-10T16:03:16+00:00</Time>
     <Position>
      <LatitudeDegrees>43.8300000</LatitudeDegrees>
      <LongitudeDegrees>5.2708200</LongitudeDegrees>
     </Position>
     <AltitudeMeters>315.6</AltitudeMeters>
     <DistanceMeters>48833.5927506985</DistanceMeters>
    </Trackpoint>
    <Trackpoint>
     <Time>2026-04-10T16:03:23+00:00</Time>
     <Position>
      <LatitudeDegrees>43.8300700</LatitudeDegrees>
      <LongitudeDegrees>5.2707300</LongitudeDegrees>
     </Position>
     <AltitudeMeters>315.6</AltitudeMeters>
     <DistanceMeters>48844.21863476368</DistanceMeters>
    </Trackpoint>
    <Trackpoint>
     <Time>2026-04-10T16:03:30+00:00</Time>
     <Position>
      <LatitudeDegrees>43.8301500</LatitudeDegrees>
      <LongitudeDegrees>5.2706700</LongitudeDegrees>
     </Position>
     <AltitudeMeters>315.6</AltitudeMeters>
     <DistanceMeters>48854.34194558389</DistanceMeters>
    </Trackpoint>
    <Trackpoint>
     <Time>2026-04-10T16:03:36+00:00</Time>
     <Position>
      <LatitudeDegrees>43.8302400</LatitudeDegrees>
      <LongitudeDegrees>5.2707100</LongitudeDegrees>
     </Position>
     <AltitudeMeters>315.6</AltitudeMeters>
     <DistanceMeters>48864.86080520883</DistanceMeters>
    </Trackpoint>
    <Trackpoint>
     <Time>2026-04-10T16:03:43+00:00</Time>
     <Position>
      <LatitudeDegrees>43.8308900</LatitudeDegrees>
      <LongitudeDegrees>5.2715100</LongitudeDegrees>
     </Position>
     <AltitudeMeters>339.8</AltitudeMeters>
     <DistanceMeters>48961.60223942402</DistanceMeters>
    </Trackpoint>
    <Trackpoint>
     <Time>2026-04-10T16:03:50+00:00</Time>
     <Position>
      <LatitudeDegrees>43.8312100</LatitudeDegrees>
      <LongitudeDegrees>5.2718400</LongitudeDegrees>
     </Position>
     <AltitudeMeters>339.8</AltitudeMeters>
     <DistanceMeters>49005.991103850574</DistanceMeters>
    </Trackpoint>
    <Trackpoint>
     <Time>2026-04-10T16:03:57+00:00</Time>
     <Position>
      <LatitudeDegrees>43.8312500</LatitudeDegrees>
      <LongitudeDegrees>5.2718500</LongitudeDegrees>
     </Position>
     <AltitudeMeters>339.8</AltitudeMeters>
     <DistanceMeters>49010.5147486384</DistanceMeters>
    </Trackpoint>
    <Trackpoint>
     <Time>2026-04-10T16:04:04+00:00</Time>
     <Position>
      <LatitudeDegrees>43.8312900</LatitudeDegrees>
      <LongitudeDegrees>5.2717700</LongitudeDegrees>
     </Position>
     <AltitudeMeters>339.8</AltitudeMeters>
     <DistanceMeters>49018.329664800294</DistanceMeters>
    </Trackpoint>
    <Trackpoint>
     <Time>2026-04-10T16:04:10+00:00</Time>
     <Position>
      <LatitudeDegrees>43.8312700</LatitudeDegrees>
      <LongitudeDegrees>5.2717000</LongitudeDegrees>
     </Position>
     <AltitudeMeters>339.8</AltitudeMeters>
     <DistanceMeters>49024.374488110654</DistanceMeters>
    </Trackpoint>
    <Trackpoint>
     <Time>2026-04-10T16:04:17+00:00</Time>
     <Position>
      <LatitudeDegrees>43.8310200</LatitudeDegrees>
      <LongitudeDegrees>5.2714900</LongitudeDegrees>
     </Position>
     <AltitudeMeters>339.8</AltitudeMeters>
     <DistanceMeters>49056.90814115403</DistanceMeters>
    </Trackpoint>
    <Trackpoint>
     <Time>2026-04-10T16:04:24+00:00</Time>
     <Position>
      <LatitudeDegrees>43.8309100</LatitudeDegrees>
      <LongitudeDegrees>5.2713500</LongitudeDegrees>
     </Position>
     <AltitudeMeters>339.8</AltitudeMeters>
     <DistanceMeters>49073.52805498674</DistanceMeters>
    </Trackpoint>
    <Trackpoint>
     <Time>2026-04-10T16:04:31+00:00</Time>
     <Position>
      <LatitudeDegrees>43.8308200</LatitudeDegrees>
      <LongitudeDegrees>5.2711600</LongitudeDegrees>
     </Position>
     <AltitudeMeters>339.8</AltitudeMeters>
     <DistanceMeters>49091.777297259825</DistanceMeters>
    </Trackpoint>
    <Trackpoint>
     <Time>2026-04-10T16:04:38+00:00</Time>
     <Position>
      <LatitudeDegrees>43.8307500</LatitudeDegrees>
      <LongitudeDegrees>5.2709100</LongitudeDegrees>
     </Position>
     <AltitudeMeters>339.8</AltitudeMeters>
     <DistanceMeters>49113.308067543</DistanceMeters>
    </Trackpoint>
    <Trackpoint>
     <Time>2026-04-10T16:04:44+00:00</Time>
     <Position>
      <LatitudeDegrees>43.8306780</LatitudeDegrees>
      <LongitudeDegrees>5.2698940</LongitudeDegrees>
     </Position>
     <AltitudeMeters>350.91</AltitudeMeters>
     <DistanceMeters>49195.27300486156</DistanceMeters>
    </Trackpoint>
    <Trackpoint>
     <Time>2026-04-10T16:04:51+00:00</Time>
     <Position>
      <LatitudeDegrees>43.8306060</LatitudeDegrees>
      <LongitudeDegrees>5.2688780</LongitudeDegrees>
     </Position>
     <AltitudeMeters>350.91</AltitudeMeters>
     <DistanceMeters>49277.23794218012</DistanceMeters>
    </Trackpoint>
    <Trackpoint>
     <Time>2026-04-10T16:04:58+00:00</Time>
     <Position>
      <LatitudeDegrees>43.8305340</LatitudeDegrees>
      <LongitudeDegrees>5.2678620</LongitudeDegrees>
     </Position>
     <AltitudeMeters>350.91</AltitudeMeters>
     <DistanceMeters>49359.20287949897</DistanceMeters>
    </Trackpoint>
    <Trackpoint>
     <Time>2026-04-10T16:05:05+00:00</Time>
     <Position>
      <LatitudeDegrees>43.8304620</LatitudeDegrees>
      <LongitudeDegrees>5.2668460</LongitudeDegrees>
     </Position>
     <AltitudeMeters>352.57000000000005</AltitudeMeters>
     <DistanceMeters>49441.1678168174</DistanceMeters>
    </Trackpoint>
    <Trackpoint>
     <Time>2026-04-10T16:05:12+00:00</Time>
     <Position>
      <LatitudeDegrees>43.8303900</LatitudeDegrees>
      <LongitudeDegrees>5.2658300</LongitudeDegrees>
     </Position>
     <AltitudeMeters>357.41</AltitudeMeters>
     <DistanceMeters>49523.13274461584</DistanceMeters>
    </Trackpoint>
    <Trackpoint>
     <Time>2026-04-10T16:05:18+00:00</Time>
     <Position>
      <LatitudeDegrees>43.8303200</LatitudeDegrees>
      <LongitudeDegrees>5.2651800</LongitudeDegrees>
     </Position>
     <AltitudeMeters>357.42</AltitudeMeters>
     <DistanceMeters>49575.89823458163</DistanceMeters>
    </Trackpoint>
    <Trackpoint>
     <Time>2026-04-10T16:05:25+00:00</Time>
     <Position>
      <LatitudeDegrees>43.8301300</LatitudeDegrees>
      <LongitudeDegrees>5.2640500</LongitudeDegrees>
     </Position>
     <AltitudeMeters>361.90000000000003</AltitudeMeters>
     <DistanceMeters>49669.05560962773</DistanceMeters>
    </Trackpoint>
    <Trackpoint>
     <Time>2026-04-10T16:05:32+00:00</Time>
     <Position>
      <LatitudeDegrees>43.8300700</LatitudeDegrees>
      <LongitudeDegrees>5.2636400</LongitudeDegrees>
     </Position>
     <AltitudeMeters>362.55</AltitudeMeters>
     <DistanceMeters>49702.644308970936</DistanceMeters>
    </Trackpoint>
    <Trackpoint>
     <Time>2026-04-10T16:05:39+00:00</Time>
     <Position>
      <LatitudeDegrees>43.8300200</LatitudeDegrees>
      <LongitudeDegrees>5.2627500</LongitudeDegrees>
     </Position>
     <AltitudeMeters>364.08</AltitudeMeters>
     <DistanceMeters>49774.317330418016</DistanceMeters>
    </Trackpoint>
    <Trackpoint>
     <Time>2026-04-10T16:05:46+00:00</Time>
     <Position>
      <LatitudeDegrees>43.8299900</LatitudeDegrees>
      <LongitudeDegrees>5.2615700</LongitudeDegrees>
     </Position>
     <AltitudeMeters>364.62000000000006</AltitudeMeters>
     <DistanceMeters>49869.11650978915</DistanceMeters>
    </Trackpoint>
    <Trackpoint>
     <Time>2026-04-10T16:05:52+00:00</Time>
     <Position>
      <LatitudeDegrees>43.8299800</LatitudeDegrees>
      <LongitudeDegrees>5.2604550</LongitudeDegrees>
     </Position>
     <AltitudeMeters>362.12000000000006</AltitudeMeters>
     <DistanceMeters>49958.64508686578</DistanceMeters>
    </Trackpoint>
    <Trackpoint>
     <Time>2026-04-10T16:05:59+00:00</Time>
     <Position>
      <LatitudeDegrees>43.8299700</LatitudeDegrees>
      <LongitudeDegrees>5.2593400</LongitudeDegrees>
     </Position>
     <AltitudeMeters>362.12000000000006</AltitudeMeters>
     <DistanceMeters>50048.17364892663</DistanceMeters>
    </Trackpoint>
    <Trackpoint>
     <Time>2026-04-10T16:06:06+00:00</Time>
     <Position>
      <LatitudeDegrees>43.8299400</LatitudeDegrees>
      <LongitudeDegrees>5.2587500</LongitudeDegrees>
     </Position>
     <AltitudeMeters>362.12000000000006</AltitudeMeters>
     <DistanceMeters>50095.66139369915</DistanceMeters>
    </Trackpoint>
    <Trackpoint>
     <Time>2026-04-10T16:06:13+00:00</Time>
     <Position>
      <LatitudeDegrees>43.8298400</LatitudeDegrees>
      <LongitudeDegrees>5.2575900</LongitudeDegrees>
     </Position>
     <AltitudeMeters>352.51000000000005</AltitudeMeters>
     <DistanceMeters>50189.458799351145</DistanceMeters>
    </Trackpoint>
    <Trackpoint>
     <Time>2026-04-10T16:06:20+00:00</Time>
     <Position>
      <LatitudeDegrees>43.8297900</LatitudeDegrees>
      <LongitudeDegrees>5.2572100</LongitudeDegrees>
     </Position>
     <AltitudeMeters>352.51000000000005</AltitudeMeters>
     <DistanceMeters>50220.47184419372</DistanceMeters>
    </Trackpoint>
    <Trackpoint>
     <Time>2026-04-10T16:06:26+00:00</Time>
     <Position>
      <LatitudeDegrees>43.8296700</LatitudeDegrees>
      <LongitudeDegrees>5.2566800</LongitudeDegrees>
     </Position>
     <AltitudeMeters>352.51000000000005</AltitudeMeters>
     <DistanceMeters>50265.07153848015</DistanceMeters>
    </Trackpoint>
    <Trackpoint>
     <Time>2026-04-10T16:06:33+00:00</Time>
     <Position>
      <LatitudeDegrees>43.8294050</LatitudeDegrees>
      <LongitudeDegrees>5.2558550</LongitudeDegrees>
     </Position>
     <AltitudeMeters>352.51000000000005</AltitudeMeters>
     <DistanceMeters>50337.5795599412</DistanceMeters>
    </Trackpoint>
    <Trackpoint>
     <Time>2026-04-10T16:06:40+00:00</Time>
     <Position>
      <LatitudeDegrees>43.8291400</LatitudeDegrees>
      <LongitudeDegrees>5.2550300</LongitudeDegrees>
     </Position>
     <AltitudeMeters>352.51000000000005</AltitudeMeters>
     <DistanceMeters>50410.087596702455</DistanceMeters>
    </Trackpoint>
    <Trackpoint>
     <Time>2026-04-10T16:06:47+00:00</Time>
     <Position>
      <LatitudeDegrees>43.8290900</LatitudeDegrees>
      <LongitudeDegrees>5.2547500</LongitudeDegrees>
     </Position>
     <AltitudeMeters>352.51000000000005</AltitudeMeters>
     <DistanceMeters>50433.24718750069</DistanceMeters>
    </Trackpoint>
    <Trackpoint>
     <Time>2026-04-10T16:06:54+00:00</Time>
     <Position>
      <LatitudeDegrees>43.8290700</LatitudeDegrees>
      <LongitudeDegrees>5.2545200</LongitudeDegrees>
     </Position>
     <AltitudeMeters>352.51000000000005</AltitudeMeters>
     <DistanceMeters>50451.84748440114</DistanceMeters>
    </Trackpoint>
    <Trackpoint>
     <Time>2026-04-10T16:07:00+00:00</Time>
     <Position>
      <LatitudeDegrees>43.8290400</LatitudeDegrees>
      <LongitudeDegrees>5.2537500</LongitudeDegrees>
     </Position>
     <AltitudeMeters>352.51000000000005</AltitudeMeters>
     <DistanceMeters>50513.76066489154</DistanceMeters>
    </Trackpoint>
    <Trackpoint>
     <Time>2026-04-10T16:07:07+00:00</Time>
     <Position>
      <LatitudeDegrees>43.8289200</LatitudeDegrees>
      <LongitudeDegrees>5.2532200</LongitudeDegrees>
     </Position>
     <AltitudeMeters>336.23</AltitudeMeters>
     <DistanceMeters>50558.36086935378</DistanceMeters>
    </Trackpoint>
    <Trackpoint>
     <Time>2026-04-10T16:07:14+00:00</Time>
     <Position>
      <LatitudeDegrees>43.8286400</LatitudeDegrees>
      <LongitudeDegrees>5.2524300</LongitudeDegrees>
     </Position>
     <AltitudeMeters>336.23</AltitudeMeters>
     <DistanceMeters>50629.03179221507</DistanceMeters>
    </Trackpoint>
    <Trackpoint>
     <Time>2026-04-10T16:07:21+00:00</Time>
     <Position>
      <LatitudeDegrees>43.8285500</LatitudeDegrees>
      <LongitudeDegrees>5.2519800</LongitudeDegrees>
     </Position>
     <AltitudeMeters>336.23</AltitudeMeters>
     <DistanceMeters>50666.52521269185</DistanceMeters>
    </Trackpoint>
    <Trackpoint>
     <Time>2026-04-10T16:07:28+00:00</Time>
     <Position>
      <LatitudeDegrees>43.8285400</LatitudeDegrees>
      <LongitudeDegrees>5.2510300</LongitudeDegrees>
     </Position>
     <AltitudeMeters>336.23</AltitudeMeters>
     <DistanceMeters>50742.809224004704</DistanceMeters>
    </Trackpoint>
    <Trackpoint>
     <Time>2026-04-10T16:07:34+00:00</Time>
     <Position>
      <LatitudeDegrees>43.8285300</LatitudeDegrees>
      <LongitudeDegrees>5.2500800</LongitudeDegrees>
     </Position>
     <AltitudeMeters>336.23</AltitudeMeters>
     <DistanceMeters>50819.093237415924</DistanceMeters>
    </Trackpoint>
    <Trackpoint>
     <Time>2026-04-10T16:07:41+00:00</Time>
     <Position>
      <LatitudeDegrees>43.8285100</LatitudeDegrees>
      <LongitudeDegrees>5.2498800</LongitudeDegrees>
     </Position>
     <AltitudeMeters>336.23</AltitudeMeters>
     <DistanceMeters>50835.304865527425</DistanceMeters>
    </Trackpoint>
    <Trackpoint>
     <Time>2026-04-10T16:07:48+00:00</Time>
     <Position>
      <LatitudeDegrees>43.8284600</LatitudeDegrees>
      <LongitudeDegrees>5.2496800</LongitudeDegrees>
     </Position>
     <AltitudeMeters>336.23</AltitudeMeters>
     <DistanceMeters>50852.299844720685</DistanceMeters>
    </Trackpoint>
    <Trackpoint>
     <Time>2026-04-10T16:07:55+00:00</Time>
     <Position>
      <LatitudeDegrees>43.8283900</LatitudeDegrees>
      <LongitudeDegrees>5.2495200</LongitudeDegrees>
     </Position>
     <AltitudeMeters>334.52000000000004</AltitudeMeters>
     <DistanceMeters>50867.324068442394</DistanceMeters>
    </Trackpoint>
    <Trackpoint>
     <Time>2026-04-10T16:08:02+00:00</Time>
     <Position>
      <LatitudeDegrees>43.8283100</LatitudeDegrees>
      <LongitudeDegrees>5.2494000</LongitudeDegrees>
     </Position>
     <AltitudeMeters>334.52000000000004</AltitudeMeters>
     <DistanceMeters>50880.4429853098</DistanceMeters>
    </Trackpoint>
    <Trackpoint>
     <Time>2026-04-10T16:08:08+00:00</Time>
     <Position>
      <LatitudeDegrees>43.8282400</LatitudeDegrees>
      <LongitudeDegrees>5.2493300</LongitudeDegrees>
     </Position>
     <AltitudeMeters>334.52000000000004</AltitudeMeters>
     <DistanceMeters>50890.04940746675</DistanceMeters>
    </Trackpoint>
    <Trackpoint>
     <Time>2026-04-10T16:08:15+00:00</Time>
     <Position>
      <LatitudeDegrees>43.8281100</LatitudeDegrees>
      <LongitudeDegrees>5.2492400</LongitudeDegrees>
     </Position>
     <AltitudeMeters>334.52000000000004</AltitudeMeters>
     <DistanceMeters>50906.22202029502</DistanceMeters>
    </Trackpoint>
    <Trackpoint>
     <Time>2026-04-10T16:08:22+00:00</Time>
     <Position>
      <LatitudeDegrees>43.8279800</LatitudeDegrees>
      <LongitudeDegrees>5.2491800</LongitudeDegrees>
     </Position>
     <AltitudeMeters>334.52000000000004</AltitudeMeters>
     <DistanceMeters>50921.47140305385</DistanceMeters>
    </Trackpoint>
    <Trackpoint>
     <Time>2026-04-10T16:08:29+00:00</Time>
     <Position>
      <LatitudeDegrees>43.8277800</LatitudeDegrees>
      <LongitudeDegrees>5.2491200</LongitudeDegrees>
     </Position>
     <AltitudeMeters>329.0</AltitudeMeters>
     <DistanceMeters>50944.245889342106</DistanceMeters>
    </Trackpoint>
    <Trackpoint>
     <Time>2026-04-10T16:08:36+00:00</Time>
     <Position>
      <LatitudeDegrees>43.8275700</LatitudeDegrees>
      <LongitudeDegrees>5.2490200</LongitudeDegrees>
     </Position>
     <AltitudeMeters>329.0</AltitudeMeters>
     <DistanceMeters>50968.95868138038</DistanceMeters>
    </Trackpoint>
    <Trackpoint>
     <Time>2026-04-10T16:08:42+00:00</Time>
     <Position>
      <LatitudeDegrees>43.8274100</LatitudeDegrees>
      <LongitudeDegrees>5.2488700</LongitudeDegrees>
     </Position>
     <AltitudeMeters>329.0</AltitudeMeters>
     <DistanceMeters>50990.4564192623</DistanceMeters>
    </Trackpoint>
    <Trackpoint>
     <Time>2026-04-10T16:08:49+00:00</Time>
     <Position>
      <LatitudeDegrees>43.8271900</LatitudeDegrees>
      <LongitudeDegrees>5.2485600</LongitudeDegrees>
     </Position>
     <AltitudeMeters>327.87000000000006</AltitudeMeters>
     <DistanceMeters>51025.37141455</DistanceMeters>
    </Trackpoint>
    <Trackpoint>
     <Time>2026-04-10T16:08:56+00:00</Time>
     <Position>
      <LatitudeDegrees>43.8270100</LatitudeDegrees>
      <LongitudeDegrees>5.2482300</LongitudeDegrees>
     </Position>
     <AltitudeMeters>327.87000000000006</AltitudeMeters>
     <DistanceMeters>51058.58877783945</DistanceMeters>
    </Trackpoint>
    <Trackpoint>
     <Time>2026-04-10T16:09:03+00:00</Time>
     <Position>
      <LatitudeDegrees>43.8269300</LatitudeDegrees>
      <LongitudeDegrees>5.2480200</LongitudeDegrees>
     </Position>
     <AltitudeMeters>327.87000000000006</AltitudeMeters>
     <DistanceMeters>51077.656627634155</DistanceMeters>
    </Trackpoint>
    <Trackpoint>
     <Time>2026-04-10T16:09:10+00:00</Time>
     <Position>
      <LatitudeDegrees>43.8267400</LatitudeDegrees>
      <LongitudeDegrees>5.2473200</LongitudeDegrees>
     </Position>
     <AltitudeMeters>322.0</AltitudeMeters>
     <DistanceMeters>51137.70786511328</DistanceMeters>
    </Trackpoint>
    <Trackpoint>
     <Time>2026-04-10T16:09:16+00:00</Time>
     <Position>
      <LatitudeDegrees>43.8266900</LatitudeDegrees>
      <LongitudeDegrees>5.2470300</LongitudeDegrees>
     </Position>
     <AltitudeMeters>322.0</AltitudeMeters>
     <DistanceMeters>51161.64851830397</DistanceMeters>
    </Trackpoint>
    <Trackpoint>
     <Time>2026-04-10T16:09:23+00:00</Time>
     <Position>
      <LatitudeDegrees>43.8266800</LatitudeDegrees>
      <LongitudeDegrees>5.2467800</LongitudeDegrees>
     </Position>
     <AltitudeMeters>322.0</AltitudeMeters>
     <DistanceMeters>51181.7525757431</DistanceMeters>
    </Trackpoint>
    <Trackpoint>
     <Time>2026-04-10T16:09:30+00:00</Time>
     <Position>
      <LatitudeDegrees>43.8267200</LatitudeDegrees>
      <LongitudeDegrees>5.2464000</LongitudeDegrees>
     </Position>
     <AltitudeMeters>322.0</AltitudeMeters>
     <DistanceMeters>51212.58694061145</DistanceMeters>
    </Trackpoint>
    <Trackpoint>
     <Time>2026-04-10T16:09:37+00:00</Time>
     <Position>
      <LatitudeDegrees>43.8267800</LatitudeDegrees>
      <LongitudeDegrees>5.2461300</LongitudeDegrees>
     </Position>
     <AltitudeMeters>317.83</AltitudeMeters>
     <DistanceMeters>51235.271162965575</DistanceMeters>
    </Trackpoint>
    <Trackpoint>
     <Time>2026-04-10T16:09:44+00:00</Time>
     <Position>
      <LatitudeDegrees>43.8268900</LatitudeDegrees>
      <LongitudeDegrees>5.2457800</LongitudeDegrees>
     </Position>
     <AltitudeMeters>317.84000000000003</AltitudeMeters>
     <DistanceMeters>51265.92449834844</DistanceMeters>
    </Trackpoint>
    <Trackpoint>
     <Time>2026-04-10T16:09:50+00:00</Time>
     <Position>
      <LatitudeDegrees>43.8272950</LatitudeDegrees>
      <LongitudeDegrees>5.2447875</LongitudeDegrees>
     </Position>
     <AltitudeMeters>315.57</AltitudeMeters>
     <DistanceMeters>51357.47845670406</DistanceMeters>
    </Trackpoint>
    <Trackpoint>
     <Time>2026-04-10T16:09:57+00:00</Time>
     <Position>
      <LatitudeDegrees>43.8277000</LatitudeDegrees>
      <LongitudeDegrees>5.2437950</LongitudeDegrees>
     </Position>
     <AltitudeMeters>315.57</AltitudeMeters>
     <DistanceMeters>51449.032415060865</DistanceMeters>
    </Trackpoint>
    <Trackpoint>
     <Time>2026-04-10T16:10:04+00:00</Time>
     <Position>
      <LatitudeDegrees>43.8281050</LatitudeDegrees>
      <LongitudeDegrees>5.2428025</LongitudeDegrees>
     </Position>
     <AltitudeMeters>305.97</AltitudeMeters>
     <DistanceMeters>51540.58637341726</DistanceMeters>
    </Trackpoint>
    <Trackpoint>
     <Time>2026-04-10T16:10:11+00:00</Time>
     <Position>
      <LatitudeDegrees>43.8285100</LatitudeDegrees>
      <LongitudeDegrees>5.2418100</LongitudeDegrees>
     </Position>
     <AltitudeMeters>305.96</AltitudeMeters>
     <DistanceMeters>51632.140319834056</DistanceMeters>
    </Trackpoint>
    <Trackpoint>
     <Time>2026-04-10T16:10:18+00:00</Time>
     <Position>
      <LatitudeDegrees>43.8286900</LatitudeDegrees>
      <LongitudeDegrees>5.2415700</LongitudeDegrees>
     </Position>
     <AltitudeMeters>305.96</AltitudeMeters>
     <DistanceMeters>51659.93691244404</DistanceMeters>
    </Trackpoint>
    <Trackpoint>
     <Time>2026-04-10T16:10:24+00:00</Time>
     <Position>
      <LatitudeDegrees>43.8289800</LatitudeDegrees>
      <LongitudeDegrees>5.2413300</LongitudeDegrees>
     </Position>
     <AltitudeMeters>305.96</AltitudeMeters>
     <DistanceMeters>51697.52735654871</DistanceMeters>
    </Trackpoint>
    <Trackpoint>
     <Time>2026-04-10T16:10:31+00:00</Time>
     <Position>
      <LatitudeDegrees>43.8298100</LatitudeDegrees>
      <LongitudeDegrees>5.2408900</LongitudeDegrees>
     </Position>
     <AltitudeMeters>305.96</AltitudeMeters>
     <DistanceMeters>51796.427475509336</DistanceMeters>
    </Trackpoint>
    <Trackpoint>
     <Time>2026-04-10T16:10:38+00:00</Time>
     <Position>
      <LatitudeDegrees>43.8301500</LatitudeDegrees>
      <LongitudeDegrees>5.2405800</LongitudeDegrees>
     </Position>
     <AltitudeMeters>305.96</AltitudeMeters>
     <DistanceMeters>51841.71974198629</DistanceMeters>
    </Trackpoint>
    <Trackpoint>
     <Time>2026-04-10T16:10:45+00:00</Time>
     <Position>
      <LatitudeDegrees>43.8307850</LatitudeDegrees>
      <LongitudeDegrees>5.2397300</LongitudeDegrees>
     </Position>
     <AltitudeMeters>305.96</AltitudeMeters>
     <DistanceMeters>51939.96391587252</DistanceMeters>
    </Trackpoint>
    <Trackpoint>
     <Time>2026-04-10T16:10:52+00:00</Time>
     <Position>
      <LatitudeDegrees>43.8314200</LatitudeDegrees>
      <LongitudeDegrees>5.2388800</LongitudeDegrees>
     </Position>
     <AltitudeMeters>267.87</AltitudeMeters>
     <DistanceMeters>52038.20812235169</DistanceMeters>
    </Trackpoint>
    <Trackpoint>
     <Time>2026-04-10T16:10:58+00:00</Time>
     <Position>
      <LatitudeDegrees>43.8316900</LatitudeDegrees>
      <LongitudeDegrees>5.2385800</LongitudeDegrees>
     </Position>
     <AltitudeMeters>267.87</AltitudeMeters>
     <DistanceMeters>52076.71946387075</DistanceMeters>
    </Trackpoint>
    <Trackpoint>
     <Time>2026-04-10T16:11:05+00:00</Time>
     <Position>
      <LatitudeDegrees>43.8319600</LatitudeDegrees>
      <LongitudeDegrees>5.2383500</LongitudeDegrees>
     </Position>
     <AltitudeMeters>267.87</AltitudeMeters>
     <DistanceMeters>52111.989528756065</DistanceMeters>
    </Trackpoint>
    <Trackpoint>
     <Time>2026-04-10T16:11:12+00:00</Time>
     <Position>
      <LatitudeDegrees>43.8322000</LatitudeDegrees>
      <LongitudeDegrees>5.2381900</LongitudeDegrees>
     </Position>
     <AltitudeMeters>267.87</AltitudeMeters>
     <DistanceMeters>52141.62882136426</DistanceMeters>
    </Trackpoint>
    <Trackpoint>
     <Time>2026-04-10T16:11:19+00:00</Time>
     <Position>
      <LatitudeDegrees>43.8324700</LatitudeDegrees>
      <LongitudeDegrees>5.2380700</LongitudeDegrees>
     </Position>
     <AltitudeMeters>267.87</AltitudeMeters>
     <DistanceMeters>52173.185294768984</DistanceMeters>
    </Trackpoint>
    <Trackpoint>
     <Time>2026-04-10T16:11:26+00:00</Time>
     <Position>
      <LatitudeDegrees>43.8332800</LatitudeDegrees>
      <LongitudeDegrees>5.2378800</LongitudeDegrees>
     </Position>
     <AltitudeMeters>267.87</AltitudeMeters>
     <DistanceMeters>52264.61624731571</DistanceMeters>
    </Trackpoint>
    <Trackpoint>
     <Time>2026-04-10T16:11:32+00:00</Time>
     <Position>
      <LatitudeDegrees>43.8334900</LatitudeDegrees>
      <LongitudeDegrees>5.2377800</LongitudeDegrees>
     </Position>
     <AltitudeMeters>267.87</AltitudeMeters>
     <DistanceMeters>52289.328789803454</DistanceMeters>
    </Trackpoint>
    <Trackpoint>
     <Time>2026-04-10T16:11:39+00:00</Time>
     <Position>
      <LatitudeDegrees>43.8337700</LatitudeDegrees>
      <LongitudeDegrees>5.2375200</LongitudeDegrees>
     </Position>
     <AltitudeMeters>267.87</AltitudeMeters>
     <DistanceMeters>52326.83654883325</DistanceMeters>
    </Trackpoint>
    <Trackpoint>
     <Time>2026-04-10T16:11:46+00:00</Time>
     <Position>
      <LatitudeDegrees>43.8339100</LatitudeDegrees>
      <LongitudeDegrees>5.2373000</LongitudeDegrees>
     </Position>
     <AltitudeMeters>267.87</AltitudeMeters>
     <DistanceMeters>52350.389415108075</DistanceMeters>
    </Trackpoint>
    <Trackpoint>
     <Time>2026-04-10T16:11:53+00:00</Time>
     <Position>
      <LatitudeDegrees>43.8339900</LatitudeDegrees>
      <LongitudeDegrees>5.2370400</LongitudeDegrees>
     </Position>
     <AltitudeMeters>267.87</AltitudeMeters>
     <DistanceMeters>52373.082649339034</DistanceMeters>
    </Trackpoint>
    <Trackpoint>
     <Time>2026-04-10T16:12:00+00:00</Time>
     <Position>
      <LatitudeDegrees>43.8340000</LatitudeDegrees>
      <LongitudeDegrees>5.2366100</LongitudeDegrees>
     </Position>
     <AltitudeMeters>267.87</AltitudeMeters>
     <DistanceMeters>52407.62230764302</DistanceMeters>
    </Trackpoint>
    <Trackpoint>
     <Time>2026-04-10T16:12:06+00:00</Time>
     <Position>
      <LatitudeDegrees>43.8339600</LatitudeDegrees>
      <LongitudeDegrees>5.2361000</LongitudeDegrees>
     </Position>
     <AltitudeMeters>267.87</AltitudeMeters>
     <DistanceMeters>52448.80799595386</DistanceMeters>
    </Trackpoint>
    <Trackpoint>
     <Time>2026-04-10T16:12:13+00:00</Time>
     <Position>
      <LatitudeDegrees>43.8338200</LatitudeDegrees>
      <LongitudeDegrees>5.2349950</LongitudeDegrees>
     </Position>
     <AltitudeMeters>266.95</AltitudeMeters>
     <DistanceMeters>52538.879021108434</DistanceMeters>
    </Trackpoint>
    <Trackpoint>
     <Time>2026-04-10T16:12:20+00:00</Time>
     <Position>
      <LatitudeDegrees>43.8336800</LatitudeDegrees>
      <LongitudeDegrees>5.2338900</LongitudeDegrees>
     </Position>
     <AltitudeMeters>261.58000000000004</AltitudeMeters>
     <DistanceMeters>52628.95001372627</DistanceMeters>
    </Trackpoint>
    <Trackpoint>
     <Time>2026-04-10T16:12:27+00:00</Time>
     <Position>
      <LatitudeDegrees>43.8336400</LatitudeDegrees>
      <LongitudeDegrees>5.2334200</LongitudeDegrees>
     </Position>
     <AltitudeMeters>261.58000000000004</AltitudeMeters>
     <DistanceMeters>52666.94498014336</DistanceMeters>
    </Trackpoint>
    <Trackpoint>
     <Time>2026-04-10T16:12:34+00:00</Time>
     <Position>
      <LatitudeDegrees>43.8336300</LatitudeDegrees>
      <LongitudeDegrees>5.2326700</LongitudeDegrees>
     </Position>
     <AltitudeMeters>261.58000000000004</AltitudeMeters>
     <DistanceMeters>52727.16793496093</DistanceMeters>
    </Trackpoint>
    <Trackpoint>
     <Time>2026-04-10T16:12:40+00:00</Time>
     <Position>
      <LatitudeDegrees>43.8336400</LatitudeDegrees>
      <LongitudeDegrees>5.2317800</LongitudeDegrees>
     </Position>
     <AltitudeMeters>259.55</AltitudeMeters>
     <DistanceMeters>52798.62897051545</DistanceMeters>
    </Trackpoint>
    <Trackpoint>
     <Time>2026-04-10T16:12:47+00:00</Time>
     <Position>
      <LatitudeDegrees>43.8336700</LatitudeDegrees>
      <LongitudeDegrees>5.2312000</LongitudeDegrees>
     </Position>
     <AltitudeMeters>259.55</AltitudeMeters>
     <DistanceMeters>52845.31297179668</DistanceMeters>
    </Trackpoint>
    <Trackpoint>
     <Time>2026-04-10T16:12:54+00:00</Time>
     <Position>
      <LatitudeDegrees>43.8337900</LatitudeDegrees>
      <LongitudeDegrees>5.2304200</LongitudeDegrees>
     </Position>
     <AltitudeMeters>253.14000000000001</AltitudeMeters>
     <DistanceMeters>52909.34240385927</DistanceMeters>
    </Trackpoint>
    <Trackpoint>
     <Time>2026-04-10T16:13:01+00:00</Time>
     <Position>
      <LatitudeDegrees>43.8339000</LatitudeDegrees>
      <LongitudeDegrees>5.2299100</LongitudeDegrees>
     </Position>
     <AltitudeMeters>253.14000000000001</AltitudeMeters>
     <DistanceMeters>52952.077976316905</DistanceMeters>
    </Trackpoint>
    <Trackpoint>
     <Time>2026-04-10T16:13:08+00:00</Time>
     <Position>
      <LatitudeDegrees>43.8339600</LatitudeDegrees>
      <LongitudeDegrees>5.2295100</LongitudeDegrees>
     </Position>
     <AltitudeMeters>253.14000000000001</AltitudeMeters>
     <DistanceMeters>52984.87819008105</DistanceMeters>
    </Trackpoint>
    <Trackpoint>
     <Time>2026-04-10T16:13:14+00:00</Time>
     <Position>
      <LatitudeDegrees>43.8339600</LatitudeDegrees>
      <LongitudeDegrees>5.2292700</LongitudeDegrees>
     </Position>
     <AltitudeMeters>253.14000000000001</AltitudeMeters>
     <DistanceMeters>53004.14613950951</DistanceMeters>
    </Trackpoint>
    <Trackpoint>
     <Time>2026-04-10T16:13:21+00:00</Time>
     <Position>
      <LatitudeDegrees>43.8339200</LatitudeDegrees>
      <LongitudeDegrees>5.2290000</LongitudeDegrees>
     </Position>
     <AltitudeMeters>246.36</AltitudeMeters>
     <DistanceMeters>53026.27501806074</DistanceMeters>
    </Trackpoint>
    <Trackpoint>
     <Time>2026-04-10T16:13:28+00:00</Time>
     <Position>
      <LatitudeDegrees>43.8338100</LatitudeDegrees>
      <LongitudeDegrees>5.2286900</LongitudeDegrees>
     </Position>
     <AltitudeMeters>246.36</AltitudeMeters>
     <DistanceMeters>53054.01095829437</DistanceMeters>
    </Trackpoint>
    <Trackpoint>
     <Time>2026-04-10T16:13:35+00:00</Time>
     <Position>
      <LatitudeDegrees>43.8336800</LatitudeDegrees>
      <LongitudeDegrees>5.2285300</LongitudeDegrees>
     </Position>
     <AltitudeMeters>246.36</AltitudeMeters>
     <DistanceMeters>53073.358790701925</DistanceMeters>
    </Trackpoint>
    <Trackpoint>
     <Time>2026-04-10T16:13:42+00:00</Time>
     <Position>
      <LatitudeDegrees>43.8333500</LatitudeDegrees>
      <LongitudeDegrees>5.2282800</LongitudeDegrees>
     </Position>
     <AltitudeMeters>246.36</AltitudeMeters>
     <DistanceMeters>53115.21278634875</DistanceMeters>
    </Trackpoint>
    <Trackpoint>
     <Time>2026-04-10T16:13:48+00:00</Time>
     <Position>
      <LatitudeDegrees>43.8330200</LatitudeDegrees>
      <LongitudeDegrees>5.2280800</LongitudeDegrees>
     </Position>
     <AltitudeMeters>246.36</AltitudeMeters>
     <DistanceMeters>53155.296905338015</DistanceMeters>
    </Trackpoint>
    <Trackpoint>
     <Time>2026-04-10T16:13:55+00:00</Time>
     <Position>
      <LatitudeDegrees>43.8327300</LatitudeDegrees>
      <LongitudeDegrees>5.2278100</LongitudeDegrees>
     </Position>
     <AltitudeMeters>246.36</AltitudeMeters>
     <DistanceMeters>53194.17632300664</DistanceMeters>
    </Trackpoint>
    <Trackpoint>
     <Time>2026-04-10T16:14:02+00:00</Time>
     <Position>
      <LatitudeDegrees>43.8325000</LatitudeDegrees>
      <LongitudeDegrees>5.2274900</LongitudeDegrees>
     </Position>
     <AltitudeMeters>224.51000000000002</AltitudeMeters>
     <DistanceMeters>53230.4433130238</DistanceMeters>
    </Trackpoint>
    <Trackpoint>
     <Time>2026-04-10T16:14:09+00:00</Time>
     <Position>
      <LatitudeDegrees>43.8322500</LatitudeDegrees>
      <LongitudeDegrees>5.2269800</LongitudeDegrees>
     </Position>
     <AltitudeMeters>224.51000000000002</AltitudeMeters>
     <DistanceMeters>53279.94788703887</DistanceMeters>
    </Trackpoint>
    <Trackpoint>
     <Time>2026-04-10T16:14:16+00:00</Time>
     <Position>
      <LatitudeDegrees>43.8321300</LatitudeDegrees>
      <LongitudeDegrees>5.2265700</LongitudeDegrees>
     </Position>
     <AltitudeMeters>224.51000000000002</AltitudeMeters>
     <DistanceMeters>53315.471139965215</DistanceMeters>
    </Trackpoint>
    <Trackpoint>
     <Time>2026-04-10T16:14:22+00:00</Time>
     <Position>
      <LatitudeDegrees>43.8320900</LatitudeDegrees>
      <LongitudeDegrees>5.2262600</LongitudeDegrees>
     </Position>
     <AltitudeMeters>224.51000000000002</AltitudeMeters>
     <DistanceMeters>53340.754695196716</DistanceMeters>
    </Trackpoint>
    <Trackpoint>
     <Time>2026-04-10T16:14:29+00:00</Time>
     <Position>
      <LatitudeDegrees>43.8320500</LatitudeDegrees>
      <LongitudeDegrees>5.2256600</LongitudeDegrees>
     </Position>
     <AltitudeMeters>224.51000000000002</AltitudeMeters>
     <DistanceMeters>53389.13136786223</DistanceMeters>
    </Trackpoint>
    <Trackpoint>
     <Time>2026-04-10T16:14:36+00:00</Time>
     <Position>
      <LatitudeDegrees>43.8320700</LatitudeDegrees>
      <LongitudeDegrees>5.2250500</LongitudeDegrees>
     </Position>
     <AltitudeMeters>224.51000000000002</AltitudeMeters>
     <DistanceMeters>53438.15619038386</DistanceMeters>
    </Trackpoint>
    <Trackpoint>
     <Time>2026-04-10T16:14:43+00:00</Time>
     <Position>
      <LatitudeDegrees>43.8321500</LatitudeDegrees>
      <LongitudeDegrees>5.2246400</LongitudeDegrees>
     </Position>
     <AltitudeMeters>224.51000000000002</AltitudeMeters>
     <DistanceMeters>53472.25619884852</DistanceMeters>
    </Trackpoint>
    <Trackpoint>
     <Time>2026-04-10T16:14:50+00:00</Time>
     <Position>
      <LatitudeDegrees>43.8322900</LatitudeDegrees>
      <LongitudeDegrees>5.2242200</LongitudeDegrees>
     </Position>
     <AltitudeMeters>224.51000000000002</AltitudeMeters>
     <DistanceMeters>53509.40200840842</DistanceMeters>
    </Trackpoint>
    <Trackpoint>
     <Time>2026-04-10T16:14:56+00:00</Time>
     <Position>
      <LatitudeDegrees>43.8323700</LatitudeDegrees>
      <LongitudeDegrees>5.2238200</LongitudeDegrees>
     </Position>
     <AltitudeMeters>224.51000000000002</AltitudeMeters>
     <DistanceMeters>53542.727556575686</DistanceMeters>
    </Trackpoint>
    <Trackpoint>
     <Time>2026-04-10T16:15:03+00:00</Time>
     <Position>
      <LatitudeDegrees>43.8323700</LatitudeDegrees>
      <LongitudeDegrees>5.2235600</LongitudeDegrees>
     </Position>
     <AltitudeMeters>207.18000000000004</AltitudeMeters>
     <DistanceMeters>53563.60172459647</DistanceMeters>
    </Trackpoint>
    <Trackpoint>
     <Time>2026-04-10T16:15:10+00:00</Time>
     <Position>
      <LatitudeDegrees>43.8323000</LatitudeDegrees>
      <LongitudeDegrees>5.2232800</LongitudeDegrees>
     </Position>
     <AltitudeMeters>207.18000000000004</AltitudeMeters>
     <DistanceMeters>53587.393325271805</DistanceMeters>
    </Trackpoint>
    <Trackpoint>
     <Time>2026-04-10T16:15:17+00:00</Time>
     <Position>
      <LatitudeDegrees>43.8321600</LatitudeDegrees>
      <LongitudeDegrees>5.2228600</LongitudeDegrees>
     </Position>
     <AltitudeMeters>207.18000000000004</AltitudeMeters>
     <DistanceMeters>53624.539129703044</DistanceMeters>
    </Trackpoint>
    <Trackpoint>
     <Time>2026-04-10T16:15:24+00:00</Time>
     <Position>
      <LatitudeDegrees>43.8319600</LatitudeDegrees>
      <LongitudeDegrees>5.2224100</LongitudeDegrees>
     </Position>
     <AltitudeMeters>207.18000000000004</AltitudeMeters>
     <DistanceMeters>53666.97427604664</DistanceMeters>
    </Trackpoint>
    <Trackpoint>
     <Time>2026-04-10T16:15:30+00:00</Time>
     <Position>
      <LatitudeDegrees>43.8318800</LatitudeDegrees>
      <LongitudeDegrees>5.2221100</LongitudeDegrees>
     </Position>
     <AltitudeMeters>207.18000000000004</AltitudeMeters>
     <DistanceMeters>53692.65303965082</DistanceMeters>
    </Trackpoint>
    <Trackpoint>
     <Time>2026-04-10T16:15:37+00:00</Time>
     <Position>
      <LatitudeDegrees>43.8318700</LatitudeDegrees>
      <LongitudeDegrees>5.2218800</LongitudeDegrees>
     </Position>
     <AltitudeMeters>207.18000000000004</AltitudeMeters>
     <DistanceMeters>53711.15231229</DistanceMeters>
    </Trackpoint>
    <Trackpoint>
     <Time>2026-04-10T16:15:44+00:00</Time>
     <Position>
      <LatitudeDegrees>43.8320067</LatitudeDegrees>
      <LongitudeDegrees>5.2208200</LongitudeDegrees>
     </Position>
     <AltitudeMeters>201.61</AltitudeMeters>
     <DistanceMeters>53797.60370336346</DistanceMeters>
    </Trackpoint>
    <Trackpoint>
     <Time>2026-04-10T16:15:51+00:00</Time>
     <Position>
      <LatitudeDegrees>43.8321433</LatitudeDegrees>
      <LongitudeDegrees>5.2197600</LongitudeDegrees>
     </Position>
     <AltitudeMeters>197.43</AltitudeMeters>
     <DistanceMeters>53884.05509443714</DistanceMeters>
    </Trackpoint>
    <Trackpoint>
     <Time>2026-04-10T16:15:58+00:00</Time>
     <Position>
      <LatitudeDegrees>43.8322800</LatitudeDegrees>
      <LongitudeDegrees>5.2187000</LongitudeDegrees>
     </Position>
     <AltitudeMeters>195.78</AltitudeMeters>
     <DistanceMeters>53970.50648138387</DistanceMeters>
    </Trackpoint>
    <Trackpoint>
     <Time>2026-04-10T16:16:04+00:00</Time>
     <Position>
      <LatitudeDegrees>43.8323900</LatitudeDegrees>
      <LongitudeDegrees>5.2180600</LongitudeDegrees>
     </Position>
     <AltitudeMeters>195.78</AltitudeMeters>
     <DistanceMeters>54023.32735264705</DistanceMeters>
    </Trackpoint>
    <Trackpoint>
     <Time>2026-04-10T16:16:11+00:00</Time>
     <Position>
      <LatitudeDegrees>43.8325000</LatitudeDegrees>
      <LongitudeDegrees>5.2174200</LongitudeDegrees>
     </Position>
     <AltitudeMeters>184.29</AltitudeMeters>
     <DistanceMeters>54076.14825112787</DistanceMeters>
    </Trackpoint>
    <Trackpoint>
     <Time>2026-04-10T16:16:18+00:00</Time>
     <Position>
      <LatitudeDegrees>43.8324800</LatitudeDegrees>
      <LongitudeDegrees>5.2170800</LongitudeDegrees>
     </Position>
     <AltitudeMeters>184.29</AltitudeMeters>
     <DistanceMeters>54103.53579027564</DistanceMeters>
    </Trackpoint>
    <Trackpoint>
     <Time>2026-04-10T16:16:25+00:00</Time>
     <Position>
      <LatitudeDegrees>43.8323800</LatitudeDegrees>
      <LongitudeDegrees>5.2167000</LongitudeDegrees>
     </Position>
     <AltitudeMeters>184.29</AltitudeMeters>
     <DistanceMeters>54136.01082447094</DistanceMeters>
    </Trackpoint>
    <Trackpoint>
     <Time>2026-04-10T16:16:32+00:00</Time>
     <Position>
      <LatitudeDegrees>43.8321000</LatitudeDegrees>
      <LongitudeDegrees>5.2163200</LongitudeDegrees>
     </Position>
     <AltitudeMeters>183.61</AltitudeMeters>
     <DistanceMeters>54179.62144227817</DistanceMeters>
    </Trackpoint>
    <Trackpoint>
     <Time>2026-04-10T16:16:38+00:00</Time>
     <Position>
      <LatitudeDegrees>43.8317100</LatitudeDegrees>
      <LongitudeDegrees>5.2159250</LongitudeDegrees>
     </Position>
     <AltitudeMeters>184.98</AltitudeMeters>
     <DistanceMeters>54233.3777322012</DistanceMeters>
    </Trackpoint>
    <Trackpoint>
     <Time>2026-04-10T16:16:45+00:00</Time>
     <Position>
      <LatitudeDegrees>43.8313200</LatitudeDegrees>
      <LongitudeDegrees>5.2155300</LongitudeDegrees>
     </Position>
     <AltitudeMeters>184.98</AltitudeMeters>
     <DistanceMeters>54287.13400117214</DistanceMeters>
    </Trackpoint>
    <Trackpoint>
     <Time>2026-04-10T16:16:52+00:00</Time>
     <Position>
      <LatitudeDegrees>43.8312600</LatitudeDegrees>
      <LongitudeDegrees>5.2153800</LongitudeDegrees>
     </Position>
     <AltitudeMeters>187.08</AltitudeMeters>
     <DistanceMeters>54300.90448567801</DistanceMeters>
    </Trackpoint>
    <Trackpoint>
     <Time>2026-04-10T16:16:59+00:00</Time>
     <Position>
      <LatitudeDegrees>43.8312000</LatitudeDegrees>
      <LongitudeDegrees>5.2151100</LongitudeDegrees>
     </Position>
     <AltitudeMeters>187.47000000000003</AltitudeMeters>
     <DistanceMeters>54323.587153006185</DistanceMeters>
    </Trackpoint>
    <Trackpoint>
     <Time>2026-04-10T16:17:06+00:00</Time>
     <Position>
      <LatitudeDegrees>43.8312400</LatitudeDegrees>
      <LongitudeDegrees>5.2150200</LongitudeDegrees>
     </Position>
     <AltitudeMeters>188.42</AltitudeMeters>
     <DistanceMeters>54332.0742688611</DistanceMeters>
    </Trackpoint>
    <Trackpoint>
     <Time>2026-04-10T16:17:12+00:00</Time>
     <Position>
      <LatitudeDegrees>43.8312100</LatitudeDegrees>
      <LongitudeDegrees>5.2149800</LongitudeDegrees>
     </Position>
     <AltitudeMeters>188.42</AltitudeMeters>
     <DistanceMeters>54336.70693637934</DistanceMeters>
    </Trackpoint>
    <Trackpoint>
     <Time>2026-04-10T16:17:19+00:00</Time>
     <Position>
      <LatitudeDegrees>43.8312100</LatitudeDegrees>
      <LongitudeDegrees>5.2148300</LongitudeDegrees>
     </Position>
     <AltitudeMeters>188.42</AltitudeMeters>
     <DistanceMeters>54348.7499596955</DistanceMeters>
    </Trackpoint>
    <Trackpoint>
     <Time>2026-04-10T16:17:26+00:00</Time>
     <Position>
      <LatitudeDegrees>43.8313833</LatitudeDegrees>
      <LongitudeDegrees>5.2138700</LongitudeDegrees>
     </Position>
     <AltitudeMeters>188.42</AltitudeMeters>
     <DistanceMeters>54428.20252469034</DistanceMeters>
    </Trackpoint>
    <Trackpoint>
     <Time>2026-04-10T16:17:33+00:00</Time>
     <Position>
      <LatitudeDegrees>43.8315567</LatitudeDegrees>
      <LongitudeDegrees>5.2129100</LongitudeDegrees>
     </Position>
     <AltitudeMeters>188.42</AltitudeMeters>
     <DistanceMeters>54507.65508968496</DistanceMeters>
    </Trackpoint>
    <Trackpoint>
     <Time>2026-04-10T16:17:40+00:00</Time>
     <Position>
      <LatitudeDegrees>43.8317300</LatitudeDegrees>
      <LongitudeDegrees>5.2119500</LongitudeDegrees>
     </Position>
     <AltitudeMeters>188.42</AltitudeMeters>
     <DistanceMeters>54587.10765435467</DistanceMeters>
    </Trackpoint>
    <Trackpoint>
     <Time>2026-04-10T16:17:46+00:00</Time>
     <Position>
      <LatitudeDegrees>43.8317600</LatitudeDegrees>
      <LongitudeDegrees>5.2116900</LongitudeDegrees>
     </Position>
     <AltitudeMeters>224.18</AltitudeMeters>
     <DistanceMeters>54608.24738170393</DistanceMeters>
    </Trackpoint>
    <Trackpoint>
     <Time>2026-04-10T16:17:53+00:00</Time>
     <Position>
      <LatitudeDegrees>43.8316800</LatitudeDegrees>
      <LongitudeDegrees>5.2109500</LongitudeDegrees>
     </Position>
     <AltitudeMeters>224.18</AltitudeMeters>
     <DistanceMeters>54668.32258448993</DistanceMeters>
    </Trackpoint>
    <Trackpoint>
     <Time>2026-04-10T16:18:00+00:00</Time>
     <Position>
      <LatitudeDegrees>43.8315200</LatitudeDegrees>
      <LongitudeDegrees>5.2101000</LongitudeDegrees>
     </Position>
     <AltitudeMeters>224.18</AltitudeMeters>
     <DistanceMeters>54738.85098622253</DistanceMeters>
    </Trackpoint>
    <Trackpoint>
     <Time>2026-04-10T16:18:07+00:00</Time>
     <Position>
      <LatitudeDegrees>43.8314200</LatitudeDegrees>
      <LongitudeDegrees>5.2098400</LongitudeDegrees>
     </Position>
     <AltitudeMeters>224.18</AltitudeMeters>
     <DistanceMeters>54762.50709146427</DistanceMeters>
    </Trackpoint>
    <Trackpoint>
     <Time>2026-04-10T16:18:14+00:00</Time>
     <Position>
      <LatitudeDegrees>43.8310500</LatitudeDegrees>
      <LongitudeDegrees>5.2092200</LongitudeDegrees>
     </Position>
     <AltitudeMeters>224.18</AltitudeMeters>
     <DistanceMeters>54827.11029071572</DistanceMeters>
    </Trackpoint>
    <Trackpoint>
     <Time>2026-04-10T16:18:20+00:00</Time>
     <Position>
      <LatitudeDegrees>43.8310300</LatitudeDegrees>
      <LongitudeDegrees>5.2090000</LongitudeDegrees>
     </Position>
     <AltitudeMeters>224.18</AltitudeMeters>
     <DistanceMeters>54844.913144440536</DistanceMeters>
    </Trackpoint>
    <Trackpoint>
     <Time>2026-04-10T16:18:27+00:00</Time>
     <Position>
      <LatitudeDegrees>43.8310600</LatitudeDegrees>
      <LongitudeDegrees>5.2088900</LongitudeDegrees>
     </Position>
     <AltitudeMeters>224.18</AltitudeMeters>
     <DistanceMeters>54854.35479523503</DistanceMeters>
    </Trackpoint>
    <Trackpoint>
     <Time>2026-04-10T16:18:34+00:00</Time>
     <Position>
      <LatitudeDegrees>43.8314700</LatitudeDegrees>
      <LongitudeDegrees>5.2080300</LongitudeDegrees>
     </Position>
     <AltitudeMeters>226.63000000000002</AltitudeMeters>
     <DistanceMeters>54937.117362012475</DistanceMeters>
    </Trackpoint>
    <Trackpoint>
     <Time>2026-04-10T16:18:41+00:00</Time>
     <Position>
      <LatitudeDegrees>43.8316300</LatitudeDegrees>
      <LongitudeDegrees>5.2077600</LongitudeDegrees>
     </Position>
     <AltitudeMeters>226.65</AltitudeMeters>
     <DistanceMeters>54965.170995998655</DistanceMeters>
    </Trackpoint>
    <Trackpoint>
     <Time>2026-04-10T16:18:48+00:00</Time>
     <Position>
      <LatitudeDegrees>43.8317600</LatitudeDegrees>
      <LongitudeDegrees>5.2075900</LongitudeDegrees>
     </Position>
     <AltitudeMeters>226.74</AltitudeMeters>
     <DistanceMeters>54985.06122784421</DistanceMeters>
    </Trackpoint>
    <Trackpoint>
     <Time>2026-04-10T16:18:54+00:00</Time>
     <Position>
      <LatitudeDegrees>43.8319900</LatitudeDegrees>
      <LongitudeDegrees>5.2074400</LongitudeDegrees>
     </Position>
     <AltitudeMeters>226.74</AltitudeMeters>
     <DistanceMeters>55013.350609308545</DistanceMeters>
    </Trackpoint>
    <Trackpoint>
     <Time>2026-04-10T16:19:01+00:00</Time>
     <Position>
      <LatitudeDegrees>43.8322600</LatitudeDegrees>
      <LongitudeDegrees>5.2072500</LongitudeDegrees>
     </Position>
     <AltitudeMeters>224.60000000000002</AltitudeMeters>
     <DistanceMeters>55047.05053526587</DistanceMeters>
    </Trackpoint>
    <Trackpoint>
     <Time>2026-04-10T16:19:08+00:00</Time>
     <Position>
      <LatitudeDegrees>43.8323300</LatitudeDegrees>
      <LongitudeDegrees>5.2070800</LongitudeDegrees>
     </Position>
     <AltitudeMeters>224.60000000000002</AltitudeMeters>
     <DistanceMeters>55062.766032016676</DistanceMeters>
    </Trackpoint>
    <Trackpoint>
     <Time>2026-04-10T16:19:15+00:00</Time>
     <Position>
      <LatitudeDegrees>43.8323700</LatitudeDegrees>
      <LongitudeDegrees>5.2069400</LongitudeDegrees>
     </Position>
     <AltitudeMeters>224.60000000000002</AltitudeMeters>
     <DistanceMeters>55074.85549127932</DistanceMeters>
    </Trackpoint>
    <Trackpoint>
     <Time>2026-04-10T16:19:22+00:00</Time>
     <Position>
      <LatitudeDegrees>43.8324400</LatitudeDegrees>
      <LongitudeDegrees>5.2065500</LongitudeDegrees>
     </Position>
     <AltitudeMeters>230.06</AltitudeMeters>
     <DistanceMeters>55107.121391581655</DistanceMeters>
    </Trackpoint>
    <Trackpoint>
     <Time>2026-04-10T16:19:28+00:00</Time>
     <Position>
      <LatitudeDegrees>43.8324200</LatitudeDegrees>
      <LongitudeDegrees>5.2064300</LongitudeDegrees>
     </Position>
     <AltitudeMeters>230.06</AltitudeMeters>
     <DistanceMeters>55117.009410555605</DistanceMeters>
    </Trackpoint>
    <Trackpoint>
     <Time>2026-04-10T16:19:35+00:00</Time>
     <Position>
      <LatitudeDegrees>43.8322700</LatitudeDegrees>
      <LongitudeDegrees>5.2063300</LongitudeDegrees>
     </Position>
     <AltitudeMeters>229.93</AltitudeMeters>
     <DistanceMeters>55135.53395298589</DistanceMeters>
    </Trackpoint>
    <Trackpoint>
     <Time>2026-04-10T16:19:42+00:00</Time>
     <Position>
      <LatitudeDegrees>43.8322700</LatitudeDegrees>
      <LongitudeDegrees>5.2061400</LongitudeDegrees>
     </Position>
     <AltitudeMeters>229.93</AltitudeMeters>
     <DistanceMeters>55150.78817825336</DistanceMeters>
    </Trackpoint>
    <Trackpoint>
     <Time>2026-04-10T16:19:49+00:00</Time>
     <Position>
      <LatitudeDegrees>43.8322900</LatitudeDegrees>
      <LongitudeDegrees>5.2060600</LongitudeDegrees>
     </Position>
     <AltitudeMeters>229.93</AltitudeMeters>
     <DistanceMeters>55157.58578403905</DistanceMeters>
    </Trackpoint>
    <Trackpoint>
     <Time>2026-04-10T16:19:56+00:00</Time>
     <Position>
      <LatitudeDegrees>43.8326000</LatitudeDegrees>
      <LongitudeDegrees>5.2054200</LongitudeDegrees>
     </Position>
     <AltitudeMeters>227.78</AltitudeMeters>
     <DistanceMeters>55219.47702886838</DistanceMeters>
    </Trackpoint>
    <Trackpoint>
     <Time>2026-04-10T16:20:02+00:00</Time>
     <Position>
      <LatitudeDegrees>43.8327600</LatitudeDegrees>
      <LongitudeDegrees>5.2051700</LongitudeDegrees>
     </Position>
     <AltitudeMeters>227.63000000000002</AltitudeMeters>
     <DistanceMeters>55246.30898295989</DistanceMeters>
    </Trackpoint>
    <Trackpoint>
     <Time>2026-04-10T16:20:09+00:00</Time>
     <Position>
      <LatitudeDegrees>43.8329350</LatitudeDegrees>
      <LongitudeDegrees>5.2045900</LongitudeDegrees>
     </Position>
     <AltitudeMeters>227.63000000000002</AltitudeMeters>
     <DistanceMeters>55296.78319445871</DistanceMeters>
    </Trackpoint>
    <Trackpoint>
     <Time>2026-04-10T16:20:16+00:00</Time>
     <Position>
      <LatitudeDegrees>43.8331100</LatitudeDegrees>
      <LongitudeDegrees>5.2040100</LongitudeDegrees>
     </Position>
     <AltitudeMeters>227.63000000000002</AltitudeMeters>
     <DistanceMeters>55347.25736169904</DistanceMeters>
    </Trackpoint>
    <Trackpoint>
     <Time>2026-04-10T16:20:23+00:00</Time>
     <Position>
      <LatitudeDegrees>43.8334200</LatitudeDegrees>
      <LongitudeDegrees>5.2032900</LongitudeDegrees>
     </Position>
     <AltitudeMeters>208.18</AltitudeMeters>
     <DistanceMeters>55414.575466904185</DistanceMeters>
    </Trackpoint>
    <Trackpoint>
     <Time>2026-04-10T16:20:30+00:00</Time>
     <Position>
      <LatitudeDegrees>43.8334300</LatitudeDegrees>
      <LongitudeDegrees>5.2030600</LongitudeDegrees>
     </Position>
     <AltitudeMeters>203.06</AltitudeMeters>
     <DistanceMeters>55433.07426082327</DistanceMeters>
    </Trackpoint>
    <Trackpoint>
     <Time>2026-04-10T16:20:37+00:00</Time>
     <Position>
      <LatitudeDegrees>43.8334100</LatitudeDegrees>
      <LongitudeDegrees>5.2029900</LongitudeDegrees>
     </Position>
     <AltitudeMeters>203.06</AltitudeMeters>
     <DistanceMeters>55439.11889677426</DistanceMeters>
    </Trackpoint>
    <Trackpoint>
     <Time>2026-04-10T16:20:43+00:00</Time>
     <Position>
      <LatitudeDegrees>43.8335700</LatitudeDegrees>
      <LongitudeDegrees>5.2027400</LongitudeDegrees>
     </Position>
     <AltitudeMeters>198.10000000000002</AltitudeMeters>
     <DistanceMeters>55465.95064708803</DistanceMeters>
    </Trackpoint>
    <Trackpoint>
     <Time>2026-04-10T16:20:50+00:00</Time>
     <Position>
      <LatitudeDegrees>43.8335100</LatitudeDegrees>
      <LongitudeDegrees>5.2026600</LongitudeDegrees>
     </Position>
     <AltitudeMeters>198.10000000000002</AltitudeMeters>
     <DistanceMeters>55475.2158094153</DistanceMeters>
    </Trackpoint>
    <Trackpoint>
     <Time>2026-04-10T16:20:57+00:00</Time>
     <Position>
      <LatitudeDegrees>43.8334500</LatitudeDegrees>
      <LongitudeDegrees>5.2026300</LongitudeDegrees>
     </Position>
     <AltitudeMeters>198.10000000000002</AltitudeMeters>
     <DistanceMeters>55482.31462317935</DistanceMeters>
    </Trackpoint>
    <Trackpoint>
     <Time>2026-04-10T16:21:04+00:00</Time>
     <Position>
      <LatitudeDegrees>43.8333600</LatitudeDegrees>
      <LongitudeDegrees>5.2027100</LongitudeDegrees>
     </Position>
     <AltitudeMeters>198.10000000000002</AltitudeMeters>
     <DistanceMeters>55494.2135179502</DistanceMeters>
    </Trackpoint>
    <Trackpoint>
     <Time>2026-04-10T16:21:11+00:00</Time>
     <Position>
      <LatitudeDegrees>43.8331700</LatitudeDegrees>
      <LongitudeDegrees>5.2029700</LongitudeDegrees>
     </Position>
     <AltitudeMeters>198.10000000000002</AltitudeMeters>
     <DistanceMeters>55523.926792960156</DistanceMeters>
    </Trackpoint>
    <Trackpoint>
     <Time>2026-04-10T16:21:17+00:00</Time>
     <Position>
      <LatitudeDegrees>43.8327400</LatitudeDegrees>
      <LongitudeDegrees>5.2031900</LongitudeDegrees>
     </Position>
     <AltitudeMeters>201.19</AltitudeMeters>
     <DistanceMeters>55574.93927127751</DistanceMeters>
    </Trackpoint>
    <Trackpoint>
     <Time>2026-04-10T16:21:24+00:00</Time>
     <Position>
      <LatitudeDegrees>43.8324200</LatitudeDegrees>
      <LongitudeDegrees>5.2034200</LongitudeDegrees>
     </Position>
     <AltitudeMeters>201.19</AltitudeMeters>
     <DistanceMeters>55615.056316699505</DistanceMeters>
    </Trackpoint>
    <Trackpoint>
     <Time>2026-04-10T16:21:31+00:00</Time>
     <Position>
      <LatitudeDegrees>43.8322600</LatitudeDegrees>
      <LongitudeDegrees>5.2034700</LongitudeDegrees>
     </Position>
     <AltitudeMeters>199.67000000000002</AltitudeMeters>
     <DistanceMeters>55633.31048246516</DistanceMeters>
    </Trackpoint>
    <Trackpoint>
     <Time>2026-04-10T16:21:38+00:00</Time>
     <Position>
      <LatitudeDegrees>43.8322200</LatitudeDegrees>
      <LongitudeDegrees>5.2034800</LongitudeDegrees>
     </Position>
     <AltitudeMeters>199.67000000000002</AltitudeMeters>
     <DistanceMeters>55637.83412484155</DistanceMeters>
    </Trackpoint>
    <Trackpoint>
     <Time>2026-04-10T16:21:45+00:00</Time>
     <Position>
      <LatitudeDegrees>43.8321400</LatitudeDegrees>
      <LongitudeDegrees>5.2034600</LongitudeDegrees>
     </Position>
     <AltitudeMeters>199.67000000000002</AltitudeMeters>
     <DistanceMeters>55646.881409881615</DistanceMeters>
    </Trackpoint>
    <Trackpoint>
     <Time>2026-04-10T16:21:51+00:00</Time>
     <Position>
      <LatitudeDegrees>43.8320600</LatitudeDegrees>
      <LongitudeDegrees>5.2034100</LongitudeDegrees>
     </Position>
     <AltitudeMeters>196.46</AltitudeMeters>
     <DistanceMeters>55656.64816547195</DistanceMeters>
    </Trackpoint>
    <Trackpoint>
     <Time>2026-04-10T16:21:58+00:00</Time>
     <Position>
      <LatitudeDegrees>43.8319400</LatitudeDegrees>
      <LongitudeDegrees>5.2032600</LongitudeDegrees>
     </Position>
     <AltitudeMeters>196.46</AltitudeMeters>
     <DistanceMeters>55674.63147601282</DistanceMeters>
    </Trackpoint>
    <Trackpoint>
     <Time>2026-04-10T16:22:05+00:00</Time>
     <Position>
      <LatitudeDegrees>43.8318000</LatitudeDegrees>
      <LongitudeDegrees>5.2026800</LongitudeDegrees>
     </Position>
     <AltitudeMeters>196.45000000000002</AltitudeMeters>
     <DistanceMeters>55723.73501460605</DistanceMeters>
    </Trackpoint>
    <Trackpoint>
     <Time>2026-04-10T16:22:12+00:00</Time>
     <Position>
      <LatitudeDegrees>43.8318100</LatitudeDegrees>
      <LongitudeDegrees>5.2025700</LongitudeDegrees>
     </Position>
     <AltitudeMeters>196.45000000000002</AltitudeMeters>
     <DistanceMeters>55732.636329154906</DistanceMeters>
    </Trackpoint>
    <Trackpoint>
     <Time>2026-04-10T16:22:19+00:00</Time>
     <Position>
      <LatitudeDegrees>43.8318900</LatitudeDegrees>
      <LongitudeDegrees>5.2023800</LongitudeDegrees>
     </Position>
     <AltitudeMeters>196.45000000000002</AltitudeMeters>
     <DistanceMeters>55750.298993861</DistanceMeters>
    </Trackpoint>
    <Trackpoint>
     <Time>2026-04-10T16:22:25+00:00</Time>
     <Position>
      <LatitudeDegrees>43.8320200</LatitudeDegrees>
      <LongitudeDegrees>5.2022100</LongitudeDegrees>
     </Position>
     <AltitudeMeters>196.45000000000002</AltitudeMeters>
     <DistanceMeters>55770.189184905816</DistanceMeters>
    </Trackpoint>
    <Trackpoint>
     <Time>2026-04-10T16:22:32+00:00</Time>
     <Position>
      <LatitudeDegrees>43.8320700</LatitudeDegrees>
      <LongitudeDegrees>5.2021100</LongitudeDegrees>
     </Position>
     <AltitudeMeters>196.45000000000002</AltitudeMeters>
     <DistanceMeters>55779.957744421474</DistanceMeters>
    </Trackpoint>
    <Trackpoint>
     <Time>2026-04-10T16:22:39+00:00</Time>
     <Position>
      <LatitudeDegrees>43.8321800</LatitudeDegrees>
      <LongitudeDegrees>5.2016800</LongitudeDegrees>
     </Position>
     <AltitudeMeters>196.45000000000002</AltitudeMeters>
     <DistanceMeters>55816.587014454046</DistanceMeters>
    </Trackpoint>
    <Trackpoint>
     <Time>2026-04-10T16:22:46+00:00</Time>
     <Position>
      <LatitudeDegrees>43.8322500</LatitudeDegrees>
      <LongitudeDegrees>5.2015400</LongitudeDegrees>
     </Position>
     <AltitudeMeters>196.45000000000002</AltitudeMeters>
     <DistanceMeters>55830.262971462354</DistanceMeters>
    </Trackpoint>
    <Trackpoint>
     <Time>2026-04-10T16:22:53+00:00</Time>
     <Position>
      <LatitudeDegrees>43.8326700</LatitudeDegrees>
      <LongitudeDegrees>5.2010000</LongitudeDegrees>
     </Position>
     <AltitudeMeters>196.45000000000002</AltitudeMeters>
     <DistanceMeters>55894.01707792819</DistanceMeters>
    </Trackpoint>
    <Trackpoint>
     <Time>2026-04-10T16:22:59+00:00</Time>
     <Position>
      <LatitudeDegrees>43.8328700</LatitudeDegrees>
      <LongitudeDegrees>5.2005700</LongitudeDegrees>
     </Position>
     <AltitudeMeters>196.45000000000002</AltitudeMeters>
     <DistanceMeters>55935.093438286036</DistanceMeters>
    </Trackpoint>
    <Trackpoint>
     <Time>2026-04-10T16:23:06+00:00</Time>
     <Position>
      <LatitudeDegrees>43.8330000</LatitudeDegrees>
      <LongitudeDegrees>5.2003700</LongitudeDegrees>
     </Position>
     <AltitudeMeters>196.45000000000002</AltitudeMeters>
     <DistanceMeters>55956.70731704791</DistanceMeters>
    </Trackpoint>
    <Trackpoint>
     <Time>2026-04-10T16:23:13+00:00</Time>
     <Position>
      <LatitudeDegrees>43.8330600</LatitudeDegrees>
      <LongitudeDegrees>5.2002300</LongitudeDegrees>
     </Position>
     <AltitudeMeters>215.71</AltitudeMeters>
     <DistanceMeters>55969.78116892133</DistanceMeters>
    </Trackpoint>
    <Trackpoint>
     <Time>2026-04-10T16:23:20+00:00</Time>
     <Position>
      <LatitudeDegrees>43.8331100</LatitudeDegrees>
      <LongitudeDegrees>5.2000300</LongitudeDegrees>
     </Position>
     <AltitudeMeters>215.71</AltitudeMeters>
     <DistanceMeters>55986.774978738504</DistanceMeters>
    </Trackpoint>
    <Trackpoint>
     <Time>2026-04-10T16:23:27+00:00</Time>
     <Position>
      <LatitudeDegrees>43.8331300</LatitudeDegrees>
      <LongitudeDegrees>5.1997600</LongitudeDegrees>
     </Position>
     <AltitudeMeters>215.71</AltitudeMeters>
     <DistanceMeters>56008.565713115015</DistanceMeters>
    </Trackpoint>
    <Trackpoint>
     <Time>2026-04-10T16:23:33+00:00</Time>
     <Position>
      <LatitudeDegrees>43.8330300</LatitudeDegrees>
      <LongitudeDegrees>5.1992000</LongitudeDegrees>
     </Position>
     <AltitudeMeters>215.71</AltitudeMeters>
     <DistanceMeters>56054.881995270145</DistanceMeters>
    </Trackpoint>
    <Trackpoint>
     <Time>2026-04-10T16:23:40+00:00</Time>
     <Position>
      <LatitudeDegrees>43.8330200</LatitudeDegrees>
      <LongitudeDegrees>5.1989000</LongitudeDegrees>
     </Position>
     <AltitudeMeters>215.71</AltitudeMeters>
     <DistanceMeters>56078.99300997366</DistanceMeters>
    </Trackpoint>
    <Trackpoint>
     <Time>2026-04-10T16:23:47+00:00</Time>
     <Position>
      <LatitudeDegrees>43.8330700</LatitudeDegrees>
      <LongitudeDegrees>5.1986600</LongitudeDegrees>
     </Position>
     <AltitudeMeters>215.71</AltitudeMeters>
     <DistanceMeters>56099.04873435415</DistanceMeters>
    </Trackpoint>
    <Trackpoint>
     <Time>2026-04-10T16:23:54+00:00</Time>
     <Position>
      <LatitudeDegrees>43.8331400</LatitudeDegrees>
      <LongitudeDegrees>5.1984500</LongitudeDegrees>
     </Position>
     <AltitudeMeters>215.71</AltitudeMeters>
     <DistanceMeters>56117.62141217462</DistanceMeters>
    </Trackpoint>
    <Trackpoint>
     <Time>2026-04-10T16:24:01+00:00</Time>
     <Position>
      <LatitudeDegrees>43.8334300</LatitudeDegrees>
      <LongitudeDegrees>5.1979100</LongitudeDegrees>
     </Position>
     <AltitudeMeters>215.71</AltitudeMeters>
     <DistanceMeters>56171.66990065714</DistanceMeters>
    </Trackpoint>
    <Trackpoint>
     <Time>2026-04-10T16:24:07+00:00</Time>
     <Position>
      <LatitudeDegrees>43.8338250</LatitudeDegrees>
      <LongitudeDegrees>5.1975200</LongitudeDegrees>
     </Position>
     <AltitudeMeters>215.71</AltitudeMeters>
     <DistanceMeters>56225.64200930876</DistanceMeters>
    </Trackpoint>
    <Trackpoint>
     <Time>2026-04-10T16:24:14+00:00</Time>
     <Position>
      <LatitudeDegrees>43.8342200</LatitudeDegrees>
      <LongitudeDegrees>5.1971300</LongitudeDegrees>
     </Position>
     <AltitudeMeters>224.83</AltitudeMeters>
     <DistanceMeters>56279.61407097905</DistanceMeters>
    </Trackpoint>
    <Trackpoint>
     <Time>2026-04-10T16:24:21+00:00</Time>
     <Position>
      <LatitudeDegrees>43.8345500</LatitudeDegrees>
      <LongitudeDegrees>5.1968400</LongitudeDegrees>
     </Position>
     <AltitudeMeters>224.83</AltitudeMeters>
     <DistanceMeters>56323.099280260736</DistanceMeters>
    </Trackpoint>
    <Trackpoint>
     <Time>2026-04-10T16:24:28+00:00</Time>
     <Position>
      <LatitudeDegrees>43.8345800</LatitudeDegrees>
      <LongitudeDegrees>5.1967900</LongitudeDegrees>
     </Position>
     <AltitudeMeters>224.83</AltitudeMeters>
     <DistanceMeters>56328.320504079566</DistanceMeters>
    </Trackpoint>
    <Trackpoint>
     <Time>2026-04-10T16:24:35+00:00</Time>
     <Position>
      <LatitudeDegrees>43.8345700</LatitudeDegrees>
      <LongitudeDegrees>5.1967000</LongitudeDegrees>
     </Position>
     <AltitudeMeters>224.83</AltitudeMeters>
     <DistanceMeters>56335.631124639156</DistanceMeters>
    </Trackpoint>
    <Trackpoint>
     <Time>2026-04-10T16:24:41+00:00</Time>
     <Position>
      <LatitudeDegrees>43.8345200</LatitudeDegrees>
      <LongitudeDegrees>5.1966400</LongitudeDegrees>
     </Position>
     <AltitudeMeters>224.83</AltitudeMeters>
     <DistanceMeters>56342.99113367033</DistanceMeters>
    </Trackpoint>
    <Trackpoint>
     <Time>2026-04-10T16:24:48+00:00</Time>
     <Position>
      <LatitudeDegrees>43.8343000</LatitudeDegrees>
      <LongitudeDegrees>5.1966500</LongitudeDegrees>
     </Position>
     <AltitudeMeters>224.83</AltitudeMeters>
     <DistanceMeters>56367.48934128111</DistanceMeters>
    </Trackpoint>
    <Trackpoint>
     <Time>2026-04-10T16:24:55+00:00</Time>
     <Position>
      <LatitudeDegrees>43.8342300</LatitudeDegrees>
      <LongitudeDegrees>5.1966200</LongitudeDegrees>
     </Position>
     <AltitudeMeters>224.83</AltitudeMeters>
     <DistanceMeters>56375.64383396864</DistanceMeters>
    </Trackpoint>
    <Trackpoint>
     <Time>2026-04-10T16:25:02+00:00</Time>
     <Position>
      <LatitudeDegrees>43.8341600</LatitudeDegrees>
      <LongitudeDegrees>5.1965500</LongitudeDegrees>
     </Position>
     <AltitudeMeters>224.83</AltitudeMeters>
     <DistanceMeters>56385.249929984195</DistanceMeters>
    </Trackpoint>
    <Trackpoint>
     <Time>2026-04-10T16:25:09+00:00</Time>
     <Position>
      <LatitudeDegrees>43.8337600</LatitudeDegrees>
      <LongitudeDegrees>5.1958100</LongitudeDegrees>
     </Position>
     <AltitudeMeters>230.62</AltitudeMeters>
     <DistanceMeters>56459.48850814975</DistanceMeters>
    </Trackpoint>
    <Trackpoint>
     <Time>2026-04-10T16:25:15+00:00</Time>
     <Position>
      <LatitudeDegrees>43.8335800</LatitudeDegrees>
      <LongitudeDegrees>5.1956300</LongitudeDegrees>
     </Position>
     <AltitudeMeters>230.62</AltitudeMeters>
     <DistanceMeters>56484.18997227874</DistanceMeters>
    </Trackpoint>
    <Trackpoint>
     <Time>2026-04-10T16:25:22+00:00</Time>
     <Position>
      <LatitudeDegrees>43.8329200</LatitudeDegrees>
      <LongitudeDegrees>5.1951500</LongitudeDegrees>
     </Position>
     <AltitudeMeters>229.12</AltitudeMeters>
     <DistanceMeters>56567.14001548285</DistanceMeters>
    </Trackpoint>
    <Trackpoint>
     <Time>2026-04-10T16:25:29+00:00</Time>
     <Position>
      <LatitudeDegrees>43.8328400</LatitudeDegrees>
      <LongitudeDegrees>5.1950100</LongitudeDegrees>
     </Position>
     <AltitudeMeters>229.12</AltitudeMeters>
     <DistanceMeters>56581.47909066253</DistanceMeters>
    </Trackpoint>
    <Trackpoint>
     <Time>2026-04-10T16:25:36+00:00</Time>
     <Position>
      <LatitudeDegrees>43.8328300</LatitudeDegrees>
      <LongitudeDegrees>5.1948500</LongitudeDegrees>
     </Position>
     <AltitudeMeters>229.12</AltitudeMeters>
     <DistanceMeters>56594.37275640256</DistanceMeters>
    </Trackpoint>
    <Trackpoint>
     <Time>2026-04-10T16:25:43+00:00</Time>
     <Position>
      <LatitudeDegrees>43.8330300</LatitudeDegrees>
      <LongitudeDegrees>5.1944000</LongitudeDegrees>
     </Position>
     <AltitudeMeters>228.32000000000002</AltitudeMeters>
     <DistanceMeters>56636.80745434765</DistanceMeters>
    </Trackpoint>
    <Trackpoint>
     <Time>2026-04-10T16:25:49+00:00</Time>
     <Position>
      <LatitudeDegrees>43.8330700</LatitudeDegrees>
      <LongitudeDegrees>5.1942400</LongitudeDegrees>
     </Position>
     <AltitudeMeters>228.32000000000002</AltitudeMeters>
     <DistanceMeters>56650.4025093198</DistanceMeters>
    </Trackpoint>
    <Trackpoint>
     <Time>2026-04-10T16:25:56+00:00</Time>
     <Position>
      <LatitudeDegrees>43.8331350</LatitudeDegrees>
      <LongitudeDegrees>5.1931500</LongitudeDegrees>
     </Position>
     <AltitudeMeters>229.32000000000002</AltitudeMeters>
     <DistanceMeters>56738.2108193697</DistanceMeters>
    </Trackpoint>
    <Trackpoint>
     <Time>2026-04-10T16:26:03+00:00</Time>
     <Position>
      <LatitudeDegrees>43.8332000</LatitudeDegrees>
      <LongitudeDegrees>5.1920600</LongitudeDegrees>
     </Position>
     <AltitudeMeters>222.05</AltitudeMeters>
     <DistanceMeters>56826.01915282868</DistanceMeters>
    </Trackpoint>
    <Trackpoint>
     <Time>2026-04-10T16:26:10+00:00</Time>
     <Position>
      <LatitudeDegrees>43.8331700</LatitudeDegrees>
      <LongitudeDegrees>5.1916400</LongitudeDegrees>
     </Position>
     <AltitudeMeters>222.05</AltitudeMeters>
     <DistanceMeters>56859.90340549717</DistanceMeters>
    </Trackpoint>
    <Trackpoint>
     <Time>2026-04-10T16:26:17+00:00</Time>
     <Position>
      <LatitudeDegrees>43.8331100</LatitudeDegrees>
      <LongitudeDegrees>5.1914400</LongitudeDegrees>
     </Position>
     <AltitudeMeters>222.05</AltitudeMeters>
     <DistanceMeters>56877.29347444373</DistanceMeters>
    </Trackpoint>
    <Trackpoint>
     <Time>2026-04-10T16:26:23+00:00</Time>
     <Position>
      <LatitudeDegrees>43.8328800</LatitudeDegrees>
      <LongitudeDegrees>5.1907900</LongitudeDegrees>
     </Position>
     <AltitudeMeters>222.05</AltitudeMeters>
     <DistanceMeters>56935.41850305449</DistanceMeters>
    </Trackpoint>
    <Trackpoint>
     <Time>2026-04-10T16:26:30+00:00</Time>
     <Position>
      <LatitudeDegrees>43.8325950</LatitudeDegrees>
      <LongitudeDegrees>5.1902000</LongitudeDegrees>
     </Position>
     <AltitudeMeters>217.95</AltitudeMeters>
     <DistanceMeters>56992.42596848216</DistanceMeters>
    </Trackpoint>
    <Trackpoint>
     <Time>2026-04-10T16:26:37+00:00</Time>
     <Position>
      <LatitudeDegrees>43.8323100</LatitudeDegrees>
      <LongitudeDegrees>5.1896100</LongitudeDegrees>
     </Position>
     <AltitudeMeters>217.95</AltitudeMeters>
     <DistanceMeters>57049.433437901476</DistanceMeters>
    </Trackpoint>
    <Trackpoint>
     <Time>2026-04-10T16:26:44+00:00</Time>
     <Position>
      <LatitudeDegrees>43.8322800</LatitudeDegrees>
      <LongitudeDegrees>5.1895100</LongitudeDegrees>
     </Position>
     <AltitudeMeters>217.95</AltitudeMeters>
     <DistanceMeters>57058.12857733543</DistanceMeters>
    </Trackpoint>
    <Trackpoint>
     <Time>2026-04-10T16:26:51+00:00</Time>
     <Position>
      <LatitudeDegrees>43.8322800</LatitudeDegrees>
      <LongitudeDegrees>5.1894000</LongitudeDegrees>
     </Position>
     <AltitudeMeters>217.95</AltitudeMeters>
     <DistanceMeters>57066.95996943158</DistanceMeters>
    </Trackpoint>
    <Trackpoint>
     <Time>2026-04-10T16:26:57+00:00</Time>
     <Position>
      <LatitudeDegrees>43.8322800</LatitudeDegrees>
      <LongitudeDegrees>5.1894100</LongitudeDegrees>
     </Position>
     <AltitudeMeters>217.95</AltitudeMeters>
     <DistanceMeters>57066.95996943158</DistanceMeters>
    </Trackpoint>
    <Trackpoint>
     <Time>2026-04-10T16:27:04+00:00</Time>
     <Position>
      <LatitudeDegrees>43.8323000</LatitudeDegrees>
      <LongitudeDegrees>5.1893500</LongitudeDegrees>
     </Position>
     <AltitudeMeters>217.95</AltitudeMeters>
     <DistanceMeters>57072.266508525456</DistanceMeters>
    </Trackpoint>
    <Trackpoint>
     <Time>2026-04-10T16:27:11+00:00</Time>
     <Position>
      <LatitudeDegrees>43.8323900</LatitudeDegrees>
      <LongitudeDegrees>5.1892400</LongitudeDegrees>
     </Position>
     <AltitudeMeters>217.95</AltitudeMeters>
     <DistanceMeters>57085.62037745499</DistanceMeters>
    </Trackpoint>
    <Trackpoint>
     <Time>2026-04-10T16:27:18+00:00</Time>
     <Position>
      <LatitudeDegrees>43.8326200</LatitudeDegrees>
      <LongitudeDegrees>5.1890600</LongitudeDegrees>
     </Position>
     <AltitudeMeters>217.95</AltitudeMeters>
     <DistanceMeters>57115.01592835999</DistanceMeters>
    </Trackpoint>
    <Trackpoint>
     <Time>2026-04-10T16:27:25+00:00</Time>
     <Position>
      <LatitudeDegrees>43.8332800</LatitudeDegrees>
      <LongitudeDegrees>5.1886100</LongitudeDegrees>
     </Position>
     <AltitudeMeters>217.95</AltitudeMeters>
     <DistanceMeters>57196.87490719138</DistanceMeters>
    </Trackpoint>
    <Trackpoint>
     <Time>2026-04-10T16:27:31+00:00</Time>
     <Position>
      <LatitudeDegrees>43.8335500</LatitudeDegrees>
      <LongitudeDegrees>5.1884800</LongitudeDegrees>
     </Position>
     <AltitudeMeters>203.6</AltitudeMeters>
     <DistanceMeters>57228.68561919404</DistanceMeters>
    </Trackpoint>
    <Trackpoint>
     <Time>2026-04-10T16:27:38+00:00</Time>
     <Position>
      <LatitudeDegrees>43.8338500</LatitudeDegrees>
      <LongitudeDegrees>5.1883000</LongitudeDegrees>
     </Position>
     <AltitudeMeters>203.6</AltitudeMeters>
     <DistanceMeters>57265.06745075973</DistanceMeters>
    </Trackpoint>
    <Trackpoint>
     <Time>2026-04-10T16:27:45+00:00</Time>
     <Position>
      <LatitudeDegrees>43.8341000</LatitudeDegrees>
      <LongitudeDegrees>5.1881000</LongitudeDegrees>
     </Position>
     <AltitudeMeters>203.6</AltitudeMeters>
     <DistanceMeters>57297.191983096964</DistanceMeters>
    </Trackpoint>
    <Trackpoint>
     <Time>2026-04-10T16:27:52+00:00</Time>
     <Position>
      <LatitudeDegrees>43.8344200</LatitudeDegrees>
      <LongitudeDegrees>5.1877500</LongitudeDegrees>
     </Position>
     <AltitudeMeters>203.6</AltitudeMeters>
     <DistanceMeters>57342.556639585986</DistanceMeters>
    </Trackpoint>
    <Trackpoint>
     <Time>2026-04-10T16:27:59+00:00</Time>
     <Position>
      <LatitudeDegrees>43.8345800</LatitudeDegrees>
      <LongitudeDegrees>5.1875200</LongitudeDegrees>
     </Position>
     <AltitudeMeters>203.6</AltitudeMeters>
     <DistanceMeters>57368.209215737195</DistanceMeters>
    </Trackpoint>
    <Trackpoint>
     <Time>2026-04-10T16:28:05+00:00</Time>
     <Position>
      <LatitudeDegrees>43.8347900</LatitudeDegrees>
      <LongitudeDegrees>5.1871500</LongitudeDegrees>
     </Position>
     <AltitudeMeters>203.6</AltitudeMeters>
     <DistanceMeters>57406.006117307865</DistanceMeters>
    </Trackpoint>
    <Trackpoint>
     <Time>2026-04-10T16:28:12+00:00</Time>
     <Position>
      <LatitudeDegrees>43.8353300</LatitudeDegrees>
      <LongitudeDegrees>5.1865900</LongitudeDegrees>
     </Position>
     <AltitudeMeters>203.6</AltitudeMeters>
     <DistanceMeters>57481.060541191786</DistanceMeters>
    </Trackpoint>
    <Trackpoint>
     <Time>2026-04-10T16:28:19+00:00</Time>
     <Position>
      <LatitudeDegrees>43.8356400</LatitudeDegrees>
      <LongitudeDegrees>5.1864300</LongitudeDegrees>
     </Position>
     <AltitudeMeters>180.97000000000003</AltitudeMeters>
     <DistanceMeters>57517.87572658105</DistanceMeters>
    </Trackpoint>
    <Trackpoint>
     <Time>2026-04-10T16:28:26+00:00</Time>
     <Position>
      <LatitudeDegrees>43.8358500</LatitudeDegrees>
      <LongitudeDegrees>5.1863900</LongitudeDegrees>
     </Position>
     <AltitudeMeters>180.97000000000003</AltitudeMeters>
     <DistanceMeters>57541.46739263197</DistanceMeters>
    </Trackpoint>
    <Trackpoint>
     <Time>2026-04-10T16:28:33+00:00</Time>
     <Position>
      <LatitudeDegrees>43.8361400</LatitudeDegrees>
      <LongitudeDegrees>5.1862600</LongitudeDegrees>
     </Position>
     <AltitudeMeters>180.97000000000003</AltitudeMeters>
     <DistanceMeters>57575.388526695584</DistanceMeters>
    </Trackpoint>
    <Trackpoint>
     <Time>2026-04-10T16:28:39+00:00</Time>
     <Position>
      <LatitudeDegrees>43.8362100</LatitudeDegrees>
      <LongitudeDegrees>5.1861800</LongitudeDegrees>
     </Position>
     <AltitudeMeters>180.97000000000003</AltitudeMeters>
     <DistanceMeters>57585.485176481416</DistanceMeters>
    </Trackpoint>
    <Trackpoint>
     <Time>2026-04-10T16:28:46+00:00</Time>
     <Position>
      <LatitudeDegrees>43.8362600</LatitudeDegrees>
      <LongitudeDegrees>5.1860600</LongitudeDegrees>
     </Position>
     <AltitudeMeters>180.97000000000003</AltitudeMeters>
     <DistanceMeters>57596.610517507586</DistanceMeters>
    </Trackpoint>
    <Trackpoint>
     <Time>2026-04-10T16:28:53+00:00</Time>
     <Position>
      <LatitudeDegrees>43.8363300</LatitudeDegrees>
      <LongitudeDegrees>5.1858500</LongitudeDegrees>
     </Position>
     <AltitudeMeters>180.97000000000003</AltitudeMeters>
     <DistanceMeters>57615.18237722365</DistanceMeters>
    </Trackpoint>
    <Trackpoint>
     <Time>2026-04-10T16:29:00+00:00</Time>
     <Position>
      <LatitudeDegrees>43.8363800</LatitudeDegrees>
      <LongitudeDegrees>5.1854200</LongitudeDegrees>
     </Position>
     <AltitudeMeters>180.97000000000003</AltitudeMeters>
     <DistanceMeters>57650.14838763917</DistanceMeters>
    </Trackpoint>
    <Trackpoint>
     <Time>2026-04-10T16:29:07+00:00</Time>
     <Position>
      <LatitudeDegrees>43.8364300</LatitudeDegrees>
      <LongitudeDegrees>5.1845500</LongitudeDegrees>
     </Position>
     <AltitudeMeters>173.86</AltitudeMeters>
     <DistanceMeters>57720.21317923018</DistanceMeters>
    </Trackpoint>
    <Trackpoint>
     <Time>2026-04-10T16:29:13+00:00</Time>
     <Position>
      <LatitudeDegrees>43.8364100</LatitudeDegrees>
      <LongitudeDegrees>5.1843500</LongitudeDegrees>
     </Position>
     <AltitudeMeters>173.86</AltitudeMeters>
     <DistanceMeters>57736.42270195513</DistanceMeters>
    </Trackpoint>
    <Trackpoint>
     <Time>2026-04-10T16:29:20+00:00</Time>
     <Position>
      <LatitudeDegrees>43.8362200</LatitudeDegrees>
      <LongitudeDegrees>5.1837100</LongitudeDegrees>
     </Position>
     <AltitudeMeters>173.86</AltitudeMeters>
     <DistanceMeters>57791.983385979365</DistanceMeters>
    </Trackpoint>
    <Trackpoint>
     <Time>2026-04-10T16:29:27+00:00</Time>
     <Position>
      <LatitudeDegrees>43.8360300</LatitudeDegrees>
      <LongitudeDegrees>5.1830700</LongitudeDegrees>
     </Position>
     <AltitudeMeters>173.81</AltitudeMeters>
     <DistanceMeters>57847.54404980477</DistanceMeters>
    </Trackpoint>
    <Trackpoint>
     <Time>2026-04-10T16:29:34+00:00</Time>
     <Position>
      <LatitudeDegrees>43.8358300</LatitudeDegrees>
      <LongitudeDegrees>5.1821000</LongitudeDegrees>
     </Position>
     <AltitudeMeters>172.06</AltitudeMeters>
     <DistanceMeters>57928.535205773806</DistanceMeters>
    </Trackpoint>
    <Trackpoint>
     <Time>2026-04-10T16:29:41+00:00</Time>
     <Position>
      <LatitudeDegrees>43.8356300</LatitudeDegrees>
      <LongitudeDegrees>5.1811300</LongitudeDegrees>
     </Position>
     <AltitudeMeters>169.56</AltitudeMeters>
     <DistanceMeters>58009.52636174221</DistanceMeters>
    </Trackpoint>
    <Trackpoint>
     <Time>2026-04-10T16:29:47+00:00</Time>
     <Position>
      <LatitudeDegrees>43.8354300</LatitudeDegrees>
      <LongitudeDegrees>5.1801600</LongitudeDegrees>
     </Position>
     <AltitudeMeters>170.89000000000001</AltitudeMeters>
     <DistanceMeters>58090.5175153946</DistanceMeters>
    </Trackpoint>
    <Trackpoint>
     <Time>2026-04-10T16:29:54+00:00</Time>
     <Position>
      <LatitudeDegrees>43.8354100</LatitudeDegrees>
      <LongitudeDegrees>5.1798700</LongitudeDegrees>
     </Position>
     <AltitudeMeters>172.35</AltitudeMeters>
     <DistanceMeters>58113.90521745226</DistanceMeters>
    </Trackpoint>
    <Trackpoint>
     <Time>2026-04-10T16:30:01+00:00</Time>
     <Position>
      <LatitudeDegrees>43.8354475</LatitudeDegrees>
      <LongitudeDegrees>5.1789175</LongitudeDegrees>
     </Position>
     <AltitudeMeters>172.83</AltitudeMeters>
     <DistanceMeters>58190.486748128904</DistanceMeters>
    </Trackpoint>
    <Trackpoint>
     <Time>2026-04-10T16:30:08+00:00</Time>
     <Position>
      <LatitudeDegrees>43.8354850</LatitudeDegrees>
      <LongitudeDegrees>5.1779650</LongitudeDegrees>
     </Position>
     <AltitudeMeters>172.04000000000002</AltitudeMeters>
     <DistanceMeters>58267.06827880549</DistanceMeters>
    </Trackpoint>
    <Trackpoint>
     <Time>2026-04-10T16:30:15+00:00</Time>
     <Position>
      <LatitudeDegrees>43.8355225</LatitudeDegrees>
      <LongitudeDegrees>5.1770125</LongitudeDegrees>
     </Position>
     <AltitudeMeters>170.70000000000002</AltitudeMeters>
     <DistanceMeters>58343.64980948211</DistanceMeters>
    </Trackpoint>
    <Trackpoint>
     <Time>2026-04-10T16:30:21+00:00</Time>
     <Position>
      <LatitudeDegrees>43.8355600</LatitudeDegrees>
      <LongitudeDegrees>5.1760600</LongitudeDegrees>
     </Position>
     <AltitudeMeters>170.70000000000002</AltitudeMeters>
     <DistanceMeters>58420.231345825334</DistanceMeters>
    </Trackpoint>
    <Trackpoint>
     <Time>2026-04-10T16:30:28+00:00</Time>
     <Position>
      <LatitudeDegrees>43.8356000</LatitudeDegrees>
      <LongitudeDegrees>5.1756000</LongitudeDegrees>
     </Position>
     <AltitudeMeters>170.73000000000002</AltitudeMeters>
     <DistanceMeters>58457.42794620082</DistanceMeters>
    </Trackpoint>
    <Trackpoint>
     <Time>2026-04-10T16:30:35+00:00</Time>
     <Position>
      <LatitudeDegrees>43.8356700</LatitudeDegrees>
      <LongitudeDegrees>5.1751500</LongitudeDegrees>
     </Position>
     <AltitudeMeters>170.73000000000002</AltitudeMeters>
     <DistanceMeters>58494.38482790602</DistanceMeters>
    </Trackpoint>
    <Trackpoint>
     <Time>2026-04-10T16:30:42+00:00</Time>
     <Position>
      <LatitudeDegrees>43.8357900</LatitudeDegrees>
      <LongitudeDegrees>5.1746000</LongitudeDegrees>
     </Position>
     <AltitudeMeters>170.8</AltitudeMeters>
     <DistanceMeters>58540.51486814307</DistanceMeters>
    </Trackpoint>
    <Trackpoint>
     <Time>2026-04-10T16:30:49+00:00</Time>
     <Position>
      <LatitudeDegrees>43.8360100</LatitudeDegrees>
      <LongitudeDegrees>5.1739400</LongitudeDegrees>
     </Position>
     <AltitudeMeters>170.8</AltitudeMeters>
     <DistanceMeters>58598.883888490214</DistanceMeters>
    </Trackpoint>
    <Trackpoint>
     <Time>2026-04-10T16:30:55+00:00</Time>
     <Position>
      <LatitudeDegrees>43.8362000</LatitudeDegrees>
      <LongitudeDegrees>5.1734500</LongitudeDegrees>
     </Position>
     <AltitudeMeters>167.14000000000001</AltitudeMeters>
     <DistanceMeters>58643.54466911829</DistanceMeters>
    </Trackpoint>
    <Trackpoint>
     <Time>2026-04-10T16:31:02+00:00</Time>
     <Position>
      <LatitudeDegrees>43.8365650</LatitudeDegrees>
      <LongitudeDegrees>5.1728900</LongitudeDegrees>
     </Position>
     <AltitudeMeters>167.14000000000001</AltitudeMeters>
     <DistanceMeters>58704.13605401294</DistanceMeters>
    </Trackpoint>
    <Trackpoint>
     <Time>2026-04-10T16:31:09+00:00</Time>
     <Position>
      <LatitudeDegrees>43.8369300</LatitudeDegrees>
      <LongitudeDegrees>5.1723300</LongitudeDegrees>
     </Position>
     <AltitudeMeters>165.15</AltitudeMeters>
     <DistanceMeters>58764.72744851796</DistanceMeters>
    </Trackpoint>
    <Trackpoint>
     <Time>2026-04-10T16:31:16+00:00</Time>
     <Position>
      <LatitudeDegrees>43.8373600</LatitudeDegrees>
      <LongitudeDegrees>5.1715900</LongitudeDegrees>
     </Position>
     <AltitudeMeters>162.51000000000002</AltitudeMeters>
     <DistanceMeters>58841.01256683325</DistanceMeters>
    </Trackpoint>
    <Trackpoint>
     <Time>2026-04-10T16:31:23+00:00</Time>
     <Position>
      <LatitudeDegrees>43.8375500</LatitudeDegrees>
      <LongitudeDegrees>5.1713500</LongitudeDegrees>
     </Position>
     <AltitudeMeters>161.79999999999998</AltitudeMeters>
     <DistanceMeters>58869.61975613743</DistanceMeters>
    </Trackpoint>
    <Trackpoint>
     <Time>2026-04-10T16:31:29+00:00</Time>
     <Position>
      <LatitudeDegrees>43.8380000</LatitudeDegrees>
      <LongitudeDegrees>5.1709000</LongitudeDegrees>
     </Position>
     <AltitudeMeters>159.87</AltitudeMeters>
     <DistanceMeters>58931.371962589044</DistanceMeters>
    </Trackpoint>
    <Trackpoint>
     <Time>2026-04-10T16:31:36+00:00</Time>
     <Position>
      <LatitudeDegrees>43.8383600</LatitudeDegrees>
      <LongitudeDegrees>5.1705100</LongitudeDegrees>
     </Position>
     <AltitudeMeters>154.29000000000002</AltitudeMeters>
     <DistanceMeters>58982.219955472705</DistanceMeters>
    </Trackpoint>
    <Trackpoint>
     <Time>2026-04-10T16:31:43+00:00</Time>
     <Position>
      <LatitudeDegrees>43.8387200</LatitudeDegrees>
      <LongitudeDegrees>5.1701200</LongitudeDegrees>
     </Position>
     <AltitudeMeters>154.29000000000002</AltitudeMeters>
     <DistanceMeters>59033.067934658946</DistanceMeters>
    </Trackpoint>
    <Trackpoint>
     <Time>2026-04-10T16:31:50+00:00</Time>
     <Position>
      <LatitudeDegrees>43.8392700</LatitudeDegrees>
      <LongitudeDegrees>5.1693000</LongitudeDegrees>
     </Position>
     <AltitudeMeters>147.22000000000003</AltitudeMeters>
     <DistanceMeters>59122.95746324498</DistanceMeters>
    </Trackpoint>
    <Trackpoint>
     <Time>2026-04-10T16:31:57+00:00</Time>
     <Position>
      <LatitudeDegrees>43.8397200</LatitudeDegrees>
      <LongitudeDegrees>5.1685300</LongitudeDegrees>
     </Position>
     <AltitudeMeters>147.02</AltitudeMeters>
     <DistanceMeters>59202.512910950034</DistanceMeters>
    </Trackpoint>
    <Trackpoint>
     <Time>2026-04-10T16:32:03+00:00</Time>
     <Position>
      <LatitudeDegrees>43.8402200</LatitudeDegrees>
      <LongitudeDegrees>5.1678700</LongitudeDegrees>
     </Position>
     <AltitudeMeters>144.12</AltitudeMeters>
     <DistanceMeters>59279.34847309007</DistanceMeters>
    </Trackpoint>
    <Trackpoint>
     <Time>2026-04-10T16:32:10+00:00</Time>
     <Position>
      <LatitudeDegrees>43.8407200</LatitudeDegrees>
      <LongitudeDegrees>5.1672100</LongitudeDegrees>
     </Position>
     <AltitudeMeters>140.05</AltitudeMeters>
     <DistanceMeters>59356.18399430887</DistanceMeters>
    </Trackpoint>
    <Trackpoint>
     <Time>2026-04-10T16:32:17+00:00</Time>
     <Position>
      <LatitudeDegrees>43.8408700</LatitudeDegrees>
      <LongitudeDegrees>5.1669700</LongitudeDegrees>
     </Position>
     <AltitudeMeters>140.01000000000002</AltitudeMeters>
     <DistanceMeters>59381.67654652188</DistanceMeters>
    </Trackpoint>
    <Trackpoint>
     <Time>2026-04-10T16:32:24+00:00</Time>
     <Position>
      <LatitudeDegrees>43.8409800</LatitudeDegrees>
      <LongitudeDegrees>5.1667200</LongitudeDegrees>
     </Position>
     <AltitudeMeters>139.74</AltitudeMeters>
     <DistanceMeters>59405.184451908775</DistanceMeters>
    </Trackpoint>
    <Trackpoint>
     <Time>2026-04-10T16:32:31+00:00</Time>
     <Position>
      <LatitudeDegrees>43.8411200</LatitudeDegrees>
      <LongitudeDegrees>5.1664600</LongitudeDegrees>
     </Position>
     <AltitudeMeters>139.70000000000002</AltitudeMeters>
     <DistanceMeters>59431.230258023665</DistanceMeters>
    </Trackpoint>
    <Trackpoint>
     <Time>2026-04-10T16:32:37+00:00</Time>
     <Position>
      <LatitudeDegrees>43.8412300</LatitudeDegrees>
      <LongitudeDegrees>5.1663700</LongitudeDegrees>
     </Position>
     <AltitudeMeters>139.47</AltitudeMeters>
     <DistanceMeters>59445.44554430805</DistanceMeters>
    </Trackpoint>
    <Trackpoint>
     <Time>2026-04-10T16:32:44+00:00</Time>
     <Position>
      <LatitudeDegrees>43.8412700</LatitudeDegrees>
      <LongitudeDegrees>5.1662200</LongitudeDegrees>
     </Position>
     <AltitudeMeters>139.42000000000002</AltitudeMeters>
     <DistanceMeters>59458.28316008999</DistanceMeters>
    </Trackpoint>
    <Trackpoint>
     <Time>2026-04-10T16:32:51+00:00</Time>
     <Position>
      <LatitudeDegrees>43.8412300</LatitudeDegrees>
      <LongitudeDegrees>5.1661000</LongitudeDegrees>
     </Position>
     <AltitudeMeters>139.44</AltitudeMeters>
     <DistanceMeters>59468.89492516537</DistanceMeters>
    </Trackpoint>
    <Trackpoint>
     <Time>2026-04-10T16:32:58+00:00</Time>
     <Position>
      <LatitudeDegrees>43.8412300</LatitudeDegrees>
      <LongitudeDegrees>5.1659400</LongitudeDegrees>
     </Position>
     <AltitudeMeters>139.29000000000002</AltitudeMeters>
     <DistanceMeters>59481.73865982528</DistanceMeters>
    </Trackpoint>
    <Trackpoint>
     <Time>2026-04-10T16:33:05+00:00</Time>
     <Position>
      <LatitudeDegrees>43.8412900</LatitudeDegrees>
      <LongitudeDegrees>5.1657700</LongitudeDegrees>
     </Position>
     <AltitudeMeters>139.29000000000002</AltitudeMeters>
     <DistanceMeters>59496.931359566086</DistanceMeters>
    </Trackpoint>
    <Trackpoint>
     <Time>2026-04-10T16:33:11+00:00</Time>
     <Position>
      <LatitudeDegrees>43.8415100</LatitudeDegrees>
      <LongitudeDegrees>5.1655100</LongitudeDegrees>
     </Position>
     <AltitudeMeters>138.51000000000002</AltitudeMeters>
     <DistanceMeters>59529.1045887994</DistanceMeters>
    </Trackpoint>
    <Trackpoint>
     <Time>2026-04-10T16:33:18+00:00</Time>
     <Position>
      <LatitudeDegrees>43.8417000</LatitudeDegrees>
      <LongitudeDegrees>5.1651900</LongitudeDegrees>
     </Position>
     <AltitudeMeters>138.51000000000002</AltitudeMeters>
     <DistanceMeters>59562.37617841323</DistanceMeters>
    </Trackpoint>
    <Trackpoint>
     <Time>2026-04-10T16:33:25+00:00</Time>
     <Position>
      <LatitudeDegrees>43.8418400</LatitudeDegrees>
      <LongitudeDegrees>5.1647800</LongitudeDegrees>
     </Position>
     <AltitudeMeters>138.51000000000002</AltitudeMeters>
     <DistanceMeters>59598.78997554665</DistanceMeters>
    </Trackpoint>
    <Trackpoint>
     <Time>2026-04-10T16:33:32+00:00</Time>
     <Position>
      <LatitudeDegrees>43.8419600</LatitudeDegrees>
      <LongitudeDegrees>5.1642300</LongitudeDegrees>
     </Position>
     <AltitudeMeters>138.54000000000002</AltitudeMeters>
     <DistanceMeters>59644.915645652945</DistanceMeters>
    </Trackpoint>
    <Trackpoint>
     <Time>2026-04-10T16:33:39+00:00</Time>
     <Position>
      <LatitudeDegrees>43.8421167</LatitudeDegrees>
      <LongitudeDegrees>5.1633900</LongitudeDegrees>
     </Position>
     <AltitudeMeters>138.47</AltitudeMeters>
     <DistanceMeters>59714.56210898701</DistanceMeters>
    </Trackpoint>
    <Trackpoint>
     <Time>2026-04-10T16:33:45+00:00</Time>
     <Position>
      <LatitudeDegrees>43.8422733</LatitudeDegrees>
      <LongitudeDegrees>5.1625500</LongitudeDegrees>
     </Position>
     <AltitudeMeters>138.47</AltitudeMeters>
     <DistanceMeters>59784.208572321644</DistanceMeters>
    </Trackpoint>
    <Trackpoint>
     <Time>2026-04-10T16:33:52+00:00</Time>
     <Position>
      <LatitudeDegrees>43.8424300</LatitudeDegrees>
      <LongitudeDegrees>5.1617100</LongitudeDegrees>
     </Position>
     <AltitudeMeters>135.59</AltitudeMeters>
     <DistanceMeters>59853.85504254686</DistanceMeters>
    </Trackpoint>
    <Trackpoint>
     <Time>2026-04-10T16:33:59+00:00</Time>
     <Position>
      <LatitudeDegrees>43.8424700</LatitudeDegrees>
      <LongitudeDegrees>5.1609800</LongitudeDegrees>
     </Position>
     <AltitudeMeters>135.87</AltitudeMeters>
     <DistanceMeters>59912.6222472066</DistanceMeters>
    </Trackpoint>
    <Trackpoint>
     <Time>2026-04-10T16:34:06+00:00</Time>
     <Position>
      <LatitudeDegrees>43.8425400</LatitudeDegrees>
      <LongitudeDegrees>5.1605400</LongitudeDegrees>
     </Position>
     <AltitudeMeters>135.99</AltitudeMeters>
     <DistanceMeters>59948.79078523437</DistanceMeters>
    </Trackpoint>
    <Trackpoint>
     <Time>2026-04-10T16:34:13+00:00</Time>
     <Position>
      <LatitudeDegrees>43.8427600</LatitudeDegrees>
      <LongitudeDegrees>5.1596100</LongitudeDegrees>
     </Position>
     <AltitudeMeters>134.13</AltitudeMeters>
     <DistanceMeters>60027.3560643293</DistanceMeters>
    </Trackpoint>
    <Trackpoint>
     <Time>2026-04-10T16:34:19+00:00</Time>
     <Position>
      <LatitudeDegrees>43.8428100</LatitudeDegrees>
      <LongitudeDegrees>5.1593000</LongitudeDegrees>
     </Position>
     <AltitudeMeters>134.13</AltitudeMeters>
     <DistanceMeters>60052.85478236956</DistanceMeters>
    </Trackpoint>
    <Trackpoint>
     <Time>2026-04-10T16:34:26+00:00</Time>
     <Position>
      <LatitudeDegrees>43.8428300</LatitudeDegrees>
      <LongitudeDegrees>5.1590100</LongitudeDegrees>
     </Position>
     <AltitudeMeters>134.13</AltitudeMeters>
     <DistanceMeters>60076.2396102459</DistanceMeters>
    </Trackpoint>
    <Trackpoint>
     <Time>2026-04-10T16:34:33+00:00</Time>
     <Position>
      <LatitudeDegrees>43.8428350</LatitudeDegrees>
      <LongitudeDegrees>5.1583100</LongitudeDegrees>
     </Position>
     <AltitudeMeters>134.13</AltitudeMeters>
     <DistanceMeters>60132.432168106505</DistanceMeters>
    </Trackpoint>
    <Trackpoint>
     <Time>2026-04-10T16:34:40+00:00</Time>
     <Position>
      <LatitudeDegrees>43.8428400</LatitudeDegrees>
      <LongitudeDegrees>5.1576100</LongitudeDegrees>
     </Position>
     <AltitudeMeters>134.06</AltitudeMeters>
     <DistanceMeters>60188.62477615467</DistanceMeters>
    </Trackpoint>
    <Trackpoint>
     <Time>2026-04-10T16:34:47+00:00</Time>
     <Position>
      <LatitudeDegrees>43.8428300</LatitudeDegrees>
      <LongitudeDegrees>5.1573500</LongitudeDegrees>
     </Position>
     <AltitudeMeters>134.06</AltitudeMeters>
     <DistanceMeters>60209.52493762965</DistanceMeters>
    </Trackpoint>
    <Trackpoint>
     <Time>2026-04-10T16:34:53+00:00</Time>
     <Position>
      <LatitudeDegrees>43.8427800</LatitudeDegrees>
      <LongitudeDegrees>5.1568800</LongitudeDegrees>
     </Position>
     <AltitudeMeters>134.06</AltitudeMeters>
     <DistanceMeters>60247.66060541146</DistanceMeters>
    </Trackpoint>
    <Trackpoint>
     <Time>2026-04-10T16:35:00+00:00</Time>
     <Position>
      <LatitudeDegrees>43.8427900</LatitudeDegrees>
      <LongitudeDegrees>5.1566100</LongitudeDegrees>
     </Position>
     <AltitudeMeters>134.02</AltitudeMeters>
     <DistanceMeters>60269.36240001987</DistanceMeters>
    </Trackpoint>
    <Trackpoint>
     <Time>2026-04-10T16:35:07+00:00</Time>
     <Position>
      <LatitudeDegrees>43.8428600</LatitudeDegrees>
      <LongitudeDegrees>5.1562600</LongitudeDegrees>
     </Position>
     <AltitudeMeters>134.02</AltitudeMeters>
     <DistanceMeters>60298.51749238528</DistanceMeters>
    </Trackpoint>
    <Trackpoint>
     <Time>2026-04-10T16:35:14+00:00</Time>
     <Position>
      <LatitudeDegrees>43.8429800</LatitudeDegrees>
      <LongitudeDegrees>5.1558900</LongitudeDegrees>
     </Position>
     <AltitudeMeters>134.02</AltitudeMeters>
     <DistanceMeters>60331.08244921942</DistanceMeters>
    </Trackpoint>
    <Trackpoint>
     <Time>2026-04-10T16:35:21+00:00</Time>
     <Position>
      <LatitudeDegrees>43.8433000</LatitudeDegrees>
      <LongitudeDegrees>5.1550100</LongitudeDegrees>
     </Position>
     <AltitudeMeters>136.37</AltitudeMeters>
     <DistanceMeters>60410.19087807802</DistanceMeters>
    </Trackpoint>
    <Trackpoint>
     <Time>2026-04-10T16:35:27+00:00</Time>
     <Position>
      <LatitudeDegrees>43.8436200</LatitudeDegrees>
      <LongitudeDegrees>5.1541300</LongitudeDegrees>
     </Position>
     <AltitudeMeters>136.37</AltitudeMeters>
     <DistanceMeters>60489.29927113379</DistanceMeters>
    </Trackpoint>
    <Trackpoint>
     <Time>2026-04-10T16:35:34+00:00</Time>
     <Position>
      <LatitudeDegrees>43.8438100</LatitudeDegrees>
      <LongitudeDegrees>5.1535200</LongitudeDegrees>
     </Position>
     <AltitudeMeters>136.37</AltitudeMeters>
     <DistanceMeters>60542.63502479649</DistanceMeters>
    </Trackpoint>
    <Trackpoint>
     <Time>2026-04-10T16:35:41+00:00</Time>
     <Position>
      <LatitudeDegrees>43.8440700</LatitudeDegrees>
      <LongitudeDegrees>5.1525700</LongitudeDegrees>
     </Position>
     <AltitudeMeters>135.48000000000002</AltitudeMeters>
     <DistanceMeters>60624.19697961209</DistanceMeters>
    </Trackpoint>
    <Trackpoint>
     <Time>2026-04-10T16:35:48+00:00</Time>
     <Position>
      <LatitudeDegrees>43.8441900</LatitudeDegrees>
      <LongitudeDegrees>5.1519900</LongitudeDegrees>
     </Position>
     <AltitudeMeters>135.48000000000002</AltitudeMeters>
     <DistanceMeters>60672.63101338472</DistanceMeters>
    </Trackpoint>
    <Trackpoint>
     <Time>2026-04-10T16:35:55+00:00</Time>
     <Position>
      <LatitudeDegrees>43.8443500</LatitudeDegrees>
      <LongitudeDegrees>5.1508800</LongitudeDegrees>
     </Position>
     <AltitudeMeters>134.47</AltitudeMeters>
     <DistanceMeters>60763.491943828</DistanceMeters>
    </Trackpoint>
    <Trackpoint>
     <Time>2026-04-10T16:36:01+00:00</Time>
     <Position>
      <LatitudeDegrees>43.8444600</LatitudeDegrees>
      <LongitudeDegrees>5.1500600</LongitudeDegrees>
     </Position>
     <AltitudeMeters>135.78</AltitudeMeters>
     <DistanceMeters>60830.441444773</DistanceMeters>
    </Trackpoint>
    <Trackpoint>
     <Time>2026-04-10T16:36:08+00:00</Time>
     <Position>
      <LatitudeDegrees>43.8447000</LatitudeDegrees>
      <LongitudeDegrees>5.1491400</LongitudeDegrees>
     </Position>
     <AltitudeMeters>135.44</AltitudeMeters>
     <DistanceMeters>60908.97107810892</DistanceMeters>
    </Trackpoint>
    <Trackpoint>
     <Time>2026-04-10T16:36:15+00:00</Time>
     <Position>
      <LatitudeDegrees>43.8448400</LatitudeDegrees>
      <LongitudeDegrees>5.1483100</LongitudeDegrees>
     </Position>
     <AltitudeMeters>134.75</AltitudeMeters>
     <DistanceMeters>60977.39178667613</DistanceMeters>
    </Trackpoint>
    <Trackpoint>
     <Time>2026-04-10T16:36:22+00:00</Time>
     <Position>
      <LatitudeDegrees>43.8450150</LatitudeDegrees>
      <LongitudeDegrees>5.1476000</LongitudeDegrees>
     </Position>
     <AltitudeMeters>134.79000000000002</AltitudeMeters>
     <DistanceMeters>61037.6184764004</DistanceMeters>
    </Trackpoint>
    <Trackpoint>
     <Time>2026-04-10T16:36:29+00:00</Time>
     <Position>
      <LatitudeDegrees>43.8451900</LatitudeDegrees>
      <LongitudeDegrees>5.1468900</LongitudeDegrees>
     </Position>
     <AltitudeMeters>133.4</AltitudeMeters>
     <DistanceMeters>61097.84519181678</DistanceMeters>
    </Trackpoint>
    <Trackpoint>
     <Time>2026-04-10T16:36:35+00:00</Time>
     <Position>
      <LatitudeDegrees>43.8453000</LatitudeDegrees>
      <LongitudeDegrees>5.1463400</LongitudeDegrees>
     </Position>
     <AltitudeMeters>133.39000000000001</AltitudeMeters>
     <DistanceMeters>61143.6586111635</DistanceMeters>
    </Trackpoint>
    <Trackpoint>
     <Time>2026-04-10T16:36:42+00:00</Time>
     <Position>
      <LatitudeDegrees>43.8453400</LatitudeDegrees>
      <LongitudeDegrees>5.1458300</LongitudeDegrees>
     </Position>
     <AltitudeMeters>133.14000000000001</AltitudeMeters>
     <DistanceMeters>61184.83656384763</DistanceMeters>
    </Trackpoint>
    <Trackpoint>
     <Time>2026-04-10T16:36:49+00:00</Time>
     <Position>
      <LatitudeDegrees>43.8453800</LatitudeDegrees>
      <LongitudeDegrees>5.1446000</LongitudeDegrees>
     </Position>
     <AltitudeMeters>132.69</AltitudeMeters>
     <DistanceMeters>61283.666257060606</DistanceMeters>
    </Trackpoint>
    <Trackpoint>
     <Time>2026-04-10T16:36:56+00:00</Time>
     <Position>
      <LatitudeDegrees>43.8454500</LatitudeDegrees>
      <LongitudeDegrees>5.1436900</LongitudeDegrees>
     </Position>
     <AltitudeMeters>132.44</AltitudeMeters>
     <DistanceMeters>61357.12416948739</DistanceMeters>
    </Trackpoint>
    <Trackpoint>
     <Time>2026-04-10T16:37:03+00:00</Time>
     <Position>
      <LatitudeDegrees>43.8454800</LatitudeDegrees>
      <LongitudeDegrees>5.1429000</LongitudeDegrees>
     </Position>
     <AltitudeMeters>135.45000000000002</AltitudeMeters>
     <DistanceMeters>61420.623449409744</DistanceMeters>
    </Trackpoint>
    <Trackpoint>
     <Time>2026-04-10T16:37:09+00:00</Time>
     <Position>
      <LatitudeDegrees>43.8462400</LatitudeDegrees>
      <LongitudeDegrees>5.1423700</LongitudeDegrees>
     </Position>
     <AltitudeMeters>134.65</AltitudeMeters>
     <DistanceMeters>61515.303750203384</DistanceMeters>
    </Trackpoint>
    <Trackpoint>
     <Time>2026-04-10T16:37:16+00:00</Time>
     <Position>
      <LatitudeDegrees>43.8463600</LatitudeDegrees>
      <LongitudeDegrees>5.1423100</LongitudeDegrees>
     </Position>
     <AltitudeMeters>134.65</AltitudeMeters>
     <DistanceMeters>61529.501026634585</DistanceMeters>
    </Trackpoint>
    <Trackpoint>
     <Time>2026-04-10T16:37:23+00:00</Time>
     <Position>
      <LatitudeDegrees>43.8467700</LatitudeDegrees>
      <LongitudeDegrees>5.1419250</LongitudeDegrees>
     </Position>
     <AltitudeMeters>132.87</AltitudeMeters>
     <DistanceMeters>61584.61152750828</DistanceMeters>
    </Trackpoint>
    <Trackpoint>
     <Time>2026-04-10T16:37:30+00:00</Time>
     <Position>
      <LatitudeDegrees>43.8471800</LatitudeDegrees>
      <LongitudeDegrees>5.1415400</LongitudeDegrees>
     </Position>
     <AltitudeMeters>132.87</AltitudeMeters>
     <DistanceMeters>61639.721991658516</DistanceMeters>
    </Trackpoint>
    <Trackpoint>
     <Time>2026-04-10T16:37:37+00:00</Time>
     <Position>
      <LatitudeDegrees>43.8478100</LatitudeDegrees>
      <LongitudeDegrees>5.1409000</LongitudeDegrees>
     </Position>
     <AltitudeMeters>133.32000000000002</AltitudeMeters>
     <DistanceMeters>61726.6421990113</DistanceMeters>
    </Trackpoint>
    <Trackpoint>
     <Time>2026-04-10T16:37:43+00:00</Time>
     <Position>
      <LatitudeDegrees>43.8480300</LatitudeDegrees>
      <LongitudeDegrees>5.1407200</LongitudeDegrees>
     </Position>
     <AltitudeMeters>133.15</AltitudeMeters>
     <DistanceMeters>61755.071941350194</DistanceMeters>
    </Trackpoint>
    <Trackpoint>
     <Time>2026-04-10T16:37:50+00:00</Time>
     <Position>
      <LatitudeDegrees>43.8482700</LatitudeDegrees>
      <LongitudeDegrees>5.1405700</LongitudeDegrees>
     </Position>
     <AltitudeMeters>133.15</AltitudeMeters>
     <DistanceMeters>61784.37087692123</DistanceMeters>
    </Trackpoint>
    <Trackpoint>
     <Time>2026-04-10T16:37:57+00:00</Time>
     <Position>
      <LatitudeDegrees>43.8487000</LatitudeDegrees>
      <LongitudeDegrees>5.1403800</LongitudeDegrees>
     </Position>
     <AltitudeMeters>129.91</AltitudeMeters>
     <DistanceMeters>61834.599066207375</DistanceMeters>
    </Trackpoint>
    <Trackpoint>
     <Time>2026-04-10T16:38:04+00:00</Time>
     <Position>
      <LatitudeDegrees>43.8490400</LatitudeDegrees>
      <LongitudeDegrees>5.1402000</LongitudeDegrees>
     </Position>
     <AltitudeMeters>129.91</AltitudeMeters>
     <DistanceMeters>61875.10377876983</DistanceMeters>
    </Trackpoint>
    <Trackpoint>
     <Time>2026-04-10T16:38:11+00:00</Time>
     <Position>
      <LatitudeDegrees>43.8495600</LatitudeDegrees>
      <LongitudeDegrees>5.1397700</LongitudeDegrees>
     </Position>
     <AltitudeMeters>129.91</AltitudeMeters>
     <DistanceMeters>61942.48708050326</DistanceMeters>
    </Trackpoint>
    <Trackpoint>
     <Time>2026-04-10T16:38:17+00:00</Time>
     <Position>
      <LatitudeDegrees>43.8501500</LatitudeDegrees>
      <LongitudeDegrees>5.1392100</LongitudeDegrees>
     </Position>
     <AltitudeMeters>123.77</AltitudeMeters>
     <DistanceMeters>62022.06089606957</DistanceMeters>
    </Trackpoint>
    <Trackpoint>
     <Time>2026-04-10T16:38:24+00:00</Time>
     <Position>
      <LatitudeDegrees>43.8507400</LatitudeDegrees>
      <LongitudeDegrees>5.1386500</LongitudeDegrees>
     </Position>
     <AltitudeMeters>122.21000000000001</AltitudeMeters>
     <DistanceMeters>62101.63474112384</DistanceMeters>
    </Trackpoint>
    <Trackpoint>
     <Time>2026-04-10T16:38:31+00:00</Time>
     <Position>
      <LatitudeDegrees>43.8513200</LatitudeDegrees>
      <LongitudeDegrees>5.1380650</LongitudeDegrees>
     </Position>
     <AltitudeMeters>120.62</AltitudeMeters>
     <DistanceMeters>62181.45567420657</DistanceMeters>
    </Trackpoint>
    <Trackpoint>
     <Time>2026-04-10T16:38:38+00:00</Time>
     <Position>
      <LatitudeDegrees>43.8519000</LatitudeDegrees>
      <LongitudeDegrees>5.1374800</LongitudeDegrees>
     </Position>
     <AltitudeMeters>117.84000000000002</AltitudeMeters>
     <DistanceMeters>62261.27661713234</DistanceMeters>
    </Trackpoint>
    <Trackpoint>
     <Time>2026-04-10T16:38:45+00:00</Time>
     <Position>
      <LatitudeDegrees>43.8523600</LatitudeDegrees>
      <LongitudeDegrees>5.1370000</LongitudeDegrees>
     </Position>
     <AltitudeMeters>116.64</AltitudeMeters>
     <DistanceMeters>62325.34790724578</DistanceMeters>
    </Trackpoint>
    <Trackpoint>
     <Time>2026-04-10T16:38:51+00:00</Time>
     <Position>
      <LatitudeDegrees>43.8528200</LatitudeDegrees>
      <LongitudeDegrees>5.1365200</LongitudeDegrees>
     </Position>
     <AltitudeMeters>116.83</AltitudeMeters>
     <DistanceMeters>62389.41921651669</DistanceMeters>
    </Trackpoint>
    <Trackpoint>
     <Time>2026-04-10T16:38:58+00:00</Time>
     <Position>
      <LatitudeDegrees>43.8535100</LatitudeDegrees>
      <LongitudeDegrees>5.1359133</LongitudeDegrees>
     </Position>
     <AltitudeMeters>116.09</AltitudeMeters>
     <DistanceMeters>62480.34735282711</DistanceMeters>
    </Trackpoint>
    <Trackpoint>
     <Time>2026-04-10T16:39:05+00:00</Time>
     <Position>
      <LatitudeDegrees>43.8542000</LatitudeDegrees>
      <LongitudeDegrees>5.1353067</LongitudeDegrees>
     </Position>
     <AltitudeMeters>114.88000000000001</AltitudeMeters>
     <DistanceMeters>62571.275489138454</DistanceMeters>
    </Trackpoint>
    <Trackpoint>
     <Time>2026-04-10T16:39:12+00:00</Time>
     <Position>
      <LatitudeDegrees>43.8548900</LatitudeDegrees>
      <LongitudeDegrees>5.1347000</LongitudeDegrees>
     </Position>
     <AltitudeMeters>114.88000000000001</AltitudeMeters>
     <DistanceMeters>62662.2036233035</DistanceMeters>
    </Trackpoint>
    <Trackpoint>
     <Time>2026-04-10T16:39:19+00:00</Time>
     <Position>
      <LatitudeDegrees>43.8551000</LatitudeDegrees>
      <LongitudeDegrees>5.1344100</LongitudeDegrees>
     </Position>
     <AltitudeMeters>114.88000000000001</AltitudeMeters>
     <DistanceMeters>62695.18739232117</DistanceMeters>
    </Trackpoint>
    <Trackpoint>
     <Time>2026-04-10T16:39:25+00:00</Time>
     <Position>
      <LatitudeDegrees>43.8553400</LatitudeDegrees>
      <LongitudeDegrees>5.1345500</LongitudeDegrees>
     </Position>
     <AltitudeMeters>117.32000000000001</AltitudeMeters>
     <DistanceMeters>62724.165228328326</DistanceMeters>
    </Trackpoint>
    <Trackpoint>
     <Time>2026-04-10T16:39:32+00:00</Time>
     <Position>
      <LatitudeDegrees>43.8553800</LatitudeDegrees>
      <LongitudeDegrees>5.1344800</LongitudeDegrees>
     </Position>
     <AltitudeMeters>117.32000000000001</AltitudeMeters>
     <DistanceMeters>62731.33310632408</DistanceMeters>
    </Trackpoint>
    <Trackpoint>
     <Time>2026-04-10T16:39:39+00:00</Time>
     <Position>
      <LatitudeDegrees>43.8554500</LatitudeDegrees>
      <LongitudeDegrees>5.1344600</LongitudeDegrees>
     </Position>
     <AltitudeMeters>117.32000000000001</AltitudeMeters>
     <DistanceMeters>62739.28743008981</DistanceMeters>
    </Trackpoint>
    <Trackpoint>
     <Time>2026-04-10T16:39:46+00:00</Time>
     <Position>
      <LatitudeDegrees>43.8558200</LatitudeDegrees>
      <LongitudeDegrees>5.1345000</LongitudeDegrees>
     </Position>
     <AltitudeMeters>117.32000000000001</AltitudeMeters>
     <DistanceMeters>62780.591766609854</DistanceMeters>
    </Trackpoint>
    <Trackpoint>
     <Time>2026-04-10T16:39:53+00:00</Time>
     <Position>
      <LatitudeDegrees>43.8563067</LatitudeDegrees>
      <LongitudeDegrees>5.1338933</LongitudeDegrees>
     </Position>
     <AltitudeMeters>109.83000000000001</AltitudeMeters>
     <DistanceMeters>62853.421135311306</DistanceMeters>
    </Trackpoint>
    <Trackpoint>
     <Time>2026-04-10T16:39:59+00:00</Time>
     <Position>
      <LatitudeDegrees>43.8567933</LatitudeDegrees>
      <LongitudeDegrees>5.1332867</LongitudeDegrees>
     </Position>
     <AltitudeMeters>109.83000000000001</AltitudeMeters>
     <DistanceMeters>62926.25050401224</DistanceMeters>
    </Trackpoint>
    <Trackpoint>
     <Time>2026-04-10T16:40:06+00:00</Time>
     <Position>
      <LatitudeDegrees>43.8572800</LatitudeDegrees>
      <LongitudeDegrees>5.1326800</LongitudeDegrees>
     </Position>
     <AltitudeMeters>109.83000000000001</AltitudeMeters>
     <DistanceMeters>62999.07989502955</DistanceMeters>
    </Trackpoint>
    <Trackpoint>
     <Time>2026-04-10T16:40:13+00:00</Time>
     <Position>
      <LatitudeDegrees>43.8576700</LatitudeDegrees>
      <LongitudeDegrees>5.1329400</LongitudeDegrees>
     </Position>
     <AltitudeMeters>109.83000000000001</AltitudeMeters>
     <DistanceMeters>63047.23989568593</DistanceMeters>
    </Trackpoint>
    <Trackpoint>
     <Time>2026-04-10T16:40:20+00:00</Time>
     <Position>
      <LatitudeDegrees>43.8579100</LatitudeDegrees>
      <LongitudeDegrees>5.1330700</LongitudeDegrees>
     </Position>
     <AltitudeMeters>102.18</AltitudeMeters>
     <DistanceMeters>63075.91593919876</DistanceMeters>
    </Trackpoint>
    <Trackpoint>
     <Time>2026-04-10T16:40:27+00:00</Time>
     <Position>
      <LatitudeDegrees>43.8587267</LatitudeDegrees>
      <LongitudeDegrees>5.1333800</LongitudeDegrees>
     </Position>
     <AltitudeMeters>100.14</AltitudeMeters>
     <DistanceMeters>63170.150422052</DistanceMeters>
    </Trackpoint>
    <Trackpoint>
     <Time>2026-04-10T16:40:33+00:00</Time>
     <Position>
      <LatitudeDegrees>43.8595433</LatitudeDegrees>
      <LongitudeDegrees>5.1336900</LongitudeDegrees>
     </Position>
     <AltitudeMeters>98.89</AltitudeMeters>
     <DistanceMeters>63264.384904905135</DistanceMeters>
    </Trackpoint>
    <Trackpoint>
     <Time>2026-04-10T16:40:40+00:00</Time>
     <Position>
      <LatitudeDegrees>43.8603600</LatitudeDegrees>
      <LongitudeDegrees>5.1340000</LongitudeDegrees>
     </Position>
     <AltitudeMeters>98.89</AltitudeMeters>
     <DistanceMeters>63358.61939142936</DistanceMeters>
    </Trackpoint>
    <Trackpoint>
     <Time>2026-04-10T16:40:47+00:00</Time>
     <Position>
      <LatitudeDegrees>43.8608300</LatitudeDegrees>
      <LongitudeDegrees>5.1341900</LongitudeDegrees>
     </Position>
     <AltitudeMeters>98.66000000000001</AltitudeMeters>
     <DistanceMeters>63413.10515819792</DistanceMeters>
    </Trackpoint>
    <Trackpoint>
     <Time>2026-04-10T16:40:54+00:00</Time>
     <Position>
      <LatitudeDegrees>43.8609000</LatitudeDegrees>
      <LongitudeDegrees>5.1337300</LongitudeDegrees>
     </Position>
     <AltitudeMeters>98.87</AltitudeMeters>
     <DistanceMeters>63450.831906522595</DistanceMeters>
    </Trackpoint>
    <Trackpoint>
     <Time>2026-04-10T16:41:01+00:00</Time>
     <Position>
      <LatitudeDegrees>43.8609700</LatitudeDegrees>
      <LongitudeDegrees>5.1325600</LongitudeDegrees>
     </Position>
     <AltitudeMeters>99.74000000000001</AltitudeMeters>
     <DistanceMeters>63545.043364355275</DistanceMeters>
    </Trackpoint>
    <Trackpoint>
     <Time>2026-04-10T16:41:07+00:00</Time>
     <Position>
      <LatitudeDegrees>43.8611100</LatitudeDegrees>
      <LongitudeDegrees>5.1318600</LongitudeDegrees>
     </Position>
     <AltitudeMeters>99.93</AltitudeMeters>
     <DistanceMeters>63603.33701433896</DistanceMeters>
    </Trackpoint>
    <Trackpoint>
     <Time>2026-04-10T16:41:14+00:00</Time>
     <Position>
      <LatitudeDegrees>43.8613500</LatitudeDegrees>
      <LongitudeDegrees>5.1309200</LongitudeDegrees>
     </Position>
     <AltitudeMeters>99.93</AltitudeMeters>
     <DistanceMeters>63683.35831205457</DistanceMeters>
    </Trackpoint>
    <Trackpoint>
     <Time>2026-04-10T16:41:21+00:00</Time>
     <Position>
      <LatitudeDegrees>43.8615200</LatitudeDegrees>
      <LongitudeDegrees>5.1304600</LongitudeDegrees>
     </Position>
     <AltitudeMeters>99.93</AltitudeMeters>
     <DistanceMeters>63724.83798132845</DistanceMeters>
    </Trackpoint>
    <Trackpoint>
     <Time>2026-04-10T16:41:28+00:00</Time>
     <Position>
      <LatitudeDegrees>43.8618700</LatitudeDegrees>
      <LongitudeDegrees>5.1296900</LongitudeDegrees>
     </Position>
     <AltitudeMeters>98.21000000000001</AltitudeMeters>
     <DistanceMeters>63797.8808876741</DistanceMeters>
    </Trackpoint>
    <Trackpoint>
     <Time>2026-04-10T16:41:35+00:00</Time>
     <Position>
      <LatitudeDegrees>43.8622200</LatitudeDegrees>
      <LongitudeDegrees>5.1289200</LongitudeDegrees>
     </Position>
     <AltitudeMeters>98.21000000000001</AltitudeMeters>
     <DistanceMeters>63870.92378228916</DistanceMeters>
    </Trackpoint>
    <Trackpoint>
     <Time>2026-04-10T16:41:41+00:00</Time>
     <Position>
      <LatitudeDegrees>43.8625250</LatitudeDegrees>
      <LongitudeDegrees>5.1283050</LongitudeDegrees>
     </Position>
     <AltitudeMeters>96.91000000000001</AltitudeMeters>
     <DistanceMeters>63930.821553771406</DistanceMeters>
    </Trackpoint>
    <Trackpoint>
     <Time>2026-04-10T16:41:48+00:00</Time>
     <Position>
      <LatitudeDegrees>43.8628300</LatitudeDegrees>
      <LongitudeDegrees>5.1276900</LongitudeDegrees>
     </Position>
     <AltitudeMeters>96.91000000000001</AltitudeMeters>
     <DistanceMeters>63990.71936389236</DistanceMeters>
    </Trackpoint>
    <Trackpoint>
     <Time>2026-04-10T16:41:55+00:00</Time>
     <Position>
      <LatitudeDegrees>43.8630850</LatitudeDegrees>
      <LongitudeDegrees>5.1271000</LongitudeDegrees>
     </Position>
     <AltitudeMeters>96.91000000000001</AltitudeMeters>
     <DistanceMeters>64045.91804006783</DistanceMeters>
    </Trackpoint>
    <Trackpoint>
     <Time>2026-04-10T16:42:02+00:00</Time>
     <Position>
      <LatitudeDegrees>43.8633400</LatitudeDegrees>
      <LongitudeDegrees>5.1265100</LongitudeDegrees>
     </Position>
     <AltitudeMeters>96.91000000000001</AltitudeMeters>
     <DistanceMeters>64101.11671278906</DistanceMeters>
    </Trackpoint>
    <Trackpoint>
     <Time>2026-04-10T16:42:09+00:00</Time>
     <Position>
      <LatitudeDegrees>43.8635900</LatitudeDegrees>
      <LongitudeDegrees>5.1258800</LongitudeDegrees>
     </Position>
     <AltitudeMeters>96.91000000000001</AltitudeMeters>
     <DistanceMeters>64158.8211807042</DistanceMeters>
    </Trackpoint>
    <Trackpoint>
     <Time>2026-04-10T16:42:15+00:00</Time>
     <Position>
      <LatitudeDegrees>43.8638400</LatitudeDegrees>
      <LongitudeDegrees>5.1252500</LongitudeDegrees>
     </Position>
     <AltitudeMeters>95.97000000000001</AltitudeMeters>
     <DistanceMeters>64216.525575290194</DistanceMeters>
    </Trackpoint>
    <Trackpoint>
     <Time>2026-04-10T16:42:22+00:00</Time>
     <Position>
      <LatitudeDegrees>43.8642600</LatitudeDegrees>
      <LongitudeDegrees>5.1243500</LongitudeDegrees>
     </Position>
     <AltitudeMeters>95.97000000000001</AltitudeMeters>
     <DistanceMeters>64302.55180140773</DistanceMeters>
    </Trackpoint>
    <Trackpoint>
     <Time>2026-04-10T16:42:29+00:00</Time>
     <Position>
      <LatitudeDegrees>43.8644700</LatitudeDegrees>
      <LongitudeDegrees>5.1239600</LongitudeDegrees>
     </Position>
     <AltitudeMeters>95.97000000000001</AltitudeMeters>
     <DistanceMeters>64341.61070562345</DistanceMeters>
    </Trackpoint>
    <Trackpoint>
     <Time>2026-04-10T16:42:36+00:00</Time>
     <Position>
      <LatitudeDegrees>43.8645200</LatitudeDegrees>
      <LongitudeDegrees>5.1237500</LongitudeDegrees>
     </Position>
     <AltitudeMeters>95.97000000000001</AltitudeMeters>
     <DistanceMeters>64359.356611763644</DistanceMeters>
    </Trackpoint>
    <Trackpoint>
     <Time>2026-04-10T16:42:43+00:00</Time>
     <Position>
      <LatitudeDegrees>43.8645200</LatitudeDegrees>
      <LongitudeDegrees>5.1234300</LongitudeDegrees>
     </Position>
     <AltitudeMeters>95.67999999999999</AltitudeMeters>
     <DistanceMeters>64385.03405136775</DistanceMeters>
    </Trackpoint>
    <Trackpoint>
     <Time>2026-04-10T16:42:49+00:00</Time>
     <Position>
      <LatitudeDegrees>43.8647800</LatitudeDegrees>
      <LongitudeDegrees>5.1232900</LongitudeDegrees>
     </Position>
     <AltitudeMeters>95.5</AltitudeMeters>
     <DistanceMeters>64416.075029703694</DistanceMeters>
    </Trackpoint>
    <Trackpoint>
     <Time>2026-04-10T16:42:56+00:00</Time>
     <Position>
      <LatitudeDegrees>43.8651200</LatitudeDegrees>
      <LongitudeDegrees>5.1229200</LongitudeDegrees>
     </Position>
     <AltitudeMeters>95.5</AltitudeMeters>
     <DistanceMeters>64464.17244989374</DistanceMeters>
    </Trackpoint>
    <Trackpoint>
     <Time>2026-04-10T16:43:03+00:00</Time>
     <Position>
      <LatitudeDegrees>43.8656600</LatitudeDegrees>
      <LongitudeDegrees>5.1222200</LongitudeDegrees>
     </Position>
     <AltitudeMeters>94.55000000000001</AltitudeMeters>
     <DistanceMeters>64546.43349335435</DistanceMeters>
    </Trackpoint>
    <Trackpoint>
     <Time>2026-04-10T16:43:10+00:00</Time>
     <Position>
      <LatitudeDegrees>43.8661950</LatitudeDegrees>
      <LongitudeDegrees>5.1215000</LongitudeDegrees>
     </Position>
     <AltitudeMeters>93.86000000000001</AltitudeMeters>
     <DistanceMeters>64629.39774288889</DistanceMeters>
    </Trackpoint>
    <Trackpoint>
     <Time>2026-04-10T16:43:17+00:00</Time>
     <Position>
      <LatitudeDegrees>43.8667300</LatitudeDegrees>
      <LongitudeDegrees>5.1207800</LongitudeDegrees>
     </Position>
     <AltitudeMeters>94.03</AltitudeMeters>
     <DistanceMeters>64712.36198912262</DistanceMeters>
    </Trackpoint>
    <Trackpoint>
     <Time>2026-04-10T16:43:23+00:00</Time>
     <Position>
      <LatitudeDegrees>43.8673700</LatitudeDegrees>
      <LongitudeDegrees>5.1199500</LongitudeDegrees>
     </Position>
     <AltitudeMeters>93.79</AltitudeMeters>
     <DistanceMeters>64809.87558718767</DistanceMeters>
    </Trackpoint>
    <Trackpoint>
     <Time>2026-04-10T16:43:30+00:00</Time>
     <Position>
      <LatitudeDegrees>43.8671200</LatitudeDegrees>
      <LongitudeDegrees>5.1191733</LongitudeDegrees>
     </Position>
     <AltitudeMeters>93.79</AltitudeMeters>
     <DistanceMeters>64878.12359372183</DistanceMeters>
    </Trackpoint>
    <Trackpoint>
     <Time>2026-04-10T16:43:37+00:00</Time>
     <Position>
      <LatitudeDegrees>43.8668700</LatitudeDegrees>
      <LongitudeDegrees>5.1183967</LongitudeDegrees>
     </Position>
     <AltitudeMeters>93.79</AltitudeMeters>
     <DistanceMeters>64946.371600255115</DistanceMeters>
    </Trackpoint>
    <Trackpoint>
     <Time>2026-04-10T16:43:44+00:00</Time>
     <Position>
      <LatitudeDegrees>43.8666200</LatitudeDegrees>
      <LongitudeDegrees>5.1176200</LongitudeDegrees>
     </Position>
     <AltitudeMeters>93.00000000000001</AltitudeMeters>
     <DistanceMeters>65014.61961263523</DistanceMeters>
    </Trackpoint>
    <Trackpoint>
     <Time>2026-04-10T16:43:51+00:00</Time>
     <Position>
      <LatitudeDegrees>43.8663600</LatitudeDegrees>
      <LongitudeDegrees>5.1169250</LongitudeDegrees>
     </Position>
     <AltitudeMeters>93.00000000000001</AltitudeMeters>
     <DistanceMeters>65077.446670532125</DistanceMeters>
    </Trackpoint>
    <Trackpoint>
     <Time>2026-04-10T16:43:57+00:00</Time>
     <Position>
      <LatitudeDegrees>43.8661000</LatitudeDegrees>
      <LongitudeDegrees>5.1162300</LongitudeDegrees>
     </Position>
     <AltitudeMeters>93.00000000000001</AltitudeMeters>
     <DistanceMeters>65140.2737691038</DistanceMeters>
    </Trackpoint>
    <Trackpoint>
     <Time>2026-04-10T16:44:04+00:00</Time>
     <Position>
      <LatitudeDegrees>43.8659000</LatitudeDegrees>
      <LongitudeDegrees>5.1156550</LongitudeDegrees>
     </Position>
     <AltitudeMeters>93.00000000000001</AltitudeMeters>
     <DistanceMeters>65191.50061563336</DistanceMeters>
    </Trackpoint>
    <Trackpoint>
     <Time>2026-04-10T16:44:11+00:00</Time>
     <Position>
      <LatitudeDegrees>43.8657000</LatitudeDegrees>
      <LongitudeDegrees>5.1150800</LongitudeDegrees>
     </Position>
     <AltitudeMeters>92.29</AltitudeMeters>
     <DistanceMeters>65242.727498482025</DistanceMeters>
    </Trackpoint>
    <Trackpoint>
     <Time>2026-04-10T16:44:18+00:00</Time>
     <Position>
      <LatitudeDegrees>43.8654000</LatitudeDegrees>
      <LongitudeDegrees>5.1141300</LongitudeDegrees>
     </Position>
     <AltitudeMeters>92.27</AltitudeMeters>
     <DistanceMeters>65325.94786646257</DistanceMeters>
    </Trackpoint>
    <Trackpoint>
     <Time>2026-04-10T16:44:25+00:00</Time>
     <Position>
      <LatitudeDegrees>43.8651000</LatitudeDegrees>
      <LongitudeDegrees>5.1131800</LongitudeDegrees>
     </Position>
     <AltitudeMeters>92.22000000000001</AltitudeMeters>
     <DistanceMeters>65409.16825617537</DistanceMeters>
    </Trackpoint>
    <Trackpoint>
     <Time>2026-04-10T16:44:31+00:00</Time>
     <Position>
      <LatitudeDegrees>43.8647400</LatitudeDegrees>
      <LongitudeDegrees>5.1120900</LongitudeDegrees>
     </Position>
     <AltitudeMeters>92.55000000000001</AltitudeMeters>
     <DistanceMeters>65505.37184185557</DistanceMeters>
    </Trackpoint>
    <Trackpoint>
     <Time>2026-04-10T16:44:38+00:00</Time>
     <Position>
      <LatitudeDegrees>43.8645200</LatitudeDegrees>
      <LongitudeDegrees>5.1115000</LongitudeDegrees>
     </Position>
     <AltitudeMeters>92.19000000000001</AltitudeMeters>
     <DistanceMeters>65558.67144903335</DistanceMeters>
    </Trackpoint>
    <Trackpoint>
     <Time>2026-04-10T16:44:45+00:00</Time>
     <Position>
      <LatitudeDegrees>43.8642600</LatitudeDegrees>
      <LongitudeDegrees>5.1106500</LongitudeDegrees>
     </Position>
     <AltitudeMeters>91.62</AltitudeMeters>
     <DistanceMeters>65632.76180258379</DistanceMeters>
    </Trackpoint>
    <Trackpoint>
     <Time>2026-04-10T16:44:52+00:00</Time>
     <Position>
      <LatitudeDegrees>43.8640900</LatitudeDegrees>
      <LongitudeDegrees>5.1100300</LongitudeDegrees>
     </Position>
     <AltitudeMeters>90.71000000000001</AltitudeMeters>
     <DistanceMeters>65685.988500885</DistanceMeters>
    </Trackpoint>
    <Trackpoint>
     <Time>2026-04-10T16:44:59+00:00</Time>
     <Position>
      <LatitudeDegrees>43.8639200</LatitudeDegrees>
      <LongitudeDegrees>5.1094100</LongitudeDegrees>
     </Position>
     <AltitudeMeters>90.71000000000001</AltitudeMeters>
     <DistanceMeters>65739.21514554085</DistanceMeters>
    </Trackpoint>
    <Trackpoint>
     <Time>2026-04-10T16:45:05+00:00</Time>
     <Position>
      <LatitudeDegrees>43.8637467</LatitudeDegrees>
      <LongitudeDegrees>5.1085867</LongitudeDegrees>
     </Position>
     <AltitudeMeters>90.12</AltitudeMeters>
     <DistanceMeters>65808.04089070905</DistanceMeters>
    </Trackpoint>
    <Trackpoint>
     <Time>2026-04-10T16:45:12+00:00</Time>
     <Position>
      <LatitudeDegrees>43.8635733</LatitudeDegrees>
      <LongitudeDegrees>5.1077633</LongitudeDegrees>
     </Position>
     <AltitudeMeters>89.97000000000001</AltitudeMeters>
     <DistanceMeters>65876.86663587675</DistanceMeters>
    </Trackpoint>
    <Trackpoint>
     <Time>2026-04-10T16:45:19+00:00</Time>
     <Position>
      <LatitudeDegrees>43.8634000</LatitudeDegrees>
      <LongitudeDegrees>5.1069400</LongitudeDegrees>
     </Position>
     <AltitudeMeters>89.97000000000001</AltitudeMeters>
     <DistanceMeters>65945.6923783118</DistanceMeters>
    </Trackpoint>
    <Trackpoint>
     <Time>2026-04-10T16:45:26+00:00</Time>
     <Position>
      <LatitudeDegrees>43.8631850</LatitudeDegrees>
      <LongitudeDegrees>5.1062500</LongitudeDegrees>
     </Position>
     <AltitudeMeters>89.22</AltitudeMeters>
     <DistanceMeters>66006.01001818795</DistanceMeters>
    </Trackpoint>
    <Trackpoint>
     <Time>2026-04-10T16:45:33+00:00</Time>
     <Position>
      <LatitudeDegrees>43.8629700</LatitudeDegrees>
      <LongitudeDegrees>5.1055600</LongitudeDegrees>
     </Position>
     <AltitudeMeters>89.22</AltitudeMeters>
     <DistanceMeters>66066.3276334246</DistanceMeters>
    </Trackpoint>
    <Trackpoint>
     <Time>2026-04-10T16:45:39+00:00</Time>
     <Position>
      <LatitudeDegrees>43.8626900</LatitudeDegrees>
      <LongitudeDegrees>5.1044500</LongitudeDegrees>
     </Position>
     <AltitudeMeters>88.82000000000001</AltitudeMeters>
     <DistanceMeters>66160.69301207548</DistanceMeters>
    </Trackpoint>
    <Trackpoint>
     <Time>2026-04-10T16:45:46+00:00</Time>
     <Position>
      <LatitudeDegrees>43.8624100</LatitudeDegrees>
      <LongitudeDegrees>5.1033400</LongitudeDegrees>
     </Position>
     <AltitudeMeters>91.48</AltitudeMeters>
     <DistanceMeters>66255.05839813387</DistanceMeters>
    </Trackpoint>
    <Trackpoint>
     <Time>2026-04-10T16:45:53+00:00</Time>
     <Position>
      <LatitudeDegrees>43.8620700</LatitudeDegrees>
      <LongitudeDegrees>5.1022350</LongitudeDegrees>
     </Position>
     <AltitudeMeters>90.65</AltitudeMeters>
     <DistanceMeters>66351.46617704864</DistanceMeters>
    </Trackpoint>
    <Trackpoint>
     <Time>2026-04-10T16:46:00+00:00</Time>
     <Position>
      <LatitudeDegrees>43.8617300</LatitudeDegrees>
      <LongitudeDegrees>5.1011300</LongitudeDegrees>
     </Position>
     <AltitudeMeters>89.00000000000001</AltitudeMeters>
     <DistanceMeters>66447.87397181588</DistanceMeters>
    </Trackpoint>
    <Trackpoint>
     <Time>2026-04-10T16:46:07+00:00</Time>
     <Position>
      <LatitudeDegrees>43.8614300</LatitudeDegrees>
      <LongitudeDegrees>5.1002200</LongitudeDegrees>
     </Position>
     <AltitudeMeters>89.09</AltitudeMeters>
     <DistanceMeters>66528.16895192547</DistanceMeters>
    </Trackpoint>
    <Trackpoint>
     <Time>2026-04-10T16:46:13+00:00</Time>
     <Position>
      <LatitudeDegrees>43.8610733</LatitudeDegrees>
      <LongitudeDegrees>5.0992333</LongitudeDegrees>
     </Position>
     <AltitudeMeters>89.09</AltitudeMeters>
     <DistanceMeters>66616.73934366785</DistanceMeters>
    </Trackpoint>
    <Trackpoint>
     <Time>2026-04-10T16:46:20+00:00</Time>
     <Position>
      <LatitudeDegrees>43.8607167</LatitudeDegrees>
      <LongitudeDegrees>5.0982467</LongitudeDegrees>
     </Position>
     <AltitudeMeters>88.28000000000002</AltitudeMeters>
     <DistanceMeters>66705.30973541018</DistanceMeters>
    </Trackpoint>
    <Trackpoint>
     <Time>2026-04-10T16:46:27+00:00</Time>
     <Position>
      <LatitudeDegrees>43.8603600</LatitudeDegrees>
      <LongitudeDegrees>5.0972600</LongitudeDegrees>
     </Position>
     <AltitudeMeters>88.28000000000002</AltitudeMeters>
     <DistanceMeters>66793.88012337887</DistanceMeters>
    </Trackpoint>
    <Trackpoint>
     <Time>2026-04-10T16:46:34+00:00</Time>
     <Position>
      <LatitudeDegrees>43.8602050</LatitudeDegrees>
      <LongitudeDegrees>5.0966650</LongitudeDegrees>
     </Position>
     <AltitudeMeters>87.95</AltitudeMeters>
     <DistanceMeters>66844.64832496933</DistanceMeters>
    </Trackpoint>
    <Trackpoint>
     <Time>2026-04-10T16:46:41+00:00</Time>
     <Position>
      <LatitudeDegrees>43.8600500</LatitudeDegrees>
      <LongitudeDegrees>5.0960700</LongitudeDegrees>
     </Position>
     <AltitudeMeters>87.63000000000001</AltitudeMeters>
     <DistanceMeters>66895.41651392751</DistanceMeters>
    </Trackpoint>
    <Trackpoint>
     <Time>2026-04-10T16:46:47+00:00</Time>
     <Position>
      <LatitudeDegrees>43.8598500</LatitudeDegrees>
      <LongitudeDegrees>5.0952600</LongitudeDegrees>
     </Position>
     <AltitudeMeters>87.01</AltitudeMeters>
     <DistanceMeters>66964.12313167001</DistanceMeters>
    </Trackpoint>
    <Trackpoint>
     <Time>2026-04-10T16:46:54+00:00</Time>
     <Position>
      <LatitudeDegrees>43.8597100</LatitudeDegrees>
      <LongitudeDegrees>5.0948100</LongitudeDegrees>
     </Position>
     <AltitudeMeters>86.79</AltitudeMeters>
     <DistanceMeters>67003.45301647112</DistanceMeters>
    </Trackpoint>
    <Trackpoint>
     <Time>2026-04-10T16:47:01+00:00</Time>
     <Position>
      <LatitudeDegrees>43.8594500</LatitudeDegrees>
      <LongitudeDegrees>5.0941350</LongitudeDegrees>
     </Position>
     <AltitudeMeters>86.79</AltitudeMeters>
     <DistanceMeters>67064.86564791773</DistanceMeters>
    </Trackpoint>
    <Trackpoint>
     <Time>2026-04-10T16:47:08+00:00</Time>
     <Position>
      <LatitudeDegrees>43.8591900</LatitudeDegrees>
      <LongitudeDegrees>5.0934600</LongitudeDegrees>
     </Position>
     <AltitudeMeters>86.60000000000001</AltitudeMeters>
     <DistanceMeters>67126.27826192665</DistanceMeters>
    </Trackpoint>
    <Trackpoint>
     <Time>2026-04-10T16:47:15+00:00</Time>
     <Position>
      <LatitudeDegrees>43.8588700</LatitudeDegrees>
      <LongitudeDegrees>5.0925400</LongitudeDegrees>
     </Position>
     <AltitudeMeters>86.60000000000001</AltitudeMeters>
     <DistanceMeters>67208.24890767192</DistanceMeters>
    </Trackpoint>
    <Trackpoint>
     <Time>2026-04-10T16:47:21+00:00</Time>
     <Position>
      <LatitudeDegrees>43.8588500</LatitudeDegrees>
      <LongitudeDegrees>5.0922100</LongitudeDegrees>
     </Position>
     <AltitudeMeters>86.25</AltitudeMeters>
     <DistanceMeters>67234.82466360704</DistanceMeters>
    </Trackpoint>
    <Trackpoint>
     <Time>2026-04-10T16:47:28+00:00</Time>
     <Position>
      <LatitudeDegrees>43.8588000</LatitudeDegrees>
      <LongitudeDegrees>5.0921200</LongitudeDegrees>
     </Position>
     <AltitudeMeters>86.01</AltitudeMeters>
     <DistanceMeters>67243.9422778918</DistanceMeters>
    </Trackpoint>
    <Trackpoint>
     <Time>2026-04-10T16:47:35+00:00</Time>
     <Position>
      <LatitudeDegrees>43.8587300</LatitudeDegrees>
      <LongitudeDegrees>5.0921000</LongitudeDegrees>
     </Position>
     <AltitudeMeters>85.76</AltitudeMeters>
     <DistanceMeters>67251.89658346219</DistanceMeters>
    </Trackpoint>
    <Trackpoint>
     <Time>2026-04-10T16:47:42+00:00</Time>
     <Position>
      <LatitudeDegrees>43.8586500</LatitudeDegrees>
      <LongitudeDegrees>5.0918900</LongitudeDegrees>
     </Position>
     <AltitudeMeters>85.51</AltitudeMeters>
     <DistanceMeters>67270.95650806332</DistanceMeters>
    </Trackpoint>
    <Trackpoint>
     <Time>2026-04-10T16:47:49+00:00</Time>
     <Position>
      <LatitudeDegrees>43.8583200</LatitudeDegrees>
      <LongitudeDegrees>5.0909200</LongitudeDegrees>
     </Position>
     <AltitudeMeters>84.86</AltitudeMeters>
     <DistanceMeters>67357.02850058374</DistanceMeters>
    </Trackpoint>
    <Trackpoint>
     <Time>2026-04-10T16:47:55+00:00</Time>
     <Position>
      <LatitudeDegrees>43.8580300</LatitudeDegrees>
      <LongitudeDegrees>5.0901300</LongitudeDegrees>
     </Position>
     <AltitudeMeters>84.65</AltitudeMeters>
     <DistanceMeters>67428.1693526965</DistanceMeters>
    </Trackpoint>
    <Trackpoint>
     <Time>2026-04-10T16:48:02+00:00</Time>
     <Position>
      <LatitudeDegrees>43.8577400</LatitudeDegrees>
      <LongitudeDegrees>5.0893800</LongitudeDegrees>
     </Position>
     <AltitudeMeters>83.9</AltitudeMeters>
     <DistanceMeters>67496.4653474445</DistanceMeters>
    </Trackpoint>
    <Trackpoint>
     <Time>2026-04-10T16:48:09+00:00</Time>
     <Position>
      <LatitudeDegrees>43.8573700</LatitudeDegrees>
      <LongitudeDegrees>5.0882700</LongitudeDegrees>
     </Position>
     <AltitudeMeters>83.01</AltitudeMeters>
     <DistanceMeters>67594.60206687849</DistanceMeters>
    </Trackpoint>
    <Trackpoint>
     <Time>2026-04-10T16:48:16+00:00</Time>
     <Position>
      <LatitudeDegrees>43.8570300</LatitudeDegrees>
      <LongitudeDegrees>5.0871900</LongitudeDegrees>
     </Position>
     <AltitudeMeters>82.9</AltitudeMeters>
     <DistanceMeters>67689.17447959616</DistanceMeters>
    </Trackpoint>
    <Trackpoint>
     <Time>2026-04-10T16:48:23+00:00</Time>
     <Position>
      <LatitudeDegrees>43.8567400</LatitudeDegrees>
      <LongitudeDegrees>5.0860400</LongitudeDegrees>
     </Position>
     <AltitudeMeters>81.98</AltitudeMeters>
     <DistanceMeters>67786.94558695212</DistanceMeters>
    </Trackpoint>
    <Trackpoint>
     <Time>2026-04-10T16:48:29+00:00</Time>
     <Position>
      <LatitudeDegrees>43.8565950</LatitudeDegrees>
      <LongitudeDegrees>5.0853400</LongitudeDegrees>
     </Position>
     <AltitudeMeters>81.98</AltitudeMeters>
     <DistanceMeters>67845.3944733674</DistanceMeters>
    </Trackpoint>
    <Trackpoint>
     <Time>2026-04-10T16:48:36+00:00</Time>
     <Position>
      <LatitudeDegrees>43.8564500</LatitudeDegrees>
      <LongitudeDegrees>5.0846400</LongitudeDegrees>
     </Position>
     <AltitudeMeters>82.11</AltitudeMeters>
     <DistanceMeters>67903.84334079604</DistanceMeters>
    </Trackpoint>
    <Trackpoint>
     <Time>2026-04-10T16:48:43+00:00</Time>
     <Position>
      <LatitudeDegrees>43.8562500</LatitudeDegrees>
      <LongitudeDegrees>5.0834300</LongitudeDegrees>
     </Position>
     <AltitudeMeters>82.11</AltitudeMeters>
     <DistanceMeters>68003.46797870913</DistanceMeters>
    </Trackpoint>
    <Trackpoint>
     <Time>2026-04-10T16:48:50+00:00</Time>
     <Position>
      <LatitudeDegrees>43.8561650</LatitudeDegrees>
      <LongitudeDegrees>5.0827500</LongitudeDegrees>
     </Position>
     <AltitudeMeters>82.11</AltitudeMeters>
     <DistanceMeters>68058.85407838965</DistanceMeters>
    </Trackpoint>
    <Trackpoint>
     <Time>2026-04-10T16:48:57+00:00</Time>
     <Position>
      <LatitudeDegrees>43.8560800</LatitudeDegrees>
      <LongitudeDegrees>5.0820700</LongitudeDegrees>
     </Position>
     <AltitudeMeters>82.11</AltitudeMeters>
     <DistanceMeters>68114.24017345074</DistanceMeters>
    </Trackpoint>
    <Trackpoint>
     <Time>2026-04-10T16:49:03+00:00</Time>
     <Position>
      <LatitudeDegrees>43.8559700</LatitudeDegrees>
      <LongitudeDegrees>5.0815200</LongitudeDegrees>
     </Position>
     <AltitudeMeters>82.11</AltitudeMeters>
     <DistanceMeters>68160.04590428661</DistanceMeters>
    </Trackpoint>
    <Trackpoint>
     <Time>2026-04-10T16:49:10+00:00</Time>
     <Position>
      <LatitudeDegrees>43.8558000</LatitudeDegrees>
      <LongitudeDegrees>5.0809900</LongitudeDegrees>
     </Position>
     <AltitudeMeters>80.12</AltitudeMeters>
     <DistanceMeters>68206.5985976245</DistanceMeters>
    </Trackpoint>
    <Trackpoint>
     <Time>2026-04-10T16:49:17+00:00</Time>
     <Position>
      <LatitudeDegrees>43.8554750</LatitudeDegrees>
      <LongitudeDegrees>5.0800950</LongitudeDegrees>
     </Position>
     <AltitudeMeters>80.12</AltitudeMeters>
     <DistanceMeters>68287.0195773389</DistanceMeters>
    </Trackpoint>
    <Trackpoint>
     <Time>2026-04-10T16:49:24+00:00</Time>
     <Position>
      <LatitudeDegrees>43.8551500</LatitudeDegrees>
      <LongitudeDegrees>5.0792000</LongitudeDegrees>
     </Position>
     <AltitudeMeters>80.03</AltitudeMeters>
     <DistanceMeters>68367.44057873494</DistanceMeters>
    </Trackpoint>
    <Trackpoint>
     <Time>2026-04-10T16:49:31+00:00</Time>
     <Position>
      <LatitudeDegrees>43.8553100</LatitudeDegrees>
      <LongitudeDegrees>5.0780400</LongitudeDegrees>
     </Position>
     <AltitudeMeters>79.78</AltitudeMeters>
     <DistanceMeters>68462.22359816333</DistanceMeters>
    </Trackpoint>
    <Trackpoint>
     <Time>2026-04-10T16:49:37+00:00</Time>
     <Position>
      <LatitudeDegrees>43.8553400</LatitudeDegrees>
      <LongitudeDegrees>5.0775800</LongitudeDegrees>
     </Position>
     <AltitudeMeters>79.78</AltitudeMeters>
     <DistanceMeters>68499.29129104578</DistanceMeters>
    </Trackpoint>
    <Trackpoint>
     <Time>2026-04-10T16:49:44+00:00</Time>
     <Position>
      <LatitudeDegrees>43.8553367</LatitudeDegrees>
      <LongitudeDegrees>5.0766333</LongitudeDegrees>
     </Position>
     <AltitudeMeters>79.78</AltitudeMeters>
     <DistanceMeters>68575.26632653468</DistanceMeters>
    </Trackpoint>
    <Trackpoint>
     <Time>2026-04-10T16:49:51+00:00</Time>
     <Position>
      <LatitudeDegrees>43.8553333</LatitudeDegrees>
      <LongitudeDegrees>5.0756867</LongitudeDegrees>
     </Position>
     <AltitudeMeters>80.08000000000001</AltitudeMeters>
     <DistanceMeters>68651.2413620235</DistanceMeters>
    </Trackpoint>
    <Trackpoint>
     <Time>2026-04-10T16:49:58+00:00</Time>
     <Position>
      <LatitudeDegrees>43.8553300</LatitudeDegrees>
      <LongitudeDegrees>5.0747400</LongitudeDegrees>
     </Position>
     <AltitudeMeters>79.41000000000001</AltitudeMeters>
     <DistanceMeters>68727.2163941295</DistanceMeters>
    </Trackpoint>
    <Trackpoint>
     <Time>2026-04-10T16:50:05+00:00</Time>
     <Position>
      <LatitudeDegrees>43.8553400</LatitudeDegrees>
      <LongitudeDegrees>5.0743800</LongitudeDegrees>
     </Position>
     <AltitudeMeters>79.41000000000001</AltitudeMeters>
     <DistanceMeters>68756.12939279203</DistanceMeters>
    </Trackpoint>
    <Trackpoint>
     <Time>2026-04-10T16:50:11+00:00</Time>
     <Position>
      <LatitudeDegrees>43.8553900</LatitudeDegrees>
      <LongitudeDegrees>5.0740700</LongitudeDegrees>
     </Position>
     <AltitudeMeters>79.41000000000001</AltitudeMeters>
     <DistanceMeters>68781.6229895031</DistanceMeters>
    </Trackpoint>
    <Trackpoint>
     <Time>2026-04-10T16:50:18+00:00</Time>
     <Position>
      <LatitudeDegrees>43.8553800</LatitudeDegrees>
      <LongitudeDegrees>5.0740800</LongitudeDegrees>
     </Position>
     <AltitudeMeters>79.41000000000001</AltitudeMeters>
     <DistanceMeters>68781.6229895031</DistanceMeters>
    </Trackpoint>
    <Trackpoint>
     <Time>2026-04-10T16:50:25+00:00</Time>
     <Position>
      <LatitudeDegrees>43.8555900</LatitudeDegrees>
      <LongitudeDegrees>5.0733700</LongitudeDegrees>
     </Position>
     <AltitudeMeters>78.76</AltitudeMeters>
     <DistanceMeters>68843.21054306702</DistanceMeters>
    </Trackpoint>
    <Trackpoint>
     <Time>2026-04-10T16:50:32+00:00</Time>
     <Position>
      <LatitudeDegrees>43.8557200</LatitudeDegrees>
      <LongitudeDegrees>5.0729700</LongitudeDegrees>
     </Position>
     <AltitudeMeters>78.76</AltitudeMeters>
     <DistanceMeters>68878.42199924443</DistanceMeters>
    </Trackpoint>
    <Trackpoint>
     <Time>2026-04-10T16:50:39+00:00</Time>
     <Position>
      <LatitudeDegrees>43.8559900</LatitudeDegrees>
      <LongitudeDegrees>5.0720967</LongitudeDegrees>
     </Position>
     <AltitudeMeters>78.76</AltitudeMeters>
     <DistanceMeters>68954.68014429833</DistanceMeters>
    </Trackpoint>
    <Trackpoint>
     <Time>2026-04-10T16:50:45+00:00</Time>
     <Position>
      <LatitudeDegrees>43.8562600</LatitudeDegrees>
      <LongitudeDegrees>5.0712233</LongitudeDegrees>
     </Position>
     <AltitudeMeters>78.34</AltitudeMeters>
     <DistanceMeters>69030.93828935258</DistanceMeters>
    </Trackpoint>
    <Trackpoint>
     <Time>2026-04-10T16:50:52+00:00</Time>
     <Position>
      <LatitudeDegrees>43.8565300</LatitudeDegrees>
      <LongitudeDegrees>5.0703500</LongitudeDegrees>
     </Position>
     <AltitudeMeters>78.34</AltitudeMeters>
     <DistanceMeters>69107.19641000369</DistanceMeters>
    </Trackpoint>
    <Trackpoint>
     <Time>2026-04-10T16:50:59+00:00</Time>
     <Position>
      <LatitudeDegrees>43.8568200</LatitudeDegrees>
      <LongitudeDegrees>5.0696600</LongitudeDegrees>
     </Position>
     <AltitudeMeters>78.34</AltitudeMeters>
     <DistanceMeters>69171.29034930909</DistanceMeters>
    </Trackpoint>
    <Trackpoint>
     <Time>2026-04-10T16:51:06+00:00</Time>
     <Position>
      <LatitudeDegrees>43.8568800</LatitudeDegrees>
      <LongitudeDegrees>5.0694600</LongitudeDegrees>
     </Position>
     <AltitudeMeters>78.34</AltitudeMeters>
     <DistanceMeters>69188.6745269071</DistanceMeters>
    </Trackpoint>
    <Trackpoint>
     <Time>2026-04-10T16:51:13+00:00</Time>
     <Position>
      <LatitudeDegrees>43.8571100</LatitudeDegrees>
      <LongitudeDegrees>5.0683150</LongitudeDegrees>
     </Position>
     <AltitudeMeters>76.36000000000001</AltitudeMeters>
     <DistanceMeters>69284.06193390903</DistanceMeters>
    </Trackpoint>
    <Trackpoint>
     <Time>2026-04-10T16:51:19+00:00</Time>
     <Position>
      <LatitudeDegrees>43.8573400</LatitudeDegrees>
      <LongitudeDegrees>5.0671700</LongitudeDegrees>
     </Position>
     <AltitudeMeters>76.17</AltitudeMeters>
     <DistanceMeters>69379.44932485443</DistanceMeters>
    </Trackpoint>
    <Trackpoint>
     <Time>2026-04-10T16:51:26+00:00</Time>
     <Position>
      <LatitudeDegrees>43.8576800</LatitudeDegrees>
      <LongitudeDegrees>5.0664200</LongitudeDegrees>
     </Position>
     <AltitudeMeters>76.17</AltitudeMeters>
     <DistanceMeters>69450.54470427823</DistanceMeters>
    </Trackpoint>
    <Trackpoint>
     <Time>2026-04-10T16:51:33+00:00</Time>
     <Position>
      <LatitudeDegrees>43.8580200</LatitudeDegrees>
      <LongitudeDegrees>5.0656700</LongitudeDegrees>
     </Position>
     <AltitudeMeters>75.87</AltitudeMeters>
     <DistanceMeters>69521.64003830928</DistanceMeters>
    </Trackpoint>
    <Trackpoint>
     <Time>2026-04-10T16:51:40+00:00</Time>
     <Position>
      <LatitudeDegrees>43.8583100</LatitudeDegrees>
      <LongitudeDegrees>5.0650000</LongitudeDegrees>
     </Position>
     <AltitudeMeters>75.87</AltitudeMeters>
     <DistanceMeters>69584.35134274309</DistanceMeters>
    </Trackpoint>
    <Trackpoint>
     <Time>2026-04-10T16:51:47+00:00</Time>
     <Position>
      <LatitudeDegrees>43.8586650</LatitudeDegrees>
      <LongitudeDegrees>5.0638850</LongitudeDegrees>
     </Position>
     <AltitudeMeters>74.46000000000001</AltitudeMeters>
     <DistanceMeters>69682.1647363078</DistanceMeters>
    </Trackpoint>
    <Trackpoint>
     <Time>2026-04-10T16:51:53+00:00</Time>
     <Position>
      <LatitudeDegrees>43.8590200</LatitudeDegrees>
      <LongitudeDegrees>5.0627700</LongitudeDegrees>
     </Position>
     <AltitudeMeters>75.21000000000001</AltitudeMeters>
     <DistanceMeters>69779.97813107856</DistanceMeters>
    </Trackpoint>
    <Trackpoint>
     <Time>2026-04-10T16:52:00+00:00</Time>
     <Position>
      <LatitudeDegrees>43.8593100</LatitudeDegrees>
      <LongitudeDegrees>5.0618000</LongitudeDegrees>
     </Position>
     <AltitudeMeters>74.3</AltitudeMeters>
     <DistanceMeters>69864.24591154556</DistanceMeters>
    </Trackpoint>
    <Trackpoint>
     <Time>2026-04-10T16:52:07+00:00</Time>
     <Position>
      <LatitudeDegrees>43.8595200</LatitudeDegrees>
      <LongitudeDegrees>5.0610400</LongitudeDegrees>
     </Position>
     <AltitudeMeters>74.12</AltitudeMeters>
     <DistanceMeters>69929.55999933062</DistanceMeters>
    </Trackpoint>
    <Trackpoint>
     <Time>2026-04-10T16:52:14+00:00</Time>
     <Position>
      <LatitudeDegrees>43.8596600</LatitudeDegrees>
      <LongitudeDegrees>5.0604300</LongitudeDegrees>
     </Position>
     <AltitudeMeters>73.60000000000001</AltitudeMeters>
     <DistanceMeters>69980.93164111691</DistanceMeters>
    </Trackpoint>
    <Trackpoint>
     <Time>2026-04-10T16:52:21+00:00</Time>
     <Position>
      <LatitudeDegrees>43.8597200</LatitudeDegrees>
      <LongitudeDegrees>5.0600400</LongitudeDegrees>
     </Position>
     <AltitudeMeters>73.60000000000001</AltitudeMeters>
     <DistanceMeters>70012.93303339498</DistanceMeters>
    </Trackpoint>
    <Trackpoint>
     <Time>2026-04-10T16:52:27+00:00</Time>
     <Position>
      <LatitudeDegrees>43.8597900</LatitudeDegrees>
      <LongitudeDegrees>5.0589300</LongitudeDegrees>
     </Position>
     <AltitudeMeters>72.8</AltitudeMeters>
     <DistanceMeters>70102.3488151614</DistanceMeters>
    </Trackpoint>
    <Trackpoint>
     <Time>2026-04-10T16:52:34+00:00</Time>
     <Position>
      <LatitudeDegrees>43.8598400</LatitudeDegrees>
      <LongitudeDegrees>5.0587300</LongitudeDegrees>
     </Position>
     <AltitudeMeters>72.9</AltitudeMeters>
     <DistanceMeters>70119.33582814173</DistanceMeters>
    </Trackpoint>
    <Trackpoint>
     <Time>2026-04-10T16:52:41+00:00</Time>
     <Position>
      <LatitudeDegrees>43.8599600</LatitudeDegrees>
      <LongitudeDegrees>5.0585500</LongitudeDegrees>
     </Position>
     <AltitudeMeters>72.94</AltitudeMeters>
     <DistanceMeters>70139.00859209122</DistanceMeters>
    </Trackpoint>
    <Trackpoint>
     <Time>2026-04-10T16:52:48+00:00</Time>
     <Position>
      <LatitudeDegrees>43.8597500</LatitudeDegrees>
      <LongitudeDegrees>5.0582800</LongitudeDegrees>
     </Position>
     <AltitudeMeters>72.84</AltitudeMeters>
     <DistanceMeters>70170.87887797787</DistanceMeters>
    </Trackpoint>
    <Trackpoint>
     <Time>2026-04-10T16:52:55+00:00</Time>
     <Position>
      <LatitudeDegrees>43.8598500</LatitudeDegrees>
      <LongitudeDegrees>5.0580700</LongitudeDegrees>
     </Position>
     <AltitudeMeters>72.84</AltitudeMeters>
     <DistanceMeters>70191.07448079762</DistanceMeters>
    </Trackpoint>
    <Trackpoint>
     <Time>2026-04-10T16:53:01+00:00</Time>
     <Position>
      <LatitudeDegrees>43.8600100</LatitudeDegrees>
      <LongitudeDegrees>5.0572150</LongitudeDegrees>
     </Position>
     <AltitudeMeters>72.84</AltitudeMeters>
     <DistanceMeters>70261.95974718835</DistanceMeters>
    </Trackpoint>
    <Trackpoint>
     <Time>2026-04-10T16:53:08+00:00</Time>
     <Position>
      <LatitudeDegrees>43.8601700</LatitudeDegrees>
      <LongitudeDegrees>5.0563600</LongitudeDegrees>
     </Position>
     <AltitudeMeters>73.12</AltitudeMeters>
     <DistanceMeters>70332.84500516743</DistanceMeters>
    </Trackpoint>
    <Trackpoint>
     <Time>2026-04-10T16:53:15+00:00</Time>
     <Position>
      <LatitudeDegrees>43.8602700</LatitudeDegrees>
      <LongitudeDegrees>5.0560100</LongitudeDegrees>
     </Position>
     <AltitudeMeters>73.12</AltitudeMeters>
     <DistanceMeters>70363.05645035431</DistanceMeters>
    </Trackpoint>
    <Trackpoint>
     <Time>2026-04-10T16:53:22+00:00</Time>
     <Position>
      <LatitudeDegrees>43.8606400</LatitudeDegrees>
      <LongitudeDegrees>5.0550400</LongitudeDegrees>
     </Position>
     <AltitudeMeters>73.12</AltitudeMeters>
     <DistanceMeters>70451.1178827913</DistanceMeters>
    </Trackpoint>
    <Trackpoint>
     <Time>2026-04-10T16:53:29+00:00</Time>
     <Position>
      <LatitudeDegrees>43.8610200</LatitudeDegrees>
      <LongitudeDegrees>5.0539800</LongitudeDegrees>
     </Position>
     <AltitudeMeters>71.32000000000001</AltitudeMeters>
     <DistanceMeters>70546.11316143474</DistanceMeters>
    </Trackpoint>
    <Trackpoint>
     <Time>2026-04-10T16:53:35+00:00</Time>
     <Position>
      <LatitudeDegrees>43.8614000</LatitudeDegrees>
      <LongitudeDegrees>5.0529200</LongitudeDegrees>
     </Position>
     <AltitudeMeters>71.44</AltitudeMeters>
     <DistanceMeters>70641.10845569149</DistanceMeters>
    </Trackpoint>
    <Trackpoint>
     <Time>2026-04-10T16:53:42+00:00</Time>
     <Position>
      <LatitudeDegrees>43.8615500</LatitudeDegrees>
      <LongitudeDegrees>5.0523300</LongitudeDegrees>
     </Position>
     <AltitudeMeters>71.44</AltitudeMeters>
     <DistanceMeters>70691.31073758508</DistanceMeters>
    </Trackpoint>
    <Trackpoint>
     <Time>2026-04-10T16:53:49+00:00</Time>
     <Position>
      <LatitudeDegrees>43.8618800</LatitudeDegrees>
      <LongitudeDegrees>5.0518900</LongitudeDegrees>
     </Position>
     <AltitudeMeters>71.44</AltitudeMeters>
     <DistanceMeters>70742.25756779098</DistanceMeters>
    </Trackpoint>
    <Trackpoint>
     <Time>2026-04-10T16:53:56+00:00</Time>
     <Position>
      <LatitudeDegrees>43.8622700</LatitudeDegrees>
      <LongitudeDegrees>5.0510900</LongitudeDegrees>
     </Position>
     <AltitudeMeters>70.65</AltitudeMeters>
     <DistanceMeters>70819.7506484442</DistanceMeters>
    </Trackpoint>
    <Trackpoint>
     <Time>2026-04-10T16:54:03+00:00</Time>
     <Position>
      <LatitudeDegrees>43.8627200</LatitudeDegrees>
      <LongitudeDegrees>5.0500500</LongitudeDegrees>
     </Position>
     <AltitudeMeters>70.65</AltitudeMeters>
     <DistanceMeters>70917.07954708934</DistanceMeters>
    </Trackpoint>
    <Trackpoint>
     <Time>2026-04-10T16:54:09+00:00</Time>
     <Position>
      <LatitudeDegrees>43.8631700</LatitudeDegrees>
      <LongitudeDegrees>5.0490100</LongitudeDegrees>
     </Position>
     <AltitudeMeters>71.27</AltitudeMeters>
     <DistanceMeters>71014.40845810872</DistanceMeters>
    </Trackpoint>
    <Trackpoint>
     <Time>2026-04-10T16:54:16+00:00</Time>
     <Position>
      <LatitudeDegrees>43.8634100</LatitudeDegrees>
      <LongitudeDegrees>5.0481900</LongitudeDegrees>
     </Position>
     <AltitudeMeters>71.27</AltitudeMeters>
     <DistanceMeters>71085.42316630323</DistanceMeters>
    </Trackpoint>
    <Trackpoint>
     <Time>2026-04-10T16:54:23+00:00</Time>
     <Position>
      <LatitudeDegrees>43.8635400</LatitudeDegrees>
      <LongitudeDegrees>5.0475250</LongitudeDegrees>
     </Position>
     <AltitudeMeters>71.27</AltitudeMeters>
     <DistanceMeters>71140.71169398245</DistanceMeters>
    </Trackpoint>
    <Trackpoint>
     <Time>2026-04-10T16:54:30+00:00</Time>
     <Position>
      <LatitudeDegrees>43.8636700</LatitudeDegrees>
      <LongitudeDegrees>5.0468600</LongitudeDegrees>
     </Position>
     <AltitudeMeters>71.0</AltitudeMeters>
     <DistanceMeters>71196.00016370838</DistanceMeters>
    </Trackpoint>
    <Trackpoint>
     <Time>2026-04-10T16:54:37+00:00</Time>
     <Position>
      <LatitudeDegrees>43.8638200</LatitudeDegrees>
      <LongitudeDegrees>5.0459300</LongitudeDegrees>
     </Position>
     <AltitudeMeters>71.0</AltitudeMeters>
     <DistanceMeters>71272.47071746197</DistanceMeters>
    </Trackpoint>
    <Trackpoint>
     <Time>2026-04-10T16:54:43+00:00</Time>
     <Position>
      <LatitudeDegrees>43.8638500</LatitudeDegrees>
      <LongitudeDegrees>5.0454800</LongitudeDegrees>
     </Position>
     <AltitudeMeters>71.0</AltitudeMeters>
     <DistanceMeters>71308.73406864499</DistanceMeters>
    </Trackpoint>
    <Trackpoint>
     <Time>2026-04-10T16:54:50+00:00</Time>
     <Position>
      <LatitudeDegrees>43.8638450</LatitudeDegrees>
      <LongitudeDegrees>5.0446400</LongitudeDegrees>
     </Position>
     <AltitudeMeters>69.59</AltitudeMeters>
     <DistanceMeters>71376.14042623804</DistanceMeters>
    </Trackpoint>
    <Trackpoint>
     <Time>2026-04-10T16:54:57+00:00</Time>
     <Position>
      <LatitudeDegrees>43.8638400</LatitudeDegrees>
      <LongitudeDegrees>5.0438000</LongitudeDegrees>
     </Position>
     <AltitudeMeters>69.05</AltitudeMeters>
     <DistanceMeters>71443.5467471058</DistanceMeters>
    </Trackpoint>
    <Trackpoint>
     <Time>2026-04-10T16:55:04+00:00</Time>
     <Position>
      <LatitudeDegrees>43.8638600</LatitudeDegrees>
      <LongitudeDegrees>5.0431800</LongitudeDegrees>
     </Position>
     <AltitudeMeters>69.16</AltitudeMeters>
     <DistanceMeters>71493.34711588283</DistanceMeters>
    </Trackpoint>
    <Trackpoint>
     <Time>2026-04-10T16:55:11+00:00</Time>
     <Position>
      <LatitudeDegrees>43.8638100</LatitudeDegrees>
      <LongitudeDegrees>5.0431600</LongitudeDegrees>
     </Position>
     <AltitudeMeters>69.16</AltitudeMeters>
     <DistanceMeters>71499.13869521779</DistanceMeters>
    </Trackpoint>
    <Trackpoint>
     <Time>2026-04-10T16:55:17+00:00</Time>
     <Position>
      <LatitudeDegrees>43.8639533</LatitudeDegrees>
      <LongitudeDegrees>5.0423133</LongitudeDegrees>
     </Position>
     <AltitudeMeters>68.59000000000002</AltitudeMeters>
     <DistanceMeters>71568.92521028743</DistanceMeters>
    </Trackpoint>
    <Trackpoint>
     <Time>2026-04-10T16:55:24+00:00</Time>
     <Position>
      <LatitudeDegrees>43.8640967</LatitudeDegrees>
      <LongitudeDegrees>5.0414667</LongitudeDegrees>
     </Position>
     <AltitudeMeters>68.59000000000002</AltitudeMeters>
     <DistanceMeters>71638.71172535732</DistanceMeters>
    </Trackpoint>
    <Trackpoint>
     <Time>2026-04-10T16:55:31+00:00</Time>
     <Position>
      <LatitudeDegrees>43.8642400</LatitudeDegrees>
      <LongitudeDegrees>5.0406200</LongitudeDegrees>
     </Position>
     <AltitudeMeters>68.8</AltitudeMeters>
     <DistanceMeters>71708.49823863922</DistanceMeters>
    </Trackpoint>
    <Trackpoint>
     <Time>2026-04-10T16:55:38+00:00</Time>
     <Position>
      <LatitudeDegrees>43.8644033</LatitudeDegrees>
      <LongitudeDegrees>5.0395167</LongitudeDegrees>
     </Position>
     <AltitudeMeters>68.8</AltitudeMeters>
     <DistanceMeters>71798.87893690952</DistanceMeters>
    </Trackpoint>
    <Trackpoint>
     <Time>2026-04-10T16:55:45+00:00</Time>
     <Position>
      <LatitudeDegrees>43.8645667</LatitudeDegrees>
      <LongitudeDegrees>5.0384133</LongitudeDegrees>
     </Position>
     <AltitudeMeters>68.99000000000001</AltitudeMeters>
     <DistanceMeters>71889.25963517987</DistanceMeters>
    </Trackpoint>
    <Trackpoint>
     <Time>2026-04-10T16:55:51+00:00</Time>
     <Position>
      <LatitudeDegrees>43.8647300</LatitudeDegrees>
      <LongitudeDegrees>5.0373100</LongitudeDegrees>
     </Position>
     <AltitudeMeters>68.99000000000001</AltitudeMeters>
     <DistanceMeters>71979.64033410116</DistanceMeters>
    </Trackpoint>
    <Trackpoint>
     <Time>2026-04-10T16:55:58+00:00</Time>
     <Position>
      <LatitudeDegrees>43.8648433</LatitudeDegrees>
      <LongitudeDegrees>5.0362533</LongitudeDegrees>
     </Position>
     <AltitudeMeters>68.94</AltitudeMeters>
     <DistanceMeters>72065.3619284443</DistanceMeters>
    </Trackpoint>
    <Trackpoint>
     <Time>2026-04-10T16:56:05+00:00</Time>
     <Position>
      <LatitudeDegrees>43.8649567</LatitudeDegrees>
      <LongitudeDegrees>5.0351967</LongitudeDegrees>
     </Position>
     <AltitudeMeters>68.31</AltitudeMeters>
     <DistanceMeters>72151.08352278736</DistanceMeters>
    </Trackpoint>
    <Trackpoint>
     <Time>2026-04-10T16:56:12+00:00</Time>
     <Position>
      <LatitudeDegrees>43.8650700</LatitudeDegrees>
      <LongitudeDegrees>5.0341400</LongitudeDegrees>
     </Position>
     <AltitudeMeters>68.02000000000001</AltitudeMeters>
     <DistanceMeters>72236.80510775471</DistanceMeters>
    </Trackpoint>
    <Trackpoint>
     <Time>2026-04-10T16:56:19+00:00</Time>
     <Position>
      <LatitudeDegrees>43.8652050</LatitudeDegrees>
      <LongitudeDegrees>5.0331550</LongitudeDegrees>
     </Position>
     <AltitudeMeters>69.46000000000001</AltitudeMeters>
     <DistanceMeters>72317.2580085784</DistanceMeters>
    </Trackpoint>
    <Trackpoint>
     <Time>2026-04-10T16:56:25+00:00</Time>
     <Position>
      <LatitudeDegrees>43.8653400</LatitudeDegrees>
      <LongitudeDegrees>5.0321700</LongitudeDegrees>
     </Position>
     <AltitudeMeters>69.46000000000001</AltitudeMeters>
     <DistanceMeters>72397.71089751404</DistanceMeters>
    </Trackpoint>
    <Trackpoint>
     <Time>2026-04-10T16:56:32+00:00</Time>
     <Position>
      <LatitudeDegrees>43.8654200</LatitudeDegrees>
      <LongitudeDegrees>5.0319000</LongitudeDegrees>
     </Position>
     <AltitudeMeters>69.46000000000001</AltitudeMeters>
     <DistanceMeters>72421.13414367227</DistanceMeters>
    </Trackpoint>
    <Trackpoint>
     <Time>2026-04-10T16:56:39+00:00</Time>
     <Position>
      <LatitudeDegrees>43.8656450</LatitudeDegrees>
      <LongitudeDegrees>5.0313250</LongitudeDegrees>
     </Position>
     <AltitudeMeters>69.46000000000001</AltitudeMeters>
     <DistanceMeters>72473.63002509536</DistanceMeters>
    </Trackpoint>
    <Trackpoint>
     <Time>2026-04-10T16:56:46+00:00</Time>
     <Position>
      <LatitudeDegrees>43.8658700</LatitudeDegrees>
      <LongitudeDegrees>5.0307500</LongitudeDegrees>
     </Position>
     <AltitudeMeters>69.93</AltitudeMeters>
     <DistanceMeters>72526.12593127783</DistanceMeters>
    </Trackpoint>
    <Trackpoint>
     <Time>2026-04-10T16:56:53+00:00</Time>
     <Position>
      <LatitudeDegrees>43.8660100</LatitudeDegrees>
      <LongitudeDegrees>5.0304600</LongitudeDegrees>
     </Position>
     <AltitudeMeters>69.93</AltitudeMeters>
     <DistanceMeters>72554.13049049569</DistanceMeters>
    </Trackpoint>
    <Trackpoint>
     <Time>2026-04-10T16:56:59+00:00</Time>
     <Position>
      <LatitudeDegrees>43.8661400</LatitudeDegrees>
      <LongitudeDegrees>5.0302400</LongitudeDegrees>
     </Position>
     <AltitudeMeters>69.93</AltitudeMeters>
     <DistanceMeters>72576.95495812251</DistanceMeters>
    </Trackpoint>
    <Trackpoint>
     <Time>2026-04-10T16:57:06+00:00</Time>
     <Position>
      <LatitudeDegrees>43.8660900</LatitudeDegrees>
      <LongitudeDegrees>5.0301900</LongitudeDegrees>
     </Position>
     <AltitudeMeters>69.93</AltitudeMeters>
     <DistanceMeters>72583.8151990209</DistanceMeters>
    </Trackpoint>
    <Trackpoint>
     <Time>2026-04-10T16:57:13+00:00</Time>
     <Position>
      <LatitudeDegrees>43.8659900</LatitudeDegrees>
      <LongitudeDegrees>5.0299800</LongitudeDegrees>
     </Position>
     <AltitudeMeters>70.75</AltitudeMeters>
     <DistanceMeters>72604.00933005744</DistanceMeters>
    </Trackpoint>
    <Trackpoint>
     <Time>2026-04-10T16:57:20+00:00</Time>
     <Position>
      <LatitudeDegrees>43.8659500</LatitudeDegrees>
      <LongitudeDegrees>5.0298600</LongitudeDegrees>
     </Position>
     <AltitudeMeters>70.75</AltitudeMeters>
     <DistanceMeters>72614.61747142108</DistanceMeters>
    </Trackpoint>
    <Trackpoint>
     <Time>2026-04-10T16:57:27+00:00</Time>
     <Position>
      <LatitudeDegrees>43.8659400</LatitudeDegrees>
      <LongitudeDegrees>5.0297300</LongitudeDegrees>
     </Position>
     <AltitudeMeters>70.75</AltitudeMeters>
     <DistanceMeters>72625.10788728083</DistanceMeters>
    </Trackpoint>
    <Trackpoint>
     <Time>2026-04-10T16:57:33+00:00</Time>
     <Position>
      <LatitudeDegrees>43.8659700</LatitudeDegrees>
      <LongitudeDegrees>5.0296000</LongitudeDegrees>
     </Position>
     <AltitudeMeters>70.75</AltitudeMeters>
     <DistanceMeters>72636.06042904133</DistanceMeters>
    </Trackpoint>
    <Trackpoint>
     <Time>2026-04-10T16:57:40+00:00</Time>
     <Position>
      <LatitudeDegrees>43.8662400</LatitudeDegrees>
      <LongitudeDegrees>5.0290850</LongitudeDegrees>
     </Position>
     <AltitudeMeters>67.95</AltitudeMeters>
     <DistanceMeters>72687.1546473226</DistanceMeters>
    </Trackpoint>
    <Trackpoint>
     <Time>2026-04-10T16:57:47+00:00</Time>
     <Position>
      <LatitudeDegrees>43.8665100</LatitudeDegrees>
      <LongitudeDegrees>5.0285700</LongitudeDegrees>
     </Position>
     <AltitudeMeters>67.95</AltitudeMeters>
     <DistanceMeters>72738.24886159394</DistanceMeters>
    </Trackpoint>
    <Trackpoint>
     <Time>2026-04-10T16:57:54+00:00</Time>
     <Position>
      <LatitudeDegrees>43.8667600</LatitudeDegrees>
      <LongitudeDegrees>5.0274500</LongitudeDegrees>
     </Position>
     <AltitudeMeters>67.15</AltitudeMeters>
     <DistanceMeters>72832.32543139564</DistanceMeters>
    </Trackpoint>
    <Trackpoint>
     <Time>2026-04-10T16:58:01+00:00</Time>
     <Position>
      <LatitudeDegrees>43.8669700</LatitudeDegrees>
      <LongitudeDegrees>5.0264400</LongitudeDegrees>
     </Position>
     <AltitudeMeters>67.0</AltitudeMeters>
     <DistanceMeters>72916.6695822223</DistanceMeters>
    </Trackpoint>
    <Trackpoint>
     <Time>2026-04-10T16:58:07+00:00</Time>
     <Position>
      <LatitudeDegrees>43.8669900</LatitudeDegrees>
      <LongitudeDegrees>5.0262100</LongitudeDegrees>
     </Position>
     <AltitudeMeters>67.0</AltitudeMeters>
     <DistanceMeters>72935.258233473</DistanceMeters>
    </Trackpoint>
    <Trackpoint>
     <Time>2026-04-10T16:58:14+00:00</Time>
     <Position>
      <LatitudeDegrees>43.8670300</LatitudeDegrees>
      <LongitudeDegrees>5.0254000</LongitudeDegrees>
     </Position>
     <AltitudeMeters>66.7</AltitudeMeters>
     <DistanceMeters>73000.40382689032</DistanceMeters>
    </Trackpoint>
    <Trackpoint>
     <Time>2026-04-10T16:58:21+00:00</Time>
     <Position>
      <LatitudeDegrees>43.8670500</LatitudeDegrees>
      <LongitudeDegrees>5.0246100</LongitudeDegrees>
     </Position>
     <AltitudeMeters>66.7</AltitudeMeters>
     <DistanceMeters>73063.83139603806</DistanceMeters>
    </Trackpoint>
    <Trackpoint>
     <Time>2026-04-10T16:58:28+00:00</Time>
     <Position>
      <LatitudeDegrees>43.8672250</LatitudeDegrees>
      <LongitudeDegrees>5.0237000</LongitudeDegrees>
     </Position>
     <AltitudeMeters>66.38000000000001</AltitudeMeters>
     <DistanceMeters>73139.40129231663</DistanceMeters>
    </Trackpoint>
    <Trackpoint>
     <Time>2026-04-10T16:58:35+00:00</Time>
     <Position>
      <LatitudeDegrees>43.8674000</LatitudeDegrees>
      <LongitudeDegrees>5.0227900</LongitudeDegrees>
     </Position>
     <AltitudeMeters>64.82000000000001</AltitudeMeters>
     <DistanceMeters>73214.97122574074</DistanceMeters>
    </Trackpoint>
    <Trackpoint>
     <Time>2026-04-10T16:58:41+00:00</Time>
     <Position>
      <LatitudeDegrees>43.8676200</LatitudeDegrees>
      <LongitudeDegrees>5.0217350</LongitudeDegrees>
     </Position>
     <AltitudeMeters>65.08</AltitudeMeters>
     <DistanceMeters>73303.092125677</DistanceMeters>
    </Trackpoint>
    <Trackpoint>
     <Time>2026-04-10T16:58:48+00:00</Time>
     <Position>
      <LatitudeDegrees>43.8678400</LatitudeDegrees>
      <LongitudeDegrees>5.0206800</LongitudeDegrees>
     </Position>
     <AltitudeMeters>65.08</AltitudeMeters>
     <DistanceMeters>73391.21303221877</DistanceMeters>
    </Trackpoint>
    <Trackpoint>
     <Time>2026-04-10T16:58:55+00:00</Time>
     <Position>
      <LatitudeDegrees>43.8680000</LatitudeDegrees>
      <LongitudeDegrees>5.0195950</LongitudeDegrees>
     </Position>
     <AltitudeMeters>65.02000000000001</AltitudeMeters>
     <DistanceMeters>73480.07306763832</DistanceMeters>
    </Trackpoint>
    <Trackpoint>
     <Time>2026-04-10T16:59:02+00:00</Time>
     <Position>
      <LatitudeDegrees>43.8681600</LatitudeDegrees>
      <LongitudeDegrees>5.0185100</LongitudeDegrees>
     </Position>
     <AltitudeMeters>65.02000000000001</AltitudeMeters>
     <DistanceMeters>73568.93310566405</DistanceMeters>
    </Trackpoint>
    <Trackpoint>
     <Time>2026-04-10T16:59:09+00:00</Time>
     <Position>
      <LatitudeDegrees>43.8682900</LatitudeDegrees>
      <LongitudeDegrees>5.0180400</LongitudeDegrees>
     </Position>
     <AltitudeMeters>64.53999999999999</AltitudeMeters>
     <DistanceMeters>73609.3247514634</DistanceMeters>
    </Trackpoint>
    <Trackpoint>
     <Time>2026-04-10T16:59:15+00:00</Time>
     <Position>
      <LatitudeDegrees>43.8685750</LatitudeDegrees>
      <LongitudeDegrees>5.0171900</LongitudeDegrees>
     </Position>
     <AltitudeMeters>64.53999999999999</AltitudeMeters>
     <DistanceMeters>73684.54107240147</DistanceMeters>
    </Trackpoint>
    <Trackpoint>
     <Time>2026-04-10T16:59:22+00:00</Time>
     <Position>
      <LatitudeDegrees>43.8688600</LatitudeDegrees>
      <LongitudeDegrees>5.0163400</LongitudeDegrees>
     </Position>
     <AltitudeMeters>63.910000000000004</AltitudeMeters>
     <DistanceMeters>73759.75741400749</DistanceMeters>
    </Trackpoint>
    <Trackpoint>
     <Time>2026-04-10T16:59:29+00:00</Time>
     <Position>
      <LatitudeDegrees>43.8691700</LatitudeDegrees>
      <LongitudeDegrees>5.0153850</LongitudeDegrees>
     </Position>
     <AltitudeMeters>64.74000000000001</AltitudeMeters>
     <DistanceMeters>73843.79177716053</DistanceMeters>
    </Trackpoint>
    <Trackpoint>
     <Time>2026-04-10T16:59:36+00:00</Time>
     <Position>
      <LatitudeDegrees>43.8694800</LatitudeDegrees>
      <LongitudeDegrees>5.0144300</LongitudeDegrees>
     </Position>
     <AltitudeMeters>64.24000000000001</AltitudeMeters>
     <DistanceMeters>73927.82615353132</DistanceMeters>
    </Trackpoint>
    <Trackpoint>
     <Time>2026-04-10T16:59:43+00:00</Time>
     <Position>
      <LatitudeDegrees>43.8694700</LatitudeDegrees>
      <LongitudeDegrees>5.0141800</LongitudeDegrees>
     </Position>
     <AltitudeMeters>64.24000000000001</AltitudeMeters>
     <DistanceMeters>73947.91583799705</DistanceMeters>
    </Trackpoint>
    <Trackpoint>
     <Time>2026-04-10T16:59:49+00:00</Time>
     <Position>
      <LatitudeDegrees>43.8694200</LatitudeDegrees>
      <LongitudeDegrees>5.0139700</LongitudeDegrees>
     </Position>
     <AltitudeMeters>64.13000000000001</AltitudeMeters>
     <DistanceMeters>73965.66041543981</DistanceMeters>
    </Trackpoint>
    <Trackpoint>
     <Time>2026-04-10T16:59:56+00:00</Time>
     <Position>
      <LatitudeDegrees>43.8698850</LatitudeDegrees>
      <LongitudeDegrees>5.0137300</LongitudeDegrees>
     </Position>
     <AltitudeMeters>63.34</AltitudeMeters>
     <DistanceMeters>74020.87933014808</DistanceMeters>
    </Trackpoint>
    <Trackpoint>
     <Time>2026-04-10T17:00:03+00:00</Time>
     <Position>
      <LatitudeDegrees>43.8703500</LatitudeDegrees>
      <LongitudeDegrees>5.0134900</LongitudeDegrees>
     </Position>
     <AltitudeMeters>63.34</AltitudeMeters>
     <DistanceMeters>74076.0982205045</DistanceMeters>
    </Trackpoint>
    <Trackpoint>
     <Time>2026-04-10T17:00:10+00:00</Time>
     <Position>
      <LatitudeDegrees>43.8703000</LatitudeDegrees>
      <LongitudeDegrees>5.0132600</LongitudeDegrees>
     </Position>
     <AltitudeMeters>63.34</AltitudeMeters>
     <DistanceMeters>74095.37286342503</DistanceMeters>
    </Trackpoint>
    <Trackpoint>
     <Time>2026-04-10T17:00:17+00:00</Time>
     <Position>
      <LatitudeDegrees>43.8703000</LatitudeDegrees>
      <LongitudeDegrees>5.0130800</LongitudeDegrees>
     </Position>
     <AltitudeMeters>63.34</AltitudeMeters>
     <DistanceMeters>74109.81502269904</DistanceMeters>
    </Trackpoint>
    <Trackpoint>
     <Time>2026-04-10T17:00:23+00:00</Time>
     <Position>
      <LatitudeDegrees>43.8705050</LatitudeDegrees>
      <LongitudeDegrees>5.0125000</LongitudeDegrees>
     </Position>
     <AltitudeMeters>63.62000000000001</AltitudeMeters>
     <DistanceMeters>74161.64283687825</DistanceMeters>
    </Trackpoint>
    <Trackpoint>
     <Time>2026-04-10T17:00:30+00:00</Time>
     <Position>
      <LatitudeDegrees>43.8707100</LatitudeDegrees>
      <LongitudeDegrees>5.0119200</LongitudeDegrees>
     </Position>
     <AltitudeMeters>63.62000000000001</AltitudeMeters>
     <DistanceMeters>74213.4706520107</DistanceMeters>
    </Trackpoint>
    <Trackpoint>
     <Time>2026-04-10T17:00:37+00:00</Time>
     <Position>
      <LatitudeDegrees>43.8710167</LatitudeDegrees>
      <LongitudeDegrees>5.0109967</LongitudeDegrees>
     </Position>
     <AltitudeMeters>63.62000000000001</AltitudeMeters>
     <DistanceMeters>74295.03671134204</DistanceMeters>
    </Trackpoint>
    <Trackpoint>
     <Time>2026-04-10T17:00:44+00:00</Time>
     <Position>
      <LatitudeDegrees>43.8713233</LatitudeDegrees>
      <LongitudeDegrees>5.0100733</LongitudeDegrees>
     </Position>
     <AltitudeMeters>63.62000000000001</AltitudeMeters>
     <DistanceMeters>74376.60277067283</DistanceMeters>
    </Trackpoint>
    <Trackpoint>
     <Time>2026-04-10T17:00:51+00:00</Time>
     <Position>
      <LatitudeDegrees>43.8716300</LatitudeDegrees>
      <LongitudeDegrees>5.0091500</LongitudeDegrees>
     </Position>
     <AltitudeMeters>61.730000000000004</AltitudeMeters>
     <DistanceMeters>74458.16884759045</DistanceMeters>
    </Trackpoint>
    <Trackpoint>
     <Time>2026-04-10T17:00:57+00:00</Time>
     <Position>
      <LatitudeDegrees>43.8717850</LatitudeDegrees>
      <LongitudeDegrees>5.0084950</LongitudeDegrees>
     </Position>
     <AltitudeMeters>61.730000000000004</AltitudeMeters>
     <DistanceMeters>74513.4799479728</DistanceMeters>
    </Trackpoint>
    <Trackpoint>
     <Time>2026-04-10T17:01:04+00:00</Time>
     <Position>
      <LatitudeDegrees>43.8719400</LatitudeDegrees>
      <LongitudeDegrees>5.0078400</LongitudeDegrees>
     </Position>
     <AltitudeMeters>61.65</AltitudeMeters>
     <DistanceMeters>74568.79099234726</DistanceMeters>
    </Trackpoint>
    <Trackpoint>
     <Time>2026-04-10T17:01:11+00:00</Time>
     <Position>
      <LatitudeDegrees>43.8721300</LatitudeDegrees>
      <LongitudeDegrees>5.0073600</LongitudeDegrees>
     </Position>
     <AltitudeMeters>61.65</AltitudeMeters>
     <DistanceMeters>74612.72596014816</DistanceMeters>
    </Trackpoint>
    <Trackpoint>
     <Time>2026-04-10T17:01:18+00:00</Time>
     <Position>
      <LatitudeDegrees>43.8724400</LatitudeDegrees>
      <LongitudeDegrees>5.0067750</LongitudeDegrees>
     </Position>
     <AltitudeMeters>61.65</AltitudeMeters>
     <DistanceMeters>74670.97792261635</DistanceMeters>
    </Trackpoint>
    <Trackpoint>
     <Time>2026-04-10T17:01:25+00:00</Time>
     <Position>
      <LatitudeDegrees>43.8727500</LatitudeDegrees>
      <LongitudeDegrees>5.0061900</LongitudeDegrees>
     </Position>
     <AltitudeMeters>61.65</AltitudeMeters>
     <DistanceMeters>74729.22986574956</DistanceMeters>
    </Trackpoint>
    <Trackpoint>
     <Time>2026-04-10T17:01:31+00:00</Time>
     <Position>
      <LatitudeDegrees>43.8732550</LatitudeDegrees>
      <LongitudeDegrees>5.0054000</LongitudeDegrees>
     </Position>
     <AltitudeMeters>60.620000000000005</AltitudeMeters>
     <DistanceMeters>74813.94225012105</DistanceMeters>
    </Trackpoint>
    <Trackpoint>
     <Time>2026-04-10T17:01:38+00:00</Time>
     <Position>
      <LatitudeDegrees>43.8737600</LatitudeDegrees>
      <LongitudeDegrees>5.0046100</LongitudeDegrees>
     </Position>
     <AltitudeMeters>60.620000000000005</AltitudeMeters>
     <DistanceMeters>74898.65464921185</DistanceMeters>
    </Trackpoint>
    <Trackpoint>
     <Time>2026-04-10T17:01:45+00:00</Time>
     <Position>
      <LatitudeDegrees>43.8739800</LatitudeDegrees>
      <LongitudeDegrees>5.0042400</LongitudeDegrees>
     </Position>
     <AltitudeMeters>60.620000000000005</AltitudeMeters>
     <DistanceMeters>74937.13464266641</DistanceMeters>
    </Trackpoint>
    <Trackpoint>
     <Time>2026-04-10T17:01:52+00:00</Time>
     <Position>
      <LatitudeDegrees>43.8744467</LatitudeDegrees>
      <LongitudeDegrees>5.0031933</LongitudeDegrees>
     </Position>
     <AltitudeMeters>60.800000000000004</AltitudeMeters>
     <DistanceMeters>75035.87117593901</DistanceMeters>
    </Trackpoint>
    <Trackpoint>
     <Time>2026-04-10T17:01:59+00:00</Time>
     <Position>
      <LatitudeDegrees>43.8749133</LatitudeDegrees>
      <LongitudeDegrees>5.0021467</LongitudeDegrees>
     </Position>
     <AltitudeMeters>60.800000000000004</AltitudeMeters>
     <DistanceMeters>75134.60770921229</DistanceMeters>
    </Trackpoint>
    <Trackpoint>
     <Time>2026-04-10T17:02:05+00:00</Time>
     <Position>
      <LatitudeDegrees>43.8753800</LatitudeDegrees>
      <LongitudeDegrees>5.0011000</LongitudeDegrees>
     </Position>
     <AltitudeMeters>57.11000000000001</AltitudeMeters>
     <DistanceMeters>75233.3442423931</DistanceMeters>
    </Trackpoint>
    <Trackpoint>
     <Time>2026-04-10T17:02:12+00:00</Time>
     <Position>
      <LatitudeDegrees>43.8756700</LatitudeDegrees>
      <LongitudeDegrees>5.0000400</LongitudeDegrees>
     </Position>
     <AltitudeMeters>57.11000000000001</AltitudeMeters>
     <DistanceMeters>75324.30374342257</DistanceMeters>
    </Trackpoint>
    <Trackpoint>
     <Time>2026-04-10T17:02:19+00:00</Time>
     <Position>
      <LatitudeDegrees>43.8759600</LatitudeDegrees>
      <LongitudeDegrees>4.9989800</LongitudeDegrees>
     </Position>
     <AltitudeMeters>59.5</AltitudeMeters>
     <DistanceMeters>75415.26322299428</DistanceMeters>
    </Trackpoint>
    <Trackpoint>
     <Time>2026-04-10T17:02:26+00:00</Time>
     <Position>
      <LatitudeDegrees>43.8760600</LatitudeDegrees>
      <LongitudeDegrees>4.9984400</LongitudeDegrees>
     </Position>
     <AltitudeMeters>59.5</AltitudeMeters>
     <DistanceMeters>75459.9923106075</DistanceMeters>
    </Trackpoint>
    <Trackpoint>
     <Time>2026-04-10T17:02:33+00:00</Time>
     <Position>
      <LatitudeDegrees>43.8761900</LatitudeDegrees>
      <LongitudeDegrees>4.9972200</LongitudeDegrees>
     </Position>
     <AltitudeMeters>58.09</AltitudeMeters>
     <DistanceMeters>75558.93210098204</DistanceMeters>
    </Trackpoint>
    <Trackpoint>
     <Time>2026-04-10T17:02:39+00:00</Time>
     <Position>
      <LatitudeDegrees>43.8762200</LatitudeDegrees>
      <LongitudeDegrees>4.9964800</LongitudeDegrees>
     </Position>
     <AltitudeMeters>58.09</AltitudeMeters>
     <DistanceMeters>75618.39335586803</DistanceMeters>
    </Trackpoint>
    <Trackpoint>
     <Time>2026-04-10T17:02:46+00:00</Time>
     <Position>
      <LatitudeDegrees>43.8762500</LatitudeDegrees>
      <LongitudeDegrees>4.9955833</LongitudeDegrees>
     </Position>
     <AltitudeMeters>57.660000000000004</AltitudeMeters>
     <DistanceMeters>75690.40695020522</DistanceMeters>
    </Trackpoint>
    <Trackpoint>
     <Time>2026-04-10T17:02:53+00:00</Time>
     <Position>
      <LatitudeDegrees>43.8762800</LatitudeDegrees>
      <LongitudeDegrees>4.9946867</LongitudeDegrees>
     </Position>
     <AltitudeMeters>57.660000000000004</AltitudeMeters>
     <DistanceMeters>75762.42054454236</DistanceMeters>
    </Trackpoint>
    <Trackpoint>
     <Time>2026-04-10T17:03:00+00:00</Time>
     <Position>
      <LatitudeDegrees>43.8763100</LatitudeDegrees>
      <LongitudeDegrees>4.9937900</LongitudeDegrees>
     </Position>
     <AltitudeMeters>57.660000000000004</AltitudeMeters>
     <DistanceMeters>75834.43413308726</DistanceMeters>
    </Trackpoint>
    <Trackpoint>
     <Time>2026-04-10T17:03:07+00:00</Time>
     <Position>
      <LatitudeDegrees>43.8763125</LatitudeDegrees>
      <LongitudeDegrees>4.9928375</LongitudeDegrees>
     </Position>
     <AltitudeMeters>57.57</AltitudeMeters>
     <DistanceMeters>75910.8500177159</DistanceMeters>
    </Trackpoint>
    <Trackpoint>
     <Time>2026-04-10T17:03:13+00:00</Time>
     <Position>
      <LatitudeDegrees>43.8763150</LatitudeDegrees>
      <LongitudeDegrees>4.9918850</LongitudeDegrees>
     </Position>
     <AltitudeMeters>57.57</AltitudeMeters>
     <DistanceMeters>75987.26590234443</DistanceMeters>
    </Trackpoint>
    <Trackpoint>
     <Time>2026-04-10T17:03:20+00:00</Time>
     <Position>
      <LatitudeDegrees>43.8763175</LatitudeDegrees>
      <LongitudeDegrees>4.9909325</LongitudeDegrees>
     </Position>
     <AltitudeMeters>57.57</AltitudeMeters>
     <DistanceMeters>76063.68178697291</DistanceMeters>
    </Trackpoint>
    <Trackpoint>
     <Time>2026-04-10T17:03:27+00:00</Time>
     <Position>
      <LatitudeDegrees>43.8763200</LatitudeDegrees>
      <LongitudeDegrees>4.9899800</LongitudeDegrees>
     </Position>
     <AltitudeMeters>57.82</AltitudeMeters>
     <DistanceMeters>76140.0976780316</DistanceMeters>
    </Trackpoint>
    <Trackpoint>
     <Time>2026-04-10T17:03:34+00:00</Time>
     <Position>
      <LatitudeDegrees>43.8763467</LatitudeDegrees>
      <LongitudeDegrees>4.9889400</LongitudeDegrees>
     </Position>
     <AltitudeMeters>57.82</AltitudeMeters>
     <DistanceMeters>76223.58554919336</DistanceMeters>
    </Trackpoint>
    <Trackpoint>
     <Time>2026-04-10T17:03:41+00:00</Time>
     <Position>
      <LatitudeDegrees>43.8763733</LatitudeDegrees>
      <LongitudeDegrees>4.9879000</LongitudeDegrees>
     </Position>
     <AltitudeMeters>56.910000000000004</AltitudeMeters>
     <DistanceMeters>76307.07342035502</DistanceMeters>
    </Trackpoint>
    <Trackpoint>
     <Time>2026-04-10T17:03:47+00:00</Time>
     <Position>
      <LatitudeDegrees>43.8764000</LatitudeDegrees>
      <LongitudeDegrees>4.9868600</LongitudeDegrees>
     </Position>
     <AltitudeMeters>56.910000000000004</AltitudeMeters>
     <DistanceMeters>76390.56129134123</DistanceMeters>
    </Trackpoint>
    <Trackpoint>
     <Time>2026-04-10T17:03:54+00:00</Time>
     <Position>
      <LatitudeDegrees>43.8764600</LatitudeDegrees>
      <LongitudeDegrees>4.9864100</LongitudeDegrees>
     </Position>
     <AltitudeMeters>56.910000000000004</AltitudeMeters>
     <DistanceMeters>76427.27537373865</DistanceMeters>
    </Trackpoint>
    <Trackpoint>
     <Time>2026-04-10T17:04:01+00:00</Time>
     <Position>
      <LatitudeDegrees>43.8765700</LatitudeDegrees>
      <LongitudeDegrees>4.9857500</LongitudeDegrees>
     </Position>
     <AltitudeMeters>56.910000000000004</AltitudeMeters>
     <DistanceMeters>76481.62132623307</DistanceMeters>
    </Trackpoint>
    <Trackpoint>
     <Time>2026-04-10T17:04:08+00:00</Time>
     <Position>
      <LatitudeDegrees>43.8766900</LatitudeDegrees>
      <LongitudeDegrees>4.9851450</LongitudeDegrees>
     </Position>
     <AltitudeMeters>57.75</AltitudeMeters>
     <DistanceMeters>76531.96177854466</DistanceMeters>
    </Trackpoint>
    <Trackpoint>
     <Time>2026-04-10T17:04:15+00:00</Time>
     <Position>
      <LatitudeDegrees>43.8768100</LatitudeDegrees>
      <LongitudeDegrees>4.9845400</LongitudeDegrees>
     </Position>
     <AltitudeMeters>57.75</AltitudeMeters>
     <DistanceMeters>76582.30221749736</DistanceMeters>
    </Trackpoint>
    <Trackpoint>
     <Time>2026-04-10T17:04:21+00:00</Time>
     <Position>
      <LatitudeDegrees>43.8771500</LatitudeDegrees>
      <LongitudeDegrees>4.9837750</LongitudeDegrees>
     </Position>
     <AltitudeMeters>56.71</AltitudeMeters>
     <DistanceMeters>76654.40245636589</DistanceMeters>
    </Trackpoint>
    <Trackpoint>
     <Time>2026-04-10T17:04:28+00:00</Time>
     <Position>
      <LatitudeDegrees>43.8774900</LatitudeDegrees>
      <LongitudeDegrees>4.9830100</LongitudeDegrees>
     </Position>
     <AltitudeMeters>55.68000000000001</AltitudeMeters>
     <DistanceMeters>76726.5026773845</DistanceMeters>
    </Trackpoint>
    <Trackpoint>
     <Time>2026-04-10T17:04:35+00:00</Time>
     <Position>
      <LatitudeDegrees>43.8776300</LatitudeDegrees>
      <LongitudeDegrees>4.9827600</LongitudeDegrees>
     </Position>
     <AltitudeMeters>55.68000000000001</AltitudeMeters>
     <DistanceMeters>76751.90006828187</DistanceMeters>
    </Trackpoint>
    <Trackpoint>
     <Time>2026-04-10T17:04:42+00:00</Time>
     <Position>
      <LatitudeDegrees>43.8779300</LatitudeDegrees>
      <LongitudeDegrees>4.9822150</LongitudeDegrees>
     </Position>
     <AltitudeMeters>55.68000000000001</AltitudeMeters>
     <DistanceMeters>76806.91302123922</DistanceMeters>
    </Trackpoint>
    <Trackpoint>
     <Time>2026-04-10T17:04:49+00:00</Time>
     <Position>
      <LatitudeDegrees>43.8782300</LatitudeDegrees>
      <LongitudeDegrees>4.9816700</LongitudeDegrees>
     </Position>
     <AltitudeMeters>55.68000000000001</AltitudeMeters>
     <DistanceMeters>76861.92594254017</DistanceMeters>
    </Trackpoint>
    <Trackpoint>
     <Time>2026-04-10T17:04:55+00:00</Time>
     <Position>
      <LatitudeDegrees>43.8786625</LatitudeDegrees>
      <LongitudeDegrees>4.9808175</LongitudeDegrees>
     </Position>
     <AltitudeMeters>56.5</AltitudeMeters>
     <DistanceMeters>76945.55697062126</DistanceMeters>
    </Trackpoint>
    <Trackpoint>
     <Time>2026-04-10T17:05:02+00:00</Time>
     <Position>
      <LatitudeDegrees>43.8790950</LatitudeDegrees>
      <LongitudeDegrees>4.9799650</LongitudeDegrees>
     </Position>
     <AltitudeMeters>56.5</AltitudeMeters>
     <DistanceMeters>77029.18799870145</DistanceMeters>
    </Trackpoint>
    <Trackpoint>
     <Time>2026-04-10T17:05:09+00:00</Time>
     <Position>
      <LatitudeDegrees>43.8795275</LatitudeDegrees>
      <LongitudeDegrees>4.9791125</LongitudeDegrees>
     </Position>
     <AltitudeMeters>56.5</AltitudeMeters>
     <DistanceMeters>77112.8190267822</DistanceMeters>
    </Trackpoint>
    <Trackpoint>
     <Time>2026-04-10T17:05:16+00:00</Time>
     <Position>
      <LatitudeDegrees>43.8799600</LatitudeDegrees>
      <LongitudeDegrees>4.9782600</LongitudeDegrees>
     </Position>
     <AltitudeMeters>52.64000000000001</AltitudeMeters>
     <DistanceMeters>77196.4500619363</DistanceMeters>
    </Trackpoint>
    <Trackpoint>
     <Time>2026-04-10T17:05:23+00:00</Time>
     <Position>
      <LatitudeDegrees>43.8799800</LatitudeDegrees>
      <LongitudeDegrees>4.9781700</LongitudeDegrees>
     </Position>
     <AltitudeMeters>52.64000000000001</AltitudeMeters>
     <DistanceMeters>77204.00530925386</DistanceMeters>
    </Trackpoint>
    <Trackpoint>
     <Time>2026-04-10T17:05:29+00:00</Time>
     <Position>
      <LatitudeDegrees>43.8799700</LatitudeDegrees>
      <LongitudeDegrees>4.9780100</LongitudeDegrees>
     </Position>
     <AltitudeMeters>52.64000000000001</AltitudeMeters>
     <DistanceMeters>77216.88886196383</DistanceMeters>
    </Trackpoint>
    <Trackpoint>
     <Time>2026-04-10T17:05:36+00:00</Time>
     <Position>
      <LatitudeDegrees>43.8793300</LatitudeDegrees>
      <LongitudeDegrees>4.9783700</LongitudeDegrees>
     </Position>
     <AltitudeMeters>54.53</AltitudeMeters>
     <DistanceMeters>77293.75007446205</DistanceMeters>
    </Trackpoint>
    <Trackpoint>
     <Time>2026-04-10T17:05:43+00:00</Time>
     <Position>
      <LatitudeDegrees>43.8791000</LatitudeDegrees>
      <LongitudeDegrees>4.9785200</LongitudeDegrees>
     </Position>
     <AltitudeMeters>54.53</AltitudeMeters>
     <DistanceMeters>77322.03538891084</DistanceMeters>
    </Trackpoint>
    <Trackpoint>
     <Time>2026-04-10T17:05:50+00:00</Time>
     <Position>
      <LatitudeDegrees>43.8786800</LatitudeDegrees>
      <LongitudeDegrees>4.9788400</LongitudeDegrees>
     </Position>
     <AltitudeMeters>54.53</AltitudeMeters>
     <DistanceMeters>77375.36485447125</DistanceMeters>
    </Trackpoint>
    <Trackpoint>
     <Time>2026-04-10T17:05:57+00:00</Time>
     <Position>
      <LatitudeDegrees>43.8786600</LatitudeDegrees>
      <LongitudeDegrees>4.9786400</LongitudeDegrees>
     </Position>
     <AltitudeMeters>54.53</AltitudeMeters>
     <DistanceMeters>77391.56311233291</DistanceMeters>
    </Trackpoint>
    <Trackpoint>
     <Time>2026-04-10T17:06:03+00:00</Time>
     <Position>
      <LatitudeDegrees>43.8788400</LatitudeDegrees>
      <LongitudeDegrees>4.9779300</LongitudeDegrees>
     </Position>
     <AltitudeMeters>52.57000000000001</AltitudeMeters>
     <DistanceMeters>77451.94165631414</DistanceMeters>
    </Trackpoint>
    <Trackpoint>
     <Time>2026-04-10T17:06:10+00:00</Time>
     <Position>
      <LatitudeDegrees>43.8790800</LatitudeDegrees>
      <LongitudeDegrees>4.9769500</LongitudeDegrees>
     </Position>
     <AltitudeMeters>52.57000000000001</AltitudeMeters>
     <DistanceMeters>77534.97347229603</DistanceMeters>
    </Trackpoint>
    <Trackpoint>
     <Time>2026-04-10T17:06:17+00:00</Time>
     <Position>
      <LatitudeDegrees>43.8792200</LatitudeDegrees>
      <LongitudeDegrees>4.9760000</LongitudeDegrees>
     </Position>
     <AltitudeMeters>51.870000000000005</AltitudeMeters>
     <DistanceMeters>77612.76116471397</DistanceMeters>
    </Trackpoint>
    <Trackpoint>
     <Time>2026-04-10T17:06:24+00:00</Time>
     <Position>
      <LatitudeDegrees>43.8793900</LatitudeDegrees>
      <LongitudeDegrees>4.9752000</LongitudeDegrees>
     </Position>
     <AltitudeMeters>51.870000000000005</AltitudeMeters>
     <DistanceMeters>77679.669688221</DistanceMeters>
    </Trackpoint>
    <Trackpoint>
     <Time>2026-04-10T17:06:31+00:00</Time>
     <Position>
      <LatitudeDegrees>43.8797000</LatitudeDegrees>
      <LongitudeDegrees>4.9740600</LongitudeDegrees>
     </Position>
     <AltitudeMeters>51.21000000000001</AltitudeMeters>
     <DistanceMeters>77777.41416533104</DistanceMeters>
    </Trackpoint>
    <Trackpoint>
     <Time>2026-04-10T17:06:37+00:00</Time>
     <Position>
      <LatitudeDegrees>43.8799100</LatitudeDegrees>
      <LongitudeDegrees>4.9732000</LongitudeDegrees>
     </Position>
     <AltitudeMeters>51.21000000000001</AltitudeMeters>
     <DistanceMeters>77850.25587714688</DistanceMeters>
    </Trackpoint>
    <Trackpoint>
     <Time>2026-04-10T17:06:44+00:00</Time>
     <Position>
      <LatitudeDegrees>43.8801200</LatitudeDegrees>
      <LongitudeDegrees>4.9723400</LongitudeDegrees>
     </Position>
     <AltitudeMeters>50.82</AltitudeMeters>
     <DistanceMeters>77923.09760763665</DistanceMeters>
    </Trackpoint>
    <Trackpoint>
     <Time>2026-04-10T17:06:51+00:00</Time>
     <Position>
      <LatitudeDegrees>43.8801800</LatitudeDegrees>
      <LongitudeDegrees>4.9719900</LongitudeDegrees>
     </Position>
     <AltitudeMeters>50.82</AltitudeMeters>
     <DistanceMeters>77951.95811629662</DistanceMeters>
    </Trackpoint>
    <Trackpoint>
     <Time>2026-04-10T17:06:58+00:00</Time>
     <Position>
      <LatitudeDegrees>43.8802800</LatitudeDegrees>
      <LongitudeDegrees>4.9711100</LongitudeDegrees>
     </Position>
     <AltitudeMeters>50.82</AltitudeMeters>
     <DistanceMeters>78023.42433436922</DistanceMeters>
    </Trackpoint>
    <Trackpoint>
     <Time>2026-04-10T17:07:05+00:00</Time>
     <Position>
      <LatitudeDegrees>43.8803800</LatitudeDegrees>
      <LongitudeDegrees>4.9702300</LongitudeDegrees>
     </Position>
     <AltitudeMeters>50.82</AltitudeMeters>
     <DistanceMeters>78094.8905591053</DistanceMeters>
    </Trackpoint>
    <Trackpoint>
     <Time>2026-04-10T17:07:11+00:00</Time>
     <Position>
      <LatitudeDegrees>43.8804800</LatitudeDegrees>
      <LongitudeDegrees>4.9698500</LongitudeDegrees>
     </Position>
     <AltitudeMeters>50.82</AltitudeMeters>
     <DistanceMeters>78127.34253268689</DistanceMeters>
    </Trackpoint>
    <Trackpoint>
     <Time>2026-04-10T17:07:18+00:00</Time>
     <Position>
      <LatitudeDegrees>43.8807500</LatitudeDegrees>
      <LongitudeDegrees>4.9689900</LongitudeDegrees>
     </Position>
     <AltitudeMeters>49.85</AltitudeMeters>
     <DistanceMeters>78202.59239299108</DistanceMeters>
    </Trackpoint>
    <Trackpoint>
     <Time>2026-04-10T17:07:25+00:00</Time>
     <Position>
      <LatitudeDegrees>43.8809650</LatitudeDegrees>
      <LongitudeDegrees>4.9682300</LongitudeDegrees>
     </Position>
     <AltitudeMeters>49.85</AltitudeMeters>
     <DistanceMeters>78268.08714182393</DistanceMeters>
    </Trackpoint>
    <Trackpoint>
     <Time>2026-04-10T17:07:32+00:00</Time>
     <Position>
      <LatitudeDegrees>43.8811800</LatitudeDegrees>
      <LongitudeDegrees>4.9674700</LongitudeDegrees>
     </Position>
     <AltitudeMeters>49.85</AltitudeMeters>
     <DistanceMeters>78333.58190380268</DistanceMeters>
    </Trackpoint>
    <Trackpoint>
     <Time>2026-04-10T17:07:39+00:00</Time>
     <Position>
      <LatitudeDegrees>43.8814950</LatitudeDegrees>
      <LongitudeDegrees>4.9663450</LongitudeDegrees>
     </Position>
     <AltitudeMeters>49.660000000000004</AltitudeMeters>
     <DistanceMeters>78430.39880022602</DistanceMeters>
    </Trackpoint>
    <Trackpoint>
     <Time>2026-04-10T17:07:46+00:00</Time>
     <Position>
      <LatitudeDegrees>43.8818100</LatitudeDegrees>
      <LongitudeDegrees>4.9652200</LongitudeDegrees>
     </Position>
     <AltitudeMeters>49.660000000000004</AltitudeMeters>
     <DistanceMeters>78527.21569184998</DistanceMeters>
    </Trackpoint>
    <Trackpoint>
     <Time>2026-04-10T17:07:52+00:00</Time>
     <Position>
      <LatitudeDegrees>43.8823000</LatitudeDegrees>
      <LongitudeDegrees>4.9651350</LongitudeDegrees>
     </Position>
     <AltitudeMeters>48.85</AltitudeMeters>
     <DistanceMeters>78582.17517532432</DistanceMeters>
    </Trackpoint>
    <Trackpoint>
     <Time>2026-04-10T17:07:59+00:00</Time>
     <Position>
      <LatitudeDegrees>43.8827900</LatitudeDegrees>
      <LongitudeDegrees>4.9650500</LongitudeDegrees>
     </Position>
     <AltitudeMeters>48.85</AltitudeMeters>
     <DistanceMeters>78637.13467800204</DistanceMeters>
    </Trackpoint>
    <Trackpoint>
     <Time>2026-04-10T17:08:06+00:00</Time>
     <Position>
      <LatitudeDegrees>43.8828300</LatitudeDegrees>
      <LongitudeDegrees>4.9650300</LongitudeDegrees>
     </Position>
     <AltitudeMeters>48.85</AltitudeMeters>
     <DistanceMeters>78641.86677015525</DistanceMeters>
    </Trackpoint>
    <Trackpoint>
     <Time>2026-04-10T17:08:13+00:00</Time>
     <Position>
      <LatitudeDegrees>43.8830500</LatitudeDegrees>
      <LongitudeDegrees>4.9648700</LongitudeDegrees>
     </Position>
     <AltitudeMeters>48.95</AltitudeMeters>
     <DistanceMeters>78669.51181507055</DistanceMeters>
    </Trackpoint>
    <Trackpoint>
     <Time>2026-04-10T17:08:20+00:00</Time>
     <Position>
      <LatitudeDegrees>43.8829900</LatitudeDegrees>
      <LongitudeDegrees>4.9645500</LongitudeDegrees>
     </Position>
     <AltitudeMeters>49.160000000000004</AltitudeMeters>
     <DistanceMeters>78696.03565140707</DistanceMeters>
    </Trackpoint>
    <Trackpoint>
     <Time>2026-04-10T17:08:26+00:00</Time>
     <Position>
      <LatitudeDegrees>43.8828700</LatitudeDegrees>
      <LongitudeDegrees>4.9644600</LongitudeDegrees>
     </Position>
     <AltitudeMeters>49.160000000000004</AltitudeMeters>
     <DistanceMeters>78711.2175741544</DistanceMeters>
    </Trackpoint>
    <Trackpoint>
     <Time>2026-04-10T17:08:33+00:00</Time>
     <Position>
      <LatitudeDegrees>43.8827900</LatitudeDegrees>
      <LongitudeDegrees>4.9643700</LongitudeDegrees>
     </Position>
     <AltitudeMeters>49.160000000000004</AltitudeMeters>
     <DistanceMeters>78722.6804327497</DistanceMeters>
    </Trackpoint>
    <Trackpoint>
     <Time>2026-04-10T17:08:40+00:00</Time>
     <Position>
      <LatitudeDegrees>43.8827300</LatitudeDegrees>
      <LongitudeDegrees>4.9642500</LongitudeDegrees>
     </Position>
     <AltitudeMeters>49.160000000000004</AltitudeMeters>
     <DistanceMeters>78734.39597331385</DistanceMeters>
    </Trackpoint>
    <Trackpoint>
     <Time>2026-04-10T17:08:47+00:00</Time>
     <Position>
      <LatitudeDegrees>43.8825150</LatitudeDegrees>
      <LongitudeDegrees>4.9634850</LongitudeDegrees>
     </Position>
     <AltitudeMeters>49.160000000000004</AltitudeMeters>
     <DistanceMeters>78800.2627811704</DistanceMeters>
    </Trackpoint>
    <Trackpoint>
     <Time>2026-04-10T17:08:54+00:00</Time>
     <Position>
      <LatitudeDegrees>43.8823000</LatitudeDegrees>
      <LongitudeDegrees>4.9627200</LongitudeDegrees>
     </Position>
     <AltitudeMeters>49.160000000000004</AltitudeMeters>
     <DistanceMeters>78866.1295776448</DistanceMeters>
    </Trackpoint>
    <Trackpoint>
     <Time>2026-04-10T17:09:00+00:00</Time>
     <Position>
      <LatitudeDegrees>43.8821150</LatitudeDegrees>
      <LongitudeDegrees>4.9621450</LongitudeDegrees>
     </Position>
     <AltitudeMeters>49.160000000000004</AltitudeMeters>
     <DistanceMeters>78916.641944189</DistanceMeters>
    </Trackpoint>
    <Trackpoint>
     <Time>2026-04-10T17:09:07+00:00</Time>
     <Position>
      <LatitudeDegrees>43.8819300</LatitudeDegrees>
      <LongitudeDegrees>4.9615700</LongitudeDegrees>
     </Position>
     <AltitudeMeters>49.160000000000004</AltitudeMeters>
     <DistanceMeters>78967.15433098395</DistanceMeters>
    </Trackpoint>
    <Trackpoint>
     <Time>2026-04-10T17:09:14+00:00</Time>
     <Position>
      <LatitudeDegrees>43.8816900</LatitudeDegrees>
      <LongitudeDegrees>4.9606500</LongitudeDegrees>
     </Position>
     <AltitudeMeters>48.32</AltitudeMeters>
     <DistanceMeters>79045.64061154057</DistanceMeters>
    </Trackpoint>
    <Trackpoint>
     <Time>2026-04-10T17:09:21+00:00</Time>
     <Position>
      <LatitudeDegrees>43.8816700</LatitudeDegrees>
      <LongitudeDegrees>4.9603100</LongitudeDegrees>
     </Position>
     <AltitudeMeters>48.32</AltitudeMeters>
     <DistanceMeters>79073.00571611687</DistanceMeters>
    </Trackpoint>
    <Trackpoint>
     <Time>2026-04-10T17:09:28+00:00</Time>
     <Position>
      <LatitudeDegrees>43.8816900</LatitudeDegrees>
      <LongitudeDegrees>4.9601200</LongitudeDegrees>
     </Position>
     <AltitudeMeters>48.32</AltitudeMeters>
     <DistanceMeters>79088.40898751888</DistanceMeters>
    </Trackpoint>
    <Trackpoint>
     <Time>2026-04-10T17:09:34+00:00</Time>
     <Position>
      <LatitudeDegrees>43.8819200</LatitudeDegrees>
      <LongitudeDegrees>4.9592100</LongitudeDegrees>
     </Position>
     <AltitudeMeters>48.32</AltitudeMeters>
     <DistanceMeters>79165.76607002586</DistanceMeters>
    </Trackpoint>
    <Trackpoint>
     <Time>2026-04-10T17:09:41+00:00</Time>
     <Position>
      <LatitudeDegrees>43.8819600</LatitudeDegrees>
      <LongitudeDegrees>4.9588200</LongitudeDegrees>
     </Position>
     <AltitudeMeters>48.32</AltitudeMeters>
     <DistanceMeters>79197.3664590526</DistanceMeters>
    </Trackpoint>
    <Trackpoint>
     <Time>2026-04-10T17:09:48+00:00</Time>
     <Position>
      <LatitudeDegrees>43.8822600</LatitudeDegrees>
      <LongitudeDegrees>4.9580050</LongitudeDegrees>
     </Position>
     <AltitudeMeters>48.32</AltitudeMeters>
     <DistanceMeters>79270.7766541084</DistanceMeters>
    </Trackpoint>
    <Trackpoint>
     <Time>2026-04-10T17:09:55+00:00</Time>
     <Position>
      <LatitudeDegrees>43.8825600</LatitudeDegrees>
      <LongitudeDegrees>4.9571900</LongitudeDegrees>
     </Position>
     <AltitudeMeters>48.32</AltitudeMeters>
     <DistanceMeters>79344.18686144399</DistanceMeters>
    </Trackpoint>
    <Trackpoint>
     <Time>2026-04-10T17:10:02+00:00</Time>
     <Position>
      <LatitudeDegrees>43.8827800</LatitudeDegrees>
      <LongitudeDegrees>4.9567500</LongitudeDegrees>
     </Position>
     <AltitudeMeters>48.32</AltitudeMeters>
     <DistanceMeters>79387.1438873228</DistanceMeters>
    </Trackpoint>
    <Trackpoint>
     <Time>2026-04-10T17:10:08+00:00</Time>
     <Position>
      <LatitudeDegrees>43.8833200</LatitudeDegrees>
      <LongitudeDegrees>4.9559100</LongitudeDegrees>
     </Position>
     <AltitudeMeters>48.230000000000004</AltitudeMeters>
     <DistanceMeters>79477.43401674343</DistanceMeters>
    </Trackpoint>
    <Trackpoint>
     <Time>2026-04-10T17:10:15+00:00</Time>
     <Position>
      <LatitudeDegrees>43.8838600</LatitudeDegrees>
      <LongitudeDegrees>4.9550700</LongitudeDegrees>
     </Position>
     <AltitudeMeters>48.690000000000005</AltitudeMeters>
     <DistanceMeters>79567.72413408937</DistanceMeters>
    </Trackpoint>
    <Trackpoint>
     <Time>2026-04-10T17:10:22+00:00</Time>
     <Position>
      <LatitudeDegrees>43.8840300</LatitudeDegrees>
      <LongitudeDegrees>4.9547400</LongitudeDegrees>
     </Position>
     <AltitudeMeters>48.690000000000005</AltitudeMeters>
     <DistanceMeters>79600.26184207566</DistanceMeters>
    </Trackpoint>
    <Trackpoint>
     <Time>2026-04-10T17:10:29+00:00</Time>
     <Position>
      <LatitudeDegrees>43.8840400</LatitudeDegrees>
      <LongitudeDegrees>4.9546100</LongitudeDegrees>
     </Position>
     <AltitudeMeters>48.690000000000005</AltitudeMeters>
     <DistanceMeters>79610.74910970323</DistanceMeters>
    </Trackpoint>
    <Trackpoint>
     <Time>2026-04-10T17:10:36+00:00</Time>
     <Position>
      <LatitudeDegrees>43.8840300</LatitudeDegrees>
      <LongitudeDegrees>4.9544800</LongitudeDegrees>
     </Position>
     <AltitudeMeters>48.690000000000005</AltitudeMeters>
     <DistanceMeters>79621.23637733089</DistanceMeters>
    </Trackpoint>
    <Trackpoint>
     <Time>2026-04-10T17:10:42+00:00</Time>
     <Position>
      <LatitudeDegrees>43.8839900</LatitudeDegrees>
      <LongitudeDegrees>4.9542700</LongitudeDegrees>
     </Position>
     <AltitudeMeters>48.690000000000005</AltitudeMeters>
     <DistanceMeters>79638.66001696295</DistanceMeters>
    </Trackpoint>
    <Trackpoint>
     <Time>2026-04-10T17:10:49+00:00</Time>
     <Position>
      <LatitudeDegrees>43.8840100</LatitudeDegrees>
      <LongitudeDegrees>4.9540700</LongitudeDegrees>
     </Position>
     <AltitudeMeters>48.690000000000005</AltitudeMeters>
     <DistanceMeters>79654.85685311546</DistanceMeters>
    </Trackpoint>
    <Trackpoint>
     <Time>2026-04-10T17:10:56+00:00</Time>
     <Position>
      <LatitudeDegrees>43.8840800</LatitudeDegrees>
      <LongitudeDegrees>4.9539400</LongitudeDegrees>
     </Position>
     <AltitudeMeters>48.510000000000005</AltitudeMeters>
     <DistanceMeters>79667.87372837201</DistanceMeters>
    </Trackpoint>
    <Trackpoint>
     <Time>2026-04-10T17:11:03+00:00</Time>
     <Position>
      <LatitudeDegrees>43.8844450</LatitudeDegrees>
      <LongitudeDegrees>4.9534450</LongitudeDegrees>
     </Position>
     <AltitudeMeters>48.510000000000005</AltitudeMeters>
     <DistanceMeters>79724.67891556543</DistanceMeters>
    </Trackpoint>
    <Trackpoint>
     <Time>2026-04-10T17:11:10+00:00</Time>
     <Position>
      <LatitudeDegrees>43.8848100</LatitudeDegrees>
      <LongitudeDegrees>4.9529500</LongitudeDegrees>
     </Position>
     <AltitudeMeters>48.510000000000005</AltitudeMeters>
     <DistanceMeters>79781.48409574904</DistanceMeters>
    </Trackpoint>
    <Trackpoint>
     <Time>2026-04-10T17:11:16+00:00</Time>
     <Position>
      <LatitudeDegrees>43.8853100</LatitudeDegrees>
      <LongitudeDegrees>4.9523250</LongitudeDegrees>
     </Position>
     <AltitudeMeters>48.2</AltitudeMeters>
     <DistanceMeters>79856.38452538819</DistanceMeters>
    </Trackpoint>
    <Trackpoint>
     <Time>2026-04-10T17:11:23+00:00</Time>
     <Position>
      <LatitudeDegrees>43.8858100</LatitudeDegrees>
      <LongitudeDegrees>4.9517000</LongitudeDegrees>
     </Position>
     <AltitudeMeters>48.2</AltitudeMeters>
     <DistanceMeters>79931.28497058626</DistanceMeters>
    </Trackpoint>
    <Trackpoint>
     <Time>2026-04-10T17:11:30+00:00</Time>
     <Position>
      <LatitudeDegrees>43.8858800</LatitudeDegrees>
      <LongitudeDegrees>4.9515400</LongitudeDegrees>
     </Position>
     <AltitudeMeters>48.2</AltitudeMeters>
     <DistanceMeters>79946.29862315954</DistanceMeters>
    </Trackpoint>
    <Trackpoint>
     <Time>2026-04-10T17:11:37+00:00</Time>
     <Position>
      <LatitudeDegrees>43.8860100</LatitudeDegrees>
      <LongitudeDegrees>4.9510400</LongitudeDegrees>
     </Position>
     <AltitudeMeters>46.330000000000005</AltitudeMeters>
     <DistanceMeters>79988.93514773724</DistanceMeters>
    </Trackpoint>
    <Trackpoint>
     <Time>2026-04-10T17:11:44+00:00</Time>
     <Position>
      <LatitudeDegrees>43.8862500</LatitudeDegrees>
      <LongitudeDegrees>4.9502600</LongitudeDegrees>
     </Position>
     <AltitudeMeters>46.330000000000005</AltitudeMeters>
     <DistanceMeters>80056.96446599797</DistanceMeters>
    </Trackpoint>
    <Trackpoint>
     <Time>2026-04-10T17:11:50+00:00</Time>
     <Position>
      <LatitudeDegrees>43.8866200</LatitudeDegrees>
      <LongitudeDegrees>4.9492500</LongitudeDegrees>
     </Position>
     <AltitudeMeters>46.330000000000005</AltitudeMeters>
     <DistanceMeters>80147.84412058075</DistanceMeters>
    </Trackpoint>
    <Trackpoint>
     <Time>2026-04-10T17:11:57+00:00</Time>
     <Position>
      <LatitudeDegrees>43.8869475</LatitudeDegrees>
      <LongitudeDegrees>4.9482925</LongitudeDegrees>
     </Position>
     <AltitudeMeters>46.330000000000005</AltitudeMeters>
     <DistanceMeters>80232.85682149595</DistanceMeters>
    </Trackpoint>
    <Trackpoint>
     <Time>2026-04-10T17:12:04+00:00</Time>
     <Position>
      <LatitudeDegrees>43.8872750</LatitudeDegrees>
      <LongitudeDegrees>4.9473350</LongitudeDegrees>
     </Position>
     <AltitudeMeters>45.910000000000004</AltitudeMeters>
     <DistanceMeters>80317.86952241069</DistanceMeters>
    </Trackpoint>
    <Trackpoint>
     <Time>2026-04-10T17:12:11+00:00</Time>
     <Position>
      <LatitudeDegrees>43.8876025</LatitudeDegrees>
      <LongitudeDegrees>4.9463775</LongitudeDegrees>
     </Position>
     <AltitudeMeters>45.910000000000004</AltitudeMeters>
     <DistanceMeters>80402.8822233252</DistanceMeters>
    </Trackpoint>
    <Trackpoint>
     <Time>2026-04-10T17:12:18+00:00</Time>
     <Position>
      <LatitudeDegrees>43.8879300</LatitudeDegrees>
      <LongitudeDegrees>4.9454200</LongitudeDegrees>
     </Position>
     <AltitudeMeters>45.910000000000004</AltitudeMeters>
     <DistanceMeters>80487.89493132202</DistanceMeters>
    </Trackpoint>
    <Trackpoint>
     <Time>2026-04-10T17:12:24+00:00</Time>
     <Position>
      <LatitudeDegrees>43.8881900</LatitudeDegrees>
      <LongitudeDegrees>4.9448400</LongitudeDegrees>
     </Position>
     <AltitudeMeters>45.910000000000004</AltitudeMeters>
     <DistanceMeters>80542.68213072541</DistanceMeters>
    </Trackpoint>
    <Trackpoint>
     <Time>2026-04-10T17:12:31+00:00</Time>
     <Position>
      <LatitudeDegrees>43.8885500</LatitudeDegrees>
      <LongitudeDegrees>4.9443800</LongitudeDegrees>
     </Position>
     <AltitudeMeters>45.910000000000004</AltitudeMeters>
     <DistanceMeters>80597.14932535293</DistanceMeters>
    </Trackpoint>
    <Trackpoint>
     <Time>2026-04-10T17:12:38+00:00</Time>
     <Position>
      <LatitudeDegrees>43.8892300</LatitudeDegrees>
      <LongitudeDegrees>4.9435867</LongitudeDegrees>
     </Position>
     <AltitudeMeters>45.02</AltitudeMeters>
     <DistanceMeters>80696.0262197585</DistanceMeters>
    </Trackpoint>
    <Trackpoint>
     <Time>2026-04-10T17:12:45+00:00</Time>
     <Position>
      <LatitudeDegrees>43.8899100</LatitudeDegrees>
      <LongitudeDegrees>4.9427934</LongitudeDegrees>
     </Position>
     <AltitudeMeters>45.02</AltitudeMeters>
     <DistanceMeters>80794.90311416269</DistanceMeters>
    </Trackpoint>
    <Trackpoint>
     <Time>2026-04-10T17:12:52+00:00</Time>
     <Position>
      <LatitudeDegrees>43.8905900</LatitudeDegrees>
      <LongitudeDegrees>4.9420000</LongitudeDegrees>
     </Position>
     <AltitudeMeters>46.540000000000006</AltitudeMeters>
     <DistanceMeters>80893.78002551514</DistanceMeters>
    </Trackpoint>
    <Trackpoint>
     <Time>2026-04-10T17:12:58+00:00</Time>
     <Position>
      <LatitudeDegrees>43.8908100</LatitudeDegrees>
      <LongitudeDegrees>4.9416900</LongitudeDegrees>
     </Position>
     <AltitudeMeters>46.540000000000006</AltitudeMeters>
     <DistanceMeters>80928.67616794178</DistanceMeters>
    </Trackpoint>
    <Trackpoint>
     <Time>2026-04-10T17:13:05+00:00</Time>
     <Position>
      <LatitudeDegrees>43.8912600</LatitudeDegrees>
      <LongitudeDegrees>4.9411700</LongitudeDegrees>
     </Position>
     <AltitudeMeters>45.67</AltitudeMeters>
     <DistanceMeters>80993.85130315213</DistanceMeters>
    </Trackpoint>
    <Trackpoint>
     <Time>2026-04-10T17:13:12+00:00</Time>
     <Position>
      <LatitudeDegrees>43.8917100</LatitudeDegrees>
      <LongitudeDegrees>4.9406500</LongitudeDegrees>
     </Position>
     <AltitudeMeters>46.92</AltitudeMeters>
     <DistanceMeters>81059.02640671305</DistanceMeters>
    </Trackpoint>
    <Trackpoint>
     <Time>2026-04-10T17:13:19+00:00</Time>
     <Position>
      <LatitudeDegrees>43.8920800</LatitudeDegrees>
      <LongitudeDegrees>4.9401900</LongitudeDegrees>
     </Position>
     <AltitudeMeters>51.190000000000005</AltitudeMeters>
     <DistanceMeters>81114.31598325857</DistanceMeters>
    </Trackpoint>
    <Trackpoint>
     <Time>2026-04-10T17:13:26+00:00</Time>
     <Position>
      <LatitudeDegrees>43.8921700</LatitudeDegrees>
      <LongitudeDegrees>4.9401500</LongitudeDegrees>
     </Position>
     <AltitudeMeters>51.190000000000005</AltitudeMeters>
     <DistanceMeters>81124.83382538361</DistanceMeters>
    </Trackpoint>
    <Trackpoint>
     <Time>2026-04-10T17:13:32+00:00</Time>
     <Position>
      <LatitudeDegrees>43.8922000</LatitudeDegrees>
      <LongitudeDegrees>4.9401700</LongitudeDegrees>
     </Position>
     <AltitudeMeters>51.190000000000005</AltitudeMeters>
     <DistanceMeters>81128.53803599694</DistanceMeters>
    </Trackpoint>
    <Trackpoint>
     <Time>2026-04-10T17:13:39+00:00</Time>
     <Position>
      <LatitudeDegrees>43.8922200</LatitudeDegrees>
      <LongitudeDegrees>4.9400200</LongitudeDegrees>
     </Position>
     <AltitudeMeters>51.190000000000005</AltitudeMeters>
     <DistanceMeters>81140.77292939587</DistanceMeters>
    </Trackpoint>
    <Trackpoint>
     <Time>2026-04-10T17:13:46+00:00</Time>
     <Position>
      <LatitudeDegrees>43.8922000</LatitudeDegrees>
      <LongitudeDegrees>4.9398300</LongitudeDegrees>
     </Position>
     <AltitudeMeters>51.190000000000005</AltitudeMeters>
     <DistanceMeters>81156.1735349443</DistanceMeters>
    </Trackpoint>
    <Trackpoint>
     <Time>2026-04-10T17:13:53+00:00</Time>
     <Position>
      <LatitudeDegrees>43.8920000</LatitudeDegrees>
      <LongitudeDegrees>4.9387600</LongitudeDegrees>
     </Position>
     <AltitudeMeters>51.190000000000005</AltitudeMeters>
     <DistanceMeters>81244.83246145242</DistanceMeters>
    </Trackpoint>
    <Trackpoint>
     <Time>2026-04-10T17:14:00+00:00</Time>
     <Position>
      <LatitudeDegrees>43.8920200</LatitudeDegrees>
      <LongitudeDegrees>4.9377700</LongitudeDegrees>
     </Position>
     <AltitudeMeters>47.650000000000006</AltitudeMeters>
     <DistanceMeters>81324.26659176068</DistanceMeters>
    </Trackpoint>
    <Trackpoint>
     <Time>2026-04-10T17:14:06+00:00</Time>
     <Position>
      <LatitudeDegrees>43.8920100</LatitudeDegrees>
      <LongitudeDegrees>4.9369600</LongitudeDegrees>
     </Position>
     <AltitudeMeters>47.650000000000006</AltitudeMeters>
     <DistanceMeters>81389.2421580107</DistanceMeters>
    </Trackpoint>
    <Trackpoint>
     <Time>2026-04-10T17:14:13+00:00</Time>
     <Position>
      <LatitudeDegrees>43.8919800</LatitudeDegrees>
      <LongitudeDegrees>4.9366000</LongitudeDegrees>
     </Position>
     <AltitudeMeters>47.650000000000006</AltitudeMeters>
     <DistanceMeters>81418.30836732427</DistanceMeters>
    </Trackpoint>
    <Trackpoint>
     <Time>2026-04-10T17:14:20+00:00</Time>
     <Position>
      <LatitudeDegrees>43.8918300</LatitudeDegrees>
      <LongitudeDegrees>4.9356200</LongitudeDegrees>
     </Position>
     <AltitudeMeters>47.650000000000006</AltitudeMeters>
     <DistanceMeters>81498.66272371785</DistanceMeters>
    </Trackpoint>
    <Trackpoint>
     <Time>2026-04-10T17:14:27+00:00</Time>
     <Position>
      <LatitudeDegrees>43.8917500</LatitudeDegrees>
      <LongitudeDegrees>4.9351900</LongitudeDegrees>
     </Position>
     <AltitudeMeters>46.86000000000001</AltitudeMeters>
     <DistanceMeters>81534.28176276005</DistanceMeters>
    </Trackpoint>
    <Trackpoint>
     <Time>2026-04-10T17:14:34+00:00</Time>
     <Position>
      <LatitudeDegrees>43.8916800</LatitudeDegrees>
      <LongitudeDegrees>4.9349900</LongitudeDegrees>
     </Position>
     <AltitudeMeters>46.86000000000001</AltitudeMeters>
     <DistanceMeters>81552.11462884536</DistanceMeters>
    </Trackpoint>
    <Trackpoint>
     <Time>2026-04-10T17:14:40+00:00</Time>
     <Position>
      <LatitudeDegrees>43.8917600</LatitudeDegrees>
      <LongitudeDegrees>4.9348200</LongitudeDegrees>
     </Position>
     <AltitudeMeters>49.150000000000006</AltitudeMeters>
     <DistanceMeters>81568.39915966292</DistanceMeters>
    </Trackpoint>
    <Trackpoint>
     <Time>2026-04-10T17:14:47+00:00</Time>
     <Position>
      <LatitudeDegrees>43.8918500</LatitudeDegrees>
      <LongitudeDegrees>4.9347700</LongitudeDegrees>
     </Position>
     <AltitudeMeters>50.080000000000005</AltitudeMeters>
     <DistanceMeters>81579.18872449838</DistanceMeters>
    </Trackpoint>
    <Trackpoint>
     <Time>2026-04-10T17:14:54+00:00</Time>
     <Position>
      <LatitudeDegrees>43.8919100</LatitudeDegrees>
      <LongitudeDegrees>4.9347800</LongitudeDegrees>
     </Position>
     <AltitudeMeters>50.080000000000005</AltitudeMeters>
     <DistanceMeters>81585.9144592937</DistanceMeters>
    </Trackpoint>
    <Trackpoint>
     <Time>2026-04-10T17:15:01+00:00</Time>
     <Position>
      <LatitudeDegrees>43.8921600</LatitudeDegrees>
      <LongitudeDegrees>4.9345900</LongitudeDegrees>
     </Position>
     <AltitudeMeters>52.050000000000004</AltitudeMeters>
     <DistanceMeters>81617.63820183938</DistanceMeters>
    </Trackpoint>
    <Trackpoint>
     <Time>2026-04-10T17:15:08+00:00</Time>
     <Position>
      <LatitudeDegrees>43.8918625</LatitudeDegrees>
      <LongitudeDegrees>4.9334875</LongitudeDegrees>
     </Position>
     <AltitudeMeters>54.410000000000004</AltitudeMeters>
     <DistanceMeters>81712.06053286613</DistanceMeters>
    </Trackpoint>
    <Trackpoint>
     <Time>2026-04-10T17:15:14+00:00</Time>
     <Position>
      <LatitudeDegrees>43.8915650</LatitudeDegrees>
      <LongitudeDegrees>4.9323850</LongitudeDegrees>
     </Position>
     <AltitudeMeters>51.47</AltitudeMeters>
     <DistanceMeters>81806.48286389268</DistanceMeters>
    </Trackpoint>
    <Trackpoint>
     <Time>2026-04-10T17:15:21+00:00</Time>
     <Position>
      <LatitudeDegrees>43.8912675</LatitudeDegrees>
      <LongitudeDegrees>4.9312825</LongitudeDegrees>
     </Position>
     <AltitudeMeters>51.47</AltitudeMeters>
     <DistanceMeters>81900.90519491889</DistanceMeters>
    </Trackpoint>
    <Trackpoint>
     <Time>2026-04-10T17:15:28+00:00</Time>
     <Position>
      <LatitudeDegrees>43.8909700</LatitudeDegrees>
      <LongitudeDegrees>4.9301800</LongitudeDegrees>
     </Position>
     <AltitudeMeters>53.51</AltitudeMeters>
     <DistanceMeters>81995.32753013754</DistanceMeters>
    </Trackpoint>
    <Trackpoint>
     <Time>2026-04-10T17:15:35+00:00</Time>
     <Position>
      <LatitudeDegrees>43.8906800</LatitudeDegrees>
      <LongitudeDegrees>4.9291300</LongitudeDegrees>
     </Position>
     <AltitudeMeters>53.51</AltitudeMeters>
     <DistanceMeters>82085.51739678741</DistanceMeters>
    </Trackpoint>
    <Trackpoint>
     <Time>2026-04-10T17:15:42+00:00</Time>
     <Position>
      <LatitudeDegrees>43.8905900</LatitudeDegrees>
      <LongitudeDegrees>4.9288800</LongitudeDegrees>
     </Position>
     <AltitudeMeters>53.51</AltitudeMeters>
     <DistanceMeters>82107.93175727977</DistanceMeters>
    </Trackpoint>
    <Trackpoint>
     <Time>2026-04-10T17:15:48+00:00</Time>
     <Position>
      <LatitudeDegrees>43.8904100</LatitudeDegrees>
      <LongitudeDegrees>4.9285000</LongitudeDegrees>
     </Position>
     <AltitudeMeters>54.31</AltitudeMeters>
     <DistanceMeters>82144.4047497241</DistanceMeters>
    </Trackpoint>
    <Trackpoint>
     <Time>2026-04-10T17:15:55+00:00</Time>
     <Position>
      <LatitudeDegrees>43.8902100</LatitudeDegrees>
      <LongitudeDegrees>4.9281800</LongitudeDegrees>
     </Position>
     <AltitudeMeters>54.31</AltitudeMeters>
     <DistanceMeters>82178.37870357468</DistanceMeters>
    </Trackpoint>
    <Trackpoint>
     <Time>2026-04-10T17:16:02+00:00</Time>
     <Position>
      <LatitudeDegrees>43.8899800</LatitudeDegrees>
      <LongitudeDegrees>4.9279700</LongitudeDegrees>
     </Position>
     <AltitudeMeters>54.31</AltitudeMeters>
     <DistanceMeters>82209.02122970455</DistanceMeters>
    </Trackpoint>
    <Trackpoint>
     <Time>2026-04-10T17:16:09+00:00</Time>
     <Position>
      <LatitudeDegrees>43.8898700</LatitudeDegrees>
      <LongitudeDegrees>4.9279100</LongitudeDegrees>
     </Position>
     <AltitudeMeters>54.31</AltitudeMeters>
     <DistanceMeters>82222.17566838657</DistanceMeters>
    </Trackpoint>
    <Trackpoint>
     <Time>2026-04-10T17:16:16+00:00</Time>
     <Position>
      <LatitudeDegrees>43.8896000</LatitudeDegrees>
      <LongitudeDegrees>4.9278400</LongitudeDegrees>
     </Position>
     <AltitudeMeters>54.31</AltitudeMeters>
     <DistanceMeters>82252.7455197747</DistanceMeters>
    </Trackpoint>
    <Trackpoint>
     <Time>2026-04-10T17:16:22+00:00</Time>
     <Position>
      <LatitudeDegrees>43.8893200</LatitudeDegrees>
      <LongitudeDegrees>4.9278300</LongitudeDegrees>
     </Position>
     <AltitudeMeters>54.31</AltitudeMeters>
     <DistanceMeters>82283.91863054034</DistanceMeters>
    </Trackpoint>
    <Trackpoint>
     <Time>2026-04-10T17:16:29+00:00</Time>
     <Position>
      <LatitudeDegrees>43.8890400</LatitudeDegrees>
      <LongitudeDegrees>4.9278000</LongitudeDegrees>
     </Position>
     <AltitudeMeters>52.72</AltitudeMeters>
     <DistanceMeters>82315.17418367726</DistanceMeters>
    </Trackpoint>
    <Trackpoint>
     <Time>2026-04-10T17:16:36+00:00</Time>
     <Position>
      <LatitudeDegrees>43.8889600</LatitudeDegrees>
      <LongitudeDegrees>4.9277700</LongitudeDegrees>
     </Position>
     <AltitudeMeters>52.72</AltitudeMeters>
     <DistanceMeters>82324.39726353061</DistanceMeters>
    </Trackpoint>
    <Trackpoint>
     <Time>2026-04-10T17:16:43+00:00</Time>
     <Position>
      <LatitudeDegrees>43.8889000</LatitudeDegrees>
      <LongitudeDegrees>4.9276900</LongitudeDegrees>
     </Position>
     <AltitudeMeters>49.27</AltitudeMeters>
     <DistanceMeters>82333.65829237732</DistanceMeters>
    </Trackpoint>
    <Trackpoint>
     <Time>2026-04-10T17:16:50+00:00</Time>
     <Position>
      <LatitudeDegrees>43.8888500</LatitudeDegrees>
      <LongitudeDegrees>4.9276000</LongitudeDegrees>
     </Position>
     <AltitudeMeters>49.27</AltitudeMeters>
     <DistanceMeters>82342.77302272824</DistanceMeters>
    </Trackpoint>
    <Trackpoint>
     <Time>2026-04-10T17:16:56+00:00</Time>
     <Position>
      <LatitudeDegrees>43.8887850</LatitudeDegrees>
      <LongitudeDegrees>4.9268750</LongitudeDegrees>
     </Position>
     <AltitudeMeters>49.27</AltitudeMeters>
     <DistanceMeters>82401.37304398353</DistanceMeters>
    </Trackpoint>
    <Trackpoint>
     <Time>2026-04-10T17:17:03+00:00</Time>
     <Position>
      <LatitudeDegrees>43.8887200</LatitudeDegrees>
      <LongitudeDegrees>4.9261500</LongitudeDegrees>
     </Position>
     <AltitudeMeters>38.85</AltitudeMeters>
     <DistanceMeters>82459.97304977704</DistanceMeters>
    </Trackpoint>
    <Trackpoint>
     <Time>2026-04-10T17:17:10+00:00</Time>
     <Position>
      <LatitudeDegrees>43.8887300</LatitudeDegrees>
      <LongitudeDegrees>4.9253100</LongitudeDegrees>
     </Position>
     <AltitudeMeters>38.85</AltitudeMeters>
     <DistanceMeters>82527.35814620394</DistanceMeters>
    </Trackpoint>
    <Trackpoint>
     <Time>2026-04-10T17:17:17+00:00</Time>
     <Position>
      <LatitudeDegrees>43.8888550</LatitudeDegrees>
      <LongitudeDegrees>4.9245800</LongitudeDegrees>
     </Position>
     <AltitudeMeters>38.85</AltitudeMeters>
     <DistanceMeters>82587.54093149916</DistanceMeters>
    </Trackpoint>
    <Trackpoint>
     <Time>2026-04-10T17:17:24+00:00</Time>
     <Position>
      <LatitudeDegrees>43.8889800</LatitudeDegrees>
      <LongitudeDegrees>4.9238500</LongitudeDegrees>
     </Position>
     <AltitudeMeters>45.230000000000004</AltitudeMeters>
     <DistanceMeters>82647.72369289116</DistanceMeters>
    </Trackpoint>
    <Trackpoint>
     <Time>2026-04-10T17:17:30+00:00</Time>
     <Position>
      <LatitudeDegrees>43.8890300</LatitudeDegrees>
      <LongitudeDegrees>4.9234300</LongitudeDegrees>
     </Position>
     <AltitudeMeters>45.230000000000004</AltitudeMeters>
     <DistanceMeters>82681.86800848808</DistanceMeters>
    </Trackpoint>
    <Trackpoint>
     <Time>2026-04-10T17:17:37+00:00</Time>
     <Position>
      <LatitudeDegrees>43.8890200</LatitudeDegrees>
      <LongitudeDegrees>4.9229100</LongitudeDegrees>
     </Position>
     <AltitudeMeters>44.79</AltitudeMeters>
     <DistanceMeters>82723.59153831695</DistanceMeters>
    </Trackpoint>
    <Trackpoint>
     <Time>2026-04-10T17:17:44+00:00</Time>
     <Position>
      <LatitudeDegrees>43.8892900</LatitudeDegrees>
      <LongitudeDegrees>4.9230000</LongitudeDegrees>
     </Position>
     <AltitudeMeters>46.61000000000001</AltitudeMeters>
     <DistanceMeters>82754.4962869663</DistanceMeters>
    </Trackpoint>
    <Trackpoint>
     <Time>2026-04-10T17:17:51+00:00</Time>
     <Position>
      <LatitudeDegrees>43.8893100</LatitudeDegrees>
      <LongitudeDegrees>4.9226800</LongitudeDegrees>
     </Position>
     <AltitudeMeters>46.61000000000001</AltitudeMeters>
     <DistanceMeters>82780.25938933033</DistanceMeters>
    </Trackpoint>
    <Trackpoint>
     <Time>2026-04-10T17:17:58+00:00</Time>
     <Position>
      <LatitudeDegrees>43.8892400</LatitudeDegrees>
      <LongitudeDegrees>4.9218800</LongitudeDegrees>
     </Position>
     <AltitudeMeters>44.52</AltitudeMeters>
     <DistanceMeters>82844.89754080179</DistanceMeters>
    </Trackpoint>
    <Trackpoint>
     <Time>2026-04-10T17:18:04+00:00</Time>
     <Position>
      <LatitudeDegrees>43.8892800</LatitudeDegrees>
      <LongitudeDegrees>4.9214900</LongitudeDegrees>
     </Position>
     <AltitudeMeters>44.52</AltitudeMeters>
     <DistanceMeters>82876.494123999</DistanceMeters>
    </Trackpoint>
    <Trackpoint>
     <Time>2026-04-10T17:18:11+00:00</Time>
     <Position>
      <LatitudeDegrees>43.8892200</LatitudeDegrees>
      <LongitudeDegrees>4.9206300</LongitudeDegrees>
     </Position>
     <AltitudeMeters>41.61</AltitudeMeters>
     <DistanceMeters>82945.7960833681</DistanceMeters>
    </Trackpoint>
    <Trackpoint>
     <Time>2026-04-10T17:18:18+00:00</Time>
     <Position>
      <LatitudeDegrees>43.8892200</LatitudeDegrees>
      <LongitudeDegrees>4.9203600</LongitudeDegrees>
     </Position>
     <AltitudeMeters>41.61</AltitudeMeters>
     <DistanceMeters>82967.4524442173</DistanceMeters>
    </Trackpoint>
    <Trackpoint>
     <Time>2026-04-10T17:18:25+00:00</Time>
     <Position>
      <LatitudeDegrees>43.8893300</LatitudeDegrees>
      <LongitudeDegrees>4.9197700</LongitudeDegrees>
     </Position>
     <AltitudeMeters>42.370000000000005</AltitudeMeters>
     <DistanceMeters>83016.33349006968</DistanceMeters>
    </Trackpoint>
    <Trackpoint>
     <Time>2026-04-10T17:18:32+00:00</Time>
     <Position>
      <LatitudeDegrees>43.8894350</LatitudeDegrees>
      <LongitudeDegrees>4.9191300</LongitudeDegrees>
     </Position>
     <AltitudeMeters>42.84</AltitudeMeters>
     <DistanceMeters>83068.98027407432</DistanceMeters>
    </Trackpoint>
    <Trackpoint>
     <Time>2026-04-10T17:18:38+00:00</Time>
     <Position>
      <LatitudeDegrees>43.8895400</LatitudeDegrees>
      <LongitudeDegrees>4.9184900</LongitudeDegrees>
     </Position>
     <AltitudeMeters>42.84</AltitudeMeters>
     <DistanceMeters>83121.62703673047</DistanceMeters>
    </Trackpoint>
    <Trackpoint>
     <Time>2026-04-10T17:18:45+00:00</Time>
     <Position>
      <LatitudeDegrees>43.8895500</LatitudeDegrees>
      <LongitudeDegrees>4.9183200</LongitudeDegrees>
     </Position>
     <AltitudeMeters>42.84</AltitudeMeters>
     <DistanceMeters>83135.30779456085</DistanceMeters>
    </Trackpoint>
    <Trackpoint>
     <Time>2026-04-10T17:18:52+00:00</Time>
     <Position>
      <LatitudeDegrees>43.8897100</LatitudeDegrees>
      <LongitudeDegrees>4.9175500</LongitudeDegrees>
     </Position>
     <AltitudeMeters>44.800000000000004</AltitudeMeters>
     <DistanceMeters>83199.58404091049</DistanceMeters>
    </Trackpoint>
    <Trackpoint>
     <Time>2026-04-10T17:18:59+00:00</Time>
     <Position>
      <LatitudeDegrees>43.8897600</LatitudeDegrees>
      <LongitudeDegrees>4.9175000</LongitudeDegrees>
     </Position>
     <AltitudeMeters>44.800000000000004</AltitudeMeters>
     <DistanceMeters>83206.44335202841</DistanceMeters>
    </Trackpoint>
    <Trackpoint>
     <Time>2026-04-10T17:19:06+00:00</Time>
     <Position>
      <LatitudeDegrees>43.8897300</LatitudeDegrees>
      <LongitudeDegrees>4.9172500</LongitudeDegrees>
     </Position>
     <AltitudeMeters>44.800000000000004</AltitudeMeters>
     <DistanceMeters>83226.77143923052</DistanceMeters>
    </Trackpoint>
    <Trackpoint>
     <Time>2026-04-10T17:19:12+00:00</Time>
     <Position>
      <LatitudeDegrees>43.8898000</LatitudeDegrees>
      <LongitudeDegrees>4.9166100</LongitudeDegrees>
     </Position>
     <AltitudeMeters>44.800000000000004</AltitudeMeters>
     <DistanceMeters>83278.69238713814</DistanceMeters>
    </Trackpoint>
    <Trackpoint>
     <Time>2026-04-10T17:19:19+00:00</Time>
     <Position>
      <LatitudeDegrees>43.8899700</LatitudeDegrees>
      <LongitudeDegrees>4.9157250</LongitudeDegrees>
     </Position>
     <AltitudeMeters>43.32</AltitudeMeters>
     <DistanceMeters>83352.1544982673</DistanceMeters>
    </Trackpoint>
    <Trackpoint>
     <Time>2026-04-10T17:19:26+00:00</Time>
     <Position>
      <LatitudeDegrees>43.8901400</LatitudeDegrees>
      <LongitudeDegrees>4.9148400</LongitudeDegrees>
     </Position>
     <AltitudeMeters>43.32</AltitudeMeters>
     <DistanceMeters>83425.61662102041</DistanceMeters>
    </Trackpoint>
    <Trackpoint>
     <Time>2026-04-10T17:19:33+00:00</Time>
     <Position>
      <LatitudeDegrees>43.8901800</LatitudeDegrees>
      <LongitudeDegrees>4.9144000</LongitudeDegrees>
     </Position>
     <AltitudeMeters>43.29</AltitudeMeters>
     <DistanceMeters>83461.18759146449</DistanceMeters>
    </Trackpoint>
    <Trackpoint>
     <Time>2026-04-10T17:19:40+00:00</Time>
     <Position>
      <LatitudeDegrees>43.8902800</LatitudeDegrees>
      <LongitudeDegrees>4.9144000</LongitudeDegrees>
     </Position>
     <AltitudeMeters>43.29</AltitudeMeters>
     <DistanceMeters>83472.31715940894</DistanceMeters>
    </Trackpoint>
    <Trackpoint>
     <Time>2026-04-10T17:19:46+00:00</Time>
     <Position>
      <LatitudeDegrees>43.8903500</LatitudeDegrees>
      <LongitudeDegrees>4.9144400</LongitudeDegrees>
     </Position>
     <AltitudeMeters>43.29</AltitudeMeters>
     <DistanceMeters>83480.74260290829</DistanceMeters>
    </Trackpoint>
    <Trackpoint>
     <Time>2026-04-10T17:19:53+00:00</Time>
     <Position>
      <LatitudeDegrees>43.8908550</LatitudeDegrees>
      <LongitudeDegrees>4.9148500</LongitudeDegrees>
     </Position>
     <AltitudeMeters>44.370000000000005</AltitudeMeters>
     <DistanceMeters>83545.8604112818</DistanceMeters>
    </Trackpoint>
    <Trackpoint>
     <Time>2026-04-10T17:20:00+00:00</Time>
     <Position>
      <LatitudeDegrees>43.8913600</LatitudeDegrees>
      <LongitudeDegrees>4.9152600</LongitudeDegrees>
     </Position>
     <AltitudeMeters>44.370000000000005</AltitudeMeters>
     <DistanceMeters>83610.97820021921</DistanceMeters>
    </Trackpoint>
    <Trackpoint>
     <Time>2026-04-10T17:20:07+00:00</Time>
     <Position>
      <LatitudeDegrees>43.8914200</LatitudeDegrees>
      <LongitudeDegrees>4.9152600</LongitudeDegrees>
     </Position>
     <AltitudeMeters>44.370000000000005</AltitudeMeters>
     <DistanceMeters>83617.65594098541</DistanceMeters>
    </Trackpoint>
    <Trackpoint>
     <Time>2026-04-10T17:20:14+00:00</Time>
     <Position>
      <LatitudeDegrees>43.8915000</LatitudeDegrees>
      <LongitudeDegrees>4.9151800</LongitudeDegrees>
     </Position>
     <AltitudeMeters>44.370000000000005</AltitudeMeters>
     <DistanceMeters>83628.63073011873</DistanceMeters>
    </Trackpoint>
    <Trackpoint>
     <Time>2026-04-10T17:20:20+00:00</Time>
     <Position>
      <LatitudeDegrees>43.8919300</LatitudeDegrees>
      <LongitudeDegrees>4.9143100</LongitudeDegrees>
     </Position>
     <AltitudeMeters>44.370000000000005</AltitudeMeters>
     <DistanceMeters>83713.24379528468</DistanceMeters>
    </Trackpoint>
    <Trackpoint>
     <Time>2026-04-10T17:20:27+00:00</Time>
     <Position>
      <LatitudeDegrees>43.8925350</LatitudeDegrees>
      <LongitudeDegrees>4.9134550</LongitudeDegrees>
     </Position>
     <AltitudeMeters>44.370000000000005</AltitudeMeters>
     <DistanceMeters>83809.34965004979</DistanceMeters>
    </Trackpoint>
    <Trackpoint>
     <Time>2026-04-10T17:20:34+00:00</Time>
     <Position>
      <LatitudeDegrees>43.8931400</LatitudeDegrees>
      <LongitudeDegrees>4.9126000</LongitudeDegrees>
     </Position>
     <AltitudeMeters>40.400000000000006</AltitudeMeters>
     <DistanceMeters>83905.45551268096</DistanceMeters>
    </Trackpoint>
    <Trackpoint>
     <Time>2026-04-10T17:20:41+00:00</Time>
     <Position>
      <LatitudeDegrees>43.8932500</LatitudeDegrees>
      <LongitudeDegrees>4.9122400</LongitudeDegrees>
     </Position>
     <AltitudeMeters>40.400000000000006</AltitudeMeters>
     <DistanceMeters>83936.81699038477</DistanceMeters>
    </Trackpoint>
    <Trackpoint>
     <Time>2026-04-10T17:20:48+00:00</Time>
     <Position>
      <LatitudeDegrees>43.8932900</LatitudeDegrees>
      <LongitudeDegrees>4.9119000</LongitudeDegrees>
     </Position>
     <AltitudeMeters>40.400000000000006</AltitudeMeters>
     <DistanceMeters>83964.44711144193</DistanceMeters>
    </Trackpoint>
    <Trackpoint>
     <Time>2026-04-10T17:20:54+00:00</Time>
     <Position>
      <LatitudeDegrees>43.8932800</LatitudeDegrees>
      <LongitudeDegrees>4.9117200</LongitudeDegrees>
     </Position>
     <AltitudeMeters>40.400000000000006</AltitudeMeters>
     <DistanceMeters>83978.92653687377</DistanceMeters>
    </Trackpoint>
    <Trackpoint>
     <Time>2026-04-10T17:21:01+00:00</Time>
     <Position>
      <LatitudeDegrees>43.8931700</LatitudeDegrees>
      <LongitudeDegrees>4.9113600</LongitudeDegrees>
     </Position>
     <AltitudeMeters>40.400000000000006</AltitudeMeters>
     <DistanceMeters>84010.28800118675</DistanceMeters>
    </Trackpoint>
    <Trackpoint>
     <Time>2026-04-10T17:21:08+00:00</Time>
     <Position>
      <LatitudeDegrees>43.8931500</LatitudeDegrees>
      <LongitudeDegrees>4.9111800</LongitudeDegrees>
     </Position>
     <AltitudeMeters>40.400000000000006</AltitudeMeters>
     <DistanceMeters>84024.89521359118</DistanceMeters>
    </Trackpoint>
    <Trackpoint>
     <Time>2026-04-10T17:21:15+00:00</Time>
     <Position>
      <LatitudeDegrees>43.8931600</LatitudeDegrees>
      <LongitudeDegrees>4.9108500</LongitudeDegrees>
     </Position>
     <AltitudeMeters>40.400000000000006</AltitudeMeters>
     <DistanceMeters>84051.38574018414</DistanceMeters>
    </Trackpoint>
    <Trackpoint>
     <Time>2026-04-10T17:21:22+00:00</Time>
     <Position>
      <LatitudeDegrees>43.8932600</LatitudeDegrees>
      <LongitudeDegrees>4.9106100</LongitudeDegrees>
     </Position>
     <AltitudeMeters>40.400000000000006</AltitudeMeters>
     <DistanceMeters>84073.62048614387</DistanceMeters>
    </Trackpoint>
    <Trackpoint>
     <Time>2026-04-10T17:21:28+00:00</Time>
     <Position>
      <LatitudeDegrees>43.8934500</LatitudeDegrees>
      <LongitudeDegrees>4.9104200</LongitudeDegrees>
     </Position>
     <AltitudeMeters>40.400000000000006</AltitudeMeters>
     <DistanceMeters>84099.68532684555</DistanceMeters>
    </Trackpoint>
    <Trackpoint>
     <Time>2026-04-10T17:21:35+00:00</Time>
     <Position>
      <LatitudeDegrees>43.8936000</LatitudeDegrees>
      <LongitudeDegrees>4.9103600</LongitudeDegrees>
     </Position>
     <AltitudeMeters>40.400000000000006</AltitudeMeters>
     <DistanceMeters>84117.05940038258</DistanceMeters>
    </Trackpoint>
    <Trackpoint>
     <Time>2026-04-10T17:21:42+00:00</Time>
     <Position>
      <LatitudeDegrees>43.8937100</LatitudeDegrees>
      <LongitudeDegrees>4.9103600</LongitudeDegrees>
     </Position>
     <AltitudeMeters>40.400000000000006</AltitudeMeters>
     <DistanceMeters>84129.301925121</DistanceMeters>
    </Trackpoint>
    <Trackpoint>
     <Time>2026-04-10T17:21:49+00:00</Time>
     <Position>
      <LatitudeDegrees>43.8941500</LatitudeDegrees>
      <LongitudeDegrees>4.9105300</LongitudeDegrees>
     </Position>
     <AltitudeMeters>42.230000000000004</AltitudeMeters>
     <DistanceMeters>84180.13466729688</DistanceMeters>
    </Trackpoint>
    <Trackpoint>
     <Time>2026-04-10T17:21:56+00:00</Time>
     <Position>
      <LatitudeDegrees>43.8943700</LatitudeDegrees>
      <LongitudeDegrees>4.9105300</LongitudeDegrees>
     </Position>
     <AltitudeMeters>42.230000000000004</AltitudeMeters>
     <DistanceMeters>84204.61971677373</DistanceMeters>
    </Trackpoint>
    <Trackpoint>
     <Time>2026-04-10T17:22:02+00:00</Time>
     <Position>
      <LatitudeDegrees>43.8945800</LatitudeDegrees>
      <LongitudeDegrees>4.9104200</LongitudeDegrees>
     </Position>
     <AltitudeMeters>42.25</AltitudeMeters>
     <DistanceMeters>84229.60142279176</DistanceMeters>
    </Trackpoint>
    <Trackpoint>
     <Time>2026-04-10T17:22:09+00:00</Time>
     <Position>
      <LatitudeDegrees>43.8950700</LatitudeDegrees>
      <LongitudeDegrees>4.9097000</LongitudeDegrees>
     </Position>
     <AltitudeMeters>41.97</AltitudeMeters>
     <DistanceMeters>84309.02763005933</DistanceMeters>
    </Trackpoint>
    <Trackpoint>
     <Time>2026-04-10T17:22:16+00:00</Time>
     <Position>
      <LatitudeDegrees>43.8955400</LatitudeDegrees>
      <LongitudeDegrees>4.9089567</LongitudeDegrees>
     </Position>
     <AltitudeMeters>41.97</AltitudeMeters>
     <DistanceMeters>84388.33846592877</DistanceMeters>
    </Trackpoint>
    <Trackpoint>
     <Time>2026-04-10T17:22:23+00:00</Time>
     <Position>
      <LatitudeDegrees>43.8960100</LatitudeDegrees>
      <LongitudeDegrees>4.9082133</LongitudeDegrees>
     </Position>
     <AltitudeMeters>39.720000000000006</AltitudeMeters>
     <DistanceMeters>84467.64930179749</DistanceMeters>
    </Trackpoint>
    <Trackpoint>
     <Time>2026-04-10T17:22:30+00:00</Time>
     <Position>
      <LatitudeDegrees>43.8964800</LatitudeDegrees>
      <LongitudeDegrees>4.9074700</LongitudeDegrees>
     </Position>
     <AltitudeMeters>39.720000000000006</AltitudeMeters>
     <DistanceMeters>84546.96013982667</DistanceMeters>
    </Trackpoint>
    <Trackpoint>
     <Time>2026-04-10T17:22:36+00:00</Time>
     <Position>
      <LatitudeDegrees>43.8966500</LatitudeDegrees>
      <LongitudeDegrees>4.9071700</LongitudeDegrees>
     </Position>
     <AltitudeMeters>39.720000000000006</AltitudeMeters>
     <DistanceMeters>84577.5680387291</DistanceMeters>
    </Trackpoint>
    <Trackpoint>
     <Time>2026-04-10T17:22:43+00:00</Time>
     <Position>
      <LatitudeDegrees>43.8966200</LatitudeDegrees>
      <LongitudeDegrees>4.9069700</LongitudeDegrees>
     </Position>
     <AltitudeMeters>39.720000000000006</AltitudeMeters>
     <DistanceMeters>84593.95161847907</DistanceMeters>
    </Trackpoint>
    <Trackpoint>
     <Time>2026-04-10T17:22:50+00:00</Time>
     <Position>
      <LatitudeDegrees>43.8962600</LatitudeDegrees>
      <LongitudeDegrees>4.9063600</LongitudeDegrees>
     </Position>
     <AltitudeMeters>40.21</AltitudeMeters>
     <DistanceMeters>84657.1862893544</DistanceMeters>
    </Trackpoint>
    <Trackpoint>
     <Time>2026-04-10T17:22:57+00:00</Time>
     <Position>
      <LatitudeDegrees>43.8961600</LatitudeDegrees>
      <LongitudeDegrees>4.9061600</LongitudeDegrees>
     </Position>
     <AltitudeMeters>40.21</AltitudeMeters>
     <DistanceMeters>84676.70921395879</DistanceMeters>
    </Trackpoint>
    <Trackpoint>
     <Time>2026-04-10T17:23:04+00:00</Time>
     <Position>
      <LatitudeDegrees>43.8961200</LatitudeDegrees>
      <LongitudeDegrees>4.9059100</LongitudeDegrees>
     </Position>
     <AltitudeMeters>40.21</AltitudeMeters>
     <DistanceMeters>84697.24736128197</DistanceMeters>
    </Trackpoint>
    <Trackpoint>
     <Time>2026-04-10T17:23:10+00:00</Time>
     <Position>
      <LatitudeDegrees>43.8961700</LatitudeDegrees>
      <LongitudeDegrees>4.9056100</LongitudeDegrees>
     </Position>
     <AltitudeMeters>40.21</AltitudeMeters>
     <DistanceMeters>84721.9423408326</DistanceMeters>
    </Trackpoint>
    <Trackpoint>
     <Time>2026-04-10T17:23:17+00:00</Time>
     <Position>
      <LatitudeDegrees>43.8964540</LatitudeDegrees>
      <LongitudeDegrees>4.9046500</LongitudeDegrees>
     </Position>
     <AltitudeMeters>40.21</AltitudeMeters>
     <DistanceMeters>84805.16853592425</DistanceMeters>
    </Trackpoint>
    <Trackpoint>
     <Time>2026-04-10T17:23:24+00:00</Time>
     <Position>
      <LatitudeDegrees>43.8967380</LatitudeDegrees>
      <LongitudeDegrees>4.9036900</LongitudeDegrees>
     </Position>
     <AltitudeMeters>40.21</AltitudeMeters>
     <DistanceMeters>84888.39473101556</DistanceMeters>
    </Trackpoint>
    <Trackpoint>
     <Time>2026-04-10T17:23:31+00:00</Time>
     <Position>
      <LatitudeDegrees>43.8970220</LatitudeDegrees>
      <LongitudeDegrees>4.9027300</LongitudeDegrees>
     </Position>
     <AltitudeMeters>40.21</AltitudeMeters>
     <DistanceMeters>84971.6209261072</DistanceMeters>
    </Trackpoint>
    <Trackpoint>
     <Time>2026-04-10T17:23:38+00:00</Time>
     <Position>
      <LatitudeDegrees>43.8973060</LatitudeDegrees>
      <LongitudeDegrees>4.9017700</LongitudeDegrees>
     </Position>
     <AltitudeMeters>40.21</AltitudeMeters>
     <DistanceMeters>85054.84712119876</DistanceMeters>
    </Trackpoint>
    <Trackpoint>
     <Time>2026-04-10T17:23:44+00:00</Time>
     <Position>
      <LatitudeDegrees>43.8975900</LatitudeDegrees>
      <LongitudeDegrees>4.9008100</LongitudeDegrees>
     </Position>
     <AltitudeMeters>40.21</AltitudeMeters>
     <DistanceMeters>85138.07331809151</DistanceMeters>
    </Trackpoint>
    <Trackpoint>
     <Time>2026-04-10T17:23:51+00:00</Time>
     <Position>
      <LatitudeDegrees>43.8976100</LatitudeDegrees>
      <LongitudeDegrees>4.9005400</LongitudeDegrees>
     </Position>
     <AltitudeMeters>40.21</AltitudeMeters>
     <DistanceMeters>85159.84074064557</DistanceMeters>
    </Trackpoint>
    <Trackpoint>
     <Time>2026-04-10T17:23:58+00:00</Time>
     <Position>
      <LatitudeDegrees>43.8976000</LatitudeDegrees>
      <LongitudeDegrees>4.9004000</LongitudeDegrees>
     </Position>
     <AltitudeMeters>40.21</AltitudeMeters>
     <DistanceMeters>85171.12341073631</DistanceMeters>
    </Trackpoint>
    <Trackpoint>
     <Time>2026-04-10T17:24:05+00:00</Time>
     <Position>
      <LatitudeDegrees>43.8974400</LatitudeDegrees>
      <LongitudeDegrees>4.8998500</LongitudeDegrees>
     </Position>
     <AltitudeMeters>37.3</AltitudeMeters>
     <DistanceMeters>85218.69098621217</DistanceMeters>
    </Trackpoint>
    <Trackpoint>
     <Time>2026-04-10T17:24:12+00:00</Time>
     <Position>
      <LatitudeDegrees>43.8974100</LatitudeDegrees>
      <LongitudeDegrees>4.8996400</LongitudeDegrees>
     </Position>
     <AltitudeMeters>37.3</AltitudeMeters>
     <DistanceMeters>85235.86028166271</DistanceMeters>
    </Trackpoint>
    <Trackpoint>
     <Time>2026-04-10T17:24:18+00:00</Time>
     <Position>
      <LatitudeDegrees>43.8974500</LatitudeDegrees>
      <LongitudeDegrees>4.8993600</LongitudeDegrees>
     </Position>
     <AltitudeMeters>37.3</AltitudeMeters>
     <DistanceMeters>85258.75267374722</DistanceMeters>
    </Trackpoint>
    <Trackpoint>
     <Time>2026-04-10T17:24:25+00:00</Time>
     <Position>
      <LatitudeDegrees>43.8976300</LatitudeDegrees>
      <LongitudeDegrees>4.8988200</LongitudeDegrees>
     </Position>
     <AltitudeMeters>37.3</AltitudeMeters>
     <DistanceMeters>85306.46847562357</DistanceMeters>
    </Trackpoint>
    <Trackpoint>
     <Time>2026-04-10T17:24:32+00:00</Time>
     <Position>
      <LatitudeDegrees>43.8977400</LatitudeDegrees>
      <LongitudeDegrees>4.8985400</LongitudeDegrees>
     </Position>
     <AltitudeMeters>37.3</AltitudeMeters>
     <DistanceMeters>85332.04420519757</DistanceMeters>
    </Trackpoint>
    <Trackpoint>
     <Time>2026-04-10T17:24:39+00:00</Time>
     <Position>
      <LatitudeDegrees>43.8978500</LatitudeDegrees>
      <LongitudeDegrees>4.8983500</LongitudeDegrees>
     </Position>
     <AltitudeMeters>37.3</AltitudeMeters>
     <DistanceMeters>85351.59055566523</DistanceMeters>
    </Trackpoint>
    <Trackpoint>
     <Time>2026-04-10T17:24:46+00:00</Time>
     <Position>
      <LatitudeDegrees>43.8986067</LatitudeDegrees>
      <LongitudeDegrees>4.8977133</LongitudeDegrees>
     </Position>
     <AltitudeMeters>37.3</AltitudeMeters>
     <DistanceMeters>85450.07333580166</DistanceMeters>
    </Trackpoint>
    <Trackpoint>
     <Time>2026-04-10T17:24:52+00:00</Time>
     <Position>
      <LatitudeDegrees>43.8993633</LatitudeDegrees>
      <LongitudeDegrees>4.8970767</LongitudeDegrees>
     </Position>
     <AltitudeMeters>37.3</AltitudeMeters>
     <DistanceMeters>85548.556115938</DistanceMeters>
    </Trackpoint>
    <Trackpoint>
     <Time>2026-04-10T17:24:59+00:00</Time>
     <Position>
      <LatitudeDegrees>43.9001200</LatitudeDegrees>
      <LongitudeDegrees>4.8964400</LongitudeDegrees>
     </Position>
     <AltitudeMeters>37.3</AltitudeMeters>
     <DistanceMeters>85647.03889000477</DistanceMeters>
    </Trackpoint>
    <Trackpoint>
     <Time>2026-04-10T17:25:06+00:00</Time>
     <Position>
      <LatitudeDegrees>43.9002600</LatitudeDegrees>
      <LongitudeDegrees>4.8964000</LongitudeDegrees>
     </Position>
     <AltitudeMeters>37.3</AltitudeMeters>
     <DistanceMeters>85662.94705112946</DistanceMeters>
    </Trackpoint>
    <Trackpoint>
     <Time>2026-04-10T17:25:13+00:00</Time>
     <Position>
      <LatitudeDegrees>43.9003800</LatitudeDegrees>
      <LongitudeDegrees>4.8964000</LongitudeDegrees>
     </Position>
     <AltitudeMeters>37.3</AltitudeMeters>
     <DistanceMeters>85676.30253266265</DistanceMeters>
    </Trackpoint>
    <Trackpoint>
     <Time>2026-04-10T17:25:20+00:00</Time>
     <Position>
      <LatitudeDegrees>43.9006500</LatitudeDegrees>
      <LongitudeDegrees>4.8964400</LongitudeDegrees>
     </Position>
     <AltitudeMeters>37.3</AltitudeMeters>
     <DistanceMeters>85706.52309014271</DistanceMeters>
    </Trackpoint>
    <Trackpoint>
     <Time>2026-04-10T17:25:26+00:00</Time>
     <Position>
      <LatitudeDegrees>43.9007400</LatitudeDegrees>
      <LongitudeDegrees>4.8952550</LongitudeDegrees>
     </Position>
     <AltitudeMeters>36.63</AltitudeMeters>
     <DistanceMeters>85802.07836792237</DistanceMeters>
    </Trackpoint>
    <Trackpoint>
     <Time>2026-04-10T17:25:33+00:00</Time>
     <Position>
      <LatitudeDegrees>43.9008300</LatitudeDegrees>
      <LongitudeDegrees>4.8940700</LongitudeDegrees>
     </Position>
     <AltitudeMeters>36.63</AltitudeMeters>
     <DistanceMeters>85897.63364570204</DistanceMeters>
    </Trackpoint>
    <Trackpoint>
     <Time>2026-04-10T17:25:40+00:00</Time>
     <Position>
      <LatitudeDegrees>43.9009200</LatitudeDegrees>
      <LongitudeDegrees>4.8928850</LongitudeDegrees>
     </Position>
     <AltitudeMeters>35.61</AltitudeMeters>
     <DistanceMeters>85993.18892348184</DistanceMeters>
    </Trackpoint>
    <Trackpoint>
     <Time>2026-04-10T17:25:47+00:00</Time>
     <Position>
      <LatitudeDegrees>43.9010100</LatitudeDegrees>
      <LongitudeDegrees>4.8917000</LongitudeDegrees>
     </Position>
     <AltitudeMeters>35.56</AltitudeMeters>
     <DistanceMeters>86088.74420946144</DistanceMeters>
    </Trackpoint>
    <Trackpoint>
     <Time>2026-04-10T17:25:54+00:00</Time>
     <Position>
      <LatitudeDegrees>43.9010300</LatitudeDegrees>
      <LongitudeDegrees>4.8913200</LongitudeDegrees>
     </Position>
     <AltitudeMeters>35.56</AltitudeMeters>
     <DistanceMeters>86119.29868060695</DistanceMeters>
    </Trackpoint>
    <Trackpoint>
     <Time>2026-04-10T17:26:00+00:00</Time>
     <Position>
      <LatitudeDegrees>43.9010000</LatitudeDegrees>
      <LongitudeDegrees>4.8910600</LongitudeDegrees>
     </Position>
     <AltitudeMeters>35.25</AltitudeMeters>
     <DistanceMeters>86140.4144691638</DistanceMeters>
    </Trackpoint>
    <Trackpoint>
     <Time>2026-04-10T17:26:07+00:00</Time>
     <Position>
      <LatitudeDegrees>43.9009400</LatitudeDegrees>
      <LongitudeDegrees>4.8908800</LongitudeDegrees>
     </Position>
     <AltitudeMeters>35.25</AltitudeMeters>
     <DistanceMeters>86156.31898172553</DistanceMeters>
    </Trackpoint>
    <Trackpoint>
     <Time>2026-04-10T17:26:14+00:00</Time>
     <Position>
      <LatitudeDegrees>43.9010100</LatitudeDegrees>
      <LongitudeDegrees>4.8908000</LongitudeDegrees>
     </Position>
     <AltitudeMeters>35.25</AltitudeMeters>
     <DistanceMeters>86166.4111940127</DistanceMeters>
    </Trackpoint>
    <Trackpoint>
     <Time>2026-04-10T17:26:21+00:00</Time>
     <Position>
      <LatitudeDegrees>43.9011400</LatitudeDegrees>
      <LongitudeDegrees>4.8903100</LongitudeDegrees>
     </Position>
     <AltitudeMeters>35.33</AltitudeMeters>
     <DistanceMeters>86208.28469845977</DistanceMeters>
    </Trackpoint>
    <Trackpoint>
     <Time>2026-04-10T17:26:28+00:00</Time>
     <Position>
      <LatitudeDegrees>43.9014700</LatitudeDegrees>
      <LongitudeDegrees>4.8895350</LongitudeDegrees>
     </Position>
     <AltitudeMeters>35.33</AltitudeMeters>
     <DistanceMeters>86280.47481148907</DistanceMeters>
    </Trackpoint>
    <Trackpoint>
     <Time>2026-04-10T17:26:34+00:00</Time>
     <Position>
      <LatitudeDegrees>43.9018000</LatitudeDegrees>
      <LongitudeDegrees>4.8887600</LongitudeDegrees>
     </Position>
     <AltitudeMeters>35.33</AltitudeMeters>
     <DistanceMeters>86352.66491460118</DistanceMeters>
    </Trackpoint>
    <Trackpoint>
     <Time>2026-04-10T17:26:41+00:00</Time>
     <Position>
      <LatitudeDegrees>43.9020500</LatitudeDegrees>
      <LongitudeDegrees>4.8878300</LongitudeDegrees>
     </Position>
     <AltitudeMeters>35.33</AltitudeMeters>
     <DistanceMeters>86432.26441947362</DistanceMeters>
    </Trackpoint>
    <Trackpoint>
     <Time>2026-04-10T17:26:48+00:00</Time>
     <Position>
      <LatitudeDegrees>43.9024443</LatitudeDegrees>
      <LongitudeDegrees>4.8869100</LongitudeDegrees>
     </Position>
     <AltitudeMeters>35.33</AltitudeMeters>
     <DistanceMeters>86518.10336017163</DistanceMeters>
    </Trackpoint>
    <Trackpoint>
     <Time>2026-04-10T17:26:55+00:00</Time>
     <Position>
      <LatitudeDegrees>43.9028386</LatitudeDegrees>
      <LongitudeDegrees>4.8859901</LongitudeDegrees>
     </Position>
     <AltitudeMeters>34.13</AltitudeMeters>
     <DistanceMeters>86603.94230086991</DistanceMeters>
    </Trackpoint>
    <Trackpoint>
     <Time>2026-04-10T17:27:02+00:00</Time>
     <Position>
      <LatitudeDegrees>43.9032329</LatitudeDegrees>
      <LongitudeDegrees>4.8850701</LongitudeDegrees>
     </Position>
     <AltitudeMeters>34.13</AltitudeMeters>
     <DistanceMeters>86689.78124156795</DistanceMeters>
    </Trackpoint>
    <Trackpoint>
     <Time>2026-04-10T17:27:08+00:00</Time>
     <Position>
      <LatitudeDegrees>43.9036272</LatitudeDegrees>
      <LongitudeDegrees>4.8841501</LongitudeDegrees>
     </Position>
     <AltitudeMeters>34.13</AltitudeMeters>
     <DistanceMeters>86775.62018226647</DistanceMeters>
    </Trackpoint>
    <Trackpoint>
     <Time>2026-04-10T17:27:15+00:00</Time>
     <Position>
      <LatitudeDegrees>43.9040215</LatitudeDegrees>
      <LongitudeDegrees>4.8832301</LongitudeDegrees>
     </Position>
     <AltitudeMeters>34.13</AltitudeMeters>
     <DistanceMeters>86861.45912296491</DistanceMeters>
    </Trackpoint>
    <Trackpoint>
     <Time>2026-04-10T17:27:22+00:00</Time>
     <Position>
      <LatitudeDegrees>43.9044157</LatitudeDegrees>
      <LongitudeDegrees>4.8823100</LongitudeDegrees>
     </Position>
     <AltitudeMeters>34.13</AltitudeMeters>
     <DistanceMeters>86947.29806366321</DistanceMeters>
    </Trackpoint>
    <Trackpoint>
     <Time>2026-04-10T17:27:29+00:00</Time>
     <Position>
      <LatitudeDegrees>43.9048100</LatitudeDegrees>
      <LongitudeDegrees>4.8813900</LongitudeDegrees>
     </Position>
     <AltitudeMeters>32.14</AltitudeMeters>
     <DistanceMeters>87033.13699445201</DistanceMeters>
    </Trackpoint>
    <Trackpoint>
     <Time>2026-04-10T17:27:36+00:00</Time>
     <Position>
      <LatitudeDegrees>43.9052000</LatitudeDegrees>
      <LongitudeDegrees>4.8805600</LongitudeDegrees>
     </Position>
     <AltitudeMeters>32.14</AltitudeMeters>
     <DistanceMeters>87112.5956051347</DistanceMeters>
    </Trackpoint>
    <Trackpoint>
     <Time>2026-04-10T17:27:42+00:00</Time>
     <Position>
      <LatitudeDegrees>43.9055300</LatitudeDegrees>
      <LongitudeDegrees>4.8799700</LongitudeDegrees>
     </Position>
     <AltitudeMeters>32.14</AltitudeMeters>
     <DistanceMeters>87172.48869301644</DistanceMeters>
    </Trackpoint>
    <Trackpoint>
     <Time>2026-04-10T17:27:49+00:00</Time>
     <Position>
      <LatitudeDegrees>43.9059050</LatitudeDegrees>
      <LongitudeDegrees>4.8789950</LongitudeDegrees>
     </Position>
     <AltitudeMeters>31.6</AltitudeMeters>
     <DistanceMeters>87261.11288392922</DistanceMeters>
    </Trackpoint>
    <Trackpoint>
     <Time>2026-04-10T17:27:56+00:00</Time>
     <Position>
      <LatitudeDegrees>43.9062800</LatitudeDegrees>
      <LongitudeDegrees>4.8780200</LongitudeDegrees>
     </Position>
     <AltitudeMeters>31.6</AltitudeMeters>
     <DistanceMeters>87349.73708993402</DistanceMeters>
    </Trackpoint>
    <Trackpoint>
     <Time>2026-04-10T17:28:03+00:00</Time>
     <Position>
      <LatitudeDegrees>43.9066500</LatitudeDegrees>
      <LongitudeDegrees>4.8771225</LongitudeDegrees>
     </Position>
     <AltitudeMeters>31.6</AltitudeMeters>
     <DistanceMeters>87432.65165021789</DistanceMeters>
    </Trackpoint>
    <Trackpoint>
     <Time>2026-04-10T17:28:10+00:00</Time>
     <Position>
      <LatitudeDegrees>43.9070200</LatitudeDegrees>
      <LongitudeDegrees>4.8762250</LongitudeDegrees>
     </Position>
     <AltitudeMeters>35.120000000000005</AltitudeMeters>
     <DistanceMeters>87515.56621050325</DistanceMeters>
    </Trackpoint>
    <Trackpoint>
     <Time>2026-04-10T17:28:16+00:00</Time>
     <Position>
      <LatitudeDegrees>43.9073900</LatitudeDegrees>
      <LongitudeDegrees>4.8753275</LongitudeDegrees>
     </Position>
     <AltitudeMeters>35.120000000000005</AltitudeMeters>
     <DistanceMeters>87598.48077078808</DistanceMeters>
    </Trackpoint>
    <Trackpoint>
     <Time>2026-04-10T17:28:23+00:00</Time>
     <Position>
      <LatitudeDegrees>43.9077600</LatitudeDegrees>
      <LongitudeDegrees>4.8744300</LongitudeDegrees>
     </Position>
     <AltitudeMeters>35.120000000000005</AltitudeMeters>
     <DistanceMeters>87681.39532093186</DistanceMeters>
    </Trackpoint>
    <Trackpoint>
     <Time>2026-04-10T17:28:30+00:00</Time>
     <Position>
      <LatitudeDegrees>43.9080500</LatitudeDegrees>
      <LongitudeDegrees>4.8737050</LongitudeDegrees>
     </Position>
     <AltitudeMeters>34.59</AltitudeMeters>
     <DistanceMeters>87747.88716295664</DistanceMeters>
    </Trackpoint>
    <Trackpoint>
     <Time>2026-04-10T17:28:37+00:00</Time>
     <Position>
      <LatitudeDegrees>43.9083400</LatitudeDegrees>
      <LongitudeDegrees>4.8729800</LongitudeDegrees>
     </Position>
     <AltitudeMeters>34.59</AltitudeMeters>
     <DistanceMeters>87814.37898843507</DistanceMeters>
    </Trackpoint>
    <Trackpoint>
     <Time>2026-04-10T17:28:44+00:00</Time>
     <Position>
      <LatitudeDegrees>43.9086950</LatitudeDegrees>
      <LongitudeDegrees>4.8722300</LongitudeDegrees>
     </Position>
     <AltitudeMeters>32.150000000000006</AltitudeMeters>
     <DistanceMeters>87886.33372075527</DistanceMeters>
    </Trackpoint>
    <Trackpoint>
     <Time>2026-04-10T17:28:50+00:00</Time>
     <Position>
      <LatitudeDegrees>43.9090500</LatitudeDegrees>
      <LongitudeDegrees>4.8714800</LongitudeDegrees>
     </Position>
     <AltitudeMeters>32.150000000000006</AltitudeMeters>
     <DistanceMeters>87958.28843709081</DistanceMeters>
    </Trackpoint>
    <Trackpoint>
     <Time>2026-04-10T17:28:57+00:00</Time>
     <Position>
      <LatitudeDegrees>43.9093700</LatitudeDegrees>
      <LongitudeDegrees>4.8708600</LongitudeDegrees>
     </Position>
     <AltitudeMeters>32.150000000000006</AltitudeMeters>
     <DistanceMeters>88019.44198402518</DistanceMeters>
    </Trackpoint>
    <Trackpoint>
     <Time>2026-04-10T17:29:04+00:00</Time>
     <Position>
      <LatitudeDegrees>43.9098400</LatitudeDegrees>
      <LongitudeDegrees>4.8698900</LongitudeDegrees>
     </Position>
     <AltitudeMeters>32.220000000000006</AltitudeMeters>
     <DistanceMeters>88113.17171247893</DistanceMeters>
    </Trackpoint>
    <Trackpoint>
     <Time>2026-04-10T17:29:11+00:00</Time>
     <Position>
      <LatitudeDegrees>43.9103100</LatitudeDegrees>
      <LongitudeDegrees>4.8689200</LongitudeDegrees>
     </Position>
     <AltitudeMeters>32.220000000000006</AltitudeMeters>
     <DistanceMeters>88206.90145315196</DistanceMeters>
    </Trackpoint>
    <Trackpoint>
     <Time>2026-04-10T17:29:18+00:00</Time>
     <Position>
      <LatitudeDegrees>43.9103800</LatitudeDegrees>
      <LongitudeDegrees>4.8687200</LongitudeDegrees>
     </Position>
     <AltitudeMeters>32.220000000000006</AltitudeMeters>
     <DistanceMeters>88224.729804931</DistanceMeters>
    </Trackpoint>
    <Trackpoint>
     <Time>2026-04-10T17:29:24+00:00</Time>
     <Position>
      <LatitudeDegrees>43.9104100</LatitudeDegrees>
      <LongitudeDegrees>4.8686900</LongitudeDegrees>
     </Position>
     <AltitudeMeters>32.220000000000006</AltitudeMeters>
     <DistanceMeters>88228.84490356733</DistanceMeters>
    </Trackpoint>
    <Trackpoint>
     <Time>2026-04-10T17:29:31+00:00</Time>
     <Position>
      <LatitudeDegrees>43.9105000</LatitudeDegrees>
      <LongitudeDegrees>4.8686800</LongitudeDegrees>
     </Position>
     <AltitudeMeters>32.220000000000006</AltitudeMeters>
     <DistanceMeters>88238.89355444416</DistanceMeters>
    </Trackpoint>
    <Trackpoint>
     <Time>2026-04-10T17:29:38+00:00</Time>
     <Position>
      <LatitudeDegrees>43.9107250</LatitudeDegrees>
      <LongitudeDegrees>4.8678600</LongitudeDegrees>
     </Position>
     <AltitudeMeters>32.220000000000006</AltitudeMeters>
     <DistanceMeters>88309.2483868408</DistanceMeters>
    </Trackpoint>
    <Trackpoint>
     <Time>2026-04-10T17:29:45+00:00</Time>
     <Position>
      <LatitudeDegrees>43.9109500</LatitudeDegrees>
      <LongitudeDegrees>4.8670400</LongitudeDegrees>
     </Position>
     <AltitudeMeters>32.220000000000006</AltitudeMeters>
     <DistanceMeters>88379.60320068621</DistanceMeters>
    </Trackpoint>
    <Trackpoint>
     <Time>2026-04-10T17:29:52+00:00</Time>
     <Position>
      <LatitudeDegrees>43.9113140</LatitudeDegrees>
      <LongitudeDegrees>4.8660160</LongitudeDegrees>
     </Position>
     <AltitudeMeters>32.220000000000006</AltitudeMeters>
     <DistanceMeters>88471.15655573933</DistanceMeters>
    </Trackpoint>
    <Trackpoint>
     <Time>2026-04-10T17:29:58+00:00</Time>
     <Position>
      <LatitudeDegrees>43.9116780</LatitudeDegrees>
      <LongitudeDegrees>4.8649920</LongitudeDegrees>
     </Position>
     <AltitudeMeters>31.110000000000003</AltitudeMeters>
     <DistanceMeters>88562.70991079338</DistanceMeters>
    </Trackpoint>
    <Trackpoint>
     <Time>2026-04-10T17:30:05+00:00</Time>
     <Position>
      <LatitudeDegrees>43.9120420</LatitudeDegrees>
      <LongitudeDegrees>4.8639680</LongitudeDegrees>
     </Position>
     <AltitudeMeters>31.110000000000003</AltitudeMeters>
     <DistanceMeters>88654.26326584652</DistanceMeters>
    </Trackpoint>
    <Trackpoint>
     <Time>2026-04-10T17:30:12+00:00</Time>
     <Position>
      <LatitudeDegrees>43.9124060</LatitudeDegrees>
      <LongitudeDegrees>4.8629440</LongitudeDegrees>
     </Position>
     <AltitudeMeters>31.110000000000003</AltitudeMeters>
     <DistanceMeters>88745.8166209004</DistanceMeters>
    </Trackpoint>
    <Trackpoint>
     <Time>2026-04-10T17:30:19+00:00</Time>
     <Position>
      <LatitudeDegrees>43.9127700</LatitudeDegrees>
      <LongitudeDegrees>4.8619200</LongitudeDegrees>
     </Position>
     <AltitudeMeters>31.110000000000003</AltitudeMeters>
     <DistanceMeters>88837.36997937052</DistanceMeters>
    </Trackpoint>
    <Trackpoint>
     <Time>2026-04-10T17:30:26+00:00</Time>
     <Position>
      <LatitudeDegrees>43.9128100</LatitudeDegrees>
      <LongitudeDegrees>4.8618300</LongitudeDegrees>
     </Position>
     <AltitudeMeters>31.110000000000003</AltitudeMeters>
     <DistanceMeters>88845.8486824801</DistanceMeters>
    </Trackpoint>
    <Trackpoint>
     <Time>2026-04-10T17:30:32+00:00</Time>
     <Position>
      <LatitudeDegrees>43.9125100</LatitudeDegrees>
      <LongitudeDegrees>4.8615600</LongitudeDegrees>
     </Position>
     <AltitudeMeters>31.110000000000003</AltitudeMeters>
     <DistanceMeters>88885.64107323175</DistanceMeters>
    </Trackpoint>
    <Trackpoint>
     <Time>2026-04-10T17:30:39+00:00</Time>
     <Position>
      <LatitudeDegrees>43.9124000</LatitudeDegrees>
      <LongitudeDegrees>4.8614400</LongitudeDegrees>
     </Position>
     <AltitudeMeters>31.110000000000003</AltitudeMeters>
     <DistanceMeters>88901.21183766845</DistanceMeters>
    </Trackpoint>
    <Trackpoint>
     <Time>2026-04-10T17:30:46+00:00</Time>
     <Position>
      <LatitudeDegrees>43.9123500</LatitudeDegrees>
      <LongitudeDegrees>4.8613000</LongitudeDegrees>
     </Position>
     <AltitudeMeters>31.110000000000003</AltitudeMeters>
     <DistanceMeters>88913.74037520806</DistanceMeters>
    </Trackpoint>
    <Trackpoint>
     <Time>2026-04-10T17:30:53+00:00</Time>
     <Position>
      <LatitudeDegrees>43.9123300</LatitudeDegrees>
      <LongitudeDegrees>4.8611300</LongitudeDegrees>
     </Position>
     <AltitudeMeters>31.110000000000003</AltitudeMeters>
     <DistanceMeters>88927.55112601849</DistanceMeters>
    </Trackpoint>
    <Trackpoint>
     <Time>2026-04-10T17:31:00+00:00</Time>
     <Position>
      <LatitudeDegrees>43.9126700</LatitudeDegrees>
      <LongitudeDegrees>4.8600200</LongitudeDegrees>
     </Position>
     <AltitudeMeters>31.110000000000003</AltitudeMeters>
     <DistanceMeters>89024.25847435047</DistanceMeters>
    </Trackpoint>
    <Trackpoint>
     <Time>2026-04-10T17:31:06+00:00</Time>
     <Position>
      <LatitudeDegrees>43.9130100</LatitudeDegrees>
      <LongitudeDegrees>4.8589100</LongitudeDegrees>
     </Position>
     <AltitudeMeters>28.940000000000005</AltitudeMeters>
     <DistanceMeters>89120.96579667079</DistanceMeters>
    </Trackpoint>
    <Trackpoint>
     <Time>2026-04-10T17:31:13+00:00</Time>
     <Position>
      <LatitudeDegrees>43.9131200</LatitudeDegrees>
      <LongitudeDegrees>4.8584800</LongitudeDegrees>
     </Position>
     <AltitudeMeters>28.940000000000005</AltitudeMeters>
     <DistanceMeters>89157.55090954177</DistanceMeters>
    </Trackpoint>
    <Trackpoint>
     <Time>2026-04-10T17:31:20+00:00</Time>
     <Position>
      <LatitudeDegrees>43.9133600</LatitudeDegrees>
      <LongitudeDegrees>4.8573567</LongitudeDegrees>
     </Position>
     <AltitudeMeters>28.940000000000005</AltitudeMeters>
     <DistanceMeters>89251.49280974004</DistanceMeters>
    </Trackpoint>
    <Trackpoint>
     <Time>2026-04-10T17:31:27+00:00</Time>
     <Position>
      <LatitudeDegrees>43.9136000</LatitudeDegrees>
      <LongitudeDegrees>4.8562333</LongitudeDegrees>
     </Position>
     <AltitudeMeters>28.940000000000005</AltitudeMeters>
     <DistanceMeters>89345.43470993855</DistanceMeters>
    </Trackpoint>
    <Trackpoint>
     <Time>2026-04-10T17:31:34+00:00</Time>
     <Position>
      <LatitudeDegrees>43.9138400</LatitudeDegrees>
      <LongitudeDegrees>4.8551100</LongitudeDegrees>
     </Position>
     <AltitudeMeters>28.940000000000005</AltitudeMeters>
     <DistanceMeters>89439.3766071524</DistanceMeters>
    </Trackpoint>
    <Trackpoint>
     <Time>2026-04-10T17:31:40+00:00</Time>
     <Position>
      <LatitudeDegrees>43.9142400</LatitudeDegrees>
      <LongitudeDegrees>4.8540500</LongitudeDegrees>
     </Position>
     <AltitudeMeters>27.430000000000003</AltitudeMeters>
     <DistanceMeters>89535.31602020122</DistanceMeters>
    </Trackpoint>
    <Trackpoint>
     <Time>2026-04-10T17:31:47+00:00</Time>
     <Position>
      <LatitudeDegrees>43.9146400</LatitudeDegrees>
      <LongitudeDegrees>4.8529900</LongitudeDegrees>
     </Position>
     <AltitudeMeters>27.430000000000003</AltitudeMeters>
     <DistanceMeters>89631.2554332497</DistanceMeters>
    </Trackpoint>
    <Trackpoint>
     <Time>2026-04-10T17:31:54+00:00</Time>
     <Position>
      <LatitudeDegrees>43.9150400</LatitudeDegrees>
      <LongitudeDegrees>4.8519300</LongitudeDegrees>
     </Position>
     <AltitudeMeters>27.430000000000003</AltitudeMeters>
     <DistanceMeters>89727.19484553006</DistanceMeters>
    </Trackpoint>
    <Trackpoint>
     <Time>2026-04-10T17:32:01+00:00</Time>
     <Position>
      <LatitudeDegrees>43.9153500</LatitudeDegrees>
      <LongitudeDegrees>4.8511800</LongitudeDegrees>
     </Position>
     <AltitudeMeters>27.430000000000003</AltitudeMeters>
     <DistanceMeters>89796.52030721887</DistanceMeters>
    </Trackpoint>
    <Trackpoint>
     <Time>2026-04-10T17:32:08+00:00</Time>
     <Position>
      <LatitudeDegrees>43.9156050</LatitudeDegrees>
      <LongitudeDegrees>4.8503350</LongitudeDegrees>
     </Position>
     <AltitudeMeters>27.430000000000003</AltitudeMeters>
     <DistanceMeters>89869.9710485163</DistanceMeters>
    </Trackpoint>
    <Trackpoint>
     <Time>2026-04-10T17:32:14+00:00</Time>
     <Position>
      <LatitudeDegrees>43.9158600</LatitudeDegrees>
      <LongitudeDegrees>4.8494900</LongitudeDegrees>
     </Position>
     <AltitudeMeters>25.720000000000002</AltitudeMeters>
     <DistanceMeters>89943.42185161581</DistanceMeters>
    </Trackpoint>
    <Trackpoint>
     <Time>2026-04-10T17:32:21+00:00</Time>
     <Position>
      <LatitudeDegrees>43.9158700</LatitudeDegrees>
      <LongitudeDegrees>4.8493700</LongitudeDegrees>
     </Position>
     <AltitudeMeters>25.720000000000002</AltitudeMeters>
     <DistanceMeters>89953.10675522238</DistanceMeters>
    </Trackpoint>
    <Trackpoint>
     <Time>2026-04-10T17:32:28+00:00</Time>
     <Position>
      <LatitudeDegrees>43.9158533</LatitudeDegrees>
      <LongitudeDegrees>4.8485333</LongitudeDegrees>
     </Position>
     <AltitudeMeters>25.720000000000002</AltitudeMeters>
     <DistanceMeters>90020.21037676912</DistanceMeters>
    </Trackpoint>
    <Trackpoint>
     <Time>2026-04-10T17:32:35+00:00</Time>
     <Position>
      <LatitudeDegrees>43.9158367</LatitudeDegrees>
      <LongitudeDegrees>4.8476967</LongitudeDegrees>
     </Position>
     <AltitudeMeters>25.720000000000002</AltitudeMeters>
     <DistanceMeters>90087.31399831583</DistanceMeters>
    </Trackpoint>
    <Trackpoint>
     <Time>2026-04-10T17:32:42+00:00</Time>
     <Position>
      <LatitudeDegrees>43.9158200</LatitudeDegrees>
      <LongitudeDegrees>4.8468600</LongitudeDegrees>
     </Position>
     <AltitudeMeters>25.720000000000002</AltitudeMeters>
     <DistanceMeters>90154.41761313402</DistanceMeters>
    </Trackpoint>
    <Trackpoint>
     <Time>2026-04-10T17:32:48+00:00</Time>
     <Position>
      <LatitudeDegrees>43.9164300</LatitudeDegrees>
      <LongitudeDegrees>4.8466700</LongitudeDegrees>
     </Position>
     <AltitudeMeters>27.71</AltitudeMeters>
     <DistanceMeters>90223.99590745014</DistanceMeters>
    </Trackpoint>
    <Trackpoint>
     <Time>2026-04-10T17:32:55+00:00</Time>
     <Position>
      <LatitudeDegrees>43.9165000</LatitudeDegrees>
      <LongitudeDegrees>4.8466600</LongitudeDegrees>
     </Position>
     <AltitudeMeters>27.71</AltitudeMeters>
     <DistanceMeters>90231.82774785777</DistanceMeters>
    </Trackpoint>
    <Trackpoint>
     <Time>2026-04-10T17:33:02+00:00</Time>
     <Position>
      <LatitudeDegrees>43.9165700</LatitudeDegrees>
      <LongitudeDegrees>4.8466800</LongitudeDegrees>
     </Position>
     <AltitudeMeters>27.71</AltitudeMeters>
     <DistanceMeters>90239.78173963305</DistanceMeters>
    </Trackpoint>
    <Trackpoint>
     <Time>2026-04-10T17:33:09+00:00</Time>
     <Position>
      <LatitudeDegrees>43.9173200</LatitudeDegrees>
      <LongitudeDegrees>4.8470600</LongitudeDegrees>
     </Position>
     <AltitudeMeters>27.750000000000004</AltitudeMeters>
     <DistanceMeters>90328.63925975113</DistanceMeters>
    </Trackpoint>
    <Trackpoint>
     <Time>2026-04-10T17:33:16+00:00</Time>
     <Position>
      <LatitudeDegrees>43.9174400</LatitudeDegrees>
      <LongitudeDegrees>4.8470900</LongitudeDegrees>
     </Position>
     <AltitudeMeters>27.750000000000004</AltitudeMeters>
     <DistanceMeters>90342.209577</DistanceMeters>
    </Trackpoint>
    <Trackpoint>
     <Time>2026-04-10T17:33:22+00:00</Time>
     <Position>
      <LatitudeDegrees>43.9176100</LatitudeDegrees>
      <LongitudeDegrees>4.8470700</LongitudeDegrees>
     </Position>
     <AltitudeMeters>27.750000000000004</AltitudeMeters>
     <DistanceMeters>90361.19766215631</DistanceMeters>
    </Trackpoint>
    <Trackpoint>
     <Time>2026-04-10T17:33:29+00:00</Time>
     <Position>
      <LatitudeDegrees>43.9178900</LatitudeDegrees>
      <LongitudeDegrees>4.8469100</LongitudeDegrees>
     </Position>
     <AltitudeMeters>27.64</AltitudeMeters>
     <DistanceMeters>90394.8971850642</DistanceMeters>
    </Trackpoint>
    <Trackpoint>
     <Time>2026-04-10T17:33:36+00:00</Time>
     <Position>
      <LatitudeDegrees>43.9183000</LatitudeDegrees>
      <LongitudeDegrees>4.8467700</LongitudeDegrees>
     </Position>
     <AltitudeMeters>27.64</AltitudeMeters>
     <DistanceMeters>90441.88848461019</DistanceMeters>
    </Trackpoint>
    <Trackpoint>
     <Time>2026-04-10T17:33:43+00:00</Time>
     <Position>
      <LatitudeDegrees>43.9184000</LatitudeDegrees>
      <LongitudeDegrees>4.8467000</LongitudeDegrees>
     </Position>
     <AltitudeMeters>27.64</AltitudeMeters>
     <DistanceMeters>90454.35284643673</DistanceMeters>
    </Trackpoint>
    <Trackpoint>
     <Time>2026-04-10T17:33:50+00:00</Time>
     <Position>
      <LatitudeDegrees>43.9188400</LatitudeDegrees>
      <LongitudeDegrees>4.8462100</LongitudeDegrees>
     </Position>
     <AltitudeMeters>27.37</AltitudeMeters>
     <DistanceMeters>90517.13194494214</DistanceMeters>
    </Trackpoint>
    <Trackpoint>
     <Time>2026-04-10T17:33:56+00:00</Time>
     <Position>
      <LatitudeDegrees>43.9191300</LatitudeDegrees>
      <LongitudeDegrees>4.8459400</LongitudeDegrees>
     </Position>
     <AltitudeMeters>27.37</AltitudeMeters>
     <DistanceMeters>90555.99391932813</DistanceMeters>
    </Trackpoint>
    <Trackpoint>
     <Time>2026-04-10T17:34:03+00:00</Time>
     <Position>
      <LatitudeDegrees>43.9197300</LatitudeDegrees>
      <LongitudeDegrees>4.8455500</LongitudeDegrees>
     </Position>
     <AltitudeMeters>27.37</AltitudeMeters>
     <DistanceMeters>90629.728196773</DistanceMeters>
    </Trackpoint>
    <Trackpoint>
     <Time>2026-04-10T17:34:10+00:00</Time>
     <Position>
      <LatitudeDegrees>43.9203300</LatitudeDegrees>
      <LongitudeDegrees>4.8451600</LongitudeDegrees>
     </Position>
     <AltitudeMeters>25.7</AltitudeMeters>
     <DistanceMeters>90703.46250968358</DistanceMeters>
    </Trackpoint>
    <Trackpoint>
     <Time>2026-04-10T17:34:17+00:00</Time>
     <Position>
      <LatitudeDegrees>43.9206100</LatitudeDegrees>
      <LongitudeDegrees>4.8450600</LongitudeDegrees>
     </Position>
     <AltitudeMeters>25.7</AltitudeMeters>
     <DistanceMeters>90735.63993052383</DistanceMeters>
    </Trackpoint>
    <Trackpoint>
     <Time>2026-04-10T17:34:24+00:00</Time>
     <Position>
      <LatitudeDegrees>43.9207800</LatitudeDegrees>
      <LongitudeDegrees>4.8450300</LongitudeDegrees>
     </Position>
     <AltitudeMeters>25.7</AltitudeMeters>
     <DistanceMeters>90754.71243496021</DistanceMeters>
    </Trackpoint>
    <Trackpoint>
     <Time>2026-04-10T17:34:30+00:00</Time>
     <Position>
      <LatitudeDegrees>43.9210200</LatitudeDegrees>
      <LongitudeDegrees>4.8449500</LongitudeDegrees>
     </Position>
     <AltitudeMeters>25.7</AltitudeMeters>
     <DistanceMeters>90782.18252378002</DistanceMeters>
    </Trackpoint>
    <Trackpoint>
     <Time>2026-04-10T17:34:37+00:00</Time>
     <Position>
      <LatitudeDegrees>43.9212500</LatitudeDegrees>
      <LongitudeDegrees>4.8447900</LongitudeDegrees>
     </Position>
     <AltitudeMeters>25.7</AltitudeMeters>
     <DistanceMeters>90810.81428154503</DistanceMeters>
    </Trackpoint>
    <Trackpoint>
     <Time>2026-04-10T17:34:44+00:00</Time>
     <Position>
      <LatitudeDegrees>43.9214400</LatitudeDegrees>
      <LongitudeDegrees>4.8445400</LongitudeDegrees>
     </Position>
     <AltitudeMeters>25.7</AltitudeMeters>
     <DistanceMeters>90839.94875085646</DistanceMeters>
    </Trackpoint>
    <Trackpoint>
     <Time>2026-04-10T17:34:51+00:00</Time>
     <Position>
      <LatitudeDegrees>43.9217900</LatitudeDegrees>
      <LongitudeDegrees>4.8438200</LongitudeDegrees>
     </Position>
     <AltitudeMeters>24.8</AltitudeMeters>
     <DistanceMeters>90909.5823843665</DistanceMeters>
    </Trackpoint>
    <Trackpoint>
     <Time>2026-04-10T17:34:58+00:00</Time>
     <Position>
      <LatitudeDegrees>43.9219200</LatitudeDegrees>
      <LongitudeDegrees>4.8436700</LongitudeDegrees>
     </Position>
     <AltitudeMeters>24.8</AltitudeMeters>
     <DistanceMeters>90928.3953994585</DistanceMeters>
    </Trackpoint>
    <Trackpoint>
     <Time>2026-04-10T17:35:04+00:00</Time>
     <Position>
      <LatitudeDegrees>43.9220100</LatitudeDegrees>
      <LongitudeDegrees>4.8436200</LongitudeDegrees>
     </Position>
     <AltitudeMeters>24.8</AltitudeMeters>
     <DistanceMeters>90939.18420942713</DistanceMeters>
    </Trackpoint>
    <Trackpoint>
     <Time>2026-04-10T17:35:11+00:00</Time>
     <Position>
      <LatitudeDegrees>43.9224800</LatitudeDegrees>
      <LongitudeDegrees>4.8434900</LongitudeDegrees>
     </Position>
     <AltitudeMeters>24.8</AltitudeMeters>
     <DistanceMeters>90992.52118422843</DistanceMeters>
    </Trackpoint>
    <Trackpoint>
     <Time>2026-04-10T17:35:18+00:00</Time>
     <Position>
      <LatitudeDegrees>43.9225600</LatitudeDegrees>
      <LongitudeDegrees>4.8434800</LongitudeDegrees>
     </Position>
     <AltitudeMeters>24.8</AltitudeMeters>
     <DistanceMeters>91001.4608534483</DistanceMeters>
    </Trackpoint>
    <Trackpoint>
     <Time>2026-04-10T17:35:25+00:00</Time>
     <Position>
      <LatitudeDegrees>43.9226800</LatitudeDegrees>
      <LongitudeDegrees>4.8434900</LongitudeDegrees>
     </Position>
     <AltitudeMeters>24.8</AltitudeMeters>
     <DistanceMeters>91014.84037173924</DistanceMeters>
    </Trackpoint>
    <Trackpoint>
     <Time>2026-04-10T17:35:32+00:00</Time>
     <Position>
      <LatitudeDegrees>43.9227900</LatitudeDegrees>
      <LongitudeDegrees>4.8435500</LongitudeDegrees>
     </Position>
     <AltitudeMeters>24.8</AltitudeMeters>
     <DistanceMeters>91027.99384049255</DistanceMeters>
    </Trackpoint>
    <Trackpoint>
     <Time>2026-04-10T17:35:38+00:00</Time>
     <Position>
      <LatitudeDegrees>43.9236100</LatitudeDegrees>
      <LongitudeDegrees>4.8437500</LongitudeDegrees>
     </Position>
     <AltitudeMeters>25.820000000000004</AltitudeMeters>
     <DistanceMeters>91120.65386508295</DistanceMeters>
    </Trackpoint>
    <Trackpoint>
     <Time>2026-04-10T17:35:45+00:00</Time>
     <Position>
      <LatitudeDegrees>43.9239900</LatitudeDegrees>
      <LongitudeDegrees>4.8438600</LongitudeDegrees>
     </Position>
     <AltitudeMeters>25.86</AltitudeMeters>
     <DistanceMeters>91163.85569172156</DistanceMeters>
    </Trackpoint>
    <Trackpoint>
     <Time>2026-04-10T17:35:52+00:00</Time>
     <Position>
      <LatitudeDegrees>43.9245000</LatitudeDegrees>
      <LongitudeDegrees>4.8439600</LongitudeDegrees>
     </Position>
     <AltitudeMeters>26.650000000000002</AltitudeMeters>
     <DistanceMeters>91221.17974236181</DistanceMeters>
    </Trackpoint>
    <Trackpoint>
     <Time>2026-04-10T17:35:59+00:00</Time>
     <Position>
      <LatitudeDegrees>43.9250400</LatitudeDegrees>
      <LongitudeDegrees>4.8441200</LongitudeDegrees>
     </Position>
     <AltitudeMeters>26.650000000000002</AltitudeMeters>
     <DistanceMeters>91282.63272833853</DistanceMeters>
    </Trackpoint>
    <Trackpoint>
     <Time>2026-04-10T17:36:06+00:00</Time>
     <Position>
      <LatitudeDegrees>43.9254500</LatitudeDegrees>
      <LongitudeDegrees>4.8442700</LongitudeDegrees>
     </Position>
     <AltitudeMeters>25.460000000000004</AltitudeMeters>
     <DistanceMeters>91329.82156570432</DistanceMeters>
    </Trackpoint>
    <Trackpoint>
     <Time>2026-04-10T17:36:12+00:00</Time>
     <Position>
      <LatitudeDegrees>43.9258600</LatitudeDegrees>
      <LongitudeDegrees>4.8445000</LongitudeDegrees>
     </Position>
     <AltitudeMeters>25.32</AltitudeMeters>
     <DistanceMeters>91379.03662185208</DistanceMeters>
    </Trackpoint>
    <Trackpoint>
     <Time>2026-04-10T17:36:19+00:00</Time>
     <Position>
      <LatitudeDegrees>43.9258900</LatitudeDegrees>
      <LongitudeDegrees>4.8443100</LongitudeDegrees>
     </Position>
     <AltitudeMeters>25.41</AltitudeMeters>
     <DistanceMeters>91394.62858996919</DistanceMeters>
    </Trackpoint>
    <Trackpoint>
     <Time>2026-04-10T17:36:26+00:00</Time>
     <Position>
      <LatitudeDegrees>43.9259800</LatitudeDegrees>
      <LongitudeDegrees>4.8441000</LongitudeDegrees>
     </Position>
     <AltitudeMeters>25.41</AltitudeMeters>
     <DistanceMeters>91414.21678879291</DistanceMeters>
    </Trackpoint>
    <Trackpoint>
     <Time>2026-04-10T17:36:33+00:00</Time>
     <Position>
      <LatitudeDegrees>43.9260100</LatitudeDegrees>
      <LongitudeDegrees>4.8440200</LongitudeDegrees>
     </Position>
     <AltitudeMeters>25.5</AltitudeMeters>
     <DistanceMeters>91421.44667418297</DistanceMeters>
    </Trackpoint>
    <Trackpoint>
     <Time>2026-04-10T17:36:40+00:00</Time>
     <Position>
      <LatitudeDegrees>43.9260200</LatitudeDegrees>
      <LongitudeDegrees>4.8438600</LongitudeDegrees>
     </Position>
     <AltitudeMeters>25.5</AltitudeMeters>
     <DistanceMeters>91434.32034155005</DistanceMeters>
    </Trackpoint>
   </Track>
  </Course>
 </Courses>
</TrainingCenterDatabase>
