<?xml version="1.0" encoding="UTF-8"?>
<TrainingCenterDatabase xsi:schemaLocation="http://www.garmin.com/xmlschemas/TrainingCenterDatabase/v2 http://www.garmin.com/xmlschemas/TrainingCenterDatabasev2.xsd" xmlns:ns5="http://www.garmin.com/xmlschemas/ActivityGoals/v1" xmlns:ns3="http://www.garmin.com/xmlschemas/ActivityExtension/v2" xmlns:ns2="http://www.garmin.com/xmlschemas/UserProfile/v2" xmlns="http://www.garmin.com/xmlschemas/TrainingCenterDatabase/v2" xmlns:xsi="http://www.w3.org/2001/XMLSchema-instance">
 <Folders/>
 <Courses>
  <Course>
   <Name>KOTR_D1_Warm up</Name>
   <Lap>
    <TotalTimeSeconds>6937.123372652363</TotalTimeSeconds>
    <DistanceMeters>48075.24119504305</DistanceMeters>
    <Intensity>Active</Intensity>
   </Lap>
   <Track>
    <Trackpoint>
     <Time>2026-04-10T13:56:00+00:00</Time>
     <Position>
      <LatitudeDegrees>43.9261800</LatitudeDegrees>
      <LongitudeDegrees>4.8447400</LongitudeDegrees>
     </Position>
     <AltitudeMeters>25.01</AltitudeMeters>
     <DistanceMeters>0.0</DistanceMeters>
    </Trackpoint>
    <Trackpoint>
     <Time>2026-04-10T13:56:06+00:00</Time>
     <Position>
      <LatitudeDegrees>43.9261200</LatitudeDegrees>
      <LongitudeDegrees>4.8447200</LongitudeDegrees>
     </Position>
     <AltitudeMeters>25.030000000000005</AltitudeMeters>
     <DistanceMeters>6.86748917388949</DistanceMeters>
    </Trackpoint>
    <Trackpoint>
     <Time>2026-04-10T13:56:13+00:00</Time>
     <Position>
      <LatitudeDegrees>43.9258600</LatitudeDegrees>
      <LongitudeDegrees>4.8445000</LongitudeDegrees>
     </Position>
     <AltitudeMeters>25.32</AltitudeMeters>
     <DistanceMeters>40.75461042831043</DistanceMeters>
    </Trackpoint>
    <Trackpoint>
     <Time>2026-04-10T13:56:19+00:00</Time>
     <Position>
      <LatitudeDegrees>43.9257400</LatitudeDegrees>
      <LongitudeDegrees>4.8444300</LongitudeDegrees>
     </Position>
     <AltitudeMeters>25.460000000000004</AltitudeMeters>
     <DistanceMeters>55.24094998233396</DistanceMeters>
    </Trackpoint>
    <Trackpoint>
     <Time>2026-04-10T13:56:26+00:00</Time>
     <Position>
      <LatitudeDegrees>43.9254500</LatitudeDegrees>
      <LongitudeDegrees>4.8442700</LongitudeDegrees>
     </Position>
     <AltitudeMeters>25.460000000000004</AltitudeMeters>
     <DistanceMeters>89.97161090797263</DistanceMeters>
    </Trackpoint>
    <Trackpoint>
     <Time>2026-04-10T13:56:32+00:00</Time>
     <Position>
      <LatitudeDegrees>43.9250400</LatitudeDegrees>
      <LongitudeDegrees>4.8441200</LongitudeDegrees>
     </Position>
     <AltitudeMeters>26.650000000000002</AltitudeMeters>
     <DistanceMeters>137.16044827374813</DistanceMeters>
    </Trackpoint>
    <Trackpoint>
     <Time>2026-04-10T13:56:39+00:00</Time>
     <Position>
      <LatitudeDegrees>43.9245000</LatitudeDegrees>
      <LongitudeDegrees>4.8439600</LongitudeDegrees>
     </Position>
     <AltitudeMeters>25.86</AltitudeMeters>
     <DistanceMeters>198.6134342504714</DistanceMeters>
    </Trackpoint>
    <Trackpoint>
     <Time>2026-04-10T13:56:45+00:00</Time>
     <Position>
      <LatitudeDegrees>43.9239900</LatitudeDegrees>
      <LongitudeDegrees>4.8438600</LongitudeDegrees>
     </Position>
     <AltitudeMeters>25.86</AltitudeMeters>
     <DistanceMeters>255.93748489072334</DistanceMeters>
    </Trackpoint>
    <Trackpoint>
     <Time>2026-04-10T13:56:52+00:00</Time>
     <Position>
      <LatitudeDegrees>43.9236100</LatitudeDegrees>
      <LongitudeDegrees>4.8437500</LongitudeDegrees>
     </Position>
     <AltitudeMeters>25.820000000000004</AltitudeMeters>
     <DistanceMeters>299.13931152933617</DistanceMeters>
    </Trackpoint>
    <Trackpoint>
     <Time>2026-04-10T13:56:58+00:00</Time>
     <Position>
      <LatitudeDegrees>43.9227900</LatitudeDegrees>
      <LongitudeDegrees>4.8435500</LongitudeDegrees>
     </Position>
     <AltitudeMeters>24.8</AltitudeMeters>
     <DistanceMeters>391.7993361197364</DistanceMeters>
    </Trackpoint>
    <Trackpoint>
     <Time>2026-04-10T13:57:05+00:00</Time>
     <Position>
      <LatitudeDegrees>43.9226800</LatitudeDegrees>
      <LongitudeDegrees>4.8434900</LongitudeDegrees>
     </Position>
     <AltitudeMeters>24.8</AltitudeMeters>
     <DistanceMeters>404.95280487305564</DistanceMeters>
    </Trackpoint>
    <Trackpoint>
     <Time>2026-04-10T13:57:11+00:00</Time>
     <Position>
      <LatitudeDegrees>43.9225600</LatitudeDegrees>
      <LongitudeDegrees>4.8434800</LongitudeDegrees>
     </Position>
     <AltitudeMeters>24.8</AltitudeMeters>
     <DistanceMeters>418.3323231639882</DistanceMeters>
    </Trackpoint>
    <Trackpoint>
     <Time>2026-04-10T13:57:18+00:00</Time>
     <Position>
      <LatitudeDegrees>43.9224800</LatitudeDegrees>
      <LongitudeDegrees>4.8434900</LongitudeDegrees>
     </Position>
     <AltitudeMeters>24.8</AltitudeMeters>
     <DistanceMeters>427.271992383857</DistanceMeters>
    </Trackpoint>
    <Trackpoint>
     <Time>2026-04-10T13:57:25+00:00</Time>
     <Position>
      <LatitudeDegrees>43.9220100</LatitudeDegrees>
      <LongitudeDegrees>4.8436200</LongitudeDegrees>
     </Position>
     <AltitudeMeters>24.8</AltitudeMeters>
     <DistanceMeters>480.60896718515573</DistanceMeters>
    </Trackpoint>
    <Trackpoint>
     <Time>2026-04-10T13:57:31+00:00</Time>
     <Position>
      <LatitudeDegrees>43.9219200</LatitudeDegrees>
      <LongitudeDegrees>4.8436700</LongitudeDegrees>
     </Position>
     <AltitudeMeters>24.8</AltitudeMeters>
     <DistanceMeters>491.39777715378506</DistanceMeters>
    </Trackpoint>
    <Trackpoint>
     <Time>2026-04-10T13:57:38+00:00</Time>
     <Position>
      <LatitudeDegrees>43.9217900</LatitudeDegrees>
      <LongitudeDegrees>4.8438200</LongitudeDegrees>
     </Position>
     <AltitudeMeters>24.8</AltitudeMeters>
     <DistanceMeters>510.2107922457891</DistanceMeters>
    </Trackpoint>
    <Trackpoint>
     <Time>2026-04-10T13:57:44+00:00</Time>
     <Position>
      <LatitudeDegrees>43.9214400</LatitudeDegrees>
      <LongitudeDegrees>4.8445400</LongitudeDegrees>
     </Position>
     <AltitudeMeters>25.7</AltitudeMeters>
     <DistanceMeters>579.8444257558234</DistanceMeters>
    </Trackpoint>
    <Trackpoint>
     <Time>2026-04-10T13:57:51+00:00</Time>
     <Position>
      <LatitudeDegrees>43.9212500</LatitudeDegrees>
      <LongitudeDegrees>4.8447900</LongitudeDegrees>
     </Position>
     <AltitudeMeters>25.7</AltitudeMeters>
     <DistanceMeters>608.9788950672579</DistanceMeters>
    </Trackpoint>
    <Trackpoint>
     <Time>2026-04-10T13:57:57+00:00</Time>
     <Position>
      <LatitudeDegrees>43.9210200</LatitudeDegrees>
      <LongitudeDegrees>4.8449500</LongitudeDegrees>
     </Position>
     <AltitudeMeters>25.7</AltitudeMeters>
     <DistanceMeters>637.6106528322614</DistanceMeters>
    </Trackpoint>
    <Trackpoint>
     <Time>2026-04-10T13:58:04+00:00</Time>
     <Position>
      <LatitudeDegrees>43.9207800</LatitudeDegrees>
      <LongitudeDegrees>4.8450300</LongitudeDegrees>
     </Position>
     <AltitudeMeters>25.7</AltitudeMeters>
     <DistanceMeters>665.0807416520784</DistanceMeters>
    </Trackpoint>
    <Trackpoint>
     <Time>2026-04-10T13:58:10+00:00</Time>
     <Position>
      <LatitudeDegrees>43.9206100</LatitudeDegrees>
      <LongitudeDegrees>4.8450600</LongitudeDegrees>
     </Position>
     <AltitudeMeters>25.7</AltitudeMeters>
     <DistanceMeters>684.1532460884584</DistanceMeters>
    </Trackpoint>
    <Trackpoint>
     <Time>2026-04-10T13:58:17+00:00</Time>
     <Position>
      <LatitudeDegrees>43.9203300</LatitudeDegrees>
      <LongitudeDegrees>4.8451600</LongitudeDegrees>
     </Position>
     <AltitudeMeters>25.7</AltitudeMeters>
     <DistanceMeters>716.3306669287069</DistanceMeters>
    </Trackpoint>
    <Trackpoint>
     <Time>2026-04-10T13:58:23+00:00</Time>
     <Position>
      <LatitudeDegrees>43.9197300</LatitudeDegrees>
      <LongitudeDegrees>4.8455500</LongitudeDegrees>
     </Position>
     <AltitudeMeters>27.37</AltitudeMeters>
     <DistanceMeters>790.0649443744952</DistanceMeters>
    </Trackpoint>
    <Trackpoint>
     <Time>2026-04-10T13:58:30+00:00</Time>
     <Position>
      <LatitudeDegrees>43.9191300</LatitudeDegrees>
      <LongitudeDegrees>4.8459400</LongitudeDegrees>
     </Position>
     <AltitudeMeters>27.37</AltitudeMeters>
     <DistanceMeters>863.7992572841576</DistanceMeters>
    </Trackpoint>
    <Trackpoint>
     <Time>2026-04-10T13:58:37+00:00</Time>
     <Position>
      <LatitudeDegrees>43.9188400</LatitudeDegrees>
      <LongitudeDegrees>4.8462100</LongitudeDegrees>
     </Position>
     <AltitudeMeters>27.37</AltitudeMeters>
     <DistanceMeters>902.6612316701386</DistanceMeters>
    </Trackpoint>
    <Trackpoint>
     <Time>2026-04-10T13:58:43+00:00</Time>
     <Position>
      <LatitudeDegrees>43.9184000</LatitudeDegrees>
      <LongitudeDegrees>4.8467000</LongitudeDegrees>
     </Position>
     <AltitudeMeters>27.64</AltitudeMeters>
     <DistanceMeters>965.4403301755565</DistanceMeters>
    </Trackpoint>
    <Trackpoint>
     <Time>2026-04-10T13:58:50+00:00</Time>
     <Position>
      <LatitudeDegrees>43.9183000</LatitudeDegrees>
      <LongitudeDegrees>4.8467700</LongitudeDegrees>
     </Position>
     <AltitudeMeters>27.64</AltitudeMeters>
     <DistanceMeters>977.9046920021008</DistanceMeters>
    </Trackpoint>
    <Trackpoint>
     <Time>2026-04-10T13:58:56+00:00</Time>
     <Position>
      <LatitudeDegrees>43.9178900</LatitudeDegrees>
      <LongitudeDegrees>4.8469100</LongitudeDegrees>
     </Position>
     <AltitudeMeters>27.750000000000004</AltitudeMeters>
     <DistanceMeters>1024.895991548082</DistanceMeters>
    </Trackpoint>
    <Trackpoint>
     <Time>2026-04-10T13:59:03+00:00</Time>
     <Position>
      <LatitudeDegrees>43.9176100</LatitudeDegrees>
      <LongitudeDegrees>4.8470700</LongitudeDegrees>
     </Position>
     <AltitudeMeters>27.750000000000004</AltitudeMeters>
     <DistanceMeters>1058.5955144559805</DistanceMeters>
    </Trackpoint>
    <Trackpoint>
     <Time>2026-04-10T13:59:09+00:00</Time>
     <Position>
      <LatitudeDegrees>43.9174400</LatitudeDegrees>
      <LongitudeDegrees>4.8470900</LongitudeDegrees>
     </Position>
     <AltitudeMeters>27.750000000000004</AltitudeMeters>
     <DistanceMeters>1077.5835996122778</DistanceMeters>
    </Trackpoint>
    <Trackpoint>
     <Time>2026-04-10T13:59:16+00:00</Time>
     <Position>
      <LatitudeDegrees>43.9173200</LatitudeDegrees>
      <LongitudeDegrees>4.8470600</LongitudeDegrees>
     </Position>
     <AltitudeMeters>27.71</AltitudeMeters>
     <DistanceMeters>1091.1539168611496</DistanceMeters>
    </Trackpoint>
    <Trackpoint>
     <Time>2026-04-10T13:59:22+00:00</Time>
     <Position>
      <LatitudeDegrees>43.9165700</LatitudeDegrees>
      <LongitudeDegrees>4.8466800</LongitudeDegrees>
     </Position>
     <AltitudeMeters>27.71</AltitudeMeters>
     <DistanceMeters>1180.0114369792352</DistanceMeters>
    </Trackpoint>
    <Trackpoint>
     <Time>2026-04-10T13:59:29+00:00</Time>
     <Position>
      <LatitudeDegrees>43.9165000</LatitudeDegrees>
      <LongitudeDegrees>4.8466600</LongitudeDegrees>
     </Position>
     <AltitudeMeters>27.71</AltitudeMeters>
     <DistanceMeters>1187.9654287545188</DistanceMeters>
    </Trackpoint>
    <Trackpoint>
     <Time>2026-04-10T13:59:35+00:00</Time>
     <Position>
      <LatitudeDegrees>43.9164300</LatitudeDegrees>
      <LongitudeDegrees>4.8466700</LongitudeDegrees>
     </Position>
     <AltitudeMeters>27.71</AltitudeMeters>
     <DistanceMeters>1195.7972691621394</DistanceMeters>
    </Trackpoint>
    <Trackpoint>
     <Time>2026-04-10T13:59:42+00:00</Time>
     <Position>
      <LatitudeDegrees>43.9158200</LatitudeDegrees>
      <LongitudeDegrees>4.8468600</LongitudeDegrees>
     </Position>
     <AltitudeMeters>25.720000000000002</AltitudeMeters>
     <DistanceMeters>1265.3755634782594</DistanceMeters>
    </Trackpoint>
    <Trackpoint>
     <Time>2026-04-10T13:59:49+00:00</Time>
     <Position>
      <LatitudeDegrees>43.9157900</LatitudeDegrees>
      <LongitudeDegrees>4.8461600</LongitudeDegrees>
     </Position>
     <AltitudeMeters>25.720000000000002</AltitudeMeters>
     <DistanceMeters>1321.5958720508281</DistanceMeters>
    </Trackpoint>
    <Trackpoint>
     <Time>2026-04-10T13:59:55+00:00</Time>
     <Position>
      <LatitudeDegrees>43.9157600</LatitudeDegrees>
      <LongitudeDegrees>4.8454600</LongitudeDegrees>
     </Position>
     <AltitudeMeters>26.03</AltitudeMeters>
     <DistanceMeters>1377.8161675437254</DistanceMeters>
    </Trackpoint>
    <Trackpoint>
     <Time>2026-04-10T14:00:02+00:00</Time>
     <Position>
      <LatitudeDegrees>43.9157000</LatitudeDegrees>
      <LongitudeDegrees>4.8442650</LongitudeDegrees>
     </Position>
     <AltitudeMeters>26.03</AltitudeMeters>
     <DistanceMeters>1473.8554363614726</DistanceMeters>
    </Trackpoint>
    <Trackpoint>
     <Time>2026-04-10T14:00:08+00:00</Time>
     <Position>
      <LatitudeDegrees>43.9156400</LatitudeDegrees>
      <LongitudeDegrees>4.8430700</LongitudeDegrees>
     </Position>
     <AltitudeMeters>26.03</AltitudeMeters>
     <DistanceMeters>1569.894694016461</DistanceMeters>
    </Trackpoint>
    <Trackpoint>
     <Time>2026-04-10T14:00:15+00:00</Time>
     <Position>
      <LatitudeDegrees>43.9156400</LatitudeDegrees>
      <LongitudeDegrees>4.8426600</LongitudeDegrees>
     </Position>
     <AltitudeMeters>26.03</AltitudeMeters>
     <DistanceMeters>1602.765688298543</DistanceMeters>
    </Trackpoint>
    <Trackpoint>
     <Time>2026-04-10T14:00:21+00:00</Time>
     <Position>
      <LatitudeDegrees>43.9156950</LatitudeDegrees>
      <LongitudeDegrees>4.8417850</LongitudeDegrees>
     </Position>
     <AltitudeMeters>26.03</AltitudeMeters>
     <DistanceMeters>1673.1836977613202</DistanceMeters>
    </Trackpoint>
    <Trackpoint>
     <Time>2026-04-10T14:00:28+00:00</Time>
     <Position>
      <LatitudeDegrees>43.9157500</LatitudeDegrees>
      <LongitudeDegrees>4.8409100</LongitudeDegrees>
     </Position>
     <AltitudeMeters>26.03</AltitudeMeters>
     <DistanceMeters>1743.6016981534917</DistanceMeters>
    </Trackpoint>
    <Trackpoint>
     <Time>2026-04-10T14:00:34+00:00</Time>
     <Position>
      <LatitudeDegrees>43.9157850</LatitudeDegrees>
      <LongitudeDegrees>4.8398250</LongitudeDegrees>
     </Position>
     <AltitudeMeters>26.03</AltitudeMeters>
     <DistanceMeters>1830.676540113941</DistanceMeters>
    </Trackpoint>
    <Trackpoint>
     <Time>2026-04-10T14:00:41+00:00</Time>
     <Position>
      <LatitudeDegrees>43.9158200</LatitudeDegrees>
      <LongitudeDegrees>4.8387400</LongitudeDegrees>
     </Position>
     <AltitudeMeters>27.76</AltitudeMeters>
     <DistanceMeters>1917.7513726500283</DistanceMeters>
    </Trackpoint>
    <Trackpoint>
     <Time>2026-04-10T14:00:47+00:00</Time>
     <Position>
      <LatitudeDegrees>43.9158720</LatitudeDegrees>
      <LongitudeDegrees>4.8376220</LongitudeDegrees>
     </Position>
     <AltitudeMeters>27.76</AltitudeMeters>
     <DistanceMeters>2007.5711399505835</DistanceMeters>
    </Trackpoint>
    <Trackpoint>
     <Time>2026-04-10T14:00:54+00:00</Time>
     <Position>
      <LatitudeDegrees>43.9159240</LatitudeDegrees>
      <LongitudeDegrees>4.8365040</LongitudeDegrees>
     </Position>
     <AltitudeMeters>27.76</AltitudeMeters>
     <DistanceMeters>2097.390907251206</DistanceMeters>
    </Trackpoint>
    <Trackpoint>
     <Time>2026-04-10T14:01:01+00:00</Time>
     <Position>
      <LatitudeDegrees>43.9159760</LatitudeDegrees>
      <LongitudeDegrees>4.8353860</LongitudeDegrees>
     </Position>
     <AltitudeMeters>27.76</AltitudeMeters>
     <DistanceMeters>2187.2106745517467</DistanceMeters>
    </Trackpoint>
    <Trackpoint>
     <Time>2026-04-10T14:01:07+00:00</Time>
     <Position>
      <LatitudeDegrees>43.9160280</LatitudeDegrees>
      <LongitudeDegrees>4.8342680</LongitudeDegrees>
     </Position>
     <AltitudeMeters>27.76</AltitudeMeters>
     <DistanceMeters>2277.030441852322</DistanceMeters>
    </Trackpoint>
    <Trackpoint>
     <Time>2026-04-10T14:01:14+00:00</Time>
     <Position>
      <LatitudeDegrees>43.9160800</LatitudeDegrees>
      <LongitudeDegrees>4.8331500</LongitudeDegrees>
     </Position>
     <AltitudeMeters>27.76</AltitudeMeters>
     <DistanceMeters>2366.8502017051337</DistanceMeters>
    </Trackpoint>
    <Trackpoint>
     <Time>2026-04-10T14:01:20+00:00</Time>
     <Position>
      <LatitudeDegrees>43.9161075</LatitudeDegrees>
      <LongitudeDegrees>4.8321750</LongitudeDegrees>
     </Position>
     <AltitudeMeters>27.76</AltitudeMeters>
     <DistanceMeters>2445.0782727857704</DistanceMeters>
    </Trackpoint>
    <Trackpoint>
     <Time>2026-04-10T14:01:27+00:00</Time>
     <Position>
      <LatitudeDegrees>43.9161350</LatitudeDegrees>
      <LongitudeDegrees>4.8312000</LongitudeDegrees>
     </Position>
     <AltitudeMeters>27.76</AltitudeMeters>
     <DistanceMeters>2523.3063438665085</DistanceMeters>
    </Trackpoint>
    <Trackpoint>
     <Time>2026-04-10T14:01:33+00:00</Time>
     <Position>
      <LatitudeDegrees>43.9161625</LatitudeDegrees>
      <LongitudeDegrees>4.8302250</LongitudeDegrees>
     </Position>
     <AltitudeMeters>25.09</AltitudeMeters>
     <DistanceMeters>2601.5344149472166</DistanceMeters>
    </Trackpoint>
    <Trackpoint>
     <Time>2026-04-10T14:01:40+00:00</Time>
     <Position>
      <LatitudeDegrees>43.9161900</LatitudeDegrees>
      <LongitudeDegrees>4.8292500</LongitudeDegrees>
     </Position>
     <AltitudeMeters>25.09</AltitudeMeters>
     <DistanceMeters>2679.7624949786923</DistanceMeters>
    </Trackpoint>
    <Trackpoint>
     <Time>2026-04-10T14:01:46+00:00</Time>
     <Position>
      <LatitudeDegrees>43.9162100</LatitudeDegrees>
      <LongitudeDegrees>4.8290500</LongitudeDegrees>
     </Position>
     <AltitudeMeters>25.09</AltitudeMeters>
     <DistanceMeters>2695.9507393212652</DistanceMeters>
    </Trackpoint>
    <Trackpoint>
     <Time>2026-04-10T14:01:53+00:00</Time>
     <Position>
      <LatitudeDegrees>43.9162600</LatitudeDegrees>
      <LongitudeDegrees>4.8288800</LongitudeDegrees>
     </Position>
     <AltitudeMeters>25.09</AltitudeMeters>
     <DistanceMeters>2710.6723102062524</DistanceMeters>
    </Trackpoint>
    <Trackpoint>
     <Time>2026-04-10T14:01:59+00:00</Time>
     <Position>
      <LatitudeDegrees>43.9163300</LatitudeDegrees>
      <LongitudeDegrees>4.8287800</LongitudeDegrees>
     </Position>
     <AltitudeMeters>25.09</AltitudeMeters>
     <DistanceMeters>2721.8513488121152</DistanceMeters>
    </Trackpoint>
    <Trackpoint>
     <Time>2026-04-10T14:02:06+00:00</Time>
     <Position>
      <LatitudeDegrees>43.9164600</LatitudeDegrees>
      <LongitudeDegrees>4.8286800</LongitudeDegrees>
     </Position>
     <AltitudeMeters>25.09</AltitudeMeters>
     <DistanceMeters>2738.392552736136</DistanceMeters>
    </Trackpoint>
    <Trackpoint>
     <Time>2026-04-10T14:02:13+00:00</Time>
     <Position>
      <LatitudeDegrees>43.9168100</LatitudeDegrees>
      <LongitudeDegrees>4.8284700</LongitudeDegrees>
     </Position>
     <AltitudeMeters>25.09</AltitudeMeters>
     <DistanceMeters>2780.8287147823767</DistanceMeters>
    </Trackpoint>
    <Trackpoint>
     <Time>2026-04-10T14:02:19+00:00</Time>
     <Position>
      <LatitudeDegrees>43.9166000</LatitudeDegrees>
      <LongitudeDegrees>4.8273100</LongitudeDegrees>
     </Position>
     <AltitudeMeters>25.09</AltitudeMeters>
     <DistanceMeters>2876.7198271647594</DistanceMeters>
    </Trackpoint>
    <Trackpoint>
     <Time>2026-04-10T14:02:26+00:00</Time>
     <Position>
      <LatitudeDegrees>43.9165200</LatitudeDegrees>
      <LongitudeDegrees>4.8271000</LongitudeDegrees>
     </Position>
     <AltitudeMeters>25.09</AltitudeMeters>
     <DistanceMeters>2895.7652836429697</DistanceMeters>
    </Trackpoint>
    <Trackpoint>
     <Time>2026-04-10T14:02:32+00:00</Time>
     <Position>
      <LatitudeDegrees>43.9164000</LatitudeDegrees>
      <LongitudeDegrees>4.8269500</LongitudeDegrees>
     </Position>
     <AltitudeMeters>25.09</AltitudeMeters>
     <DistanceMeters>2913.737176704093</DistanceMeters>
    </Trackpoint>
    <Trackpoint>
     <Time>2026-04-10T14:02:39+00:00</Time>
     <Position>
      <LatitudeDegrees>43.9158100</LatitudeDegrees>
      <LongitudeDegrees>4.8264400</LongitudeDegrees>
     </Position>
     <AltitudeMeters>24.43</AltitudeMeters>
     <DistanceMeters>2991.091219073822</DistanceMeters>
    </Trackpoint>
    <Trackpoint>
     <Time>2026-04-10T14:02:45+00:00</Time>
     <Position>
      <LatitudeDegrees>43.9156300</LatitudeDegrees>
      <LongitudeDegrees>4.8263600</LongitudeDegrees>
     </Position>
     <AltitudeMeters>24.43</AltitudeMeters>
     <DistanceMeters>3012.1261279048285</DistanceMeters>
    </Trackpoint>
    <Trackpoint>
     <Time>2026-04-10T14:02:52+00:00</Time>
     <Position>
      <LatitudeDegrees>43.9154900</LatitudeDegrees>
      <LongitudeDegrees>4.8263300</LongitudeDegrees>
     </Position>
     <AltitudeMeters>24.43</AltitudeMeters>
     <DistanceMeters>3027.8920674910723</DistanceMeters>
    </Trackpoint>
    <Trackpoint>
     <Time>2026-04-10T14:02:58+00:00</Time>
     <Position>
      <LatitudeDegrees>43.9153000</LatitudeDegrees>
      <LongitudeDegrees>4.8263800</LongitudeDegrees>
     </Position>
     <AltitudeMeters>24.43</AltitudeMeters>
     <DistanceMeters>3049.4148544917116</DistanceMeters>
    </Trackpoint>
    <Trackpoint>
     <Time>2026-04-10T14:03:05+00:00</Time>
     <Position>
      <LatitudeDegrees>43.9149700</LatitudeDegrees>
      <LongitudeDegrees>4.8265500</LongitudeDegrees>
     </Position>
     <AltitudeMeters>24.23</AltitudeMeters>
     <DistanceMeters>3088.5898389096155</DistanceMeters>
    </Trackpoint>
    <Trackpoint>
     <Time>2026-04-10T14:03:11+00:00</Time>
     <Position>
      <LatitudeDegrees>43.9149200</LatitudeDegrees>
      <LongitudeDegrees>4.8265600</LongitudeDegrees>
     </Position>
     <AltitudeMeters>22.69</AltitudeMeters>
     <DistanceMeters>3094.2120812717767</DistanceMeters>
    </Trackpoint>
    <Trackpoint>
     <Time>2026-04-10T14:03:18+00:00</Time>
     <Position>
      <LatitudeDegrees>43.9147800</LatitudeDegrees>
      <LongitudeDegrees>4.8259800</LongitudeDegrees>
     </Position>
     <AltitudeMeters>22.69</AltitudeMeters>
     <DistanceMeters>3143.25417914231</DistanceMeters>
    </Trackpoint>
    <Trackpoint>
     <Time>2026-04-10T14:03:25+00:00</Time>
     <Position>
      <LatitudeDegrees>43.9146800</LatitudeDegrees>
      <LongitudeDegrees>4.8251300</LongitudeDegrees>
     </Position>
     <AltitudeMeters>22.69</AltitudeMeters>
     <DistanceMeters>3212.305357293047</DistanceMeters>
    </Trackpoint>
    <Trackpoint>
     <Time>2026-04-10T14:03:31+00:00</Time>
     <Position>
      <LatitudeDegrees>43.9145800</LatitudeDegrees>
      <LongitudeDegrees>4.8242800</LongitudeDegrees>
     </Position>
     <AltitudeMeters>22.69</AltitudeMeters>
     <DistanceMeters>3281.3565354439615</DistanceMeters>
    </Trackpoint>
    <Trackpoint>
     <Time>2026-04-10T14:03:38+00:00</Time>
     <Position>
      <LatitudeDegrees>43.9144800</LatitudeDegrees>
      <LongitudeDegrees>4.8234300</LongitudeDegrees>
     </Position>
     <AltitudeMeters>24.28</AltitudeMeters>
     <DistanceMeters>3350.40767690739</DistanceMeters>
    </Trackpoint>
    <Trackpoint>
     <Time>2026-04-10T14:03:44+00:00</Time>
     <Position>
      <LatitudeDegrees>43.9144600</LatitudeDegrees>
      <LongitudeDegrees>4.8230500</LongitudeDegrees>
     </Position>
     <AltitudeMeters>24.28</AltitudeMeters>
     <DistanceMeters>3380.9552812947286</DistanceMeters>
    </Trackpoint>
    <Trackpoint>
     <Time>2026-04-10T14:03:51+00:00</Time>
     <Position>
      <LatitudeDegrees>43.9144900</LatitudeDegrees>
      <LongitudeDegrees>4.8224800</LongitudeDegrees>
     </Position>
     <AltitudeMeters>24.28</AltitudeMeters>
     <DistanceMeters>3426.7766840461954</DistanceMeters>
    </Trackpoint>
    <Trackpoint>
     <Time>2026-04-10T14:03:57+00:00</Time>
     <Position>
      <LatitudeDegrees>43.9146546</LatitudeDegrees>
      <LongitudeDegrees>4.8213209</LongitudeDegrees>
     </Position>
     <AltitudeMeters>24.28</AltitudeMeters>
     <DistanceMeters>3521.49232837387</DistanceMeters>
    </Trackpoint>
    <Trackpoint>
     <Time>2026-04-10T14:04:04+00:00</Time>
     <Position>
      <LatitudeDegrees>43.9148192</LatitudeDegrees>
      <LongitudeDegrees>4.8201619</LongitudeDegrees>
     </Position>
     <AltitudeMeters>24.28</AltitudeMeters>
     <DistanceMeters>3616.207972701659</DistanceMeters>
    </Trackpoint>
    <Trackpoint>
     <Time>2026-04-10T14:04:10+00:00</Time>
     <Position>
      <LatitudeDegrees>43.9149838</LatitudeDegrees>
      <LongitudeDegrees>4.8190028</LongitudeDegrees>
     </Position>
     <AltitudeMeters>24.28</AltitudeMeters>
     <DistanceMeters>3710.9236170293634</DistanceMeters>
    </Trackpoint>
    <Trackpoint>
     <Time>2026-04-10T14:04:17+00:00</Time>
     <Position>
      <LatitudeDegrees>43.9151483</LatitudeDegrees>
      <LongitudeDegrees>4.8178437</LongitudeDegrees>
     </Position>
     <AltitudeMeters>24.28</AltitudeMeters>
     <DistanceMeters>3805.639261357046</DistanceMeters>
    </Trackpoint>
    <Trackpoint>
     <Time>2026-04-10T14:04:23+00:00</Time>
     <Position>
      <LatitudeDegrees>43.9153129</LatitudeDegrees>
      <LongitudeDegrees>4.8166846</LongitudeDegrees>
     </Position>
     <AltitudeMeters>24.28</AltitudeMeters>
     <DistanceMeters>3900.354905684676</DistanceMeters>
    </Trackpoint>
    <Trackpoint>
     <Time>2026-04-10T14:04:30+00:00</Time>
     <Position>
      <LatitudeDegrees>43.9154774</LatitudeDegrees>
      <LongitudeDegrees>4.8155256</LongitudeDegrees>
     </Position>
     <AltitudeMeters>24.28</AltitudeMeters>
     <DistanceMeters>3995.0705500127497</DistanceMeters>
    </Trackpoint>
    <Trackpoint>
     <Time>2026-04-10T14:04:37+00:00</Time>
     <Position>
      <LatitudeDegrees>43.9156420</LatitudeDegrees>
      <LongitudeDegrees>4.8143665</LongitudeDegrees>
     </Position>
     <AltitudeMeters>23.790000000000003</AltitudeMeters>
     <DistanceMeters>4089.786194340558</DistanceMeters>
    </Trackpoint>
    <Trackpoint>
     <Time>2026-04-10T14:04:43+00:00</Time>
     <Position>
      <LatitudeDegrees>43.9158065</LatitudeDegrees>
      <LongitudeDegrees>4.8132073</LongitudeDegrees>
     </Position>
     <AltitudeMeters>23.790000000000003</AltitudeMeters>
     <DistanceMeters>4184.501838668156</DistanceMeters>
    </Trackpoint>
    <Trackpoint>
     <Time>2026-04-10T14:04:50+00:00</Time>
     <Position>
      <LatitudeDegrees>43.9159710</LatitudeDegrees>
      <LongitudeDegrees>4.8120482</LongitudeDegrees>
     </Position>
     <AltitudeMeters>23.790000000000003</AltitudeMeters>
     <DistanceMeters>4279.217482995976</DistanceMeters>
    </Trackpoint>
    <Trackpoint>
     <Time>2026-04-10T14:04:56+00:00</Time>
     <Position>
      <LatitudeDegrees>43.9161355</LatitudeDegrees>
      <LongitudeDegrees>4.8108891</LongitudeDegrees>
     </Position>
     <AltitudeMeters>23.790000000000003</AltitudeMeters>
     <DistanceMeters>4373.933127323993</DistanceMeters>
    </Trackpoint>
    <Trackpoint>
     <Time>2026-04-10T14:05:03+00:00</Time>
     <Position>
      <LatitudeDegrees>43.9163000</LatitudeDegrees>
      <LongitudeDegrees>4.8097300</LongitudeDegrees>
     </Position>
     <AltitudeMeters>23.790000000000003</AltitudeMeters>
     <DistanceMeters>4468.648770437452</DistanceMeters>
    </Trackpoint>
    <Trackpoint>
     <Time>2026-04-10T14:05:09+00:00</Time>
     <Position>
      <LatitudeDegrees>43.9163300</LatitudeDegrees>
      <LongitudeDegrees>4.8093800</LongitudeDegrees>
     </Position>
     <AltitudeMeters>23.790000000000003</AltitudeMeters>
     <DistanceMeters>4496.907003539238</DistanceMeters>
    </Trackpoint>
    <Trackpoint>
     <Time>2026-04-10T14:05:16+00:00</Time>
     <Position>
      <LatitudeDegrees>43.9165400</LatitudeDegrees>
      <LongitudeDegrees>4.8082300</LongitudeDegrees>
     </Position>
     <AltitudeMeters>23.500000000000004</AltitudeMeters>
     <DistanceMeters>4592.021183392573</DistanceMeters>
    </Trackpoint>
    <Trackpoint>
     <Time>2026-04-10T14:05:22+00:00</Time>
     <Position>
      <LatitudeDegrees>43.9165700</LatitudeDegrees>
      <LongitudeDegrees>4.8082800</LongitudeDegrees>
     </Position>
     <AltitudeMeters>23.500000000000004</AltitudeMeters>
     <DistanceMeters>4597.238165175805</DistanceMeters>
    </Trackpoint>
    <Trackpoint>
     <Time>2026-04-10T14:05:29+00:00</Time>
     <Position>
      <LatitudeDegrees>43.9166900</LatitudeDegrees>
      <LongitudeDegrees>4.8090500</LongitudeDegrees>
     </Position>
     <AltitudeMeters>24.62</AltitudeMeters>
     <DistanceMeters>4660.398644934876</DistanceMeters>
    </Trackpoint>
    <Trackpoint>
     <Time>2026-04-10T14:05:35+00:00</Time>
     <Position>
      <LatitudeDegrees>43.9167700</LatitudeDegrees>
      <LongitudeDegrees>4.8091300</LongitudeDegrees>
     </Position>
     <AltitudeMeters>24.62</AltitudeMeters>
     <DistanceMeters>4671.371842202375</DistanceMeters>
    </Trackpoint>
    <Trackpoint>
     <Time>2026-04-10T14:05:42+00:00</Time>
     <Position>
      <LatitudeDegrees>43.9171100</LatitudeDegrees>
      <LongitudeDegrees>4.8092500</LongitudeDegrees>
     </Position>
     <AltitudeMeters>24.580000000000002</AltitudeMeters>
     <DistanceMeters>4710.4161904219045</DistanceMeters>
    </Trackpoint>
    <Trackpoint>
     <Time>2026-04-10T14:05:49+00:00</Time>
     <Position>
      <LatitudeDegrees>43.9172700</LatitudeDegrees>
      <LongitudeDegrees>4.8092800</LongitudeDegrees>
     </Position>
     <AltitudeMeters>24.580000000000002</AltitudeMeters>
     <DistanceMeters>4728.385188827772</DistanceMeters>
    </Trackpoint>
    <Trackpoint>
     <Time>2026-04-10T14:05:55+00:00</Time>
     <Position>
      <LatitudeDegrees>43.9178200</LatitudeDegrees>
      <LongitudeDegrees>4.8093000</LongitudeDegrees>
     </Position>
     <AltitudeMeters>24.3</AltitudeMeters>
     <DistanceMeters>4789.618808913295</DistanceMeters>
    </Trackpoint>
    <Trackpoint>
     <Time>2026-04-10T14:06:02+00:00</Time>
     <Position>
      <LatitudeDegrees>43.9178200</LatitudeDegrees>
      <LongitudeDegrees>4.8094500</LongitudeDegrees>
     </Position>
     <AltitudeMeters>24.270000000000003</AltitudeMeters>
     <DistanceMeters>4801.644341855814</DistanceMeters>
    </Trackpoint>
    <Trackpoint>
     <Time>2026-04-10T14:06:08+00:00</Time>
     <Position>
      <LatitudeDegrees>43.9175200</LatitudeDegrees>
      <LongitudeDegrees>4.8094800</LongitudeDegrees>
     </Position>
     <AltitudeMeters>24.32</AltitudeMeters>
     <DistanceMeters>4835.119558217859</DistanceMeters>
    </Trackpoint>
    <Trackpoint>
     <Time>2026-04-10T14:06:15+00:00</Time>
     <Position>
      <LatitudeDegrees>43.9173100</LatitudeDegrees>
      <LongitudeDegrees>4.8094700</LongitudeDegrees>
     </Position>
     <AltitudeMeters>24.32</AltitudeMeters>
     <DistanceMeters>4858.505396914336</DistanceMeters>
    </Trackpoint>
    <Trackpoint>
     <Time>2026-04-10T14:06:21+00:00</Time>
     <Position>
      <LatitudeDegrees>43.9170600</LatitudeDegrees>
      <LongitudeDegrees>4.8094300</LongitudeDegrees>
     </Position>
     <AltitudeMeters>24.520000000000003</AltitudeMeters>
     <DistanceMeters>4886.513509282418</DistanceMeters>
    </Trackpoint>
    <Trackpoint>
     <Time>2026-04-10T14:06:28+00:00</Time>
     <Position>
      <LatitudeDegrees>43.9168200</LatitudeDegrees>
      <LongitudeDegrees>4.8093500</LongitudeDegrees>
     </Position>
     <AltitudeMeters>24.520000000000003</AltitudeMeters>
     <DistanceMeters>4913.983697759522</DistanceMeters>
    </Trackpoint>
    <Trackpoint>
     <Time>2026-04-10T14:06:34+00:00</Time>
     <Position>
      <LatitudeDegrees>43.9160340</LatitudeDegrees>
      <LongitudeDegrees>4.8089820</LongitudeDegrees>
     </Position>
     <AltitudeMeters>23.76</AltitudeMeters>
     <DistanceMeters>5006.303597659766</DistanceMeters>
    </Trackpoint>
    <Trackpoint>
     <Time>2026-04-10T14:06:41+00:00</Time>
     <Position>
      <LatitudeDegrees>43.9152480</LatitudeDegrees>
      <LongitudeDegrees>4.8086140</LongitudeDegrees>
     </Position>
     <AltitudeMeters>23.76</AltitudeMeters>
     <DistanceMeters>5098.623497558295</DistanceMeters>
    </Trackpoint>
    <Trackpoint>
     <Time>2026-04-10T14:06:47+00:00</Time>
     <Position>
      <LatitudeDegrees>43.9144620</LatitudeDegrees>
      <LongitudeDegrees>4.8082460</LongitudeDegrees>
     </Position>
     <AltitudeMeters>24.110000000000003</AltitudeMeters>
     <DistanceMeters>5190.943397458065</DistanceMeters>
    </Trackpoint>
    <Trackpoint>
     <Time>2026-04-10T14:06:54+00:00</Time>
     <Position>
      <LatitudeDegrees>43.9136760</LatitudeDegrees>
      <LongitudeDegrees>4.8078780</LongitudeDegrees>
     </Position>
     <AltitudeMeters>24.110000000000003</AltitudeMeters>
     <DistanceMeters>5283.263297358221</DistanceMeters>
    </Trackpoint>
    <Trackpoint>
     <Time>2026-04-10T14:07:00+00:00</Time>
     <Position>
      <LatitudeDegrees>43.9128900</LatitudeDegrees>
      <LongitudeDegrees>4.8075100</LongitudeDegrees>
     </Position>
     <AltitudeMeters>24.110000000000003</AltitudeMeters>
     <DistanceMeters>5375.583192243047</DistanceMeters>
    </Trackpoint>
    <Trackpoint>
     <Time>2026-04-10T14:07:07+00:00</Time>
     <Position>
      <LatitudeDegrees>43.9124500</LatitudeDegrees>
      <LongitudeDegrees>4.8072900</LongitudeDegrees>
     </Position>
     <AltitudeMeters>24.43</AltitudeMeters>
     <DistanceMeters>5427.633206876259</DistanceMeters>
    </Trackpoint>
    <Trackpoint>
     <Time>2026-04-10T14:07:14+00:00</Time>
     <Position>
      <LatitudeDegrees>43.9122000</LatitudeDegrees>
      <LongitudeDegrees>4.8071200</LongitudeDegrees>
     </Position>
     <AltitudeMeters>24.740000000000002</AltitudeMeters>
     <DistanceMeters>5458.616311250869</DistanceMeters>
    </Trackpoint>
    <Trackpoint>
     <Time>2026-04-10T14:07:20+00:00</Time>
     <Position>
      <LatitudeDegrees>43.9115400</LatitudeDegrees>
      <LongitudeDegrees>4.8068000</LongitudeDegrees>
     </Position>
     <AltitudeMeters>25.59</AltitudeMeters>
     <DistanceMeters>5536.423395128557</DistanceMeters>
    </Trackpoint>
    <Trackpoint>
     <Time>2026-04-10T14:07:27+00:00</Time>
     <Position>
      <LatitudeDegrees>43.9114700</LatitudeDegrees>
      <LongitudeDegrees>4.8066800</LongitudeDegrees>
     </Position>
     <AltitudeMeters>25.59</AltitudeMeters>
     <DistanceMeters>5548.803508899964</DistanceMeters>
    </Trackpoint>
    <Trackpoint>
     <Time>2026-04-10T14:07:33+00:00</Time>
     <Position>
      <LatitudeDegrees>43.9114100</LatitudeDegrees>
      <LongitudeDegrees>4.8066500</LongitudeDegrees>
     </Position>
     <AltitudeMeters>25.62</AltitudeMeters>
     <DistanceMeters>5555.901255014756</DistanceMeters>
    </Trackpoint>
    <Trackpoint>
     <Time>2026-04-10T14:07:40+00:00</Time>
     <Position>
      <LatitudeDegrees>43.9113300</LatitudeDegrees>
      <LongitudeDegrees>4.8066600</LongitudeDegrees>
     </Position>
     <AltitudeMeters>25.540000000000003</AltitudeMeters>
     <DistanceMeters>5564.840937706295</DistanceMeters>
    </Trackpoint>
    <Trackpoint>
     <Time>2026-04-10T14:07:46+00:00</Time>
     <Position>
      <LatitudeDegrees>43.9112500</LatitudeDegrees>
      <LongitudeDegrees>4.8067200</LongitudeDegrees>
     </Position>
     <AltitudeMeters>25.540000000000003</AltitudeMeters>
     <DistanceMeters>5574.961129909119</DistanceMeters>
    </Trackpoint>
    <Trackpoint>
     <Time>2026-04-10T14:07:53+00:00</Time>
     <Position>
      <LatitudeDegrees>43.9112100</LatitudeDegrees>
      <LongitudeDegrees>4.8067900</LongitudeDegrees>
     </Position>
     <AltitudeMeters>25.26</AltitudeMeters>
     <DistanceMeters>5582.124881393394</DistanceMeters>
    </Trackpoint>
    <Trackpoint>
     <Time>2026-04-10T14:07:59+00:00</Time>
     <Position>
      <LatitudeDegrees>43.9111900</LatitudeDegrees>
      <LongitudeDegrees>4.8068800</LongitudeDegrees>
     </Position>
     <AltitudeMeters>25.26</AltitudeMeters>
     <DistanceMeters>5589.67651133663</DistanceMeters>
    </Trackpoint>
    <Trackpoint>
     <Time>2026-04-10T14:08:06+00:00</Time>
     <Position>
      <LatitudeDegrees>43.9112200</LatitudeDegrees>
      <LongitudeDegrees>4.8070400</LongitudeDegrees>
     </Position>
     <AltitudeMeters>25.16</AltitudeMeters>
     <DistanceMeters>5602.932551499572</DistanceMeters>
    </Trackpoint>
    <Trackpoint>
     <Time>2026-04-10T14:08:12+00:00</Time>
     <Position>
      <LatitudeDegrees>43.9111900</LatitudeDegrees>
      <LongitudeDegrees>4.8072300</LongitudeDegrees>
     </Position>
     <AltitudeMeters>24.880000000000003</AltitudeMeters>
     <DistanceMeters>5618.528188042364</DistanceMeters>
    </Trackpoint>
    <Trackpoint>
     <Time>2026-04-10T14:08:19+00:00</Time>
     <Position>
      <LatitudeDegrees>43.9111400</LatitudeDegrees>
      <LongitudeDegrees>4.8074000</LongitudeDegrees>
     </Position>
     <AltitudeMeters>24.790000000000003</AltitudeMeters>
     <DistanceMeters>5633.2508339747</DistanceMeters>
    </Trackpoint>
    <Trackpoint>
     <Time>2026-04-10T14:08:26+00:00</Time>
     <Position>
      <LatitudeDegrees>43.9106500</LatitudeDegrees>
      <LongitudeDegrees>4.8084100</LongitudeDegrees>
     </Position>
     <AltitudeMeters>23.67</AltitudeMeters>
     <DistanceMeters>5730.88295821378</DistanceMeters>
    </Trackpoint>
    <Trackpoint>
     <Time>2026-04-10T14:08:32+00:00</Time>
     <Position>
      <LatitudeDegrees>43.9100700</LatitudeDegrees>
      <LongitudeDegrees>4.8092900</LongitudeDegrees>
     </Position>
     <AltitudeMeters>23.4</AltitudeMeters>
     <DistanceMeters>5826.5146305292365</DistanceMeters>
    </Trackpoint>
    <Trackpoint>
     <Time>2026-04-10T14:08:39+00:00</Time>
     <Position>
      <LatitudeDegrees>43.9094950</LatitudeDegrees>
      <LongitudeDegrees>4.8101000</LongitudeDegrees>
     </Position>
     <AltitudeMeters>23.4</AltitudeMeters>
     <DistanceMeters>5917.692870886184</DistanceMeters>
    </Trackpoint>
    <Trackpoint>
     <Time>2026-04-10T14:08:45+00:00</Time>
     <Position>
      <LatitudeDegrees>43.9089200</LatitudeDegrees>
      <LongitudeDegrees>4.8109100</LongitudeDegrees>
     </Position>
     <AltitudeMeters>22.860000000000003</AltitudeMeters>
     <DistanceMeters>6008.87109462656</DistanceMeters>
    </Trackpoint>
    <Trackpoint>
     <Time>2026-04-10T14:08:52+00:00</Time>
     <Position>
      <LatitudeDegrees>43.9087500</LatitudeDegrees>
      <LongitudeDegrees>4.8110900</LongitudeDegrees>
     </Position>
     <AltitudeMeters>22.860000000000003</AltitudeMeters>
     <DistanceMeters>6032.667789659013</DistanceMeters>
    </Trackpoint>
    <Trackpoint>
     <Time>2026-04-10T14:08:58+00:00</Time>
     <Position>
      <LatitudeDegrees>43.9084300</LatitudeDegrees>
      <LongitudeDegrees>4.8115200</LongitudeDegrees>
     </Position>
     <AltitudeMeters>22.78</AltitudeMeters>
     <DistanceMeters>6082.237647410392</DistanceMeters>
    </Trackpoint>
    <Trackpoint>
     <Time>2026-04-10T14:09:05+00:00</Time>
     <Position>
      <LatitudeDegrees>43.9081600</LatitudeDegrees>
      <LongitudeDegrees>4.8115200</LongitudeDegrees>
     </Position>
     <AltitudeMeters>22.88</AltitudeMeters>
     <DistanceMeters>6112.287480859462</DistanceMeters>
    </Trackpoint>
    <Trackpoint>
     <Time>2026-04-10T14:09:11+00:00</Time>
     <Position>
      <LatitudeDegrees>43.9074000</LatitudeDegrees>
      <LongitudeDegrees>4.8115550</LongitudeDegrees>
     </Position>
     <AltitudeMeters>22.94</AltitudeMeters>
     <DistanceMeters>6196.918728680414</DistanceMeters>
    </Trackpoint>
    <Trackpoint>
     <Time>2026-04-10T14:09:18+00:00</Time>
     <Position>
      <LatitudeDegrees>43.9066400</LatitudeDegrees>
      <LongitudeDegrees>4.8115900</LongitudeDegrees>
     </Position>
     <AltitudeMeters>22.94</AltitudeMeters>
     <DistanceMeters>6281.550003590676</DistanceMeters>
    </Trackpoint>
    <Trackpoint>
     <Time>2026-04-10T14:09:24+00:00</Time>
     <Position>
      <LatitudeDegrees>43.9061400</LatitudeDegrees>
      <LongitudeDegrees>4.8114500</LongitudeDegrees>
     </Position>
     <AltitudeMeters>22.87</AltitudeMeters>
     <DistanceMeters>6338.318879508495</DistanceMeters>
    </Trackpoint>
    <Trackpoint>
     <Time>2026-04-10T14:09:31+00:00</Time>
     <Position>
      <LatitudeDegrees>43.9056400</LatitudeDegrees>
      <LongitudeDegrees>4.8113100</LongitudeDegrees>
     </Position>
     <AltitudeMeters>22.87</AltitudeMeters>
     <DistanceMeters>6395.087766440185</DistanceMeters>
    </Trackpoint>
    <Trackpoint>
     <Time>2026-04-10T14:09:38+00:00</Time>
     <Position>
      <LatitudeDegrees>43.9055300</LatitudeDegrees>
      <LongitudeDegrees>4.8113200</LongitudeDegrees>
     </Position>
     <AltitudeMeters>22.87</AltitudeMeters>
     <DistanceMeters>6407.356523618433</DistanceMeters>
    </Trackpoint>
    <Trackpoint>
     <Time>2026-04-10T14:09:44+00:00</Time>
     <Position>
      <LatitudeDegrees>43.9054300</LatitudeDegrees>
      <LongitudeDegrees>4.8113800</LongitudeDegrees>
     </Position>
     <AltitudeMeters>22.87</AltitudeMeters>
     <DistanceMeters>6419.481499102846</DistanceMeters>
    </Trackpoint>
    <Trackpoint>
     <Time>2026-04-10T14:09:51+00:00</Time>
     <Position>
      <LatitudeDegrees>43.9052900</LatitudeDegrees>
      <LongitudeDegrees>4.8115700</LongitudeDegrees>
     </Position>
     <AltitudeMeters>22.87</AltitudeMeters>
     <DistanceMeters>6441.273728944254</DistanceMeters>
    </Trackpoint>
    <Trackpoint>
     <Time>2026-04-10T14:09:57+00:00</Time>
     <Position>
      <LatitudeDegrees>43.9052200</LatitudeDegrees>
      <LongitudeDegrees>4.8116300</LongitudeDegrees>
     </Position>
     <AltitudeMeters>22.87</AltitudeMeters>
     <DistanceMeters>6450.4303053419135</DistanceMeters>
    </Trackpoint>
    <Trackpoint>
     <Time>2026-04-10T14:10:04+00:00</Time>
     <Position>
      <LatitudeDegrees>43.9051300</LatitudeDegrees>
      <LongitudeDegrees>4.8116300</LongitudeDegrees>
     </Position>
     <AltitudeMeters>22.87</AltitudeMeters>
     <DistanceMeters>6460.4469164916045</DistanceMeters>
    </Trackpoint>
    <Trackpoint>
     <Time>2026-04-10T14:10:10+00:00</Time>
     <Position>
      <LatitudeDegrees>43.9048900</LatitudeDegrees>
      <LongitudeDegrees>4.8114700</LongitudeDegrees>
     </Position>
     <AltitudeMeters>22.87</AltitudeMeters>
     <DistanceMeters>6490.0794046469355</DistanceMeters>
    </Trackpoint>
    <Trackpoint>
     <Time>2026-04-10T14:10:17+00:00</Time>
     <Position>
      <LatitudeDegrees>43.9044750</LatitudeDegrees>
      <LongitudeDegrees>4.8111650</LongitudeDegrees>
     </Position>
     <AltitudeMeters>23.330000000000002</AltitudeMeters>
     <DistanceMeters>6542.342857205587</DistanceMeters>
    </Trackpoint>
    <Trackpoint>
     <Time>2026-04-10T14:10:23+00:00</Time>
     <Position>
      <LatitudeDegrees>43.9040600</LatitudeDegrees>
      <LongitudeDegrees>4.8108600</LongitudeDegrees>
     </Position>
     <AltitudeMeters>23.330000000000002</AltitudeMeters>
     <DistanceMeters>6594.606314225966</DistanceMeters>
    </Trackpoint>
    <Trackpoint>
     <Time>2026-04-10T14:10:30+00:00</Time>
     <Position>
      <LatitudeDegrees>43.9036500</LatitudeDegrees>
      <LongitudeDegrees>4.8100300</LongitudeDegrees>
     </Position>
     <AltitudeMeters>23.31</AltitudeMeters>
     <DistanceMeters>6675.30346170482</DistanceMeters>
    </Trackpoint>
    <Trackpoint>
     <Time>2026-04-10T14:10:36+00:00</Time>
     <Position>
      <LatitudeDegrees>43.9034400</LatitudeDegrees>
      <LongitudeDegrees>4.8095200</LongitudeDegrees>
     </Position>
     <AltitudeMeters>23.14</AltitudeMeters>
     <DistanceMeters>6722.407476680731</DistanceMeters>
    </Trackpoint>
    <Trackpoint>
     <Time>2026-04-10T14:10:43+00:00</Time>
     <Position>
      <LatitudeDegrees>43.9030450</LatitudeDegrees>
      <LongitudeDegrees>4.8088350</LongitudeDegrees>
     </Position>
     <AltitudeMeters>22.79</AltitudeMeters>
     <DistanceMeters>6792.763496175399</DistanceMeters>
    </Trackpoint>
    <Trackpoint>
     <Time>2026-04-10T14:10:50+00:00</Time>
     <Position>
      <LatitudeDegrees>43.9026500</LatitudeDegrees>
      <LongitudeDegrees>4.8081500</LongitudeDegrees>
     </Position>
     <AltitudeMeters>23.07</AltitudeMeters>
     <DistanceMeters>6863.119522973124</DistanceMeters>
    </Trackpoint>
    <Trackpoint>
     <Time>2026-04-10T14:10:56+00:00</Time>
     <Position>
      <LatitudeDegrees>43.9025900</LatitudeDegrees>
      <LongitudeDegrees>4.8081400</LongitudeDegrees>
     </Position>
     <AltitudeMeters>23.07</AltitudeMeters>
     <DistanceMeters>6869.845240520097</DistanceMeters>
    </Trackpoint>
    <Trackpoint>
     <Time>2026-04-10T14:11:03+00:00</Time>
     <Position>
      <LatitudeDegrees>43.9025700</LatitudeDegrees>
      <LongitudeDegrees>4.8081000</LongitudeDegrees>
     </Position>
     <AltitudeMeters>23.07</AltitudeMeters>
     <DistanceMeters>6873.749543483425</DistanceMeters>
    </Trackpoint>
    <Trackpoint>
     <Time>2026-04-10T14:11:09+00:00</Time>
     <Position>
      <LatitudeDegrees>43.9025800</LatitudeDegrees>
      <LongitudeDegrees>4.8080500</LongitudeDegrees>
     </Position>
     <AltitudeMeters>23.07</AltitudeMeters>
     <DistanceMeters>6877.910681147345</DistanceMeters>
    </Trackpoint>
    <Trackpoint>
     <Time>2026-04-10T14:11:16+00:00</Time>
     <Position>
      <LatitudeDegrees>43.9025100</LatitudeDegrees>
      <LongitudeDegrees>4.8079600</LongitudeDegrees>
     </Position>
     <AltitudeMeters>23.07</AltitudeMeters>
     <DistanceMeters>6888.530593434565</DistanceMeters>
    </Trackpoint>
    <Trackpoint>
     <Time>2026-04-10T14:11:22+00:00</Time>
     <Position>
      <LatitudeDegrees>43.9020133</LatitudeDegrees>
      <LongitudeDegrees>4.8071667</LongitudeDegrees>
     </Position>
     <AltitudeMeters>22.580000000000002</AltitudeMeters>
     <DistanceMeters>6972.809247229612</DistanceMeters>
    </Trackpoint>
    <Trackpoint>
     <Time>2026-04-10T14:11:29+00:00</Time>
     <Position>
      <LatitudeDegrees>43.9015167</LatitudeDegrees>
      <LongitudeDegrees>4.8063733</LongitudeDegrees>
     </Position>
     <AltitudeMeters>22.39</AltitudeMeters>
     <DistanceMeters>7057.087901024185</DistanceMeters>
    </Trackpoint>
    <Trackpoint>
     <Time>2026-04-10T14:11:35+00:00</Time>
     <Position>
      <LatitudeDegrees>43.9010200</LatitudeDegrees>
      <LongitudeDegrees>4.8055800</LongitudeDegrees>
     </Position>
     <AltitudeMeters>21.59</AltitudeMeters>
     <DistanceMeters>7141.366541590731</DistanceMeters>
    </Trackpoint>
    <Trackpoint>
     <Time>2026-04-10T14:11:42+00:00</Time>
     <Position>
      <LatitudeDegrees>43.9009400</LatitudeDegrees>
      <LongitudeDegrees>4.8053900</LongitudeDegrees>
     </Position>
     <AltitudeMeters>21.17</AltitudeMeters>
     <DistanceMeters>7159.01393875686</DistanceMeters>
    </Trackpoint>
    <Trackpoint>
     <Time>2026-04-10T14:11:48+00:00</Time>
     <Position>
      <LatitudeDegrees>43.9009200</LatitudeDegrees>
      <LongitudeDegrees>4.8053200</LongitudeDegrees>
     </Position>
     <AltitudeMeters>21.17</AltitudeMeters>
     <DistanceMeters>7165.052660850952</DistanceMeters>
    </Trackpoint>
    <Trackpoint>
     <Time>2026-04-10T14:11:55+00:00</Time>
     <Position>
      <LatitudeDegrees>43.9009600</LatitudeDegrees>
      <LongitudeDegrees>4.8052300</LongitudeDegrees>
     </Position>
     <AltitudeMeters>21.17</AltitudeMeters>
     <DistanceMeters>7173.532586689882</DistanceMeters>
    </Trackpoint>
    <Trackpoint>
     <Time>2026-04-10T14:12:02+00:00</Time>
     <Position>
      <LatitudeDegrees>43.9009300</LatitudeDegrees>
      <LongitudeDegrees>4.8051500</LongitudeDegrees>
     </Position>
     <AltitudeMeters>20.98</AltitudeMeters>
     <DistanceMeters>7180.764866916699</DistanceMeters>
    </Trackpoint>
    <Trackpoint>
     <Time>2026-04-10T14:12:08+00:00</Time>
     <Position>
      <LatitudeDegrees>43.9008700</LatitudeDegrees>
      <LongitudeDegrees>4.8051400</LongitudeDegrees>
     </Position>
     <AltitudeMeters>20.98</AltitudeMeters>
     <DistanceMeters>7187.490587225995</DistanceMeters>
    </Trackpoint>
    <Trackpoint>
     <Time>2026-04-10T14:12:15+00:00</Time>
     <Position>
      <LatitudeDegrees>43.9008500</LatitudeDegrees>
      <LongitudeDegrees>4.8051500</LongitudeDegrees>
     </Position>
     <AltitudeMeters>20.98</AltitudeMeters>
     <DistanceMeters>7189.8565509000555</DistanceMeters>
    </Trackpoint>
    <Trackpoint>
     <Time>2026-04-10T14:12:21+00:00</Time>
     <Position>
      <LatitudeDegrees>43.9007900</LatitudeDegrees>
      <LongitudeDegrees>4.8051200</LongitudeDegrees>
     </Position>
     <AltitudeMeters>20.98</AltitudeMeters>
     <DistanceMeters>7196.954442470849</DistanceMeters>
    </Trackpoint>
    <Trackpoint>
     <Time>2026-04-10T14:12:28+00:00</Time>
     <Position>
      <LatitudeDegrees>43.9006500</LatitudeDegrees>
      <LongitudeDegrees>4.8049900</LongitudeDegrees>
     </Position>
     <AltitudeMeters>20.970000000000002</AltitudeMeters>
     <DistanceMeters>7215.701790781326</DistanceMeters>
    </Trackpoint>
    <Trackpoint>
     <Time>2026-04-10T14:12:34+00:00</Time>
     <Position>
      <LatitudeDegrees>43.9002900</LatitudeDegrees>
      <LongitudeDegrees>4.8044100</LongitudeDegrees>
     </Position>
     <AltitudeMeters>21.28</AltitudeMeters>
     <DistanceMeters>7277.091631249716</DistanceMeters>
    </Trackpoint>
    <Trackpoint>
     <Time>2026-04-10T14:12:41+00:00</Time>
     <Position>
      <LatitudeDegrees>43.8996900</LatitudeDegrees>
      <LongitudeDegrees>4.8035000</LongitudeDegrees>
     </Position>
     <AltitudeMeters>20.93</AltitudeMeters>
     <DistanceMeters>7376.009927384352</DistanceMeters>
    </Trackpoint>
    <Trackpoint>
     <Time>2026-04-10T14:12:47+00:00</Time>
     <Position>
      <LatitudeDegrees>43.8996200</LatitudeDegrees>
      <LongitudeDegrees>4.8033700</LongitudeDegrees>
     </Position>
     <AltitudeMeters>20.950000000000003</AltitudeMeters>
     <DistanceMeters>7389.024613375728</DistanceMeters>
    </Trackpoint>
    <Trackpoint>
     <Time>2026-04-10T14:12:54+00:00</Time>
     <Position>
      <LatitudeDegrees>43.8992600</LatitudeDegrees>
      <LongitudeDegrees>4.8033800</LongitudeDegrees>
     </Position>
     <AltitudeMeters>21.43</AltitudeMeters>
     <DistanceMeters>7429.099082882689</DistanceMeters>
    </Trackpoint>
    <Trackpoint>
     <Time>2026-04-10T14:13:00+00:00</Time>
     <Position>
      <LatitudeDegrees>43.8987700</LatitudeDegrees>
      <LongitudeDegrees>4.8033500</LongitudeDegrees>
     </Position>
     <AltitudeMeters>21.78</AltitudeMeters>
     <DistanceMeters>7483.687008742569</DistanceMeters>
    </Trackpoint>
    <Trackpoint>
     <Time>2026-04-10T14:13:07+00:00</Time>
     <Position>
      <LatitudeDegrees>43.8985700</LatitudeDegrees>
      <LongitudeDegrees>4.8033000</LongitudeDegrees>
     </Position>
     <AltitudeMeters>22.45</AltitudeMeters>
     <DistanceMeters>7506.304427545592</DistanceMeters>
    </Trackpoint>
    <Trackpoint>
     <Time>2026-04-10T14:13:14+00:00</Time>
     <Position>
      <LatitudeDegrees>43.8983700</LatitudeDegrees>
      <LongitudeDegrees>4.8031700</LongitudeDegrees>
     </Position>
     <AltitudeMeters>22.78</AltitudeMeters>
     <DistanceMeters>7530.8841049187395</DistanceMeters>
    </Trackpoint>
    <Trackpoint>
     <Time>2026-04-10T14:13:20+00:00</Time>
     <Position>
      <LatitudeDegrees>43.8982400</LatitudeDegrees>
      <LongitudeDegrees>4.8031800</LongitudeDegrees>
     </Position>
     <AltitudeMeters>22.78</AltitudeMeters>
     <DistanceMeters>7545.374752097096</DistanceMeters>
    </Trackpoint>
    <Trackpoint>
     <Time>2026-04-10T14:13:27+00:00</Time>
     <Position>
      <LatitudeDegrees>43.8979100</LatitudeDegrees>
      <LongitudeDegrees>4.8031300</LongitudeDegrees>
     </Position>
     <AltitudeMeters>23.03</AltitudeMeters>
     <DistanceMeters>7582.320570966185</DistanceMeters>
    </Trackpoint>
    <Trackpoint>
     <Time>2026-04-10T14:13:33+00:00</Time>
     <Position>
      <LatitudeDegrees>43.8977800</LatitudeDegrees>
      <LongitudeDegrees>4.8030900</LongitudeDegrees>
     </Position>
     <AltitudeMeters>23.19</AltitudeMeters>
     <DistanceMeters>7597.140362955082</DistanceMeters>
    </Trackpoint>
    <Trackpoint>
     <Time>2026-04-10T14:13:40+00:00</Time>
     <Position>
      <LatitudeDegrees>43.8978300</LatitudeDegrees>
      <LongitudeDegrees>4.8028100</LongitudeDegrees>
     </Position>
     <AltitudeMeters>23.540000000000003</AltitudeMeters>
     <DistanceMeters>7620.274824684861</DistanceMeters>
    </Trackpoint>
    <Trackpoint>
     <Time>2026-04-10T14:13:46+00:00</Time>
     <Position>
      <LatitudeDegrees>43.8976400</LatitudeDegrees>
      <LongitudeDegrees>4.8026800</LongitudeDegrees>
     </Position>
     <AltitudeMeters>23.540000000000003</AltitudeMeters>
     <DistanceMeters>7643.8514016834815</DistanceMeters>
    </Trackpoint>
    <Trackpoint>
     <Time>2026-04-10T14:13:53+00:00</Time>
     <Position>
      <LatitudeDegrees>43.8973700</LatitudeDegrees>
      <LongitudeDegrees>4.8024500</LongitudeDegrees>
     </Position>
     <AltitudeMeters>23.540000000000003</AltitudeMeters>
     <DistanceMeters>7679.110824873273</DistanceMeters>
    </Trackpoint>
    <Trackpoint>
     <Time>2026-04-10T14:13:59+00:00</Time>
     <Position>
      <LatitudeDegrees>43.8969700</LatitudeDegrees>
      <LongitudeDegrees>4.8019800</LongitudeDegrees>
     </Position>
     <AltitudeMeters>22.56</AltitudeMeters>
     <DistanceMeters>7737.443016782514</DistanceMeters>
    </Trackpoint>
    <Trackpoint>
     <Time>2026-04-10T14:14:06+00:00</Time>
     <Position>
      <LatitudeDegrees>43.8967700</LatitudeDegrees>
      <LongitudeDegrees>4.8018000</LongitudeDegrees>
     </Position>
     <AltitudeMeters>22.56</AltitudeMeters>
     <DistanceMeters>7763.973360276972</DistanceMeters>
    </Trackpoint>
    <Trackpoint>
     <Time>2026-04-10T14:14:12+00:00</Time>
     <Position>
      <LatitudeDegrees>43.8965500</LatitudeDegrees>
      <LongitudeDegrees>4.8016700</LongitudeDegrees>
     </Position>
     <AltitudeMeters>22.140000000000004</AltitudeMeters>
     <DistanceMeters>7790.585681958502</DistanceMeters>
    </Trackpoint>
    <Trackpoint>
     <Time>2026-04-10T14:14:19+00:00</Time>
     <Position>
      <LatitudeDegrees>43.8963400</LatitudeDegrees>
      <LongitudeDegrees>4.8015700</LongitudeDegrees>
     </Position>
     <AltitudeMeters>22.140000000000004</AltitudeMeters>
     <DistanceMeters>7815.29546816415</DistanceMeters>
    </Trackpoint>
    <Trackpoint>
     <Time>2026-04-10T14:14:26+00:00</Time>
     <Position>
      <LatitudeDegrees>43.8962400</LatitudeDegrees>
      <LongitudeDegrees>4.8016100</LongitudeDegrees>
     </Position>
     <AltitudeMeters>22.140000000000004</AltitudeMeters>
     <DistanceMeters>7826.878142598828</DistanceMeters>
    </Trackpoint>
    <Trackpoint>
     <Time>2026-04-10T14:14:32+00:00</Time>
     <Position>
      <LatitudeDegrees>43.8961100</LatitudeDegrees>
      <LongitudeDegrees>4.8016900</LongitudeDegrees>
     </Position>
     <AltitudeMeters>22.140000000000004</AltitudeMeters>
     <DistanceMeters>7842.705338321295</DistanceMeters>
    </Trackpoint>
    <Trackpoint>
     <Time>2026-04-10T14:14:39+00:00</Time>
     <Position>
      <LatitudeDegrees>43.8954800</LatitudeDegrees>
      <LongitudeDegrees>4.8023800</LongitudeDegrees>
     </Position>
     <AltitudeMeters>22.73</AltitudeMeters>
     <DistanceMeters>7932.02822577575</DistanceMeters>
    </Trackpoint>
    <Trackpoint>
     <Time>2026-04-10T14:14:45+00:00</Time>
     <Position>
      <LatitudeDegrees>43.8953200</LatitudeDegrees>
      <LongitudeDegrees>4.8025300</LongitudeDegrees>
     </Position>
     <AltitudeMeters>22.73</AltitudeMeters>
     <DistanceMeters>7953.518285414618</DistanceMeters>
    </Trackpoint>
    <Trackpoint>
     <Time>2026-04-10T14:14:52+00:00</Time>
     <Position>
      <LatitudeDegrees>43.8952000</LatitudeDegrees>
      <LongitudeDegrees>4.8026000</LongitudeDegrees>
     </Position>
     <AltitudeMeters>22.73</AltitudeMeters>
     <DistanceMeters>7968.005740751913</DistanceMeters>
    </Trackpoint>
    <Trackpoint>
     <Time>2026-04-10T14:14:58+00:00</Time>
     <Position>
      <LatitudeDegrees>43.8949700</LatitudeDegrees>
      <LongitudeDegrees>4.8031850</LongitudeDegrees>
     </Position>
     <AltitudeMeters>22.73</AltitudeMeters>
     <DistanceMeters>8021.45212803489</DistanceMeters>
    </Trackpoint>
    <Trackpoint>
     <Time>2026-04-10T14:15:05+00:00</Time>
     <Position>
      <LatitudeDegrees>43.8947400</LatitudeDegrees>
      <LongitudeDegrees>4.8037700</LongitudeDegrees>
     </Position>
     <AltitudeMeters>22.73</AltitudeMeters>
     <DistanceMeters>8074.898541626284</DistanceMeters>
    </Trackpoint>
    <Trackpoint>
     <Time>2026-04-10T14:15:11+00:00</Time>
     <Position>
      <LatitudeDegrees>43.8945100</LatitudeDegrees>
      <LongitudeDegrees>4.8041900</LongitudeDegrees>
     </Position>
     <AltitudeMeters>22.73</AltitudeMeters>
     <DistanceMeters>8117.205884124868</DistanceMeters>
    </Trackpoint>
    <Trackpoint>
     <Time>2026-04-10T14:15:18+00:00</Time>
     <Position>
      <LatitudeDegrees>43.8943600</LatitudeDegrees>
      <LongitudeDegrees>4.8044000</LongitudeDegrees>
     </Position>
     <AltitudeMeters>22.73</AltitudeMeters>
     <DistanceMeters>8140.920152446809</DistanceMeters>
    </Trackpoint>
    <Trackpoint>
     <Time>2026-04-10T14:15:24+00:00</Time>
     <Position>
      <LatitudeDegrees>43.8937200</LatitudeDegrees>
      <LongitudeDegrees>4.8051580</LongitudeDegrees>
     </Position>
     <AltitudeMeters>22.73</AltitudeMeters>
     <DistanceMeters>8234.56623528619</DistanceMeters>
    </Trackpoint>
    <Trackpoint>
     <Time>2026-04-10T14:15:31+00:00</Time>
     <Position>
      <LatitudeDegrees>43.8930800</LatitudeDegrees>
      <LongitudeDegrees>4.8059160</LongitudeDegrees>
     </Position>
     <AltitudeMeters>22.73</AltitudeMeters>
     <DistanceMeters>8328.212318125268</DistanceMeters>
    </Trackpoint>
    <Trackpoint>
     <Time>2026-04-10T14:15:38+00:00</Time>
     <Position>
      <LatitudeDegrees>43.8924400</LatitudeDegrees>
      <LongitudeDegrees>4.8066740</LongitudeDegrees>
     </Position>
     <AltitudeMeters>23.42</AltitudeMeters>
     <DistanceMeters>8421.858400963365</DistanceMeters>
    </Trackpoint>
    <Trackpoint>
     <Time>2026-04-10T14:15:44+00:00</Time>
     <Position>
      <LatitudeDegrees>43.8918000</LatitudeDegrees>
      <LongitudeDegrees>4.8074320</LongitudeDegrees>
     </Position>
     <AltitudeMeters>23.42</AltitudeMeters>
     <DistanceMeters>8515.504483803543</DistanceMeters>
    </Trackpoint>
    <Trackpoint>
     <Time>2026-04-10T14:15:51+00:00</Time>
     <Position>
      <LatitudeDegrees>43.8911600</LatitudeDegrees>
      <LongitudeDegrees>4.8081900</LongitudeDegrees>
     </Position>
     <AltitudeMeters>23.42</AltitudeMeters>
     <DistanceMeters>8609.150571517077</DistanceMeters>
    </Trackpoint>
    <Trackpoint>
     <Time>2026-04-10T14:15:57+00:00</Time>
     <Position>
      <LatitudeDegrees>43.8908300</LatitudeDegrees>
      <LongitudeDegrees>4.8086600</LongitudeDegrees>
     </Position>
     <AltitudeMeters>23.42</AltitudeMeters>
     <DistanceMeters>8661.781146980129</DistanceMeters>
    </Trackpoint>
    <Trackpoint>
     <Time>2026-04-10T14:16:04+00:00</Time>
     <Position>
      <LatitudeDegrees>43.8906000</LatitudeDegrees>
      <LongitudeDegrees>4.8090200</LongitudeDegrees>
     </Position>
     <AltitudeMeters>23.42</AltitudeMeters>
     <DistanceMeters>8700.368583145342</DistanceMeters>
    </Trackpoint>
    <Trackpoint>
     <Time>2026-04-10T14:16:10+00:00</Time>
     <Position>
      <LatitudeDegrees>43.8902200</LatitudeDegrees>
      <LongitudeDegrees>4.8096800</LongitudeDegrees>
     </Position>
     <AltitudeMeters>24.91</AltitudeMeters>
     <DistanceMeters>8768.125312818873</DistanceMeters>
    </Trackpoint>
    <Trackpoint>
     <Time>2026-04-10T14:16:17+00:00</Time>
     <Position>
      <LatitudeDegrees>43.8898400</LatitudeDegrees>
      <LongitudeDegrees>4.8103400</LongitudeDegrees>
     </Position>
     <AltitudeMeters>24.950000000000003</AltitudeMeters>
     <DistanceMeters>8835.882042492643</DistanceMeters>
    </Trackpoint>
    <Trackpoint>
     <Time>2026-04-10T14:16:23+00:00</Time>
     <Position>
      <LatitudeDegrees>43.8894600</LatitudeDegrees>
      <LongitudeDegrees>4.8110000</LongitudeDegrees>
     </Position>
     <AltitudeMeters>25.39</AltitudeMeters>
     <DistanceMeters>8903.638783617102</DistanceMeters>
    </Trackpoint>
    <Trackpoint>
     <Time>2026-04-10T14:16:30+00:00</Time>
     <Position>
      <LatitudeDegrees>43.8894400</LatitudeDegrees>
      <LongitudeDegrees>4.8108200</LongitudeDegrees>
     </Position>
     <AltitudeMeters>25.39</AltitudeMeters>
     <DistanceMeters>8918.246884848297</DistanceMeters>
    </Trackpoint>
    <Trackpoint>
     <Time>2026-04-10T14:16:36+00:00</Time>
     <Position>
      <LatitudeDegrees>43.8892000</LatitudeDegrees>
      <LongitudeDegrees>4.8112100</LongitudeDegrees>
     </Position>
     <AltitudeMeters>25.39</AltitudeMeters>
     <DistanceMeters>8959.380798848062</DistanceMeters>
    </Trackpoint>
    <Trackpoint>
     <Time>2026-04-10T14:16:43+00:00</Time>
     <Position>
      <LatitudeDegrees>43.8889400</LatitudeDegrees>
      <LongitudeDegrees>4.8115300</LongitudeDegrees>
     </Position>
     <AltitudeMeters>25.39</AltitudeMeters>
     <DistanceMeters>8998.060647225298</DistanceMeters>
    </Trackpoint>
    <Trackpoint>
     <Time>2026-04-10T14:16:49+00:00</Time>
     <Position>
      <LatitudeDegrees>43.8887200</LatitudeDegrees>
      <LongitudeDegrees>4.8117600</LongitudeDegrees>
     </Position>
     <AltitudeMeters>23.91</AltitudeMeters>
     <DistanceMeters>9028.71764019667</DistanceMeters>
    </Trackpoint>
    <Trackpoint>
     <Time>2026-04-10T14:16:56+00:00</Time>
     <Position>
      <LatitudeDegrees>43.8881400</LatitudeDegrees>
      <LongitudeDegrees>4.8123000</LongitudeDegrees>
     </Position>
     <AltitudeMeters>23.91</AltitudeMeters>
     <DistanceMeters>9106.453970268729</DistanceMeters>
    </Trackpoint>
    <Trackpoint>
     <Time>2026-04-10T14:17:03+00:00</Time>
     <Position>
      <LatitudeDegrees>43.8878400</LatitudeDegrees>
      <LongitudeDegrees>4.8126300</LongitudeDegrees>
     </Position>
     <AltitudeMeters>23.91</AltitudeMeters>
     <DistanceMeters>9149.06190824282</DistanceMeters>
    </Trackpoint>
    <Trackpoint>
     <Time>2026-04-10T14:17:09+00:00</Time>
     <Position>
      <LatitudeDegrees>43.8876700</LatitudeDegrees>
      <LongitudeDegrees>4.8129300</LongitudeDegrees>
     </Position>
     <AltitudeMeters>23.91</AltitudeMeters>
     <DistanceMeters>9179.672605122818</DistanceMeters>
    </Trackpoint>
    <Trackpoint>
     <Time>2026-04-10T14:17:16+00:00</Time>
     <Position>
      <LatitudeDegrees>43.8875600</LatitudeDegrees>
      <LongitudeDegrees>4.8133000</LongitudeDegrees>
     </Position>
     <AltitudeMeters>22.04</AltitudeMeters>
     <DistanceMeters>9211.776579482106</DistanceMeters>
    </Trackpoint>
    <Trackpoint>
     <Time>2026-04-10T14:17:22+00:00</Time>
     <Position>
      <LatitudeDegrees>43.8874600</LatitudeDegrees>
      <LongitudeDegrees>4.8137500</LongitudeDegrees>
     </Position>
     <AltitudeMeters>22.04</AltitudeMeters>
     <DistanceMeters>9249.548450137636</DistanceMeters>
    </Trackpoint>
    <Trackpoint>
     <Time>2026-04-10T14:17:29+00:00</Time>
     <Position>
      <LatitudeDegrees>43.8871500</LatitudeDegrees>
      <LongitudeDegrees>4.8147300</LongitudeDegrees>
     </Position>
     <AltitudeMeters>21.740000000000002</AltitudeMeters>
     <DistanceMeters>9335.394097758917</DistanceMeters>
    </Trackpoint>
    <Trackpoint>
     <Time>2026-04-10T14:17:35+00:00</Time>
     <Position>
      <LatitudeDegrees>43.8868400</LatitudeDegrees>
      <LongitudeDegrees>4.8157100</LongitudeDegrees>
     </Position>
     <AltitudeMeters>21.740000000000002</AltitudeMeters>
     <DistanceMeters>9421.239711663919</DistanceMeters>
    </Trackpoint>
    <Trackpoint>
     <Time>2026-04-10T14:17:42+00:00</Time>
     <Position>
      <LatitudeDegrees>43.8862400</LatitudeDegrees>
      <LongitudeDegrees>4.8148900</LongitudeDegrees>
     </Position>
     <AltitudeMeters>22.89</AltitudeMeters>
     <DistanceMeters>9514.970487091237</DistanceMeters>
    </Trackpoint>
    <Trackpoint>
     <Time>2026-04-10T14:17:48+00:00</Time>
     <Position>
      <LatitudeDegrees>43.8859100</LatitudeDegrees>
      <LongitudeDegrees>4.8143200</LongitudeDegrees>
     </Position>
     <AltitudeMeters>22.89</AltitudeMeters>
     <DistanceMeters>9573.616552133915</DistanceMeters>
    </Trackpoint>
    <Trackpoint>
     <Time>2026-04-10T14:17:55+00:00</Time>
     <Position>
      <LatitudeDegrees>43.8858400</LatitudeDegrees>
      <LongitudeDegrees>4.8142600</LongitudeDegrees>
     </Position>
     <AltitudeMeters>22.89</AltitudeMeters>
     <DistanceMeters>9582.773951503776</DistanceMeters>
    </Trackpoint>
    <Trackpoint>
     <Time>2026-04-10T14:18:01+00:00</Time>
     <Position>
      <LatitudeDegrees>43.8850500</LatitudeDegrees>
      <LongitudeDegrees>4.8144100</LongitudeDegrees>
     </Position>
     <AltitudeMeters>22.62</AltitudeMeters>
     <DistanceMeters>9671.516995825366</DistanceMeters>
    </Trackpoint>
    <Trackpoint>
     <Time>2026-04-10T14:18:08+00:00</Time>
     <Position>
      <LatitudeDegrees>43.8845200</LatitudeDegrees>
      <LongitudeDegrees>4.8145400</LongitudeDegrees>
     </Position>
     <AltitudeMeters>22.62</AltitudeMeters>
     <DistanceMeters>9731.41835925107</DistanceMeters>
    </Trackpoint>
    <Trackpoint>
     <Time>2026-04-10T14:18:15+00:00</Time>
     <Position>
      <LatitudeDegrees>43.8844700</LatitudeDegrees>
      <LongitudeDegrees>4.8135500</LongitudeDegrees>
     </Position>
     <AltitudeMeters>21.980000000000004</AltitudeMeters>
     <DistanceMeters>9811.026049327487</DistanceMeters>
    </Trackpoint>
    <Trackpoint>
     <Time>2026-04-10T14:18:21+00:00</Time>
     <Position>
      <LatitudeDegrees>43.8838400</LatitudeDegrees>
      <LongitudeDegrees>4.8138633</LongitudeDegrees>
     </Position>
     <AltitudeMeters>21.980000000000004</AltitudeMeters>
     <DistanceMeters>9885.511180383985</DistanceMeters>
    </Trackpoint>
    <Trackpoint>
     <Time>2026-04-10T14:18:28+00:00</Time>
     <Position>
      <LatitudeDegrees>43.8832100</LatitudeDegrees>
      <LongitudeDegrees>4.8141767</LongitudeDegrees>
     </Position>
     <AltitudeMeters>21.980000000000004</AltitudeMeters>
     <DistanceMeters>9959.996311442228</DistanceMeters>
    </Trackpoint>
    <Trackpoint>
     <Time>2026-04-10T14:18:34+00:00</Time>
     <Position>
      <LatitudeDegrees>43.8825800</LatitudeDegrees>
      <LongitudeDegrees>4.8144900</LongitudeDegrees>
     </Position>
     <AltitudeMeters>23.680000000000003</AltitudeMeters>
     <DistanceMeters>10034.48143405843</DistanceMeters>
    </Trackpoint>
    <Trackpoint>
     <Time>2026-04-10T14:18:41+00:00</Time>
     <Position>
      <LatitudeDegrees>43.8825200</LatitudeDegrees>
      <LongitudeDegrees>4.8144900</LongitudeDegrees>
     </Position>
     <AltitudeMeters>23.680000000000003</AltitudeMeters>
     <DistanceMeters>10041.159174824628</DistanceMeters>
    </Trackpoint>
    <Trackpoint>
     <Time>2026-04-10T14:18:47+00:00</Time>
     <Position>
      <LatitudeDegrees>43.8824100</LatitudeDegrees>
      <LongitudeDegrees>4.8143100</LongitudeDegrees>
     </Position>
     <AltitudeMeters>23.680000000000003</AltitudeMeters>
     <DistanceMeters>10060.089843907152</DistanceMeters>
    </Trackpoint>
    <Trackpoint>
     <Time>2026-04-10T14:18:54+00:00</Time>
     <Position>
      <LatitudeDegrees>43.8823400</LatitudeDegrees>
      <LongitudeDegrees>4.8143000</LongitudeDegrees>
     </Position>
     <AltitudeMeters>23.680000000000003</AltitudeMeters>
     <DistanceMeters>10067.921731329941</DistanceMeters>
    </Trackpoint>
    <Trackpoint>
     <Time>2026-04-10T14:19:00+00:00</Time>
     <Position>
      <LatitudeDegrees>43.8820000</LatitudeDegrees>
      <LongitudeDegrees>4.8144200</LongitudeDegrees>
     </Position>
     <AltitudeMeters>23.680000000000003</AltitudeMeters>
     <DistanceMeters>10106.967464661844</DistanceMeters>
    </Trackpoint>
    <Trackpoint>
     <Time>2026-04-10T14:19:07+00:00</Time>
     <Position>
      <LatitudeDegrees>43.8816700</LatitudeDegrees>
      <LongitudeDegrees>4.8146000</LongitudeDegrees>
     </Position>
     <AltitudeMeters>23.680000000000003</AltitudeMeters>
     <DistanceMeters>10146.43149812469</DistanceMeters>
    </Trackpoint>
    <Trackpoint>
     <Time>2026-04-10T14:19:13+00:00</Time>
     <Position>
      <LatitudeDegrees>43.8811950</LatitudeDegrees>
      <LongitudeDegrees>4.8150450</LongitudeDegrees>
     </Position>
     <AltitudeMeters>23.680000000000003</AltitudeMeters>
     <DistanceMeters>10210.220852496941</DistanceMeters>
    </Trackpoint>
    <Trackpoint>
     <Time>2026-04-10T14:19:20+00:00</Time>
     <Position>
      <LatitudeDegrees>43.8807200</LatitudeDegrees>
      <LongitudeDegrees>4.8154900</LongitudeDegrees>
     </Position>
     <AltitudeMeters>23.680000000000003</AltitudeMeters>
     <DistanceMeters>10274.010200598355</DistanceMeters>
    </Trackpoint>
    <Trackpoint>
     <Time>2026-04-10T14:19:27+00:00</Time>
     <Position>
      <LatitudeDegrees>43.8806400</LatitudeDegrees>
      <LongitudeDegrees>4.8156200</LongitudeDegrees>
     </Position>
     <AltitudeMeters>23.680000000000003</AltitudeMeters>
     <DistanceMeters>10287.72265547811</DistanceMeters>
    </Trackpoint>
    <Trackpoint>
     <Time>2026-04-10T14:19:33+00:00</Time>
     <Position>
      <LatitudeDegrees>43.8805400</LatitudeDegrees>
      <LongitudeDegrees>4.8160400</LongitudeDegrees>
     </Position>
     <AltitudeMeters>23.680000000000003</AltitudeMeters>
     <DistanceMeters>10323.205826404122</DistanceMeters>
    </Trackpoint>
    <Trackpoint>
     <Time>2026-04-10T14:19:40+00:00</Time>
     <Position>
      <LatitudeDegrees>43.8804700</LatitudeDegrees>
      <LongitudeDegrees>4.8161500</LongitudeDegrees>
     </Position>
     <AltitudeMeters>23.680000000000003</AltitudeMeters>
     <DistanceMeters>10334.977079697674</DistanceMeters>
    </Trackpoint>
    <Trackpoint>
     <Time>2026-04-10T14:19:46+00:00</Time>
     <Position>
      <LatitudeDegrees>43.8803900</LatitudeDegrees>
      <LongitudeDegrees>4.8162000</LongitudeDegrees>
     </Position>
     <AltitudeMeters>23.680000000000003</AltitudeMeters>
     <DistanceMeters>10344.742499018927</DistanceMeters>
    </Trackpoint>
    <Trackpoint>
     <Time>2026-04-10T14:19:53+00:00</Time>
     <Position>
      <LatitudeDegrees>43.8797950</LatitudeDegrees>
      <LongitudeDegrees>4.8163350</LongitudeDegrees>
     </Position>
     <AltitudeMeters>22.740000000000002</AltitudeMeters>
     <DistanceMeters>10411.843160312997</DistanceMeters>
    </Trackpoint>
    <Trackpoint>
     <Time>2026-04-10T14:19:59+00:00</Time>
     <Position>
      <LatitudeDegrees>43.8792000</LatitudeDegrees>
      <LongitudeDegrees>4.8164700</LongitudeDegrees>
     </Position>
     <AltitudeMeters>22.740000000000002</AltitudeMeters>
     <DistanceMeters>10478.943811548017</DistanceMeters>
    </Trackpoint>
    <Trackpoint>
     <Time>2026-04-10T14:20:06+00:00</Time>
     <Position>
      <LatitudeDegrees>43.8788100</LatitudeDegrees>
      <LongitudeDegrees>4.8166000</LongitudeDegrees>
     </Position>
     <AltitudeMeters>22.740000000000002</AltitudeMeters>
     <DistanceMeters>10523.584419090523</DistanceMeters>
    </Trackpoint>
    <Trackpoint>
     <Time>2026-04-10T14:20:12+00:00</Time>
     <Position>
      <LatitudeDegrees>43.8790500</LatitudeDegrees>
      <LongitudeDegrees>4.8169600</LongitudeDegrees>
     </Position>
     <AltitudeMeters>22.76</AltitudeMeters>
     <DistanceMeters>10562.92317601155</DistanceMeters>
    </Trackpoint>
    <Trackpoint>
     <Time>2026-04-10T14:20:19+00:00</Time>
     <Position>
      <LatitudeDegrees>43.8789700</LatitudeDegrees>
      <LongitudeDegrees>4.8170100</LongitudeDegrees>
     </Position>
     <AltitudeMeters>22.76</AltitudeMeters>
     <DistanceMeters>10572.68863459878</DistanceMeters>
    </Trackpoint>
    <Trackpoint>
     <Time>2026-04-10T14:20:25+00:00</Time>
     <Position>
      <LatitudeDegrees>43.8785150</LatitudeDegrees>
      <LongitudeDegrees>4.8171000</LongitudeDegrees>
     </Position>
     <AltitudeMeters>22.76</AltitudeMeters>
     <DistanceMeters>10623.840296736114</DistanceMeters>
    </Trackpoint>
    <Trackpoint>
     <Time>2026-04-10T14:20:32+00:00</Time>
     <Position>
      <LatitudeDegrees>43.8780600</LatitudeDegrees>
      <LongitudeDegrees>4.8171900</LongitudeDegrees>
     </Position>
     <AltitudeMeters>22.76</AltitudeMeters>
     <DistanceMeters>10674.99194901501</DistanceMeters>
    </Trackpoint>
    <Trackpoint>
     <Time>2026-04-10T14:20:39+00:00</Time>
     <Position>
      <LatitudeDegrees>43.8775900</LatitudeDegrees>
      <LongitudeDegrees>4.8172300</LongitudeDegrees>
     </Position>
     <AltitudeMeters>22.76</AltitudeMeters>
     <DistanceMeters>10727.399254992708</DistanceMeters>
    </Trackpoint>
    <Trackpoint>
     <Time>2026-04-10T14:20:45+00:00</Time>
     <Position>
      <LatitudeDegrees>43.8771000</LatitudeDegrees>
      <LongitudeDegrees>4.8173100</LongitudeDegrees>
     </Position>
     <AltitudeMeters>22.76</AltitudeMeters>
     <DistanceMeters>10782.310491604652</DistanceMeters>
    </Trackpoint>
    <Trackpoint>
     <Time>2026-04-10T14:20:52+00:00</Time>
     <Position>
      <LatitudeDegrees>43.8769500</LatitudeDegrees>
      <LongitudeDegrees>4.8173600</LongitudeDegrees>
     </Position>
     <AltitudeMeters>22.76</AltitudeMeters>
     <DistanceMeters>10799.479987184528</DistanceMeters>
    </Trackpoint>
    <Trackpoint>
     <Time>2026-04-10T14:20:58+00:00</Time>
     <Position>
      <LatitudeDegrees>43.8767400</LatitudeDegrees>
      <LongitudeDegrees>4.8175200</LongitudeDegrees>
     </Position>
     <AltitudeMeters>22.76</AltitudeMeters>
     <DistanceMeters>10826.144932027426</DistanceMeters>
    </Trackpoint>
    <Trackpoint>
     <Time>2026-04-10T14:21:05+00:00</Time>
     <Position>
      <LatitudeDegrees>43.8765400</LatitudeDegrees>
      <LongitudeDegrees>4.8177300</LongitudeDegrees>
     </Position>
     <AltitudeMeters>22.76</AltitudeMeters>
     <DistanceMeters>10854.060945259938</DistanceMeters>
    </Trackpoint>
    <Trackpoint>
     <Time>2026-04-10T14:21:11+00:00</Time>
     <Position>
      <LatitudeDegrees>43.8763600</LatitudeDegrees>
      <LongitudeDegrees>4.8178400</LongitudeDegrees>
     </Position>
     <AltitudeMeters>22.76</AltitudeMeters>
     <DistanceMeters>10875.951765952965</DistanceMeters>
    </Trackpoint>
    <Trackpoint>
     <Time>2026-04-10T14:21:18+00:00</Time>
     <Position>
      <LatitudeDegrees>43.8761100</LatitudeDegrees>
      <LongitudeDegrees>4.8179400</LongitudeDegrees>
     </Position>
     <AltitudeMeters>24.020000000000003</AltitudeMeters>
     <DistanceMeters>10904.909200113678</DistanceMeters>
    </Trackpoint>
    <Trackpoint>
     <Time>2026-04-10T14:21:24+00:00</Time>
     <Position>
      <LatitudeDegrees>43.8757400</LatitudeDegrees>
      <LongitudeDegrees>4.8180400</LongitudeDegrees>
     </Position>
     <AltitudeMeters>24.020000000000003</AltitudeMeters>
     <DistanceMeters>10946.862820286175</DistanceMeters>
    </Trackpoint>
    <Trackpoint>
     <Time>2026-04-10T14:21:31+00:00</Time>
     <Position>
      <LatitudeDegrees>43.8751850</LatitudeDegrees>
      <LongitudeDegrees>4.8181600</LongitudeDegrees>
     </Position>
     <AltitudeMeters>24.020000000000003</AltitudeMeters>
     <DistanceMeters>11009.377676900556</DistanceMeters>
    </Trackpoint>
    <Trackpoint>
     <Time>2026-04-10T14:21:37+00:00</Time>
     <Position>
      <LatitudeDegrees>43.8746300</LatitudeDegrees>
      <LongitudeDegrees>4.8182800</LongitudeDegrees>
     </Position>
     <AltitudeMeters>24.020000000000003</AltitudeMeters>
     <DistanceMeters>11071.892532047137</DistanceMeters>
    </Trackpoint>
    <Trackpoint>
     <Time>2026-04-10T14:21:44+00:00</Time>
     <Position>
      <LatitudeDegrees>43.8737700</LatitudeDegrees>
      <LongitudeDegrees>4.8184900</LongitudeDegrees>
     </Position>
     <AltitudeMeters>24.020000000000003</AltitudeMeters>
     <DistanceMeters>11169.078344447893</DistanceMeters>
    </Trackpoint>
    <Trackpoint>
     <Time>2026-04-10T14:21:51+00:00</Time>
     <Position>
      <LatitudeDegrees>43.8735700</LatitudeDegrees>
      <LongitudeDegrees>4.8185600</LongitudeDegrees>
     </Position>
     <AltitudeMeters>24.020000000000003</AltitudeMeters>
     <DistanceMeters>11192.03503103776</DistanceMeters>
    </Trackpoint>
    <Trackpoint>
     <Time>2026-04-10T14:21:57+00:00</Time>
     <Position>
      <LatitudeDegrees>43.8736000</LatitudeDegrees>
      <LongitudeDegrees>4.8186900</LongitudeDegrees>
     </Position>
     <AltitudeMeters>24.020000000000003</AltitudeMeters>
     <DistanceMeters>11202.986301090072</DistanceMeters>
    </Trackpoint>
    <Trackpoint>
     <Time>2026-04-10T14:22:04+00:00</Time>
     <Position>
      <LatitudeDegrees>43.8731300</LatitudeDegrees>
      <LongitudeDegrees>4.8188100</LongitudeDegrees>
     </Position>
     <AltitudeMeters>24.020000000000003</AltitudeMeters>
     <DistanceMeters>11256.17388580168</DistanceMeters>
    </Trackpoint>
    <Trackpoint>
     <Time>2026-04-10T14:22:10+00:00</Time>
     <Position>
      <LatitudeDegrees>43.8725150</LatitudeDegrees>
      <LongitudeDegrees>4.8188200</LongitudeDegrees>
     </Position>
     <AltitudeMeters>24.020000000000003</AltitudeMeters>
     <DistanceMeters>11324.625419113727</DistanceMeters>
    </Trackpoint>
    <Trackpoint>
     <Time>2026-04-10T14:22:17+00:00</Time>
     <Position>
      <LatitudeDegrees>43.8719000</LatitudeDegrees>
      <LongitudeDegrees>4.8188300</LongitudeDegrees>
     </Position>
     <AltitudeMeters>24.23</AltitudeMeters>
     <DistanceMeters>11393.076975643999</DistanceMeters>
    </Trackpoint>
    <Trackpoint>
     <Time>2026-04-10T14:22:23+00:00</Time>
     <Position>
      <LatitudeDegrees>43.8713400</LatitudeDegrees>
      <LongitudeDegrees>4.8189400</LongitudeDegrees>
     </Position>
     <AltitudeMeters>24.23</AltitudeMeters>
     <DistanceMeters>11456.02432382429</DistanceMeters>
    </Trackpoint>
    <Trackpoint>
     <Time>2026-04-10T14:22:30+00:00</Time>
     <Position>
      <LatitudeDegrees>43.8707800</LatitudeDegrees>
      <LongitudeDegrees>4.8190000</LongitudeDegrees>
     </Position>
     <AltitudeMeters>24.23</AltitudeMeters>
     <DistanceMeters>11518.535542810623</DistanceMeters>
    </Trackpoint>
    <Trackpoint>
     <Time>2026-04-10T14:22:36+00:00</Time>
     <Position>
      <LatitudeDegrees>43.8705800</LatitudeDegrees>
      <LongitudeDegrees>4.8190500</LongitudeDegrees>
     </Position>
     <AltitudeMeters>24.23</AltitudeMeters>
     <DistanceMeters>11541.153295786698</DistanceMeters>
    </Trackpoint>
    <Trackpoint>
     <Time>2026-04-10T14:22:43+00:00</Time>
     <Position>
      <LatitudeDegrees>43.8698500</LatitudeDegrees>
      <LongitudeDegrees>4.8194350</LongitudeDegrees>
     </Position>
     <AltitudeMeters>22.820000000000004</AltitudeMeters>
     <DistanceMeters>11628.073393996614</DistanceMeters>
    </Trackpoint>
    <Trackpoint>
     <Time>2026-04-10T14:22:49+00:00</Time>
     <Position>
      <LatitudeDegrees>43.8691200</LatitudeDegrees>
      <LongitudeDegrees>4.8198200</LongitudeDegrees>
     </Position>
     <AltitudeMeters>22.820000000000004</AltitudeMeters>
     <DistanceMeters>11714.993506895351</DistanceMeters>
    </Trackpoint>
    <Trackpoint>
     <Time>2026-04-10T14:22:56+00:00</Time>
     <Position>
      <LatitudeDegrees>43.8684900</LatitudeDegrees>
      <LongitudeDegrees>4.8201900</LongitudeDegrees>
     </Position>
     <AltitudeMeters>22.820000000000004</AltitudeMeters>
     <DistanceMeters>11791.135706000689</DistanceMeters>
    </Trackpoint>
    <Trackpoint>
     <Time>2026-04-10T14:23:03+00:00</Time>
     <Position>
      <LatitudeDegrees>43.8679533</LatitudeDegrees>
      <LongitudeDegrees>4.8206633</LongitudeDegrees>
     </Position>
     <AltitudeMeters>22.820000000000004</AltitudeMeters>
     <DistanceMeters>11861.916603276446</DistanceMeters>
    </Trackpoint>
    <Trackpoint>
     <Time>2026-04-10T14:23:09+00:00</Time>
     <Position>
      <LatitudeDegrees>43.8674167</LatitudeDegrees>
      <LongitudeDegrees>4.8211367</LongitudeDegrees>
     </Position>
     <AltitudeMeters>23.67</AltitudeMeters>
     <DistanceMeters>11932.69750055149</DistanceMeters>
    </Trackpoint>
    <Trackpoint>
     <Time>2026-04-10T14:23:16+00:00</Time>
     <Position>
      <LatitudeDegrees>43.8668800</LatitudeDegrees>
      <LongitudeDegrees>4.8216100</LongitudeDegrees>
     </Position>
     <AltitudeMeters>23.67</AltitudeMeters>
     <DistanceMeters>12003.478382829699</DistanceMeters>
    </Trackpoint>
    <Trackpoint>
     <Time>2026-04-10T14:23:22+00:00</Time>
     <Position>
      <LatitudeDegrees>43.8662333</LatitudeDegrees>
      <LongitudeDegrees>4.8218867</LongitudeDegrees>
     </Position>
     <AltitudeMeters>23.67</AltitudeMeters>
     <DistanceMeters>12078.795604005634</DistanceMeters>
    </Trackpoint>
    <Trackpoint>
     <Time>2026-04-10T14:23:29+00:00</Time>
     <Position>
      <LatitudeDegrees>43.8655867</LatitudeDegrees>
      <LongitudeDegrees>4.8221633</LongitudeDegrees>
     </Position>
     <AltitudeMeters>23.67</AltitudeMeters>
     <DistanceMeters>12154.112825183274</DistanceMeters>
    </Trackpoint>
    <Trackpoint>
     <Time>2026-04-10T14:23:35+00:00</Time>
     <Position>
      <LatitudeDegrees>43.8649400</LatitudeDegrees>
      <LongitudeDegrees>4.8224400</LongitudeDegrees>
     </Position>
     <AltitudeMeters>23.67</AltitudeMeters>
     <DistanceMeters>12229.430054759538</DistanceMeters>
    </Trackpoint>
    <Trackpoint>
     <Time>2026-04-10T14:23:42+00:00</Time>
     <Position>
      <LatitudeDegrees>43.8648800</LatitudeDegrees>
      <LongitudeDegrees>4.8225000</LongitudeDegrees>
     </Position>
     <AltitudeMeters>23.67</AltitudeMeters>
     <DistanceMeters>12237.662400753554</DistanceMeters>
    </Trackpoint>
    <Trackpoint>
     <Time>2026-04-10T14:23:48+00:00</Time>
     <Position>
      <LatitudeDegrees>43.8648300</LatitudeDegrees>
      <LongitudeDegrees>4.8229200</LongitudeDegrees>
     </Position>
     <AltitudeMeters>23.67</AltitudeMeters>
     <DistanceMeters>12271.820189892711</DistanceMeters>
    </Trackpoint>
    <Trackpoint>
     <Time>2026-04-10T14:23:55+00:00</Time>
     <Position>
      <LatitudeDegrees>43.8647900</LatitudeDegrees>
      <LongitudeDegrees>4.8230600</LongitudeDegrees>
     </Position>
     <AltitudeMeters>23.67</AltitudeMeters>
     <DistanceMeters>12283.903963861423</DistanceMeters>
    </Trackpoint>
    <Trackpoint>
     <Time>2026-04-10T14:24:01+00:00</Time>
     <Position>
      <LatitudeDegrees>43.8644400</LatitudeDegrees>
      <LongitudeDegrees>4.8235400</LongitudeDegrees>
     </Position>
     <AltitudeMeters>23.090000000000003</AltitudeMeters>
     <DistanceMeters>12338.68410642539</DistanceMeters>
    </Trackpoint>
    <Trackpoint>
     <Time>2026-04-10T14:24:08+00:00</Time>
     <Position>
      <LatitudeDegrees>43.8643300</LatitudeDegrees>
      <LongitudeDegrees>4.8238000</LongitudeDegrees>
     </Position>
     <AltitudeMeters>23.090000000000003</AltitudeMeters>
     <DistanceMeters>12362.87383153482</DistanceMeters>
    </Trackpoint>
    <Trackpoint>
     <Time>2026-04-10T14:24:15+00:00</Time>
     <Position>
      <LatitudeDegrees>43.8642700</LatitudeDegrees>
      <LongitudeDegrees>4.8240500</LongitudeDegrees>
     </Position>
     <AltitudeMeters>23.090000000000003</AltitudeMeters>
     <DistanceMeters>12384.016651589158</DistanceMeters>
    </Trackpoint>
    <Trackpoint>
     <Time>2026-04-10T14:24:21+00:00</Time>
     <Position>
      <LatitudeDegrees>43.8642300</LatitudeDegrees>
      <LongitudeDegrees>4.8241500</LongitudeDegrees>
     </Position>
     <AltitudeMeters>23.090000000000003</AltitudeMeters>
     <DistanceMeters>12393.19309600542</DistanceMeters>
    </Trackpoint>
    <Trackpoint>
     <Time>2026-04-10T14:24:28+00:00</Time>
     <Position>
      <LatitudeDegrees>43.8641500</LatitudeDegrees>
      <LongitudeDegrees>4.8242000</LongitudeDegrees>
     </Position>
     <AltitudeMeters>23.090000000000003</AltitudeMeters>
     <DistanceMeters>12402.958964375193</DistanceMeters>
    </Trackpoint>
    <Trackpoint>
     <Time>2026-04-10T14:24:34+00:00</Time>
     <Position>
      <LatitudeDegrees>43.8633750</LatitudeDegrees>
      <LongitudeDegrees>4.8241650</LongitudeDegrees>
     </Position>
     <AltitudeMeters>23.090000000000003</AltitudeMeters>
     <DistanceMeters>12489.258829936764</DistanceMeters>
    </Trackpoint>
    <Trackpoint>
     <Time>2026-04-10T14:24:41+00:00</Time>
     <Position>
      <LatitudeDegrees>43.8626000</LatitudeDegrees>
      <LongitudeDegrees>4.8241300</LongitudeDegrees>
     </Position>
     <AltitudeMeters>23.090000000000003</AltitudeMeters>
     <DistanceMeters>12575.558691709706</DistanceMeters>
    </Trackpoint>
    <Trackpoint>
     <Time>2026-04-10T14:24:47+00:00</Time>
     <Position>
      <LatitudeDegrees>43.8625100</LatitudeDegrees>
      <LongitudeDegrees>4.8241700</LongitudeDegrees>
     </Position>
     <AltitudeMeters>23.090000000000003</AltitudeMeters>
     <DistanceMeters>12586.07701968867</DistanceMeters>
    </Trackpoint>
    <Trackpoint>
     <Time>2026-04-10T14:24:54+00:00</Time>
     <Position>
      <LatitudeDegrees>43.8625200</LatitudeDegrees>
      <LongitudeDegrees>4.8241600</LongitudeDegrees>
     </Position>
     <AltitudeMeters>23.090000000000003</AltitudeMeters>
     <DistanceMeters>12586.07701968867</DistanceMeters>
    </Trackpoint>
    <Trackpoint>
     <Time>2026-04-10T14:25:00+00:00</Time>
     <Position>
      <LatitudeDegrees>43.8624500</LatitudeDegrees>
      <LongitudeDegrees>4.8243300</LongitudeDegrees>
     </Position>
     <AltitudeMeters>23.090000000000003</AltitudeMeters>
     <DistanceMeters>12601.786518969584</DistanceMeters>
    </Trackpoint>
    <Trackpoint>
     <Time>2026-04-10T14:25:07+00:00</Time>
     <Position>
      <LatitudeDegrees>43.8622800</LatitudeDegrees>
      <LongitudeDegrees>4.8248500</LongitudeDegrees>
     </Position>
     <AltitudeMeters>22.98</AltitudeMeters>
     <DistanceMeters>12647.602978825156</DistanceMeters>
    </Trackpoint>
    <Trackpoint>
     <Time>2026-04-10T14:25:13+00:00</Time>
     <Position>
      <LatitudeDegrees>43.8621900</LatitudeDegrees>
      <LongitudeDegrees>4.8252400</LongitudeDegrees>
     </Position>
     <AltitudeMeters>22.98</AltitudeMeters>
     <DistanceMeters>12680.462463991687</DistanceMeters>
    </Trackpoint>
    <Trackpoint>
     <Time>2026-04-10T14:25:20+00:00</Time>
     <Position>
      <LatitudeDegrees>43.8620400</LatitudeDegrees>
      <LongitudeDegrees>4.8255300</LongitudeDegrees>
     </Position>
     <AltitudeMeters>22.98</AltitudeMeters>
     <DistanceMeters>12709.102407053353</DistanceMeters>
    </Trackpoint>
    <Trackpoint>
     <Time>2026-04-10T14:25:27+00:00</Time>
     <Position>
      <LatitudeDegrees>43.8615200</LatitudeDegrees>
      <LongitudeDegrees>4.8264000</LongitudeDegrees>
     </Position>
     <AltitudeMeters>22.98</AltitudeMeters>
     <DistanceMeters>12799.78498900784</DistanceMeters>
    </Trackpoint>
    <Trackpoint>
     <Time>2026-04-10T14:25:33+00:00</Time>
     <Position>
      <LatitudeDegrees>43.8611600</LatitudeDegrees>
      <LongitudeDegrees>4.8269500</LongitudeDegrees>
     </Position>
     <AltitudeMeters>22.98</AltitudeMeters>
     <DistanceMeters>12859.39420169969</DistanceMeters>
    </Trackpoint>
    <Trackpoint>
     <Time>2026-04-10T14:25:40+00:00</Time>
     <Position>
      <LatitudeDegrees>43.8609300</LatitudeDegrees>
      <LongitudeDegrees>4.8271700</LongitudeDegrees>
     </Position>
     <AltitudeMeters>22.98</AltitudeMeters>
     <DistanceMeters>12890.489717938965</DistanceMeters>
    </Trackpoint>
    <Trackpoint>
     <Time>2026-04-10T14:25:46+00:00</Time>
     <Position>
      <LatitudeDegrees>43.8606000</LatitudeDegrees>
      <LongitudeDegrees>4.8274000</LongitudeDegrees>
     </Position>
     <AltitudeMeters>22.98</AltitudeMeters>
     <DistanceMeters>12931.594085020162</DistanceMeters>
    </Trackpoint>
    <Trackpoint>
     <Time>2026-04-10T14:25:53+00:00</Time>
     <Position>
      <LatitudeDegrees>43.8600450</LatitudeDegrees>
      <LongitudeDegrees>4.8278850</LongitudeDegrees>
     </Position>
     <AltitudeMeters>22.98</AltitudeMeters>
     <DistanceMeters>13004.602386987373</DistanceMeters>
    </Trackpoint>
    <Trackpoint>
     <Time>2026-04-10T14:25:59+00:00</Time>
     <Position>
      <LatitudeDegrees>43.8594900</LatitudeDegrees>
      <LongitudeDegrees>4.8283700</LongitudeDegrees>
     </Position>
     <AltitudeMeters>23.680000000000003</AltitudeMeters>
     <DistanceMeters>13077.61067314715</DistanceMeters>
    </Trackpoint>
    <Trackpoint>
     <Time>2026-04-10T14:26:06+00:00</Time>
     <Position>
      <LatitudeDegrees>43.8593900</LatitudeDegrees>
      <LongitudeDegrees>4.8284800</LongitudeDegrees>
     </Position>
     <AltitudeMeters>23.680000000000003</AltitudeMeters>
     <DistanceMeters>13091.815946079018</DistanceMeters>
    </Trackpoint>
    <Trackpoint>
     <Time>2026-04-10T14:26:12+00:00</Time>
     <Position>
      <LatitudeDegrees>43.8593300</LatitudeDegrees>
      <LongitudeDegrees>4.8286100</LongitudeDegrees>
     </Position>
     <AltitudeMeters>23.680000000000003</AltitudeMeters>
     <DistanceMeters>13104.202487719222</DistanceMeters>
    </Trackpoint>
    <Trackpoint>
     <Time>2026-04-10T14:26:19+00:00</Time>
     <Position>
      <LatitudeDegrees>43.8592600</LatitudeDegrees>
      <LongitudeDegrees>4.8289600</LongitudeDegrees>
     </Position>
     <AltitudeMeters>23.680000000000003</AltitudeMeters>
     <DistanceMeters>13133.350104837487</DistanceMeters>
    </Trackpoint>
    <Trackpoint>
     <Time>2026-04-10T14:26:25+00:00</Time>
     <Position>
      <LatitudeDegrees>43.8592000</LatitudeDegrees>
      <LongitudeDegrees>4.8290600</LongitudeDegrees>
     </Position>
     <AltitudeMeters>23.680000000000003</AltitudeMeters>
     <DistanceMeters>13143.790001043382</DistanceMeters>
    </Trackpoint>
    <Trackpoint>
     <Time>2026-04-10T14:26:32+00:00</Time>
     <Position>
      <LatitudeDegrees>43.8590800</LatitudeDegrees>
      <LongitudeDegrees>4.8291100</LongitudeDegrees>
     </Position>
     <AltitudeMeters>23.680000000000003</AltitudeMeters>
     <DistanceMeters>13157.735205894003</DistanceMeters>
    </Trackpoint>
    <Trackpoint>
     <Time>2026-04-10T14:26:38+00:00</Time>
     <Position>
      <LatitudeDegrees>43.8584100</LatitudeDegrees>
      <LongitudeDegrees>4.8292000</LongitudeDegrees>
     </Position>
     <AltitudeMeters>23.680000000000003</AltitudeMeters>
     <DistanceMeters>13232.65228429031</DistanceMeters>
    </Trackpoint>
    <Trackpoint>
     <Time>2026-04-10T14:26:45+00:00</Time>
     <Position>
      <LatitudeDegrees>43.8577400</LatitudeDegrees>
      <LongitudeDegrees>4.8292900</LongitudeDegrees>
     </Position>
     <AltitudeMeters>23.680000000000003</AltitudeMeters>
     <DistanceMeters>13307.569342359833</DistanceMeters>
    </Trackpoint>
    <Trackpoint>
     <Time>2026-04-10T14:26:52+00:00</Time>
     <Position>
      <LatitudeDegrees>43.8580100</LatitudeDegrees>
      <LongitudeDegrees>4.8301900</LongitudeDegrees>
     </Position>
     <AltitudeMeters>23.680000000000003</AltitudeMeters>
     <DistanceMeters>13385.796995236262</DistanceMeters>
    </Trackpoint>
    <Trackpoint>
     <Time>2026-04-10T14:26:58+00:00</Time>
     <Position>
      <LatitudeDegrees>43.8583600</LatitudeDegrees>
      <LongitudeDegrees>4.8311300</LongitudeDegrees>
     </Position>
     <AltitudeMeters>22.7</AltitudeMeters>
     <DistanceMeters>13470.69627651751</DistanceMeters>
    </Trackpoint>
    <Trackpoint>
     <Time>2026-04-10T14:27:05+00:00</Time>
     <Position>
      <LatitudeDegrees>43.8587700</LatitudeDegrees>
      <LongitudeDegrees>4.8318300</LongitudeDegrees>
     </Position>
     <AltitudeMeters>23.53</AltitudeMeters>
     <DistanceMeters>13543.06920482068</DistanceMeters>
    </Trackpoint>
    <Trackpoint>
     <Time>2026-04-10T14:27:11+00:00</Time>
     <Position>
      <LatitudeDegrees>43.8587500</LatitudeDegrees>
      <LongitudeDegrees>4.8319900</LongitudeDegrees>
     </Position>
     <AltitudeMeters>23.53</AltitudeMeters>
     <DistanceMeters>13556.100677135571</DistanceMeters>
    </Trackpoint>
    <Trackpoint>
     <Time>2026-04-10T14:27:18+00:00</Time>
     <Position>
      <LatitudeDegrees>43.8588100</LatitudeDegrees>
      <LongitudeDegrees>4.8325900</LongitudeDegrees>
     </Position>
     <AltitudeMeters>23.53</AltitudeMeters>
     <DistanceMeters>13604.71136334791</DistanceMeters>
    </Trackpoint>
    <Trackpoint>
     <Time>2026-04-10T14:27:24+00:00</Time>
     <Position>
      <LatitudeDegrees>43.8588000</LatitudeDegrees>
      <LongitudeDegrees>4.8327400</LongitudeDegrees>
     </Position>
     <AltitudeMeters>23.53</AltitudeMeters>
     <DistanceMeters>13616.800158297527</DistanceMeters>
    </Trackpoint>
    <Trackpoint>
     <Time>2026-04-10T14:27:31+00:00</Time>
     <Position>
      <LatitudeDegrees>43.8586550</LatitudeDegrees>
      <LongitudeDegrees>4.8337100</LongitudeDegrees>
     </Position>
     <AltitudeMeters>23.53</AltitudeMeters>
     <DistanceMeters>13696.297772241913</DistanceMeters>
    </Trackpoint>
    <Trackpoint>
     <Time>2026-04-10T14:27:37+00:00</Time>
     <Position>
      <LatitudeDegrees>43.8585100</LatitudeDegrees>
      <LongitudeDegrees>4.8346800</LongitudeDegrees>
     </Position>
     <AltitudeMeters>23.53</AltitudeMeters>
     <DistanceMeters>13775.795373288453</DistanceMeters>
    </Trackpoint>
    <Trackpoint>
     <Time>2026-04-10T14:27:44+00:00</Time>
     <Position>
      <LatitudeDegrees>43.8583600</LatitudeDegrees>
      <LongitudeDegrees>4.8354800</LongitudeDegrees>
     </Position>
     <AltitudeMeters>23.53</AltitudeMeters>
     <DistanceMeters>13842.13058868866</DistanceMeters>
    </Trackpoint>
    <Trackpoint>
     <Time>2026-04-10T14:27:50+00:00</Time>
     <Position>
      <LatitudeDegrees>43.8582500</LatitudeDegrees>
      <LongitudeDegrees>4.8362000</LongitudeDegrees>
     </Position>
     <AltitudeMeters>23.53</AltitudeMeters>
     <DistanceMeters>13901.193589772523</DistanceMeters>
    </Trackpoint>
    <Trackpoint>
     <Time>2026-04-10T14:27:57+00:00</Time>
     <Position>
      <LatitudeDegrees>43.8581600</LatitudeDegrees>
      <LongitudeDegrees>4.8371700</LongitudeDegrees>
     </Position>
     <AltitudeMeters>21.630000000000003</AltitudeMeters>
     <DistanceMeters>13979.678381916443</DistanceMeters>
    </Trackpoint>
    <Trackpoint>
     <Time>2026-04-10T14:28:04+00:00</Time>
     <Position>
      <LatitudeDegrees>43.8581100</LatitudeDegrees>
      <LongitudeDegrees>4.8379300</LongitudeDegrees>
     </Position>
     <AltitudeMeters>21.630000000000003</AltitudeMeters>
     <DistanceMeters>14040.922172421142</DistanceMeters>
    </Trackpoint>
    <Trackpoint>
     <Time>2026-04-10T14:28:10+00:00</Time>
     <Position>
      <LatitudeDegrees>43.8581200</LatitudeDegrees>
      <LongitudeDegrees>4.8385600</LongitudeDegrees>
     </Position>
     <AltitudeMeters>21.630000000000003</AltitudeMeters>
     <DistanceMeters>14091.492311398333</DistanceMeters>
    </Trackpoint>
    <Trackpoint>
     <Time>2026-04-10T14:28:17+00:00</Time>
     <Position>
      <LatitudeDegrees>43.8581500</LatitudeDegrees>
      <LongitudeDegrees>4.8390100</LongitudeDegrees>
     </Position>
     <AltitudeMeters>21.630000000000003</AltitudeMeters>
     <DistanceMeters>14127.759100313062</DistanceMeters>
    </Trackpoint>
    <Trackpoint>
     <Time>2026-04-10T14:28:23+00:00</Time>
     <Position>
      <LatitudeDegrees>43.8582300</LatitudeDegrees>
      <LongitudeDegrees>4.8393000</LongitudeDegrees>
     </Position>
     <AltitudeMeters>21.630000000000003</AltitudeMeters>
     <DistanceMeters>14152.676791207183</DistanceMeters>
    </Trackpoint>
    <Trackpoint>
     <Time>2026-04-10T14:28:30+00:00</Time>
     <Position>
      <LatitudeDegrees>43.8584400</LatitudeDegrees>
      <LongitudeDegrees>4.8397700</LongitudeDegrees>
     </Position>
     <AltitudeMeters>21.630000000000003</AltitudeMeters>
     <DistanceMeters>14197.048809372634</DistanceMeters>
    </Trackpoint>
    <Trackpoint>
     <Time>2026-04-10T14:28:36+00:00</Time>
     <Position>
      <LatitudeDegrees>43.8584700</LatitudeDegrees>
      <LongitudeDegrees>4.8399900</LongitudeDegrees>
     </Position>
     <AltitudeMeters>21.630000000000003</AltitudeMeters>
     <DistanceMeters>14215.01679033015</DistanceMeters>
    </Trackpoint>
    <Trackpoint>
     <Time>2026-04-10T14:28:43+00:00</Time>
     <Position>
      <LatitudeDegrees>43.8583800</LatitudeDegrees>
      <LongitudeDegrees>4.8406100</LongitudeDegrees>
     </Position>
     <AltitudeMeters>21.630000000000003</AltitudeMeters>
     <DistanceMeters>14265.77016476196</DistanceMeters>
    </Trackpoint>
    <Trackpoint>
     <Time>2026-04-10T14:28:49+00:00</Time>
     <Position>
      <LatitudeDegrees>43.8583500</LatitudeDegrees>
      <LongitudeDegrees>4.8413450</LongitudeDegrees>
     </Position>
     <AltitudeMeters>21.630000000000003</AltitudeMeters>
     <DistanceMeters>14324.84855646415</DistanceMeters>
    </Trackpoint>
    <Trackpoint>
     <Time>2026-04-10T14:28:56+00:00</Time>
     <Position>
      <LatitudeDegrees>43.8583200</LatitudeDegrees>
      <LongitudeDegrees>4.8420800</LongitudeDegrees>
     </Position>
     <AltitudeMeters>21.630000000000003</AltitudeMeters>
     <DistanceMeters>14383.92696106404</DistanceMeters>
    </Trackpoint>
    <Trackpoint>
     <Time>2026-04-10T14:29:02+00:00</Time>
     <Position>
      <LatitudeDegrees>43.8582500</LatitudeDegrees>
      <LongitudeDegrees>4.8426100</LongitudeDegrees>
     </Position>
     <AltitudeMeters>21.630000000000003</AltitudeMeters>
     <DistanceMeters>14427.167291180429</DistanceMeters>
    </Trackpoint>
    <Trackpoint>
     <Time>2026-04-10T14:29:09+00:00</Time>
     <Position>
      <LatitudeDegrees>43.8581900</LatitudeDegrees>
      <LongitudeDegrees>4.8428000</LongitudeDegrees>
     </Position>
     <AltitudeMeters>21.630000000000003</AltitudeMeters>
     <DistanceMeters>14443.813048892884</DistanceMeters>
    </Trackpoint>
    <Trackpoint>
     <Time>2026-04-10T14:29:16+00:00</Time>
     <Position>
      <LatitudeDegrees>43.8578800</LatitudeDegrees>
      <LongitudeDegrees>4.8434500</LongitudeDegrees>
     </Position>
     <AltitudeMeters>21.630000000000003</AltitudeMeters>
     <DistanceMeters>14506.353758170868</DistanceMeters>
    </Trackpoint>
    <Trackpoint>
     <Time>2026-04-10T14:29:22+00:00</Time>
     <Position>
      <LatitudeDegrees>43.8578400</LatitudeDegrees>
      <LongitudeDegrees>4.8436000</LongitudeDegrees>
     </Position>
     <AltitudeMeters>21.630000000000003</AltitudeMeters>
     <DistanceMeters>14519.188229285717</DistanceMeters>
    </Trackpoint>
    <Trackpoint>
     <Time>2026-04-10T14:29:29+00:00</Time>
     <Position>
      <LatitudeDegrees>43.8578000</LatitudeDegrees>
      <LongitudeDegrees>4.8440800</LongitudeDegrees>
     </Position>
     <AltitudeMeters>21.630000000000003</AltitudeMeters>
     <DistanceMeters>14557.965113687413</DistanceMeters>
    </Trackpoint>
    <Trackpoint>
     <Time>2026-04-10T14:29:35+00:00</Time>
     <Position>
      <LatitudeDegrees>43.8577700</LatitudeDegrees>
      <LongitudeDegrees>4.8441600</LongitudeDegrees>
     </Position>
     <AltitudeMeters>21.630000000000003</AltitudeMeters>
     <DistanceMeters>14565.201518059275</DistanceMeters>
    </Trackpoint>
    <Trackpoint>
     <Time>2026-04-10T14:29:42+00:00</Time>
     <Position>
      <LatitudeDegrees>43.8575000</LatitudeDegrees>
      <LongitudeDegrees>4.8446200</LongitudeDegrees>
     </Position>
     <AltitudeMeters>21.630000000000003</AltitudeMeters>
     <DistanceMeters>14612.801441402366</DistanceMeters>
    </Trackpoint>
    <Trackpoint>
     <Time>2026-04-10T14:29:48+00:00</Time>
     <Position>
      <LatitudeDegrees>43.8573600</LatitudeDegrees>
      <LongitudeDegrees>4.8449500</LongitudeDegrees>
     </Position>
     <AltitudeMeters>21.630000000000003</AltitudeMeters>
     <DistanceMeters>14643.528133803178</DistanceMeters>
    </Trackpoint>
    <Trackpoint>
     <Time>2026-04-10T14:29:55+00:00</Time>
     <Position>
      <LatitudeDegrees>43.8572950</LatitudeDegrees>
      <LongitudeDegrees>4.8457650</LongitudeDegrees>
     </Position>
     <AltitudeMeters>21.080000000000002</AltitudeMeters>
     <DistanceMeters>14709.33212886841</DistanceMeters>
    </Trackpoint>
    <Trackpoint>
     <Time>2026-04-10T14:30:01+00:00</Time>
     <Position>
      <LatitudeDegrees>43.8572300</LatitudeDegrees>
      <LongitudeDegrees>4.8465800</LongitudeDegrees>
     </Position>
     <AltitudeMeters>21.080000000000002</AltitudeMeters>
     <DistanceMeters>14775.136160367572</DistanceMeters>
    </Trackpoint>
    <Trackpoint>
     <Time>2026-04-10T14:30:08+00:00</Time>
     <Position>
      <LatitudeDegrees>43.8571800</LatitudeDegrees>
      <LongitudeDegrees>4.8474300</LongitudeDegrees>
     </Position>
     <AltitudeMeters>21.080000000000002</AltitudeMeters>
     <DistanceMeters>14843.576834424257</DistanceMeters>
    </Trackpoint>
    <Trackpoint>
     <Time>2026-04-10T14:30:14+00:00</Time>
     <Position>
      <LatitudeDegrees>43.8571700</LatitudeDegrees>
      <LongitudeDegrees>4.8483200</LongitudeDegrees>
     </Position>
     <AltitudeMeters>21.080000000000002</AltitudeMeters>
     <DistanceMeters>14915.009682646</DistanceMeters>
    </Trackpoint>
    <Trackpoint>
     <Time>2026-04-10T14:30:21+00:00</Time>
     <Position>
      <LatitudeDegrees>43.8572300</LatitudeDegrees>
      <LongitudeDegrees>4.8494000</LongitudeDegrees>
     </Position>
     <AltitudeMeters>21.080000000000002</AltitudeMeters>
     <DistanceMeters>15001.93854828832</DistanceMeters>
    </Trackpoint>
    <Trackpoint>
     <Time>2026-04-10T14:30:28+00:00</Time>
     <Position>
      <LatitudeDegrees>43.8572100</LatitudeDegrees>
      <LongitudeDegrees>4.8496800</LongitudeDegrees>
     </Position>
     <AltitudeMeters>21.580000000000002</AltitudeMeters>
     <DistanceMeters>15024.519038689423</DistanceMeters>
    </Trackpoint>
    <Trackpoint>
     <Time>2026-04-10T14:30:34+00:00</Time>
     <Position>
      <LatitudeDegrees>43.8571900</LatitudeDegrees>
      <LongitudeDegrees>4.8498000</LongitudeDegrees>
     </Position>
     <AltitudeMeters>21.84</AltitudeMeters>
     <DistanceMeters>15034.403160796335</DistanceMeters>
    </Trackpoint>
    <Trackpoint>
     <Time>2026-04-10T14:30:41+00:00</Time>
     <Position>
      <LatitudeDegrees>43.8571300</LatitudeDegrees>
      <LongitudeDegrees>4.8498700</LongitudeDegrees>
     </Position>
     <AltitudeMeters>22.060000000000002</AltitudeMeters>
     <DistanceMeters>15043.129559034738</DistanceMeters>
    </Trackpoint>
    <Trackpoint>
     <Time>2026-04-10T14:30:47+00:00</Time>
     <Position>
      <LatitudeDegrees>43.8564033</LatitudeDegrees>
      <LongitudeDegrees>4.8501800</LongitudeDegrees>
     </Position>
     <AltitudeMeters>22.500000000000004</AltitudeMeters>
     <DistanceMeters>15127.744488107559</DistanceMeters>
    </Trackpoint>
    <Trackpoint>
     <Time>2026-04-10T14:30:54+00:00</Time>
     <Position>
      <LatitudeDegrees>43.8556767</LatitudeDegrees>
      <LongitudeDegrees>4.8504900</LongitudeDegrees>
     </Position>
     <AltitudeMeters>24.610000000000003</AltitudeMeters>
     <DistanceMeters>15212.359417180684</DistanceMeters>
    </Trackpoint>
    <Trackpoint>
     <Time>2026-04-10T14:31:00+00:00</Time>
     <Position>
      <LatitudeDegrees>43.8549500</LatitudeDegrees>
      <LongitudeDegrees>4.8508000</LongitudeDegrees>
     </Position>
     <AltitudeMeters>24.020000000000003</AltitudeMeters>
     <DistanceMeters>15296.974336708781</DistanceMeters>
    </Trackpoint>
    <Trackpoint>
     <Time>2026-04-10T14:31:07+00:00</Time>
     <Position>
      <LatitudeDegrees>43.8551900</LatitudeDegrees>
      <LongitudeDegrees>4.8517900</LongitudeDegrees>
     </Position>
     <AltitudeMeters>24.950000000000003</AltitudeMeters>
     <DistanceMeters>15380.796308592988</DistanceMeters>
    </Trackpoint>
    <Trackpoint>
     <Time>2026-04-10T14:31:13+00:00</Time>
     <Position>
      <LatitudeDegrees>43.8552600</LatitudeDegrees>
      <LongitudeDegrees>4.8519500</LongitudeDegrees>
     </Position>
     <AltitudeMeters>24.950000000000003</AltitudeMeters>
     <DistanceMeters>15395.81559940711</DistanceMeters>
    </Trackpoint>
    <Trackpoint>
     <Time>2026-04-10T14:31:20+00:00</Time>
     <Position>
      <LatitudeDegrees>43.8553700</LatitudeDegrees>
      <LongitudeDegrees>4.8521100</LongitudeDegrees>
     </Position>
     <AltitudeMeters>25.650000000000002</AltitudeMeters>
     <DistanceMeters>15413.557161974746</DistanceMeters>
    </Trackpoint>
    <Trackpoint>
     <Time>2026-04-10T14:31:26+00:00</Time>
     <Position>
      <LatitudeDegrees>43.8554300</LatitudeDegrees>
      <LongitudeDegrees>4.8522400</LongitudeDegrees>
     </Position>
     <AltitudeMeters>25.650000000000002</AltitudeMeters>
     <DistanceMeters>15425.944287168026</DistanceMeters>
    </Trackpoint>
    <Trackpoint>
     <Time>2026-04-10T14:31:33+00:00</Time>
     <Position>
      <LatitudeDegrees>43.8551600</LatitudeDegrees>
      <LongitudeDegrees>4.8523600</LongitudeDegrees>
     </Position>
     <AltitudeMeters>25.650000000000002</AltitudeMeters>
     <DistanceMeters>15457.499628944224</DistanceMeters>
    </Trackpoint>
    <Trackpoint>
     <Time>2026-04-10T14:31:40+00:00</Time>
     <Position>
      <LatitudeDegrees>43.8546600</LatitudeDegrees>
      <LongitudeDegrees>4.8524800</LongitudeDegrees>
     </Position>
     <AltitudeMeters>25.080000000000002</AltitudeMeters>
     <DistanceMeters>15513.974670931559</DistanceMeters>
    </Trackpoint>
    <Trackpoint>
     <Time>2026-04-10T14:31:46+00:00</Time>
     <Position>
      <LatitudeDegrees>43.8540300</LatitudeDegrees>
      <LongitudeDegrees>4.8525700</LongitudeDegrees>
     </Position>
     <AltitudeMeters>25.080000000000002</AltitudeMeters>
     <DistanceMeters>15584.462013695116</DistanceMeters>
    </Trackpoint>
    <Trackpoint>
     <Time>2026-04-10T14:31:53+00:00</Time>
     <Position>
      <LatitudeDegrees>43.8534000</LatitudeDegrees>
      <LongitudeDegrees>4.8526600</LongitudeDegrees>
     </Position>
     <AltitudeMeters>25.080000000000002</AltitudeMeters>
     <DistanceMeters>15654.949348187489</DistanceMeters>
    </Trackpoint>
    <Trackpoint>
     <Time>2026-04-10T14:31:59+00:00</Time>
     <Position>
      <LatitudeDegrees>43.8531300</LatitudeDegrees>
      <LongitudeDegrees>4.8526800</LongitudeDegrees>
     </Position>
     <AltitudeMeters>25.080000000000002</AltitudeMeters>
     <DistanceMeters>15685.042021285351</DistanceMeters>
    </Trackpoint>
    <Trackpoint>
     <Time>2026-04-10T14:32:06+00:00</Time>
     <Position>
      <LatitudeDegrees>43.8526300</LatitudeDegrees>
      <LongitudeDegrees>4.8526400</LongitudeDegrees>
     </Position>
     <AltitudeMeters>25.080000000000002</AltitudeMeters>
     <DistanceMeters>15740.782384882907</DistanceMeters>
    </Trackpoint>
    <Trackpoint>
     <Time>2026-04-10T14:32:12+00:00</Time>
     <Position>
      <LatitudeDegrees>43.8522400</LatitudeDegrees>
      <LongitudeDegrees>4.8525900</LongitudeDegrees>
     </Position>
     <AltitudeMeters>25.080000000000002</AltitudeMeters>
     <DistanceMeters>15784.372806319889</DistanceMeters>
    </Trackpoint>
    <Trackpoint>
     <Time>2026-04-10T14:32:19+00:00</Time>
     <Position>
      <LatitudeDegrees>43.8514950</LatitudeDegrees>
      <LongitudeDegrees>4.8524150</LongitudeDegrees>
     </Position>
     <AltitudeMeters>29.240000000000002</AltitudeMeters>
     <DistanceMeters>15868.46931000504</DistanceMeters>
    </Trackpoint>
    <Trackpoint>
     <Time>2026-04-10T14:32:25+00:00</Time>
     <Position>
      <LatitudeDegrees>43.8507500</LatitudeDegrees>
      <LongitudeDegrees>4.8522400</LongitudeDegrees>
     </Position>
     <AltitudeMeters>29.240000000000002</AltitudeMeters>
     <DistanceMeters>15952.56581369154</DistanceMeters>
    </Trackpoint>
    <Trackpoint>
     <Time>2026-04-10T14:32:32+00:00</Time>
     <Position>
      <LatitudeDegrees>43.8500050</LatitudeDegrees>
      <LongitudeDegrees>4.8520650</LongitudeDegrees>
     </Position>
     <AltitudeMeters>29.240000000000002</AltitudeMeters>
     <DistanceMeters>16036.662317375458</DistanceMeters>
    </Trackpoint>
    <Trackpoint>
     <Time>2026-04-10T14:32:38+00:00</Time>
     <Position>
      <LatitudeDegrees>43.8492600</LatitudeDegrees>
      <LongitudeDegrees>4.8518900</LongitudeDegrees>
     </Position>
     <AltitudeMeters>29.240000000000002</AltitudeMeters>
     <DistanceMeters>16120.758835444085</DistanceMeters>
    </Trackpoint>
    <Trackpoint>
     <Time>2026-04-10T14:32:45+00:00</Time>
     <Position>
      <LatitudeDegrees>43.8490700</LatitudeDegrees>
      <LongitudeDegrees>4.8530700</LongitudeDegrees>
     </Position>
     <AltitudeMeters>29.25</AltitudeMeters>
     <DistanceMeters>16217.801041304956</DistanceMeters>
    </Trackpoint>
    <Trackpoint>
     <Time>2026-04-10T14:32:52+00:00</Time>
     <Position>
      <LatitudeDegrees>43.8488800</LatitudeDegrees>
      <LongitudeDegrees>4.8542500</LongitudeDegrees>
     </Position>
     <AltitudeMeters>34.58</AltitudeMeters>
     <DistanceMeters>16314.84324716573</DistanceMeters>
    </Trackpoint>
    <Trackpoint>
     <Time>2026-04-10T14:32:58+00:00</Time>
     <Position>
      <LatitudeDegrees>43.8486900</LatitudeDegrees>
      <LongitudeDegrees>4.8554300</LongitudeDegrees>
     </Position>
     <AltitudeMeters>34.58</AltitudeMeters>
     <DistanceMeters>16411.88548123928</DistanceMeters>
    </Trackpoint>
    <Trackpoint>
     <Time>2026-04-10T14:33:05+00:00</Time>
     <Position>
      <LatitudeDegrees>43.8486000</LatitudeDegrees>
      <LongitudeDegrees>4.8563750</LongitudeDegrees>
     </Position>
     <AltitudeMeters>34.58</AltitudeMeters>
     <DistanceMeters>16488.392956285392</DistanceMeters>
    </Trackpoint>
    <Trackpoint>
     <Time>2026-04-10T14:33:11+00:00</Time>
     <Position>
      <LatitudeDegrees>43.8485100</LatitudeDegrees>
      <LongitudeDegrees>4.8573200</LongitudeDegrees>
     </Position>
     <AltitudeMeters>36.74</AltitudeMeters>
     <DistanceMeters>16564.900430224938</DistanceMeters>
    </Trackpoint>
    <Trackpoint>
     <Time>2026-04-10T14:33:18+00:00</Time>
     <Position>
      <LatitudeDegrees>43.8484600</LatitudeDegrees>
      <LongitudeDegrees>4.8582100</LongitudeDegrees>
     </Position>
     <AltitudeMeters>36.74</AltitudeMeters>
     <DistanceMeters>16636.551437654136</DistanceMeters>
    </Trackpoint>
    <Trackpoint>
     <Time>2026-04-10T14:33:24+00:00</Time>
     <Position>
      <LatitudeDegrees>43.8478700</LatitudeDegrees>
      <LongitudeDegrees>4.8583000</LongitudeDegrees>
     </Position>
     <AltitudeMeters>35.72</AltitudeMeters>
     <DistanceMeters>16702.612037332157</DistanceMeters>
    </Trackpoint>
    <Trackpoint>
     <Time>2026-04-10T14:33:31+00:00</Time>
     <Position>
      <LatitudeDegrees>43.8477800</LatitudeDegrees>
      <LongitudeDegrees>4.8583300</LongitudeDegrees>
     </Position>
     <AltitudeMeters>35.72</AltitudeMeters>
     <DistanceMeters>16712.914010211887</DistanceMeters>
    </Trackpoint>
    <Trackpoint>
     <Time>2026-04-10T14:33:37+00:00</Time>
     <Position>
      <LatitudeDegrees>43.8478900</LatitudeDegrees>
      <LongitudeDegrees>4.8585500</LongitudeDegrees>
     </Position>
     <AltitudeMeters>35.72</AltitudeMeters>
     <DistanceMeters>16734.401000000667</DistanceMeters>
    </Trackpoint>
    <Trackpoint>
     <Time>2026-04-10T14:33:44+00:00</Time>
     <Position>
      <LatitudeDegrees>43.8480200</LatitudeDegrees>
      <LongitudeDegrees>4.8590500</LongitudeDegrees>
     </Position>
     <AltitudeMeters>35.72</AltitudeMeters>
     <DistanceMeters>16777.0615775756</DistanceMeters>
    </Trackpoint>
    <Trackpoint>
     <Time>2026-04-10T14:33:50+00:00</Time>
     <Position>
      <LatitudeDegrees>43.8480600</LatitudeDegrees>
      <LongitudeDegrees>4.8596100</LongitudeDegrees>
     </Position>
     <AltitudeMeters>39.13</AltitudeMeters>
     <DistanceMeters>16822.229442963857</DistanceMeters>
    </Trackpoint>
    <Trackpoint>
     <Time>2026-04-10T14:33:57+00:00</Time>
     <Position>
      <LatitudeDegrees>43.8480300</LatitudeDegrees>
      <LongitudeDegrees>4.8600700</LongitudeDegrees>
     </Position>
     <AltitudeMeters>39.13</AltitudeMeters>
     <DistanceMeters>16859.30162412886</DistanceMeters>
    </Trackpoint>
    <Trackpoint>
     <Time>2026-04-10T14:34:04+00:00</Time>
     <Position>
      <LatitudeDegrees>43.8479200</LatitudeDegrees>
      <LongitudeDegrees>4.8609200</LongitudeDegrees>
     </Position>
     <AltitudeMeters>41.550000000000004</AltitudeMeters>
     <DistanceMeters>16928.615973263044</DistanceMeters>
    </Trackpoint>
    <Trackpoint>
     <Time>2026-04-10T14:34:10+00:00</Time>
     <Position>
      <LatitudeDegrees>43.8479000</LatitudeDegrees>
      <LongitudeDegrees>4.8612800</LongitudeDegrees>
     </Position>
     <AltitudeMeters>41.550000000000004</AltitudeMeters>
     <DistanceMeters>16957.596749262917</DistanceMeters>
    </Trackpoint>
    <Trackpoint>
     <Time>2026-04-10T14:34:17+00:00</Time>
     <Position>
      <LatitudeDegrees>43.8479900</LatitudeDegrees>
      <LongitudeDegrees>4.8619800</LongitudeDegrees>
     </Position>
     <AltitudeMeters>41.550000000000004</AltitudeMeters>
     <DistanceMeters>17014.667655452715</DistanceMeters>
    </Trackpoint>
    <Trackpoint>
     <Time>2026-04-10T14:34:23+00:00</Time>
     <Position>
      <LatitudeDegrees>43.8481900</LatitudeDegrees>
      <LongitudeDegrees>4.8626650</LongitudeDegrees>
     </Position>
     <AltitudeMeters>48.080000000000005</AltitudeMeters>
     <DistanceMeters>17073.983414632232</DistanceMeters>
    </Trackpoint>
    <Trackpoint>
     <Time>2026-04-10T14:34:30+00:00</Time>
     <Position>
      <LatitudeDegrees>43.8483900</LatitudeDegrees>
      <LongitudeDegrees>4.8633500</LongitudeDegrees>
     </Position>
     <AltitudeMeters>48.080000000000005</AltitudeMeters>
     <DistanceMeters>17133.299187968165</DistanceMeters>
    </Trackpoint>
    <Trackpoint>
     <Time>2026-04-10T14:34:36+00:00</Time>
     <Position>
      <LatitudeDegrees>43.8484900</LatitudeDegrees>
      <LongitudeDegrees>4.8637700</LongitudeDegrees>
     </Position>
     <AltitudeMeters>48.080000000000005</AltitudeMeters>
     <DistanceMeters>17168.799617839715</DistanceMeters>
    </Trackpoint>
    <Trackpoint>
     <Time>2026-04-10T14:34:43+00:00</Time>
     <Position>
      <LatitudeDegrees>43.8486950</LatitudeDegrees>
      <LongitudeDegrees>4.8645150</LongitudeDegrees>
     </Position>
     <AltitudeMeters>50.71</AltitudeMeters>
     <DistanceMeters>17232.80065507829</DistanceMeters>
    </Trackpoint>
    <Trackpoint>
     <Time>2026-04-10T14:34:49+00:00</Time>
     <Position>
      <LatitudeDegrees>43.8489000</LatitudeDegrees>
      <LongitudeDegrees>4.8652600</LongitudeDegrees>
     </Position>
     <AltitudeMeters>53.800000000000004</AltitudeMeters>
     <DistanceMeters>17296.801688968975</DistanceMeters>
    </Trackpoint>
    <Trackpoint>
     <Time>2026-04-10T14:34:56+00:00</Time>
     <Position>
      <LatitudeDegrees>43.8489950</LatitudeDegrees>
      <LongitudeDegrees>4.8660950</LongitudeDegrees>
     </Position>
     <AltitudeMeters>53.800000000000004</AltitudeMeters>
     <DistanceMeters>17364.650103975582</DistanceMeters>
    </Trackpoint>
    <Trackpoint>
     <Time>2026-04-10T14:35:02+00:00</Time>
     <Position>
      <LatitudeDegrees>43.8490900</LatitudeDegrees>
      <LongitudeDegrees>4.8669300</LongitudeDegrees>
     </Position>
     <AltitudeMeters>56.470000000000006</AltitudeMeters>
     <DistanceMeters>17432.498494050953</DistanceMeters>
    </Trackpoint>
    <Trackpoint>
     <Time>2026-04-10T14:35:09+00:00</Time>
     <Position>
      <LatitudeDegrees>43.8493033</LatitudeDegrees>
      <LongitudeDegrees>4.8679333</LongitudeDegrees>
     </Position>
     <AltitudeMeters>60.97</AltitudeMeters>
     <DistanceMeters>17516.45559876461</DistanceMeters>
    </Trackpoint>
    <Trackpoint>
     <Time>2026-04-10T14:35:16+00:00</Time>
     <Position>
      <LatitudeDegrees>43.8495167</LatitudeDegrees>
      <LongitudeDegrees>4.8689367</LongitudeDegrees>
     </Position>
     <AltitudeMeters>60.97</AltitudeMeters>
     <DistanceMeters>17600.412703478643</DistanceMeters>
    </Trackpoint>
    <Trackpoint>
     <Time>2026-04-10T14:35:22+00:00</Time>
     <Position>
      <LatitudeDegrees>43.8497300</LatitudeDegrees>
      <LongitudeDegrees>4.8699400</LongitudeDegrees>
     </Position>
     <AltitudeMeters>64.05000000000001</AltitudeMeters>
     <DistanceMeters>17684.36979470746</DistanceMeters>
    </Trackpoint>
    <Trackpoint>
     <Time>2026-04-10T14:35:29+00:00</Time>
     <Position>
      <LatitudeDegrees>43.8498500</LatitudeDegrees>
      <LongitudeDegrees>4.8703500</LongitudeDegrees>
     </Position>
     <AltitudeMeters>64.05000000000001</AltitudeMeters>
     <DistanceMeters>17719.884051185407</DistanceMeters>
    </Trackpoint>
    <Trackpoint>
     <Time>2026-04-10T14:35:35+00:00</Time>
     <Position>
      <LatitudeDegrees>43.8500100</LatitudeDegrees>
      <LongitudeDegrees>4.8706600</LongitudeDegrees>
     </Position>
     <AltitudeMeters>64.05000000000001</AltitudeMeters>
     <DistanceMeters>17750.480941908954</DistanceMeters>
    </Trackpoint>
    <Trackpoint>
     <Time>2026-04-10T14:35:42+00:00</Time>
     <Position>
      <LatitudeDegrees>43.8494800</LatitudeDegrees>
      <LongitudeDegrees>4.8714250</LongitudeDegrees>
     </Position>
     <AltitudeMeters>60.21000000000001</AltitudeMeters>
     <DistanceMeters>17835.624735492518</DistanceMeters>
    </Trackpoint>
    <Trackpoint>
     <Time>2026-04-10T14:35:48+00:00</Time>
     <Position>
      <LatitudeDegrees>43.8489500</LatitudeDegrees>
      <LongitudeDegrees>4.8721900</LongitudeDegrees>
     </Position>
     <AltitudeMeters>60.21000000000001</AltitudeMeters>
     <DistanceMeters>17920.768550073804</DistanceMeters>
    </Trackpoint>
    <Trackpoint>
     <Time>2026-04-10T14:35:55+00:00</Time>
     <Position>
      <LatitudeDegrees>43.8484000</LatitudeDegrees>
      <LongitudeDegrees>4.8729500</LongitudeDegrees>
     </Position>
     <AltitudeMeters>60.63</AltitudeMeters>
     <DistanceMeters>18007.18614484751</DistanceMeters>
    </Trackpoint>
    <Trackpoint>
     <Time>2026-04-10T14:36:01+00:00</Time>
     <Position>
      <LatitudeDegrees>43.8478800</LatitudeDegrees>
      <LongitudeDegrees>4.8738500</LongitudeDegrees>
     </Position>
     <AltitudeMeters>60.63</AltitudeMeters>
     <DistanceMeters>18099.747734438846</DistanceMeters>
    </Trackpoint>
    <Trackpoint>
     <Time>2026-04-10T14:36:08+00:00</Time>
     <Position>
      <LatitudeDegrees>43.8476700</LatitudeDegrees>
      <LongitudeDegrees>4.8741800</LongitudeDegrees>
     </Position>
     <AltitudeMeters>60.63</AltitudeMeters>
     <DistanceMeters>18135.072394292136</DistanceMeters>
    </Trackpoint>
    <Trackpoint>
     <Time>2026-04-10T14:36:14+00:00</Time>
     <Position>
      <LatitudeDegrees>43.8476200</LatitudeDegrees>
      <LongitudeDegrees>4.8744300</LongitudeDegrees>
     </Position>
     <AltitudeMeters>60.63</AltitudeMeters>
     <DistanceMeters>18155.895897810446</DistanceMeters>
    </Trackpoint>
    <Trackpoint>
     <Time>2026-04-10T14:36:21+00:00</Time>
     <Position>
      <LatitudeDegrees>43.8475400</LatitudeDegrees>
      <LongitudeDegrees>4.8746400</LongitudeDegrees>
     </Position>
     <AltitudeMeters>60.63</AltitudeMeters>
     <DistanceMeters>18174.958598643694</DistanceMeters>
    </Trackpoint>
    <Trackpoint>
     <Time>2026-04-10T14:36:27+00:00</Time>
     <Position>
      <LatitudeDegrees>43.8474600</LatitudeDegrees>
      <LongitudeDegrees>4.8747100</LongitudeDegrees>
     </Position>
     <AltitudeMeters>73.01</AltitudeMeters>
     <DistanceMeters>18185.486803155167</DistanceMeters>
    </Trackpoint>
    <Trackpoint>
     <Time>2026-04-10T14:36:34+00:00</Time>
     <Position>
      <LatitudeDegrees>43.8469500</LatitudeDegrees>
      <LongitudeDegrees>4.8749100</LongitudeDegrees>
     </Position>
     <AltitudeMeters>73.01</AltitudeMeters>
     <DistanceMeters>18244.47399472105</DistanceMeters>
    </Trackpoint>
    <Trackpoint>
     <Time>2026-04-10T14:36:41+00:00</Time>
     <Position>
      <LatitudeDegrees>43.8467900</LatitudeDegrees>
      <LongitudeDegrees>4.8749900</LongitudeDegrees>
     </Position>
     <AltitudeMeters>73.01</AltitudeMeters>
     <DistanceMeters>18263.403675814683</DistanceMeters>
    </Trackpoint>
    <Trackpoint>
     <Time>2026-04-10T14:36:47+00:00</Time>
     <Position>
      <LatitudeDegrees>43.8467300</LatitudeDegrees>
      <LongitudeDegrees>4.8750600</LongitudeDegrees>
     </Position>
     <AltitudeMeters>73.01</AltitudeMeters>
     <DistanceMeters>18272.130704769705</DistanceMeters>
    </Trackpoint>
    <Trackpoint>
     <Time>2026-04-10T14:36:54+00:00</Time>
     <Position>
      <LatitudeDegrees>43.8466900</LatitudeDegrees>
      <LongitudeDegrees>4.8752500</LongitudeDegrees>
     </Position>
     <AltitudeMeters>73.01</AltitudeMeters>
     <DistanceMeters>18288.01772935641</DistanceMeters>
    </Trackpoint>
    <Trackpoint>
     <Time>2026-04-10T14:37:00+00:00</Time>
     <Position>
      <LatitudeDegrees>43.8466400</LatitudeDegrees>
      <LongitudeDegrees>4.8753000</LongitudeDegrees>
     </Position>
     <AltitudeMeters>73.01</AltitudeMeters>
     <DistanceMeters>18294.878735770722</DistanceMeters>
    </Trackpoint>
    <Trackpoint>
     <Time>2026-04-10T14:37:07+00:00</Time>
     <Position>
      <LatitudeDegrees>43.8465500</LatitudeDegrees>
      <LongitudeDegrees>4.8753100</LongitudeDegrees>
     </Position>
     <AltitudeMeters>73.01</AltitudeMeters>
     <DistanceMeters>18304.92745528968</DistanceMeters>
    </Trackpoint>
    <Trackpoint>
     <Time>2026-04-10T14:37:13+00:00</Time>
     <Position>
      <LatitudeDegrees>43.8464600</LatitudeDegrees>
      <LongitudeDegrees>4.8752700</LongitudeDegrees>
     </Position>
     <AltitudeMeters>73.01</AltitudeMeters>
     <DistanceMeters>18315.44604696224</DistanceMeters>
    </Trackpoint>
    <Trackpoint>
     <Time>2026-04-10T14:37:20+00:00</Time>
     <Position>
      <LatitudeDegrees>43.8463300</LatitudeDegrees>
      <LongitudeDegrees>4.8751700</LongitudeDegrees>
     </Position>
     <AltitudeMeters>73.01</AltitudeMeters>
     <DistanceMeters>18331.99182117511</DistanceMeters>
    </Trackpoint>
    <Trackpoint>
     <Time>2026-04-10T14:37:26+00:00</Time>
     <Position>
      <LatitudeDegrees>43.8462100</LatitudeDegrees>
      <LongitudeDegrees>4.8752100</LongitudeDegrees>
     </Position>
     <AltitudeMeters>73.01</AltitudeMeters>
     <DistanceMeters>18345.72780457758</DistanceMeters>
    </Trackpoint>
    <Trackpoint>
     <Time>2026-04-10T14:37:33+00:00</Time>
     <Position>
      <LatitudeDegrees>43.8462400</LatitudeDegrees>
      <LongitudeDegrees>4.8750000</LongitudeDegrees>
     </Position>
     <AltitudeMeters>72.48</AltitudeMeters>
     <DistanceMeters>18362.911298565534</DistanceMeters>
    </Trackpoint>
    <Trackpoint>
     <Time>2026-04-10T14:37:39+00:00</Time>
     <Position>
      <LatitudeDegrees>43.8462100</LatitudeDegrees>
      <LongitudeDegrees>4.8752100</LongitudeDegrees>
     </Position>
     <AltitudeMeters>73.01</AltitudeMeters>
     <DistanceMeters>18380.094792553493</DistanceMeters>
    </Trackpoint>
    <Trackpoint>
     <Time>2026-04-10T14:37:46+00:00</Time>
     <Position>
      <LatitudeDegrees>43.8461100</LatitudeDegrees>
      <LongitudeDegrees>4.8756300</LongitudeDegrees>
     </Position>
     <AltitudeMeters>73.01</AltitudeMeters>
     <DistanceMeters>18415.59644603966</DistanceMeters>
    </Trackpoint>
    <Trackpoint>
     <Time>2026-04-10T14:37:53+00:00</Time>
     <Position>
      <LatitudeDegrees>43.8460100</LatitudeDegrees>
      <LongitudeDegrees>4.8759700</LongitudeDegrees>
     </Position>
     <AltitudeMeters>73.01</AltitudeMeters>
     <DistanceMeters>18445.06933249405</DistanceMeters>
    </Trackpoint>
    <Trackpoint>
     <Time>2026-04-10T14:37:59+00:00</Time>
     <Position>
      <LatitudeDegrees>43.8457900</LatitudeDegrees>
      <LongitudeDegrees>4.8765800</LongitudeDegrees>
     </Position>
     <AltitudeMeters>73.01</AltitudeMeters>
     <DistanceMeters>18499.81313350527</DistanceMeters>
    </Trackpoint>
    <Trackpoint>
     <Time>2026-04-10T14:38:06+00:00</Time>
     <Position>
      <LatitudeDegrees>43.8457600</LatitudeDegrees>
      <LongitudeDegrees>4.8767600</LongitudeDegrees>
     </Position>
     <AltitudeMeters>73.01</AltitudeMeters>
     <DistanceMeters>18514.64201308366</DistanceMeters>
    </Trackpoint>
    <Trackpoint>
     <Time>2026-04-10T14:38:12+00:00</Time>
     <Position>
      <LatitudeDegrees>43.8457800</LatitudeDegrees>
      <LongitudeDegrees>4.8769000</LongitudeDegrees>
     </Position>
     <AltitudeMeters>73.01</AltitudeMeters>
     <DistanceMeters>18526.097759823217</DistanceMeters>
    </Trackpoint>
    <Trackpoint>
     <Time>2026-04-10T14:38:19+00:00</Time>
     <Position>
      <LatitudeDegrees>43.8459400</LatitudeDegrees>
      <LongitudeDegrees>4.8772400</LongitudeDegrees>
     </Position>
     <AltitudeMeters>73.01</AltitudeMeters>
     <DistanceMeters>18558.684398052657</DistanceMeters>
    </Trackpoint>
    <Trackpoint>
     <Time>2026-04-10T14:38:25+00:00</Time>
     <Position>
      <LatitudeDegrees>43.8459500</LatitudeDegrees>
      <LongitudeDegrees>4.8773700</LongitudeDegrees>
     </Position>
     <AltitudeMeters>73.01</AltitudeMeters>
     <DistanceMeters>18569.17829335392</DistanceMeters>
    </Trackpoint>
    <Trackpoint>
     <Time>2026-04-10T14:38:32+00:00</Time>
     <Position>
      <LatitudeDegrees>43.8458000</LatitudeDegrees>
      <LongitudeDegrees>4.8781500</LongitudeDegrees>
     </Position>
     <AltitudeMeters>94.91000000000001</AltitudeMeters>
     <DistanceMeters>18633.974161688213</DistanceMeters>
    </Trackpoint>
    <Trackpoint>
     <Time>2026-04-10T14:38:38+00:00</Time>
     <Position>
      <LatitudeDegrees>43.8456600</LatitudeDegrees>
      <LongitudeDegrees>4.8786400</LongitudeDegrees>
     </Position>
     <AltitudeMeters>94.91000000000001</AltitudeMeters>
     <DistanceMeters>18676.27906818535</DistanceMeters>
    </Trackpoint>
    <Trackpoint>
     <Time>2026-04-10T14:38:45+00:00</Time>
     <Position>
      <LatitudeDegrees>43.8456600</LatitudeDegrees>
      <LongitudeDegrees>4.8788500</LongitudeDegrees>
     </Position>
     <AltitudeMeters>94.91000000000001</AltitudeMeters>
     <DistanceMeters>18693.135218176067</DistanceMeters>
    </Trackpoint>
    <Trackpoint>
     <Time>2026-04-10T14:38:51+00:00</Time>
     <Position>
      <LatitudeDegrees>43.8457100</LatitudeDegrees>
      <LongitudeDegrees>4.8793500</LongitudeDegrees>
     </Position>
     <AltitudeMeters>94.91000000000001</AltitudeMeters>
     <DistanceMeters>18733.65285112807</DistanceMeters>
    </Trackpoint>
    <Trackpoint>
     <Time>2026-04-10T14:38:58+00:00</Time>
     <Position>
      <LatitudeDegrees>43.8456400</LatitudeDegrees>
      <LongitudeDegrees>4.8799200</LongitudeDegrees>
     </Position>
     <AltitudeMeters>94.91000000000001</AltitudeMeters>
     <DistanceMeters>18780.06380536088</DistanceMeters>
    </Trackpoint>
    <Trackpoint>
     <Time>2026-04-10T14:39:05+00:00</Time>
     <Position>
      <LatitudeDegrees>43.8454750</LatitudeDegrees>
      <LongitudeDegrees>4.8805000</LongitudeDegrees>
     </Position>
     <AltitudeMeters>94.91000000000001</AltitudeMeters>
     <DistanceMeters>18830.1099648983</DistanceMeters>
    </Trackpoint>
    <Trackpoint>
     <Time>2026-04-10T14:39:11+00:00</Time>
     <Position>
      <LatitudeDegrees>43.8453100</LatitudeDegrees>
      <LongitudeDegrees>4.8810800</LongitudeDegrees>
     </Position>
     <AltitudeMeters>94.91000000000001</AltitudeMeters>
     <DistanceMeters>18880.156116361923</DistanceMeters>
    </Trackpoint>
    <Trackpoint>
     <Time>2026-04-10T14:39:18+00:00</Time>
     <Position>
      <LatitudeDegrees>43.8450100</LatitudeDegrees>
      <LongitudeDegrees>4.8808900</LongitudeDegrees>
     </Position>
     <AltitudeMeters>94.91000000000001</AltitudeMeters>
     <DistanceMeters>18916.863015109586</DistanceMeters>
    </Trackpoint>
    <Trackpoint>
     <Time>2026-04-10T14:39:24+00:00</Time>
     <Position>
      <LatitudeDegrees>43.8442500</LatitudeDegrees>
      <LongitudeDegrees>4.8803200</LongitudeDegrees>
     </Position>
     <AltitudeMeters>93.97000000000001</AltitudeMeters>
     <DistanceMeters>19013.02916970458</DistanceMeters>
    </Trackpoint>
    <Trackpoint>
     <Time>2026-04-10T14:39:31+00:00</Time>
     <Position>
      <LatitudeDegrees>43.8436200</LatitudeDegrees>
      <LongitudeDegrees>4.8799000</LongitudeDegrees>
     </Position>
     <AltitudeMeters>93.97000000000001</AltitudeMeters>
     <DistanceMeters>19090.829409730242</DistanceMeters>
    </Trackpoint>
    <Trackpoint>
     <Time>2026-04-10T14:39:37+00:00</Time>
     <Position>
      <LatitudeDegrees>43.8432800</LatitudeDegrees>
      <LongitudeDegrees>4.8796600</LongitudeDegrees>
     </Position>
     <AltitudeMeters>94.06</AltitudeMeters>
     <DistanceMeters>19133.29164689598</DistanceMeters>
    </Trackpoint>
    <Trackpoint>
     <Time>2026-04-10T14:39:44+00:00</Time>
     <Position>
      <LatitudeDegrees>43.8427400</LatitudeDegrees>
      <LongitudeDegrees>4.8792200</LongitudeDegrees>
     </Position>
     <AltitudeMeters>94.06</AltitudeMeters>
     <DistanceMeters>19203.001165734553</DistanceMeters>
    </Trackpoint>
    <Trackpoint>
     <Time>2026-04-10T14:39:50+00:00</Time>
     <Position>
      <LatitudeDegrees>43.8421100</LatitudeDegrees>
      <LongitudeDegrees>4.8787300</LongitudeDegrees>
     </Position>
     <AltitudeMeters>93.78</AltitudeMeters>
     <DistanceMeters>19283.396487129383</DistanceMeters>
    </Trackpoint>
    <Trackpoint>
     <Time>2026-04-10T14:39:57+00:00</Time>
     <Position>
      <LatitudeDegrees>43.8414800</LatitudeDegrees>
      <LongitudeDegrees>4.8782400</LongitudeDegrees>
     </Position>
     <AltitudeMeters>93.78</AltitudeMeters>
     <DistanceMeters>19363.79178035275</DistanceMeters>
    </Trackpoint>
    <Trackpoint>
     <Time>2026-04-10T14:40:03+00:00</Time>
     <Position>
      <LatitudeDegrees>43.8413800</LatitudeDegrees>
      <LongitudeDegrees>4.8781900</LongitudeDegrees>
     </Position>
     <AltitudeMeters>93.78</AltitudeMeters>
     <DistanceMeters>19375.622955191433</DistanceMeters>
    </Trackpoint>
    <Trackpoint>
     <Time>2026-04-10T14:40:10+00:00</Time>
     <Position>
      <LatitudeDegrees>43.8414950</LatitudeDegrees>
      <LongitudeDegrees>4.8792400</LongitudeDegrees>
     </Position>
     <AltitudeMeters>92.15</AltitudeMeters>
     <DistanceMeters>19460.875798970676</DistanceMeters>
    </Trackpoint>
    <Trackpoint>
     <Time>2026-04-10T14:40:17+00:00</Time>
     <Position>
      <LatitudeDegrees>43.8416100</LatitudeDegrees>
      <LongitudeDegrees>4.8802900</LongitudeDegrees>
     </Position>
     <AltitudeMeters>92.15</AltitudeMeters>
     <DistanceMeters>19546.128687726694</DistanceMeters>
    </Trackpoint>
    <Trackpoint>
     <Time>2026-04-10T14:40:23+00:00</Time>
     <Position>
      <LatitudeDegrees>43.8417600</LatitudeDegrees>
      <LongitudeDegrees>4.8810100</LongitudeDegrees>
     </Position>
     <AltitudeMeters>90.49</AltitudeMeters>
     <DistanceMeters>19606.28782015832</DistanceMeters>
    </Trackpoint>
    <Trackpoint>
     <Time>2026-04-10T14:40:30+00:00</Time>
     <Position>
      <LatitudeDegrees>43.8417800</LatitudeDegrees>
      <LongitudeDegrees>4.8812500</LongitudeDegrees>
     </Position>
     <AltitudeMeters>90.49</AltitudeMeters>
     <DistanceMeters>19625.68141168984</DistanceMeters>
    </Trackpoint>
    <Trackpoint>
     <Time>2026-04-10T14:40:36+00:00</Time>
     <Position>
      <LatitudeDegrees>43.8417600</LatitudeDegrees>
      <LongitudeDegrees>4.8814700</LongitudeDegrees>
     </Position>
     <AltitudeMeters>90.49</AltitudeMeters>
     <DistanceMeters>19643.48111447908</DistanceMeters>
    </Trackpoint>
    <Trackpoint>
     <Time>2026-04-10T14:40:43+00:00</Time>
     <Position>
      <LatitudeDegrees>43.8416800</LatitudeDegrees>
      <LongitudeDegrees>4.8818900</LongitudeDegrees>
     </Position>
     <AltitudeMeters>90.49</AltitudeMeters>
     <DistanceMeters>19678.35150827495</DistanceMeters>
    </Trackpoint>
    <Trackpoint>
     <Time>2026-04-10T14:40:49+00:00</Time>
     <Position>
      <LatitudeDegrees>43.8416100</LatitudeDegrees>
      <LongitudeDegrees>4.8820900</LongitudeDegrees>
     </Position>
     <AltitudeMeters>90.49</AltitudeMeters>
     <DistanceMeters>19696.196500785612</DistanceMeters>
    </Trackpoint>
    <Trackpoint>
     <Time>2026-04-10T14:40:56+00:00</Time>
     <Position>
      <LatitudeDegrees>43.8415500</LatitudeDegrees>
      <LongitudeDegrees>4.8821900</LongitudeDegrees>
     </Position>
     <AltitudeMeters>90.49</AltitudeMeters>
     <DistanceMeters>19706.638222839607</DistanceMeters>
    </Trackpoint>
    <Trackpoint>
     <Time>2026-04-10T14:41:02+00:00</Time>
     <Position>
      <LatitudeDegrees>43.8414200</LatitudeDegrees>
      <LongitudeDegrees>4.8823200</LongitudeDegrees>
     </Position>
     <AltitudeMeters>90.49</AltitudeMeters>
     <DistanceMeters>19724.477369544766</DistanceMeters>
    </Trackpoint>
    <Trackpoint>
     <Time>2026-04-10T14:41:09+00:00</Time>
     <Position>
      <LatitudeDegrees>43.8413500</LatitudeDegrees>
      <LongitudeDegrees>4.8823700</LongitudeDegrees>
     </Position>
     <AltitudeMeters>90.49</AltitudeMeters>
     <DistanceMeters>19733.24118196979</DistanceMeters>
    </Trackpoint>
    <Trackpoint>
     <Time>2026-04-10T14:41:15+00:00</Time>
     <Position>
      <LatitudeDegrees>43.8410000</LatitudeDegrees>
      <LongitudeDegrees>4.8825100</LongitudeDegrees>
     </Position>
     <AltitudeMeters>90.49</AltitudeMeters>
     <DistanceMeters>19773.783420546137</DistanceMeters>
    </Trackpoint>
    <Trackpoint>
     <Time>2026-04-10T14:41:22+00:00</Time>
     <Position>
      <LatitudeDegrees>43.8408100</LatitudeDegrees>
      <LongitudeDegrees>4.8826400</LongitudeDegrees>
     </Position>
     <AltitudeMeters>90.49</AltitudeMeters>
     <DistanceMeters>19797.364397098067</DistanceMeters>
    </Trackpoint>
    <Trackpoint>
     <Time>2026-04-10T14:41:29+00:00</Time>
     <Position>
      <LatitudeDegrees>43.8407400</LatitudeDegrees>
      <LongitudeDegrees>4.8827200</LongitudeDegrees>
     </Position>
     <AltitudeMeters>90.49</AltitudeMeters>
     <DistanceMeters>19807.460731953775</DistanceMeters>
    </Trackpoint>
    <Trackpoint>
     <Time>2026-04-10T14:41:35+00:00</Time>
     <Position>
      <LatitudeDegrees>43.8406000</LatitudeDegrees>
      <LongitudeDegrees>4.8830200</LongitudeDegrees>
     </Position>
     <AltitudeMeters>90.49</AltitudeMeters>
     <DistanceMeters>19836.144065176504</DistanceMeters>
    </Trackpoint>
    <Trackpoint>
     <Time>2026-04-10T14:41:42+00:00</Time>
     <Position>
      <LatitudeDegrees>43.8404300</LatitudeDegrees>
      <LongitudeDegrees>4.8837200</LongitudeDegrees>
     </Position>
     <AltitudeMeters>80.95</AltitudeMeters>
     <DistanceMeters>19895.43587507221</DistanceMeters>
    </Trackpoint>
    <Trackpoint>
     <Time>2026-04-10T14:41:48+00:00</Time>
     <Position>
      <LatitudeDegrees>43.8402500</LatitudeDegrees>
      <LongitudeDegrees>4.8841200</LongitudeDegrees>
     </Position>
     <AltitudeMeters>80.95</AltitudeMeters>
     <DistanceMeters>19933.282542771427</DistanceMeters>
    </Trackpoint>
    <Trackpoint>
     <Time>2026-04-10T14:41:55+00:00</Time>
     <Position>
      <LatitudeDegrees>43.8401400</LatitudeDegrees>
      <LongitudeDegrees>4.8843000</LongitudeDegrees>
     </Position>
     <AltitudeMeters>80.95</AltitudeMeters>
     <DistanceMeters>19952.221024217797</DistanceMeters>
    </Trackpoint>
    <Trackpoint>
     <Time>2026-04-10T14:42:01+00:00</Time>
     <Position>
      <LatitudeDegrees>43.8399900</LatitudeDegrees>
      <LongitudeDegrees>4.8844300</LongitudeDegrees>
     </Position>
     <AltitudeMeters>80.95</AltitudeMeters>
     <DistanceMeters>19971.90873656131</DistanceMeters>
    </Trackpoint>
    <Trackpoint>
     <Time>2026-04-10T14:42:08+00:00</Time>
     <Position>
      <LatitudeDegrees>43.8395700</LatitudeDegrees>
      <LongitudeDegrees>4.8846000</LongitudeDegrees>
     </Position>
     <AltitudeMeters>80.95</AltitudeMeters>
     <DistanceMeters>20020.604260055556</DistanceMeters>
    </Trackpoint>
    <Trackpoint>
     <Time>2026-04-10T14:42:14+00:00</Time>
     <Position>
      <LatitudeDegrees>43.8394700</LatitudeDegrees>
      <LongitudeDegrees>4.8846700</LongitudeDegrees>
     </Position>
     <AltitudeMeters>80.95</AltitudeMeters>
     <DistanceMeters>20033.071968686992</DistanceMeters>
    </Trackpoint>
    <Trackpoint>
     <Time>2026-04-10T14:42:21+00:00</Time>
     <Position>
      <LatitudeDegrees>43.8393600</LatitudeDegrees>
      <LongitudeDegrees>4.8848600</LongitudeDegrees>
     </Position>
     <AltitudeMeters>80.95</AltitudeMeters>
     <DistanceMeters>20052.629961525374</DistanceMeters>
    </Trackpoint>
    <Trackpoint>
     <Time>2026-04-10T14:42:27+00:00</Time>
     <Position>
      <LatitudeDegrees>43.8393600</LatitudeDegrees>
      <LongitudeDegrees>4.8848700</LongitudeDegrees>
     </Position>
     <AltitudeMeters>80.95</AltitudeMeters>
     <DistanceMeters>20052.629961525374</DistanceMeters>
    </Trackpoint>
    <Trackpoint>
     <Time>2026-04-10T14:42:34+00:00</Time>
     <Position>
      <LatitudeDegrees>43.8393500</LatitudeDegrees>
      <LongitudeDegrees>4.8849700</LongitudeDegrees>
     </Position>
     <AltitudeMeters>80.95</AltitudeMeters>
     <DistanceMeters>20060.734331754407</DistanceMeters>
    </Trackpoint>
    <Trackpoint>
     <Time>2026-04-10T14:42:41+00:00</Time>
     <Position>
      <LatitudeDegrees>43.8393600</LatitudeDegrees>
      <LongitudeDegrees>4.8851400</LongitudeDegrees>
     </Position>
     <AltitudeMeters>80.95</AltitudeMeters>
     <DistanceMeters>20074.426536432176</DistanceMeters>
    </Trackpoint>
    <Trackpoint>
     <Time>2026-04-10T14:42:47+00:00</Time>
     <Position>
      <LatitudeDegrees>43.8393800</LatitudeDegrees>
      <LongitudeDegrees>4.8852300</LongitudeDegrees>
     </Position>
     <AltitudeMeters>80.95</AltitudeMeters>
     <DistanceMeters>20081.98648363332</DistanceMeters>
    </Trackpoint>
    <Trackpoint>
     <Time>2026-04-10T14:42:54+00:00</Time>
     <Position>
      <LatitudeDegrees>43.8394700</LatitudeDegrees>
      <LongitudeDegrees>4.8854600</LongitudeDegrees>
     </Position>
     <AltitudeMeters>80.95</AltitudeMeters>
     <DistanceMeters>20102.991974360757</DistanceMeters>
    </Trackpoint>
    <Trackpoint>
     <Time>2026-04-10T14:43:00+00:00</Time>
     <Position>
      <LatitudeDegrees>43.8398050</LatitudeDegrees>
      <LongitudeDegrees>4.8860650</LongitudeDegrees>
     </Position>
     <AltitudeMeters>80.95</AltitudeMeters>
     <DistanceMeters>20164.2194824982</DistanceMeters>
    </Trackpoint>
    <Trackpoint>
     <Time>2026-04-10T14:43:07+00:00</Time>
     <Position>
      <LatitudeDegrees>43.8401400</LatitudeDegrees>
      <LongitudeDegrees>4.8866700</LongitudeDegrees>
     </Position>
     <AltitudeMeters>80.95</AltitudeMeters>
     <DistanceMeters>20225.447004059894</DistanceMeters>
    </Trackpoint>
    <Trackpoint>
     <Time>2026-04-10T14:43:13+00:00</Time>
     <Position>
      <LatitudeDegrees>43.8403400</LatitudeDegrees>
      <LongitudeDegrees>4.8869000</LongitudeDegrees>
     </Position>
     <AltitudeMeters>80.95</AltitudeMeters>
     <DistanceMeters>20254.366858126457</DistanceMeters>
    </Trackpoint>
    <Trackpoint>
     <Time>2026-04-10T14:43:20+00:00</Time>
     <Position>
      <LatitudeDegrees>43.8405400</LatitudeDegrees>
      <LongitudeDegrees>4.8870600</LongitudeDegrees>
     </Position>
     <AltitudeMeters>80.95</AltitudeMeters>
     <DistanceMeters>20280.065788437485</DistanceMeters>
    </Trackpoint>
    <Trackpoint>
     <Time>2026-04-10T14:43:26+00:00</Time>
     <Position>
      <LatitudeDegrees>43.8407400</LatitudeDegrees>
      <LongitudeDegrees>4.8871600</LongitudeDegrees>
     </Position>
     <AltitudeMeters>80.95</AltitudeMeters>
     <DistanceMeters>20303.72817417339</DistanceMeters>
    </Trackpoint>
    <Trackpoint>
     <Time>2026-04-10T14:43:33+00:00</Time>
     <Position>
      <LatitudeDegrees>43.8409600</LatitudeDegrees>
      <LongitudeDegrees>4.8872100</LongitudeDegrees>
     </Position>
     <AltitudeMeters>80.95</AltitudeMeters>
     <DistanceMeters>20328.54001361617</DistanceMeters>
    </Trackpoint>
    <Trackpoint>
     <Time>2026-04-10T14:43:39+00:00</Time>
     <Position>
      <LatitudeDegrees>43.8413400</LatitudeDegrees>
      <LongitudeDegrees>4.8872500</LongitudeDegrees>
     </Position>
     <AltitudeMeters>67.21000000000001</AltitudeMeters>
     <DistanceMeters>20370.954087739152</DistanceMeters>
    </Trackpoint>
    <Trackpoint>
     <Time>2026-04-10T14:43:46+00:00</Time>
     <Position>
      <LatitudeDegrees>43.8414600</LatitudeDegrees>
      <LongitudeDegrees>4.8872800</LongitudeDegrees>
     </Position>
     <AltitudeMeters>67.21000000000001</AltitudeMeters>
     <DistanceMeters>20384.524949258277</DistanceMeters>
    </Trackpoint>
    <Trackpoint>
     <Time>2026-04-10T14:43:53+00:00</Time>
     <Position>
      <LatitudeDegrees>43.8417100</LatitudeDegrees>
      <LongitudeDegrees>4.8873800</LongitudeDegrees>
     </Position>
     <AltitudeMeters>67.21000000000001</AltitudeMeters>
     <DistanceMeters>20413.4836758067</DistanceMeters>
    </Trackpoint>
    <Trackpoint>
     <Time>2026-04-10T14:43:59+00:00</Time>
     <Position>
      <LatitudeDegrees>43.8419400</LatitudeDegrees>
      <LongitudeDegrees>4.8875200</LongitudeDegrees>
     </Position>
     <AltitudeMeters>67.21000000000001</AltitudeMeters>
     <DistanceMeters>20441.43996435982</DistanceMeters>
    </Trackpoint>
    <Trackpoint>
     <Time>2026-04-10T14:44:06+00:00</Time>
     <Position>
      <LatitudeDegrees>43.8420400</LatitudeDegrees>
      <LongitudeDegrees>4.8876000</LongitudeDegrees>
     </Position>
     <AltitudeMeters>67.21000000000001</AltitudeMeters>
     <DistanceMeters>20454.289346132882</DistanceMeters>
    </Trackpoint>
    <Trackpoint>
     <Time>2026-04-10T14:44:12+00:00</Time>
     <Position>
      <LatitudeDegrees>43.8422000</LatitudeDegrees>
      <LongitudeDegrees>4.8877600</LongitudeDegrees>
     </Position>
     <AltitudeMeters>67.21000000000001</AltitudeMeters>
     <DistanceMeters>20476.245139033657</DistanceMeters>
    </Trackpoint>
    <Trackpoint>
     <Time>2026-04-10T14:44:19+00:00</Time>
     <Position>
      <LatitudeDegrees>43.8423600</LatitudeDegrees>
      <LongitudeDegrees>4.8879900</LongitudeDegrees>
     </Position>
     <AltitudeMeters>67.21000000000001</AltitudeMeters>
     <DistanceMeters>20501.895982315527</DistanceMeters>
    </Trackpoint>
    <Trackpoint>
     <Time>2026-04-10T14:44:25+00:00</Time>
     <Position>
      <LatitudeDegrees>43.8426000</LatitudeDegrees>
      <LongitudeDegrees>4.8884200</LongitudeDegrees>
     </Position>
     <AltitudeMeters>67.21000000000001</AltitudeMeters>
     <DistanceMeters>20545.540981748887</DistanceMeters>
    </Trackpoint>
    <Trackpoint>
     <Time>2026-04-10T14:44:32+00:00</Time>
     <Position>
      <LatitudeDegrees>43.8429000</LatitudeDegrees>
      <LongitudeDegrees>4.8890700</LongitudeDegrees>
     </Position>
     <AltitudeMeters>67.21000000000001</AltitudeMeters>
     <DistanceMeters>20607.48592731731</DistanceMeters>
    </Trackpoint>
    <Trackpoint>
     <Time>2026-04-10T14:44:38+00:00</Time>
     <Position>
      <LatitudeDegrees>43.8430400</LatitudeDegrees>
      <LongitudeDegrees>4.8894500</LongitudeDegrees>
     </Position>
     <AltitudeMeters>67.21000000000001</AltitudeMeters>
     <DistanceMeters>20641.738104960692</DistanceMeters>
    </Trackpoint>
    <Trackpoint>
     <Time>2026-04-10T14:44:45+00:00</Time>
     <Position>
      <LatitudeDegrees>43.8431400</LatitudeDegrees>
      <LongitudeDegrees>4.8898500</LongitudeDegrees>
     </Position>
     <AltitudeMeters>67.21000000000001</AltitudeMeters>
     <DistanceMeters>20675.720637199534</DistanceMeters>
    </Trackpoint>
    <Trackpoint>
     <Time>2026-04-10T14:44:51+00:00</Time>
     <Position>
      <LatitudeDegrees>43.8432800</LatitudeDegrees>
      <LongitudeDegrees>4.8906750</LongitudeDegrees>
     </Position>
     <AltitudeMeters>60.29</AltitudeMeters>
     <DistanceMeters>20743.75220149448</DistanceMeters>
    </Trackpoint>
    <Trackpoint>
     <Time>2026-04-10T14:44:58+00:00</Time>
     <Position>
      <LatitudeDegrees>43.8434200</LatitudeDegrees>
      <LongitudeDegrees>4.8915000</LongitudeDegrees>
     </Position>
     <AltitudeMeters>60.17000000000001</AltitudeMeters>
     <DistanceMeters>20811.783802408074</DistanceMeters>
    </Trackpoint>
    <Trackpoint>
     <Time>2026-04-10T14:45:05+00:00</Time>
     <Position>
      <LatitudeDegrees>43.8434800</LatitudeDegrees>
      <LongitudeDegrees>4.8922200</LongitudeDegrees>
     </Position>
     <AltitudeMeters>60.17000000000001</AltitudeMeters>
     <DistanceMeters>20869.96296022491</DistanceMeters>
    </Trackpoint>
    <Trackpoint>
     <Time>2026-04-10T14:45:11+00:00</Time>
     <Position>
      <LatitudeDegrees>43.8434800</LatitudeDegrees>
      <LongitudeDegrees>4.8925300</LongitudeDegrees>
     </Position>
     <AltitudeMeters>60.17000000000001</AltitudeMeters>
     <DistanceMeters>20894.84675763712</DistanceMeters>
    </Trackpoint>
    <Trackpoint>
     <Time>2026-04-10T14:45:18+00:00</Time>
     <Position>
      <LatitudeDegrees>43.8434150</LatitudeDegrees>
      <LongitudeDegrees>4.8937550</LongitudeDegrees>
     </Position>
     <AltitudeMeters>47.66</AltitudeMeters>
     <DistanceMeters>20993.44375000851</DistanceMeters>
    </Trackpoint>
    <Trackpoint>
     <Time>2026-04-10T14:45:24+00:00</Time>
     <Position>
      <LatitudeDegrees>43.8433500</LatitudeDegrees>
      <LongitudeDegrees>4.8949800</LongitudeDegrees>
     </Position>
     <AltitudeMeters>47.66</AltitudeMeters>
     <DistanceMeters>21092.0407443004</DistanceMeters>
    </Trackpoint>
    <Trackpoint>
     <Time>2026-04-10T14:45:31+00:00</Time>
     <Position>
      <LatitudeDegrees>43.8436200</LatitudeDegrees>
      <LongitudeDegrees>4.8950600</LongitudeDegrees>
     </Position>
     <AltitudeMeters>47.720000000000006</AltitudeMeters>
     <DistanceMeters>21122.769065973167</DistanceMeters>
    </Trackpoint>
    <Trackpoint>
     <Time>2026-04-10T14:45:37+00:00</Time>
     <Position>
      <LatitudeDegrees>43.8441400</LatitudeDegrees>
      <LongitudeDegrees>4.8949000</LongitudeDegrees>
     </Position>
     <AltitudeMeters>47.720000000000006</AltitudeMeters>
     <DistanceMeters>21182.050751069208</DistanceMeters>
    </Trackpoint>
    <Trackpoint>
     <Time>2026-04-10T14:45:44+00:00</Time>
     <Position>
      <LatitudeDegrees>43.8446500</LatitudeDegrees>
      <LongitudeDegrees>4.8947900</LongitudeDegrees>
     </Position>
     <AltitudeMeters>47.720000000000006</AltitudeMeters>
     <DistanceMeters>21239.494200146422</DistanceMeters>
    </Trackpoint>
    <Trackpoint>
     <Time>2026-04-10T14:45:50+00:00</Time>
     <Position>
      <LatitudeDegrees>43.8453625</LatitudeDegrees>
      <LongitudeDegrees>4.8946100</LongitudeDegrees>
     </Position>
     <AltitudeMeters>47.720000000000006</AltitudeMeters>
     <DistanceMeters>21320.097828996277</DistanceMeters>
    </Trackpoint>
    <Trackpoint>
     <Time>2026-04-10T14:45:57+00:00</Time>
     <Position>
      <LatitudeDegrees>43.8460750</LatitudeDegrees>
      <LongitudeDegrees>4.8944300</LongitudeDegrees>
     </Position>
     <AltitudeMeters>47.720000000000006</AltitudeMeters>
     <DistanceMeters>21400.701457847197</DistanceMeters>
    </Trackpoint>
    <Trackpoint>
     <Time>2026-04-10T14:46:03+00:00</Time>
     <Position>
      <LatitudeDegrees>43.8467875</LatitudeDegrees>
      <LongitudeDegrees>4.8942500</LongitudeDegrees>
     </Position>
     <AltitudeMeters>49.84</AltitudeMeters>
     <DistanceMeters>21481.305086696808</DistanceMeters>
    </Trackpoint>
    <Trackpoint>
     <Time>2026-04-10T14:46:10+00:00</Time>
     <Position>
      <LatitudeDegrees>43.8475000</LatitudeDegrees>
      <LongitudeDegrees>4.8940700</LongitudeDegrees>
     </Position>
     <AltitudeMeters>49.84</AltitudeMeters>
     <DistanceMeters>21561.90872919067</DistanceMeters>
    </Trackpoint>
    <Trackpoint>
     <Time>2026-04-10T14:46:16+00:00</Time>
     <Position>
      <LatitudeDegrees>43.8482150</LatitudeDegrees>
      <LongitudeDegrees>4.8939100</LongitudeDegrees>
     </Position>
     <AltitudeMeters>49.84</AltitudeMeters>
     <DistanceMeters>21642.51471737791</DistanceMeters>
    </Trackpoint>
    <Trackpoint>
     <Time>2026-04-10T14:46:23+00:00</Time>
     <Position>
      <LatitudeDegrees>43.8489300</LatitudeDegrees>
      <LongitudeDegrees>4.8937500</LongitudeDegrees>
     </Position>
     <AltitudeMeters>49.84</AltitudeMeters>
     <DistanceMeters>21723.120739278835</DistanceMeters>
    </Trackpoint>
    <Trackpoint>
     <Time>2026-04-10T14:46:30+00:00</Time>
     <Position>
      <LatitudeDegrees>43.8490600</LatitudeDegrees>
      <LongitudeDegrees>4.8947360</LongitudeDegrees>
     </Position>
     <AltitudeMeters>49.84</AltitudeMeters>
     <DistanceMeters>21803.57131808758</DistanceMeters>
    </Trackpoint>
    <Trackpoint>
     <Time>2026-04-10T14:46:36+00:00</Time>
     <Position>
      <LatitudeDegrees>43.8491900</LatitudeDegrees>
      <LongitudeDegrees>4.8957220</LongitudeDegrees>
     </Position>
     <AltitudeMeters>48.06</AltitudeMeters>
     <DistanceMeters>21884.021896895876</DistanceMeters>
    </Trackpoint>
    <Trackpoint>
     <Time>2026-04-10T14:46:43+00:00</Time>
     <Position>
      <LatitudeDegrees>43.8493200</LatitudeDegrees>
      <LongitudeDegrees>4.8967080</LongitudeDegrees>
     </Position>
     <AltitudeMeters>48.06</AltitudeMeters>
     <DistanceMeters>21964.47247570441</DistanceMeters>
    </Trackpoint>
    <Trackpoint>
     <Time>2026-04-10T14:46:49+00:00</Time>
     <Position>
      <LatitudeDegrees>43.8494500</LatitudeDegrees>
      <LongitudeDegrees>4.8976940</LongitudeDegrees>
     </Position>
     <AltitudeMeters>48.06</AltitudeMeters>
     <DistanceMeters>22044.923054512947</DistanceMeters>
    </Trackpoint>
    <Trackpoint>
     <Time>2026-04-10T14:46:56+00:00</Time>
     <Position>
      <LatitudeDegrees>43.8495800</LatitudeDegrees>
      <LongitudeDegrees>4.8986800</LongitudeDegrees>
     </Position>
     <AltitudeMeters>48.06</AltitudeMeters>
     <DistanceMeters>22125.373647745942</DistanceMeters>
    </Trackpoint>
    <Trackpoint>
     <Time>2026-04-10T14:47:02+00:00</Time>
     <Position>
      <LatitudeDegrees>43.8496433</LatitudeDegrees>
      <LongitudeDegrees>4.8995500</LongitudeDegrees>
     </Position>
     <AltitudeMeters>45.88</AltitudeMeters>
     <DistanceMeters>22195.556424421935</DistanceMeters>
    </Trackpoint>
    <Trackpoint>
     <Time>2026-04-10T14:47:09+00:00</Time>
     <Position>
      <LatitudeDegrees>43.8497067</LatitudeDegrees>
      <LongitudeDegrees>4.9004200</LongitudeDegrees>
     </Position>
     <AltitudeMeters>45.88</AltitudeMeters>
     <DistanceMeters>22265.73920109789</DistanceMeters>
    </Trackpoint>
    <Trackpoint>
     <Time>2026-04-10T14:47:15+00:00</Time>
     <Position>
      <LatitudeDegrees>43.8497700</LatitudeDegrees>
      <LongitudeDegrees>4.9012900</LongitudeDegrees>
     </Position>
     <AltitudeMeters>45.88</AltitudeMeters>
     <DistanceMeters>22335.921998158625</DistanceMeters>
    </Trackpoint>
    <Trackpoint>
     <Time>2026-04-10T14:47:22+00:00</Time>
     <Position>
      <LatitudeDegrees>43.8504750</LatitudeDegrees>
      <LongitudeDegrees>4.9016650</LongitudeDegrees>
     </Position>
     <AltitudeMeters>45.58</AltitudeMeters>
     <DistanceMeters>22419.960041211834</DistanceMeters>
    </Trackpoint>
    <Trackpoint>
     <Time>2026-04-10T14:47:28+00:00</Time>
     <Position>
      <LatitudeDegrees>43.8511800</LatitudeDegrees>
      <LongitudeDegrees>4.9020400</LongitudeDegrees>
     </Position>
     <AltitudeMeters>45.58</AltitudeMeters>
     <DistanceMeters>22503.99809369932</DistanceMeters>
    </Trackpoint>
    <Trackpoint>
     <Time>2026-04-10T14:47:35+00:00</Time>
     <Position>
      <LatitudeDegrees>43.8511600</LatitudeDegrees>
      <LongitudeDegrees>4.9021200</LongitudeDegrees>
     </Position>
     <AltitudeMeters>45.58</AltitudeMeters>
     <DistanceMeters>22510.793778313317</DistanceMeters>
    </Trackpoint>
    <Trackpoint>
     <Time>2026-04-10T14:47:42+00:00</Time>
     <Position>
      <LatitudeDegrees>43.8511100</LatitudeDegrees>
      <LongitudeDegrees>4.9021900</LongitudeDegrees>
     </Position>
     <AltitudeMeters>45.58</AltitudeMeters>
     <DistanceMeters>22518.701432988633</DistanceMeters>
    </Trackpoint>
    <Trackpoint>
     <Time>2026-04-10T14:47:48+00:00</Time>
     <Position>
      <LatitudeDegrees>43.8508700</LatitudeDegrees>
      <LongitudeDegrees>4.9023900</LongitudeDegrees>
     </Position>
     <AltitudeMeters>45.58</AltitudeMeters>
     <DistanceMeters>22549.86460983491</DistanceMeters>
    </Trackpoint>
    <Trackpoint>
     <Time>2026-04-10T14:47:55+00:00</Time>
     <Position>
      <LatitudeDegrees>43.8504300</LatitudeDegrees>
      <LongitudeDegrees>4.9026850</LongitudeDegrees>
     </Position>
     <AltitudeMeters>45.58</AltitudeMeters>
     <DistanceMeters>22604.258276702705</DistanceMeters>
    </Trackpoint>
    <Trackpoint>
     <Time>2026-04-10T14:48:01+00:00</Time>
     <Position>
      <LatitudeDegrees>43.8499900</LatitudeDegrees>
      <LongitudeDegrees>4.9029800</LongitudeDegrees>
     </Position>
     <AltitudeMeters>46.910000000000004</AltitudeMeters>
     <DistanceMeters>22658.65192812734</DistanceMeters>
    </Trackpoint>
    <Trackpoint>
     <Time>2026-04-10T14:48:08+00:00</Time>
     <Position>
      <LatitudeDegrees>43.8495450</LatitudeDegrees>
      <LongitudeDegrees>4.9031650</LongitudeDegrees>
     </Position>
     <AltitudeMeters>46.910000000000004</AltitudeMeters>
     <DistanceMeters>22710.35649288259</DistanceMeters>
    </Trackpoint>
    <Trackpoint>
     <Time>2026-04-10T14:48:14+00:00</Time>
     <Position>
      <LatitudeDegrees>43.8491000</LatitudeDegrees>
      <LongitudeDegrees>4.9033500</LongitudeDegrees>
     </Position>
     <AltitudeMeters>46.910000000000004</AltitudeMeters>
     <DistanceMeters>22762.061014123337</DistanceMeters>
    </Trackpoint>
    <Trackpoint>
     <Time>2026-04-10T14:48:21+00:00</Time>
     <Position>
      <LatitudeDegrees>43.8485700</LatitudeDegrees>
      <LongitudeDegrees>4.9037100</LongitudeDegrees>
     </Position>
     <AltitudeMeters>46.910000000000004</AltitudeMeters>
     <DistanceMeters>22827.74462516397</DistanceMeters>
    </Trackpoint>
    <Trackpoint>
     <Time>2026-04-10T14:48:27+00:00</Time>
     <Position>
      <LatitudeDegrees>43.8481600</LatitudeDegrees>
      <LongitudeDegrees>4.9040150</LongitudeDegrees>
     </Position>
     <AltitudeMeters>46.910000000000004</AltitudeMeters>
     <DistanceMeters>22879.527887135908</DistanceMeters>
    </Trackpoint>
    <Trackpoint>
     <Time>2026-04-10T14:48:34+00:00</Time>
     <Position>
      <LatitudeDegrees>43.8477500</LatitudeDegrees>
      <LongitudeDegrees>4.9043200</LongitudeDegrees>
     </Position>
     <AltitudeMeters>46.910000000000004</AltitudeMeters>
     <DistanceMeters>22931.311128090056</DistanceMeters>
    </Trackpoint>
    <Trackpoint>
     <Time>2026-04-10T14:48:40+00:00</Time>
     <Position>
      <LatitudeDegrees>43.8470000</LatitudeDegrees>
      <LongitudeDegrees>4.9048100</LongitudeDegrees>
     </Position>
     <AltitudeMeters>46.910000000000004</AltitudeMeters>
     <DistanceMeters>23023.584496780502</DistanceMeters>
    </Trackpoint>
    <Trackpoint>
     <Time>2026-04-10T14:48:47+00:00</Time>
     <Position>
      <LatitudeDegrees>43.8464200</LatitudeDegrees>
      <LongitudeDegrees>4.9052800</LongitudeDegrees>
     </Position>
     <AltitudeMeters>46.910000000000004</AltitudeMeters>
     <DistanceMeters>23098.35127675381</DistanceMeters>
    </Trackpoint>
    <Trackpoint>
     <Time>2026-04-10T14:48:54+00:00</Time>
     <Position>
      <LatitudeDegrees>43.8459000</LatitudeDegrees>
      <LongitudeDegrees>4.9058100</LongitudeDegrees>
     </Position>
     <AltitudeMeters>46.910000000000004</AltitudeMeters>
     <DistanceMeters>23170.178418091728</DistanceMeters>
    </Trackpoint>
    <Trackpoint>
     <Time>2026-04-10T14:49:00+00:00</Time>
     <Position>
      <LatitudeDegrees>43.8457000</LatitudeDegrees>
      <LongitudeDegrees>4.9060500</LongitudeDegrees>
     </Position>
     <AltitudeMeters>46.910000000000004</AltitudeMeters>
     <DistanceMeters>23199.616075759594</DistanceMeters>
    </Trackpoint>
    <Trackpoint>
     <Time>2026-04-10T14:49:07+00:00</Time>
     <Position>
      <LatitudeDegrees>43.8451625</LatitudeDegrees>
      <LongitudeDegrees>4.9067975</LongitudeDegrees>
     </Position>
     <AltitudeMeters>49.63000000000001</AltitudeMeters>
     <DistanceMeters>23284.34335738248</DistanceMeters>
    </Trackpoint>
    <Trackpoint>
     <Time>2026-04-10T14:49:13+00:00</Time>
     <Position>
      <LatitudeDegrees>43.8446250</LatitudeDegrees>
      <LongitudeDegrees>4.9075450</LongitudeDegrees>
     </Position>
     <AltitudeMeters>49.63000000000001</AltitudeMeters>
     <DistanceMeters>23369.070639007274</DistanceMeters>
    </Trackpoint>
    <Trackpoint>
     <Time>2026-04-10T14:49:20+00:00</Time>
     <Position>
      <LatitudeDegrees>43.8440875</LatitudeDegrees>
      <LongitudeDegrees>4.9082925</LongitudeDegrees>
     </Position>
     <AltitudeMeters>49.63000000000001</AltitudeMeters>
     <DistanceMeters>23453.797920631125</DistanceMeters>
    </Trackpoint>
    <Trackpoint>
     <Time>2026-04-10T14:49:26+00:00</Time>
     <Position>
      <LatitudeDegrees>43.8435500</LatitudeDegrees>
      <LongitudeDegrees>4.9090400</LongitudeDegrees>
     </Position>
     <AltitudeMeters>49.63000000000001</AltitudeMeters>
     <DistanceMeters>23538.52520106617</DistanceMeters>
    </Trackpoint>
    <Trackpoint>
     <Time>2026-04-10T14:49:33+00:00</Time>
     <Position>
      <LatitudeDegrees>43.8433400</LatitudeDegrees>
      <LongitudeDegrees>4.9093100</LongitudeDegrees>
     </Position>
     <AltitudeMeters>49.63000000000001</AltitudeMeters>
     <DistanceMeters>23570.399540894574</DistanceMeters>
    </Trackpoint>
    <Trackpoint>
     <Time>2026-04-10T14:49:39+00:00</Time>
     <Position>
      <LatitudeDegrees>43.8431600</LatitudeDegrees>
      <LongitudeDegrees>4.9094600</LongitudeDegrees>
     </Position>
     <AltitudeMeters>49.63000000000001</AltitudeMeters>
     <DistanceMeters>23593.772728286778</DistanceMeters>
    </Trackpoint>
    <Trackpoint>
     <Time>2026-04-10T14:49:46+00:00</Time>
     <Position>
      <LatitudeDegrees>43.8430400</LatitudeDegrees>
      <LongitudeDegrees>4.9095300</LongitudeDegrees>
     </Position>
     <AltitudeMeters>49.63000000000001</AltitudeMeters>
     <DistanceMeters>23608.262088990406</DistanceMeters>
    </Trackpoint>
    <Trackpoint>
     <Time>2026-04-10T14:49:52+00:00</Time>
     <Position>
      <LatitudeDegrees>43.8425900</LatitudeDegrees>
      <LongitudeDegrees>4.9097400</LongitudeDegrees>
     </Position>
     <AltitudeMeters>49.63000000000001</AltitudeMeters>
     <DistanceMeters>23661.105909514758</DistanceMeters>
    </Trackpoint>
    <Trackpoint>
     <Time>2026-04-10T14:49:59+00:00</Time>
     <Position>
      <LatitudeDegrees>43.8425300</LatitudeDegrees>
      <LongitudeDegrees>4.9097500</LongitudeDegrees>
     </Position>
     <AltitudeMeters>49.63000000000001</AltitudeMeters>
     <DistanceMeters>23667.831723513707</DistanceMeters>
    </Trackpoint>
    <Trackpoint>
     <Time>2026-04-10T14:50:06+00:00</Time>
     <Position>
      <LatitudeDegrees>43.8423100</LatitudeDegrees>
      <LongitudeDegrees>4.9097200</LongitudeDegrees>
     </Position>
     <AltitudeMeters>49.63000000000001</AltitudeMeters>
     <DistanceMeters>23692.434911213117</DistanceMeters>
    </Trackpoint>
    <Trackpoint>
     <Time>2026-04-10T14:50:12+00:00</Time>
     <Position>
      <LatitudeDegrees>43.8420700</LatitudeDegrees>
      <LongitudeDegrees>4.9098000</LongitudeDegrees>
     </Position>
     <AltitudeMeters>49.63000000000001</AltitudeMeters>
     <DistanceMeters>23719.906980678563</DistanceMeters>
    </Trackpoint>
    <Trackpoint>
     <Time>2026-04-10T14:50:19+00:00</Time>
     <Position>
      <LatitudeDegrees>43.8418600</LatitudeDegrees>
      <LongitudeDegrees>4.9099000</LongitudeDegrees>
     </Position>
     <AltitudeMeters>49.63000000000001</AltitudeMeters>
     <DistanceMeters>23744.619148176396</DistanceMeters>
    </Trackpoint>
    <Trackpoint>
     <Time>2026-04-10T14:50:25+00:00</Time>
     <Position>
      <LatitudeDegrees>43.8420833</LatitudeDegrees>
      <LongitudeDegrees>4.9109767</LongitudeDegrees>
     </Position>
     <AltitudeMeters>48.010000000000005</AltitudeMeters>
     <DistanceMeters>23834.548653132533</DistanceMeters>
    </Trackpoint>
    <Trackpoint>
     <Time>2026-04-10T14:50:32+00:00</Time>
     <Position>
      <LatitudeDegrees>43.8423067</LatitudeDegrees>
      <LongitudeDegrees>4.9120533</LongitudeDegrees>
     </Position>
     <AltitudeMeters>48.010000000000005</AltitudeMeters>
     <DistanceMeters>23924.478158088583</DistanceMeters>
    </Trackpoint>
    <Trackpoint>
     <Time>2026-04-10T14:50:38+00:00</Time>
     <Position>
      <LatitudeDegrees>43.8425300</LatitudeDegrees>
      <LongitudeDegrees>4.9131300</LongitudeDegrees>
     </Position>
     <AltitudeMeters>48.1</AltitudeMeters>
     <DistanceMeters>24014.407669766777</DistanceMeters>
    </Trackpoint>
    <Trackpoint>
     <Time>2026-04-10T14:50:45+00:00</Time>
     <Position>
      <LatitudeDegrees>43.8425500</LatitudeDegrees>
      <LongitudeDegrees>4.9133200</LongitudeDegrees>
     </Position>
     <AltitudeMeters>48.1</AltitudeMeters>
     <DistanceMeters>24029.820845763752</DistanceMeters>
    </Trackpoint>
    <Trackpoint>
     <Time>2026-04-10T14:50:51+00:00</Time>
     <Position>
      <LatitudeDegrees>43.8425300</LatitudeDegrees>
      <LongitudeDegrees>4.9136000</LongitudeDegrees>
     </Position>
     <AltitudeMeters>47.68000000000001</AltitudeMeters>
     <DistanceMeters>24052.40684056138</DistanceMeters>
    </Trackpoint>
    <Trackpoint>
     <Time>2026-04-10T14:50:58+00:00</Time>
     <Position>
      <LatitudeDegrees>43.8424500</LatitudeDegrees>
      <LongitudeDegrees>4.9139000</LongitudeDegrees>
     </Position>
     <AltitudeMeters>47.68000000000001</AltitudeMeters>
     <DistanceMeters>24078.081602660644</DistanceMeters>
    </Trackpoint>
    <Trackpoint>
     <Time>2026-04-10T14:51:04+00:00</Time>
     <Position>
      <LatitudeDegrees>43.8423100</LatitudeDegrees>
      <LongitudeDegrees>4.9141900</LongitudeDegrees>
     </Position>
     <AltitudeMeters>47.68000000000001</AltitudeMeters>
     <DistanceMeters>24106.09380269528</DistanceMeters>
    </Trackpoint>
    <Trackpoint>
     <Time>2026-04-10T14:51:11+00:00</Time>
     <Position>
      <LatitudeDegrees>43.8421400</LatitudeDegrees>
      <LongitudeDegrees>4.9144700</LongitudeDegrees>
     </Position>
     <AltitudeMeters>47.68000000000001</AltitudeMeters>
     <DistanceMeters>24135.47328960603</DistanceMeters>
    </Trackpoint>
    <Trackpoint>
     <Time>2026-04-10T14:51:18+00:00</Time>
     <Position>
      <LatitudeDegrees>43.8418200</LatitudeDegrees>
      <LongitudeDegrees>4.9148300</LongitudeDegrees>
     </Position>
     <AltitudeMeters>47.68000000000001</AltitudeMeters>
     <DistanceMeters>24181.33719341582</DistanceMeters>
    </Trackpoint>
    <Trackpoint>
     <Time>2026-04-10T14:51:24+00:00</Time>
     <Position>
      <LatitudeDegrees>43.8411600</LatitudeDegrees>
      <LongitudeDegrees>4.9153700</LongitudeDegrees>
     </Position>
     <AltitudeMeters>49.1</AltitudeMeters>
     <DistanceMeters>24266.628794806576</DistanceMeters>
    </Trackpoint>
    <Trackpoint>
     <Time>2026-04-10T14:51:31+00:00</Time>
     <Position>
      <LatitudeDegrees>43.8410700</LatitudeDegrees>
      <LongitudeDegrees>4.9155000</LongitudeDegrees>
     </Position>
     <AltitudeMeters>49.1</AltitudeMeters>
     <DistanceMeters>24281.093693603063</DistanceMeters>
    </Trackpoint>
    <Trackpoint>
     <Time>2026-04-10T14:51:37+00:00</Time>
     <Position>
      <LatitudeDegrees>43.8406550</LatitudeDegrees>
      <LongitudeDegrees>4.9165150</LongitudeDegrees>
     </Position>
     <AltitudeMeters>49.45</AltitudeMeters>
     <DistanceMeters>24374.75268862975</DistanceMeters>
    </Trackpoint>
    <Trackpoint>
     <Time>2026-04-10T14:51:44+00:00</Time>
     <Position>
      <LatitudeDegrees>43.8402400</LatitudeDegrees>
      <LongitudeDegrees>4.9175300</LongitudeDegrees>
     </Position>
     <AltitudeMeters>50.190000000000005</AltitudeMeters>
     <DistanceMeters>24468.411666575037</DistanceMeters>
    </Trackpoint>
    <Trackpoint>
     <Time>2026-04-10T14:51:50+00:00</Time>
     <Position>
      <LatitudeDegrees>43.8400900</LatitudeDegrees>
      <LongitudeDegrees>4.9176000</LongitudeDegrees>
     </Position>
     <AltitudeMeters>50.25</AltitudeMeters>
     <DistanceMeters>24486.02635303525</DistanceMeters>
    </Trackpoint>
    <Trackpoint>
     <Time>2026-04-10T14:51:57+00:00</Time>
     <Position>
      <LatitudeDegrees>43.8400300</LatitudeDegrees>
      <LongitudeDegrees>4.9176200</LongitudeDegrees>
     </Position>
     <AltitudeMeters>50.24000000000001</AltitudeMeters>
     <DistanceMeters>24492.894383799925</DistanceMeters>
    </Trackpoint>
    <Trackpoint>
     <Time>2026-04-10T14:52:03+00:00</Time>
     <Position>
      <LatitudeDegrees>43.8400100</LatitudeDegrees>
      <LongitudeDegrees>4.9177000</LongitudeDegrees>
     </Position>
     <AltitudeMeters>50.24000000000001</AltitudeMeters>
     <DistanceMeters>24499.69120247533</DistanceMeters>
    </Trackpoint>
    <Trackpoint>
     <Time>2026-04-10T14:52:10+00:00</Time>
     <Position>
      <LatitudeDegrees>43.8400700</LatitudeDegrees>
      <LongitudeDegrees>4.9179800</LongitudeDegrees>
     </Position>
     <AltitudeMeters>50.21</AltitudeMeters>
     <DistanceMeters>24523.139166776327</DistanceMeters>
    </Trackpoint>
    <Trackpoint>
     <Time>2026-04-10T14:52:16+00:00</Time>
     <Position>
      <LatitudeDegrees>43.8401800</LatitudeDegrees>
      <LongitudeDegrees>4.9187000</LongitudeDegrees>
     </Position>
     <AltitudeMeters>50.24000000000001</AltitudeMeters>
     <DistanceMeters>24582.21939977339</DistanceMeters>
    </Trackpoint>
    <Trackpoint>
     <Time>2026-04-10T14:52:23+00:00</Time>
     <Position>
      <LatitudeDegrees>43.8401900</LatitudeDegrees>
      <LongitudeDegrees>4.9190000</LongitudeDegrees>
     </Position>
     <AltitudeMeters>50.5</AltitudeMeters>
     <DistanceMeters>24606.327527709425</DistanceMeters>
    </Trackpoint>
    <Trackpoint>
     <Time>2026-04-10T14:52:30+00:00</Time>
     <Position>
      <LatitudeDegrees>43.8401400</LatitudeDegrees>
      <LongitudeDegrees>4.9194200</LongitudeDegrees>
     </Position>
     <AltitudeMeters>50.870000000000005</AltitudeMeters>
     <DistanceMeters>24640.499085705273</DistanceMeters>
    </Trackpoint>
    <Trackpoint>
     <Time>2026-04-10T14:52:36+00:00</Time>
     <Position>
      <LatitudeDegrees>43.8400800</LatitudeDegrees>
      <LongitudeDegrees>4.9196900</LongitudeDegrees>
     </Position>
     <AltitudeMeters>51.03000000000001</AltitudeMeters>
     <DistanceMeters>24663.17867040594</DistanceMeters>
    </Trackpoint>
    <Trackpoint>
     <Time>2026-04-10T14:52:43+00:00</Time>
     <Position>
      <LatitudeDegrees>43.8401000</LatitudeDegrees>
      <LongitudeDegrees>4.9197300</LongitudeDegrees>
     </Position>
     <AltitudeMeters>51.02</AltitudeMeters>
     <DistanceMeters>24667.085738400663</DistanceMeters>
    </Trackpoint>
    <Trackpoint>
     <Time>2026-04-10T14:52:49+00:00</Time>
     <Position>
      <LatitudeDegrees>43.8400800</LatitudeDegrees>
      <LongitudeDegrees>4.9197900</LongitudeDegrees>
     </Position>
     <AltitudeMeters>51.02</AltitudeMeters>
     <DistanceMeters>24672.391705944337</DistanceMeters>
    </Trackpoint>
    <Trackpoint>
     <Time>2026-04-10T14:52:56+00:00</Time>
     <Position>
      <LatitudeDegrees>43.8403350</LatitudeDegrees>
      <LongitudeDegrees>4.9203900</LongitudeDegrees>
     </Position>
     <AltitudeMeters>50.24000000000001</AltitudeMeters>
     <DistanceMeters>24728.29598651184</DistanceMeters>
    </Trackpoint>
    <Trackpoint>
     <Time>2026-04-10T14:53:02+00:00</Time>
     <Position>
      <LatitudeDegrees>43.8405900</LatitudeDegrees>
      <LongitudeDegrees>4.9209900</LongitudeDegrees>
     </Position>
     <AltitudeMeters>50.260000000000005</AltitudeMeters>
     <DistanceMeters>24784.200256235472</DistanceMeters>
    </Trackpoint>
    <Trackpoint>
     <Time>2026-04-10T14:53:09+00:00</Time>
     <Position>
      <LatitudeDegrees>43.8404100</LatitudeDegrees>
      <LongitudeDegrees>4.9205600</LongitudeDegrees>
     </Position>
     <AltitudeMeters>50.24000000000001</AltitudeMeters>
     <DistanceMeters>24824.110399130925</DistanceMeters>
    </Trackpoint>
    <Trackpoint>
     <Time>2026-04-10T14:53:15+00:00</Time>
     <Position>
      <LatitudeDegrees>43.8404300</LatitudeDegrees>
      <LongitudeDegrees>4.9205300</LongitudeDegrees>
     </Position>
     <AltitudeMeters>50.24000000000001</AltitudeMeters>
     <DistanceMeters>24827.389770597438</DistanceMeters>
    </Trackpoint>
    <Trackpoint>
     <Time>2026-04-10T14:53:22+00:00</Time>
     <Position>
      <LatitudeDegrees>43.8405800</LatitudeDegrees>
      <LongitudeDegrees>4.9204700</LongitudeDegrees>
     </Position>
     <AltitudeMeters>50.24000000000001</AltitudeMeters>
     <DistanceMeters>24844.765030694347</DistanceMeters>
    </Trackpoint>
    <Trackpoint>
     <Time>2026-04-10T14:53:28+00:00</Time>
     <Position>
      <LatitudeDegrees>43.8414100</LatitudeDegrees>
      <LongitudeDegrees>4.9203700</LongitudeDegrees>
     </Position>
     <AltitudeMeters>49.28</AltitudeMeters>
     <DistanceMeters>24937.488575175903</DistanceMeters>
    </Trackpoint>
    <Trackpoint>
     <Time>2026-04-10T14:53:35+00:00</Time>
     <Position>
      <LatitudeDegrees>43.8417600</LatitudeDegrees>
      <LongitudeDegrees>4.9203700</LongitudeDegrees>
     </Position>
     <AltitudeMeters>49.28</AltitudeMeters>
     <DistanceMeters>24976.442062979902</DistanceMeters>
    </Trackpoint>
    <Trackpoint>
     <Time>2026-04-10T14:53:42+00:00</Time>
     <Position>
      <LatitudeDegrees>43.8421400</LatitudeDegrees>
      <LongitudeDegrees>4.9205300</LongitudeDegrees>
     </Position>
     <AltitudeMeters>49.330000000000005</AltitudeMeters>
     <DistanceMeters>25020.64162292718</DistanceMeters>
    </Trackpoint>
    <Trackpoint>
     <Time>2026-04-10T14:53:48+00:00</Time>
     <Position>
      <LatitudeDegrees>43.8423400</LatitudeDegrees>
      <LongitudeDegrees>4.9205900</LongitudeDegrees>
     </Position>
     <AltitudeMeters>49.330000000000005</AltitudeMeters>
     <DistanceMeters>25043.415864052113</DistanceMeters>
    </Trackpoint>
    <Trackpoint>
     <Time>2026-04-10T14:53:55+00:00</Time>
     <Position>
      <LatitudeDegrees>43.8427700</LatitudeDegrees>
      <LongitudeDegrees>4.9204600</LongitudeDegrees>
     </Position>
     <AltitudeMeters>49.330000000000005</AltitudeMeters>
     <DistanceMeters>25092.39750956431</DistanceMeters>
    </Trackpoint>
    <Trackpoint>
     <Time>2026-04-10T14:54:01+00:00</Time>
     <Position>
      <LatitudeDegrees>43.8432100</LatitudeDegrees>
      <LongitudeDegrees>4.9202600</LongitudeDegrees>
     </Position>
     <AltitudeMeters>49.78</AltitudeMeters>
     <DistanceMeters>25143.9320393414</DistanceMeters>
    </Trackpoint>
    <Trackpoint>
     <Time>2026-04-10T14:54:08+00:00</Time>
     <Position>
      <LatitudeDegrees>43.8437300</LatitudeDegrees>
      <LongitudeDegrees>4.9198800</LongitudeDegrees>
     </Position>
     <AltitudeMeters>49.78</AltitudeMeters>
     <DistanceMeters>25209.352124370867</DistanceMeters>
    </Trackpoint>
    <Trackpoint>
     <Time>2026-04-10T14:54:14+00:00</Time>
     <Position>
      <LatitudeDegrees>43.8439500</LatitudeDegrees>
      <LongitudeDegrees>4.9197600</LongitudeDegrees>
     </Position>
     <AltitudeMeters>49.410000000000004</AltitudeMeters>
     <DistanceMeters>25235.66372607634</DistanceMeters>
    </Trackpoint>
    <Trackpoint>
     <Time>2026-04-10T14:54:21+00:00</Time>
     <Position>
      <LatitudeDegrees>43.8440900</LatitudeDegrees>
      <LongitudeDegrees>4.9197100</LongitudeDegrees>
     </Position>
     <AltitudeMeters>49.410000000000004</AltitudeMeters>
     <DistanceMeters>25251.753719571378</DistanceMeters>
    </Trackpoint>
    <Trackpoint>
     <Time>2026-04-10T14:54:27+00:00</Time>
     <Position>
      <LatitudeDegrees>43.8441800</LatitudeDegrees>
      <LongitudeDegrees>4.9197100</LongitudeDegrees>
     </Position>
     <AltitudeMeters>49.410000000000004</AltitudeMeters>
     <DistanceMeters>25261.77033072107</DistanceMeters>
    </Trackpoint>
    <Trackpoint>
     <Time>2026-04-10T14:54:34+00:00</Time>
     <Position>
      <LatitudeDegrees>43.8440200</LatitudeDegrees>
      <LongitudeDegrees>4.9189100</LongitudeDegrees>
     </Position>
     <AltitudeMeters>49.410000000000004</AltitudeMeters>
     <DistanceMeters>25328.409310168136</DistanceMeters>
    </Trackpoint>
    <Trackpoint>
     <Time>2026-04-10T14:54:40+00:00</Time>
     <Position>
      <LatitudeDegrees>43.8438600</LatitudeDegrees>
      <LongitudeDegrees>4.9181100</LongitudeDegrees>
     </Position>
     <AltitudeMeters>49.07</AltitudeMeters>
     <DistanceMeters>25395.04827385242</DistanceMeters>
    </Trackpoint>
    <Trackpoint>
     <Time>2026-04-10T14:54:47+00:00</Time>
     <Position>
      <LatitudeDegrees>43.8438500</LatitudeDegrees>
      <LongitudeDegrees>4.9179700</LongitudeDegrees>
     </Position>
     <AltitudeMeters>49.07</AltitudeMeters>
     <DistanceMeters>25406.341024745463</DistanceMeters>
    </Trackpoint>
    <Trackpoint>
     <Time>2026-04-10T14:54:54+00:00</Time>
     <Position>
      <LatitudeDegrees>43.8438700</LatitudeDegrees>
      <LongitudeDegrees>4.9178900</LongitudeDegrees>
     </Position>
     <AltitudeMeters>49.07</AltitudeMeters>
     <DistanceMeters>25413.137452879506</DistanceMeters>
    </Trackpoint>
    <Trackpoint>
     <Time>2026-04-10T14:55:00+00:00</Time>
     <Position>
      <LatitudeDegrees>43.8439300</LatitudeDegrees>
      <LongitudeDegrees>4.9178000</LongitudeDegrees>
     </Position>
     <AltitudeMeters>49.07</AltitudeMeters>
     <DistanceMeters>25422.975257816328</DistanceMeters>
    </Trackpoint>
    <Trackpoint>
     <Time>2026-04-10T14:55:07+00:00</Time>
     <Position>
      <LatitudeDegrees>43.8445800</LatitudeDegrees>
      <LongitudeDegrees>4.9172200</LongitudeDegrees>
     </Position>
     <AltitudeMeters>49.07</AltitudeMeters>
     <DistanceMeters>25509.003569132597</DistanceMeters>
    </Trackpoint>
    <Trackpoint>
     <Time>2026-04-10T14:55:13+00:00</Time>
     <Position>
      <LatitudeDegrees>43.8450500</LatitudeDegrees>
      <LongitudeDegrees>4.9167700</LongitudeDegrees>
     </Position>
     <AltitudeMeters>49.07</AltitudeMeters>
     <DistanceMeters>25572.57197995438</DistanceMeters>
    </Trackpoint>
    <Trackpoint>
     <Time>2026-04-10T14:55:20+00:00</Time>
     <Position>
      <LatitudeDegrees>43.8453500</LatitudeDegrees>
      <LongitudeDegrees>4.9165200</LongitudeDegrees>
     </Position>
     <AltitudeMeters>49.07</AltitudeMeters>
     <DistanceMeters>25611.526954365585</DistanceMeters>
    </Trackpoint>
    <Trackpoint>
     <Time>2026-04-10T14:55:26+00:00</Time>
     <Position>
      <LatitudeDegrees>43.8459600</LatitudeDegrees>
      <LongitudeDegrees>4.9159450</LongitudeDegrees>
     </Position>
     <AltitudeMeters>49.07</AltitudeMeters>
     <DistanceMeters>25693.61987406003</DistanceMeters>
    </Trackpoint>
    <Trackpoint>
     <Time>2026-04-10T14:55:33+00:00</Time>
     <Position>
      <LatitudeDegrees>43.8465700</LatitudeDegrees>
      <LongitudeDegrees>4.9153700</LongitudeDegrees>
     </Position>
     <AltitudeMeters>48.92</AltitudeMeters>
     <DistanceMeters>25775.712803299488</DistanceMeters>
    </Trackpoint>
    <Trackpoint>
     <Time>2026-04-10T14:55:39+00:00</Time>
     <Position>
      <LatitudeDegrees>43.8470800</LatitudeDegrees>
      <LongitudeDegrees>4.9148700</LongitudeDegrees>
     </Position>
     <AltitudeMeters>48.92</AltitudeMeters>
     <DistanceMeters>25845.22854408094</DistanceMeters>
    </Trackpoint>
    <Trackpoint>
     <Time>2026-04-10T14:55:46+00:00</Time>
     <Position>
      <LatitudeDegrees>43.8473500</LatitudeDegrees>
      <LongitudeDegrees>4.9145600</LongitudeDegrees>
     </Position>
     <AltitudeMeters>48.92</AltitudeMeters>
     <DistanceMeters>25884.242879003396</DistanceMeters>
    </Trackpoint>
    <Trackpoint>
     <Time>2026-04-10T14:55:52+00:00</Time>
     <Position>
      <LatitudeDegrees>43.8480150</LatitudeDegrees>
      <LongitudeDegrees>4.9140000</LongitudeDegrees>
     </Position>
     <AltitudeMeters>48.92</AltitudeMeters>
     <DistanceMeters>25970.834101832836</DistanceMeters>
    </Trackpoint>
    <Trackpoint>
     <Time>2026-04-10T14:55:59+00:00</Time>
     <Position>
      <LatitudeDegrees>43.8486800</LatitudeDegrees>
      <LongitudeDegrees>4.9134400</LongitudeDegrees>
     </Position>
     <AltitudeMeters>48.24</AltitudeMeters>
     <DistanceMeters>26057.425324967273</DistanceMeters>
    </Trackpoint>
    <Trackpoint>
     <Time>2026-04-10T14:56:05+00:00</Time>
     <Position>
      <LatitudeDegrees>43.8488900</LatitudeDegrees>
      <LongitudeDegrees>4.9132100</LongitudeDegrees>
     </Position>
     <AltitudeMeters>48.24</AltitudeMeters>
     <DistanceMeters>26087.20864077486</DistanceMeters>
    </Trackpoint>
    <Trackpoint>
     <Time>2026-04-10T14:56:12+00:00</Time>
     <Position>
      <LatitudeDegrees>43.8494400</LatitudeDegrees>
      <LongitudeDegrees>4.9126400</LongitudeDegrees>
     </Position>
     <AltitudeMeters>48.24</AltitudeMeters>
     <DistanceMeters>26163.628677838555</DistanceMeters>
    </Trackpoint>
    <Trackpoint>
     <Time>2026-04-10T14:56:19+00:00</Time>
     <Position>
      <LatitudeDegrees>43.8498100</LatitudeDegrees>
      <LongitudeDegrees>4.9123000</LongitudeDegrees>
     </Position>
     <AltitudeMeters>48.24</AltitudeMeters>
     <DistanceMeters>26213.029465584517</DistanceMeters>
    </Trackpoint>
    <Trackpoint>
     <Time>2026-04-10T14:56:25+00:00</Time>
     <Position>
      <LatitudeDegrees>43.8499500</LatitudeDegrees>
      <LongitudeDegrees>4.9121400</LongitudeDegrees>
     </Position>
     <AltitudeMeters>48.24</AltitudeMeters>
     <DistanceMeters>26233.220888513333</DistanceMeters>
    </Trackpoint>
    <Trackpoint>
     <Time>2026-04-10T14:56:32+00:00</Time>
     <Position>
      <LatitudeDegrees>43.8501800</LatitudeDegrees>
      <LongitudeDegrees>4.9117900</LongitudeDegrees>
     </Position>
     <AltitudeMeters>48.24</AltitudeMeters>
     <DistanceMeters>26271.226030068367</DistanceMeters>
    </Trackpoint>
    <Trackpoint>
     <Time>2026-04-10T14:56:38+00:00</Time>
     <Position>
      <LatitudeDegrees>43.8502600</LatitudeDegrees>
      <LongitudeDegrees>4.9117000</LongitudeDegrees>
     </Position>
     <AltitudeMeters>48.24</AltitudeMeters>
     <DistanceMeters>26282.691377290535</DistanceMeters>
    </Trackpoint>
    <Trackpoint>
     <Time>2026-04-10T14:56:45+00:00</Time>
     <Position>
      <LatitudeDegrees>43.8506200</LatitudeDegrees>
      <LongitudeDegrees>4.9114500</LongitudeDegrees>
     </Position>
     <AltitudeMeters>48.24</AltitudeMeters>
     <DistanceMeters>26327.50135079911</DistanceMeters>
    </Trackpoint>
    <Trackpoint>
     <Time>2026-04-10T14:56:51+00:00</Time>
     <Position>
      <LatitudeDegrees>43.8507400</LatitudeDegrees>
      <LongitudeDegrees>4.9113900</LongitudeDegrees>
     </Position>
     <AltitudeMeters>48.24</AltitudeMeters>
     <DistanceMeters>26341.698507272307</DistanceMeters>
    </Trackpoint>
    <Trackpoint>
     <Time>2026-04-10T14:56:58+00:00</Time>
     <Position>
      <LatitudeDegrees>43.8511100</LatitudeDegrees>
      <LongitudeDegrees>4.9112600</LongitudeDegrees>
     </Position>
     <AltitudeMeters>48.24</AltitudeMeters>
     <DistanceMeters>26384.17918622971</DistanceMeters>
    </Trackpoint>
    <Trackpoint>
     <Time>2026-04-10T14:57:04+00:00</Time>
     <Position>
      <LatitudeDegrees>43.8513300</LatitudeDegrees>
      <LongitudeDegrees>4.9110700</LongitudeDegrees>
     </Position>
     <AltitudeMeters>48.24</AltitudeMeters>
     <DistanceMeters>26413.024658375478</DistanceMeters>
    </Trackpoint>
    <Trackpoint>
     <Time>2026-04-10T14:57:11+00:00</Time>
     <Position>
      <LatitudeDegrees>43.8515500</LatitudeDegrees>
      <LongitudeDegrees>4.9107600</LongitudeDegrees>
     </Position>
     <AltitudeMeters>48.24</AltitudeMeters>
     <DistanceMeters>26447.9324766993</DistanceMeters>
    </Trackpoint>
    <Trackpoint>
     <Time>2026-04-10T14:57:17+00:00</Time>
     <Position>
      <LatitudeDegrees>43.8517200</LatitudeDegrees>
      <LongitudeDegrees>4.9100150</LongitudeDegrees>
     </Position>
     <AltitudeMeters>48.24</AltitudeMeters>
     <DistanceMeters>26510.647662383006</DistanceMeters>
    </Trackpoint>
    <Trackpoint>
     <Time>2026-04-10T14:57:24+00:00</Time>
     <Position>
      <LatitudeDegrees>43.8518900</LatitudeDegrees>
      <LongitudeDegrees>4.9092700</LongitudeDegrees>
     </Position>
     <AltitudeMeters>45.93000000000001</AltitudeMeters>
     <DistanceMeters>26573.362840906124</DistanceMeters>
    </Trackpoint>
    <Trackpoint>
     <Time>2026-04-10T14:57:31+00:00</Time>
     <Position>
      <LatitudeDegrees>43.8519800</LatitudeDegrees>
      <LongitudeDegrees>4.9091100</LongitudeDegrees>
     </Position>
     <AltitudeMeters>45.93000000000001</AltitudeMeters>
     <DistanceMeters>26589.648872366794</DistanceMeters>
    </Trackpoint>
    <Trackpoint>
     <Time>2026-04-10T14:57:37+00:00</Time>
     <Position>
      <LatitudeDegrees>43.8521000</LatitudeDegrees>
      <LongitudeDegrees>4.9089700</LongitudeDegrees>
     </Position>
     <AltitudeMeters>45.93000000000001</AltitudeMeters>
     <DistanceMeters>26607.102289869974</DistanceMeters>
    </Trackpoint>
    <Trackpoint>
     <Time>2026-04-10T14:57:44+00:00</Time>
     <Position>
      <LatitudeDegrees>43.8525150</LatitudeDegrees>
      <LongitudeDegrees>4.9085950</LongitudeDegrees>
     </Position>
     <AltitudeMeters>45.93000000000001</AltitudeMeters>
     <DistanceMeters>26662.230543544134</DistanceMeters>
    </Trackpoint>
    <Trackpoint>
     <Time>2026-04-10T14:57:50+00:00</Time>
     <Position>
      <LatitudeDegrees>43.8529300</LatitudeDegrees>
      <LongitudeDegrees>4.9082200</LongitudeDegrees>
     </Position>
     <AltitudeMeters>45.93000000000001</AltitudeMeters>
     <DistanceMeters>26717.35875751043</DistanceMeters>
    </Trackpoint>
    <Trackpoint>
     <Time>2026-04-10T14:57:57+00:00</Time>
     <Position>
      <LatitudeDegrees>43.8530900</LatitudeDegrees>
      <LongitudeDegrees>4.9081100</LongitudeDegrees>
     </Position>
     <AltitudeMeters>45.93000000000001</AltitudeMeters>
     <DistanceMeters>26737.23435930597</DistanceMeters>
    </Trackpoint>
    <Trackpoint>
     <Time>2026-04-10T14:58:03+00:00</Time>
     <Position>
      <LatitudeDegrees>43.8535100</LatitudeDegrees>
      <LongitudeDegrees>4.9079200</LongitudeDegrees>
     </Position>
     <AltitudeMeters>45.93000000000001</AltitudeMeters>
     <DistanceMeters>26786.40290881425</DistanceMeters>
    </Trackpoint>
    <Trackpoint>
     <Time>2026-04-10T14:58:10+00:00</Time>
     <Position>
      <LatitudeDegrees>43.8536700</LatitudeDegrees>
      <LongitudeDegrees>4.9078100</LongitudeDegrees>
     </Position>
     <AltitudeMeters>45.93000000000001</AltitudeMeters>
     <DistanceMeters>26806.278472471855</DistanceMeters>
    </Trackpoint>
    <Trackpoint>
     <Time>2026-04-10T14:58:16+00:00</Time>
     <Position>
      <LatitudeDegrees>43.8538300</LatitudeDegrees>
      <LongitudeDegrees>4.9076500</LongitudeDegrees>
     </Position>
     <AltitudeMeters>45.93000000000001</AltitudeMeters>
     <DistanceMeters>26828.23280070954</DistanceMeters>
    </Trackpoint>
    <Trackpoint>
     <Time>2026-04-10T14:58:23+00:00</Time>
     <Position>
      <LatitudeDegrees>43.8540500</LatitudeDegrees>
      <LongitudeDegrees>4.9073600</LongitudeDegrees>
     </Position>
     <AltitudeMeters>45.93000000000001</AltitudeMeters>
     <DistanceMeters>26862.014617065608</DistanceMeters>
    </Trackpoint>
    <Trackpoint>
     <Time>2026-04-10T14:58:29+00:00</Time>
     <Position>
      <LatitudeDegrees>43.8544000</LatitudeDegrees>
      <LongitudeDegrees>4.9070400</LongitudeDegrees>
     </Position>
     <AltitudeMeters>45.93000000000001</AltitudeMeters>
     <DistanceMeters>26908.672229997843</DistanceMeters>
    </Trackpoint>
    <Trackpoint>
     <Time>2026-04-10T14:58:36+00:00</Time>
     <Position>
      <LatitudeDegrees>43.8548000</LatitudeDegrees>
      <LongitudeDegrees>4.9066200</LongitudeDegrees>
     </Position>
     <AltitudeMeters>45.93000000000001</AltitudeMeters>
     <DistanceMeters>26964.51177720914</DistanceMeters>
    </Trackpoint>
    <Trackpoint>
     <Time>2026-04-10T14:58:43+00:00</Time>
     <Position>
      <LatitudeDegrees>43.8554200</LatitudeDegrees>
      <LongitudeDegrees>4.9061000</LongitudeDegrees>
     </Position>
     <AltitudeMeters>45.93000000000001</AltitudeMeters>
     <DistanceMeters>27045.15329048841</DistanceMeters>
    </Trackpoint>
    <Trackpoint>
     <Time>2026-04-10T14:58:49+00:00</Time>
     <Position>
      <LatitudeDegrees>43.8559000</LatitudeDegrees>
      <LongitudeDegrees>4.9059000</LongitudeDegrees>
     </Position>
     <AltitudeMeters>45.92</AltitudeMeters>
     <DistanceMeters>27100.934365344685</DistanceMeters>
    </Trackpoint>
    <Trackpoint>
     <Time>2026-04-10T14:58:56+00:00</Time>
     <Position>
      <LatitudeDegrees>43.8563800</LatitudeDegrees>
      <LongitudeDegrees>4.9057000</LongitudeDegrees>
     </Position>
     <AltitudeMeters>45.92</AltitudeMeters>
     <DistanceMeters>27156.71543118586</DistanceMeters>
    </Trackpoint>
    <Trackpoint>
     <Time>2026-04-10T14:59:02+00:00</Time>
     <Position>
      <LatitudeDegrees>43.8569950</LatitudeDegrees>
      <LongitudeDegrees>4.9053450</LongitudeDegrees>
     </Position>
     <AltitudeMeters>45.92</AltitudeMeters>
     <DistanceMeters>27230.854623393097</DistanceMeters>
    </Trackpoint>
    <Trackpoint>
     <Time>2026-04-10T14:59:09+00:00</Time>
     <Position>
      <LatitudeDegrees>43.8576100</LatitudeDegrees>
      <LongitudeDegrees>4.9049900</LongitudeDegrees>
     </Position>
     <AltitudeMeters>45.92</AltitudeMeters>
     <DistanceMeters>27304.993847669775</DistanceMeters>
    </Trackpoint>
    <Trackpoint>
     <Time>2026-04-10T14:59:15+00:00</Time>
     <Position>
      <LatitudeDegrees>43.8578500</LatitudeDegrees>
      <LongitudeDegrees>4.9048800</LongitudeDegrees>
     </Position>
     <AltitudeMeters>45.92</AltitudeMeters>
     <DistanceMeters>27333.125724855803</DistanceMeters>
    </Trackpoint>
    <Trackpoint>
     <Time>2026-04-10T14:59:22+00:00</Time>
     <Position>
      <LatitudeDegrees>43.8587100</LatitudeDegrees>
      <LongitudeDegrees>4.9048000</LongitudeDegrees>
     </Position>
     <AltitudeMeters>45.92</AltitudeMeters>
     <DistanceMeters>27429.055079232254</DistanceMeters>
    </Trackpoint>
    <Trackpoint>
     <Time>2026-04-10T14:59:28+00:00</Time>
     <Position>
      <LatitudeDegrees>43.8589100</LatitudeDegrees>
      <LongitudeDegrees>4.9047600</LongitudeDegrees>
     </Position>
     <AltitudeMeters>45.92</AltitudeMeters>
     <DistanceMeters>27451.5444800561</DistanceMeters>
    </Trackpoint>
    <Trackpoint>
     <Time>2026-04-10T14:59:35+00:00</Time>
     <Position>
      <LatitudeDegrees>43.8591000</LatitudeDegrees>
      <LongitudeDegrees>4.9046900</LongitudeDegrees>
     </Position>
     <AltitudeMeters>45.92</AltitudeMeters>
     <DistanceMeters>27473.424076529765</DistanceMeters>
    </Trackpoint>
    <Trackpoint>
     <Time>2026-04-10T14:59:41+00:00</Time>
     <Position>
      <LatitudeDegrees>43.8597000</LatitudeDegrees>
      <LongitudeDegrees>4.9043800</LongitudeDegrees>
     </Position>
     <AltitudeMeters>43.75</AltitudeMeters>
     <DistanceMeters>27544.68483054886</DistanceMeters>
    </Trackpoint>
    <Trackpoint>
     <Time>2026-04-10T14:59:48+00:00</Time>
     <Position>
      <LatitudeDegrees>43.8601600</LatitudeDegrees>
      <LongitudeDegrees>4.9041100</LongitudeDegrees>
     </Position>
     <AltitudeMeters>43.75</AltitudeMeters>
     <DistanceMeters>27600.277014579762</DistanceMeters>
    </Trackpoint>
    <Trackpoint>
     <Time>2026-04-10T14:59:55+00:00</Time>
     <Position>
      <LatitudeDegrees>43.8609000</LatitudeDegrees>
      <LongitudeDegrees>4.9037200</LongitudeDegrees>
     </Position>
     <AltitudeMeters>43.75</AltitudeMeters>
     <DistanceMeters>27688.38173456141</DistanceMeters>
    </Trackpoint>
    <Trackpoint>
     <Time>2026-04-10T15:00:01+00:00</Time>
     <Position>
      <LatitudeDegrees>43.8611000</LatitudeDegrees>
      <LongitudeDegrees>4.9036400</LongitudeDegrees>
     </Position>
     <AltitudeMeters>43.75</AltitudeMeters>
     <DistanceMeters>27711.548136493915</DistanceMeters>
    </Trackpoint>
    <Trackpoint>
     <Time>2026-04-10T15:00:08+00:00</Time>
     <Position>
      <LatitudeDegrees>43.8617600</LatitudeDegrees>
      <LongitudeDegrees>4.9034400</LongitudeDegrees>
     </Position>
     <AltitudeMeters>43.75</AltitudeMeters>
     <DistanceMeters>27786.736145282724</DistanceMeters>
    </Trackpoint>
    <Trackpoint>
     <Time>2026-04-10T15:00:14+00:00</Time>
     <Position>
      <LatitudeDegrees>43.8623650</LatitudeDegrees>
      <LongitudeDegrees>4.9033400</LongitudeDegrees>
     </Position>
     <AltitudeMeters>43.75</AltitudeMeters>
     <DistanceMeters>27854.546522926903</DistanceMeters>
    </Trackpoint>
    <Trackpoint>
     <Time>2026-04-10T15:00:21+00:00</Time>
     <Position>
      <LatitudeDegrees>43.8629700</LatitudeDegrees>
      <LongitudeDegrees>4.9032400</LongitudeDegrees>
     </Position>
     <AltitudeMeters>43.75</AltitudeMeters>
     <DistanceMeters>27922.356861267148</DistanceMeters>
    </Trackpoint>
    <Trackpoint>
     <Time>2026-04-10T15:00:27+00:00</Time>
     <Position>
      <LatitudeDegrees>43.8630900</LatitudeDegrees>
      <LongitudeDegrees>4.9031300</LongitudeDegrees>
     </Position>
     <AltitudeMeters>43.870000000000005</AltitudeMeters>
     <DistanceMeters>27938.365671335843</DistanceMeters>
    </Trackpoint>
    <Trackpoint>
     <Time>2026-04-10T15:00:34+00:00</Time>
     <Position>
      <LatitudeDegrees>43.8639400</LatitudeDegrees>
      <LongitudeDegrees>4.9030200</LongitudeDegrees>
     </Position>
     <AltitudeMeters>44.61</AltitudeMeters>
     <DistanceMeters>28033.377896941576</DistanceMeters>
    </Trackpoint>
    <Trackpoint>
     <Time>2026-04-10T15:00:40+00:00</Time>
     <Position>
      <LatitudeDegrees>43.8645600</LatitudeDegrees>
      <LongitudeDegrees>4.9028900</LongitudeDegrees>
     </Position>
     <AltitudeMeters>44.61</AltitudeMeters>
     <DistanceMeters>28103.165250266</DistanceMeters>
    </Trackpoint>
    <Trackpoint>
     <Time>2026-04-10T15:00:47+00:00</Time>
     <Position>
      <LatitudeDegrees>43.8654300</LatitudeDegrees>
      <LongitudeDegrees>4.9027400</LongitudeDegrees>
     </Position>
     <AltitudeMeters>44.61</AltitudeMeters>
     <DistanceMeters>28200.737709629022</DistanceMeters>
    </Trackpoint>
    <Trackpoint>
     <Time>2026-04-10T15:00:53+00:00</Time>
     <Position>
      <LatitudeDegrees>43.8660000</LatitudeDegrees>
      <LongitudeDegrees>4.9025900</LongitudeDegrees>
     </Position>
     <AltitudeMeters>44.61</AltitudeMeters>
     <DistanceMeters>28265.307940520906</DistanceMeters>
    </Trackpoint>
    <Trackpoint>
     <Time>2026-04-10T15:01:00+00:00</Time>
     <Position>
      <LatitudeDegrees>43.8661100</LatitudeDegrees>
      <LongitudeDegrees>4.9025500</LongitudeDegrees>
     </Position>
     <AltitudeMeters>44.61</AltitudeMeters>
     <DistanceMeters>28277.964200901093</DistanceMeters>
    </Trackpoint>
    <Trackpoint>
     <Time>2026-04-10T15:01:07+00:00</Time>
     <Position>
      <LatitudeDegrees>43.8663400</LatitudeDegrees>
      <LongitudeDegrees>4.9024300</LongitudeDegrees>
     </Position>
     <AltitudeMeters>44.61</AltitudeMeters>
     <DistanceMeters>28305.313259930408</DistanceMeters>
    </Trackpoint>
    <Trackpoint>
     <Time>2026-04-10T15:01:13+00:00</Time>
     <Position>
      <LatitudeDegrees>43.8667400</LatitudeDegrees>
      <LongitudeDegrees>4.9023300</LongitudeDegrees>
     </Position>
     <AltitudeMeters>44.61</AltitudeMeters>
     <DistanceMeters>28350.54886473458</DistanceMeters>
    </Trackpoint>
    <Trackpoint>
     <Time>2026-04-10T15:01:20+00:00</Time>
     <Position>
      <LatitudeDegrees>43.8676300</LatitudeDegrees>
      <LongitudeDegrees>4.9021850</LongitudeDegrees>
     </Position>
     <AltitudeMeters>43.49</AltitudeMeters>
     <DistanceMeters>28450.282950010434</DistanceMeters>
    </Trackpoint>
    <Trackpoint>
     <Time>2026-04-10T15:01:26+00:00</Time>
     <Position>
      <LatitudeDegrees>43.8685200</LatitudeDegrees>
      <LongitudeDegrees>4.9020400</LongitudeDegrees>
     </Position>
     <AltitudeMeters>43.49</AltitudeMeters>
     <DistanceMeters>28550.017044117405</DistanceMeters>
    </Trackpoint>
    <Trackpoint>
     <Time>2026-04-10T15:01:33+00:00</Time>
     <Position>
      <LatitudeDegrees>43.8692700</LatitudeDegrees>
      <LongitudeDegrees>4.9020100</LongitudeDegrees>
     </Position>
     <AltitudeMeters>43.49</AltitudeMeters>
     <DistanceMeters>28633.523511665604</DistanceMeters>
    </Trackpoint>
    <Trackpoint>
     <Time>2026-04-10T15:01:39+00:00</Time>
     <Position>
      <LatitudeDegrees>43.8700200</LatitudeDegrees>
      <LongitudeDegrees>4.9019800</LongitudeDegrees>
     </Position>
     <AltitudeMeters>43.49</AltitudeMeters>
     <DistanceMeters>28717.02996127685</DistanceMeters>
    </Trackpoint>
    <Trackpoint>
     <Time>2026-04-10T15:01:46+00:00</Time>
     <Position>
      <LatitudeDegrees>43.8704600</LatitudeDegrees>
      <LongitudeDegrees>4.9019000</LongitudeDegrees>
     </Position>
     <AltitudeMeters>43.4</AltitudeMeters>
     <DistanceMeters>28766.418936413043</DistanceMeters>
    </Trackpoint>
    <Trackpoint>
     <Time>2026-04-10T15:01:52+00:00</Time>
     <Position>
      <LatitudeDegrees>43.8707900</LatitudeDegrees>
      <LongitudeDegrees>4.9018700</LongitudeDegrees>
     </Position>
     <AltitudeMeters>43.4</AltitudeMeters>
     <DistanceMeters>28803.225300283997</DistanceMeters>
    </Trackpoint>
    <Trackpoint>
     <Time>2026-04-10T15:01:59+00:00</Time>
     <Position>
      <LatitudeDegrees>43.8712400</LatitudeDegrees>
      <LongitudeDegrees>4.9018500</LongitudeDegrees>
     </Position>
     <AltitudeMeters>42.79</AltitudeMeters>
     <DistanceMeters>28853.334056236912</DistanceMeters>
    </Trackpoint>
    <Trackpoint>
     <Time>2026-04-10T15:02:05+00:00</Time>
     <Position>
      <LatitudeDegrees>43.8718250</LatitudeDegrees>
      <LongitudeDegrees>4.9017200</LongitudeDegrees>
     </Position>
     <AltitudeMeters>42.79</AltitudeMeters>
     <DistanceMeters>28919.272175856328</DistanceMeters>
    </Trackpoint>
    <Trackpoint>
     <Time>2026-04-10T15:02:12+00:00</Time>
     <Position>
      <LatitudeDegrees>43.8724100</LatitudeDegrees>
      <LongitudeDegrees>4.9015900</LongitudeDegrees>
     </Position>
     <AltitudeMeters>43.93</AltitudeMeters>
     <DistanceMeters>28985.210312859665</DistanceMeters>
    </Trackpoint>
    <Trackpoint>
     <Time>2026-04-10T15:02:19+00:00</Time>
     <Position>
      <LatitudeDegrees>43.8730033</LatitudeDegrees>
      <LongitudeDegrees>4.9014233</LongitudeDegrees>
     </Position>
     <AltitudeMeters>44.370000000000005</AltitudeMeters>
     <DistanceMeters>29052.585989026084</DistanceMeters>
    </Trackpoint>
    <Trackpoint>
     <Time>2026-04-10T15:02:25+00:00</Time>
     <Position>
      <LatitudeDegrees>43.8735967</LatitudeDegrees>
      <LongitudeDegrees>4.9012567</LongitudeDegrees>
     </Position>
     <AltitudeMeters>44.51</AltitudeMeters>
     <DistanceMeters>29119.961665191473</DistanceMeters>
    </Trackpoint>
    <Trackpoint>
     <Time>2026-04-10T15:02:32+00:00</Time>
     <Position>
      <LatitudeDegrees>43.8741900</LatitudeDegrees>
      <LongitudeDegrees>4.9010900</LongitudeDegrees>
     </Position>
     <AltitudeMeters>44.46000000000001</AltitudeMeters>
     <DistanceMeters>29187.337328005025</DistanceMeters>
    </Trackpoint>
    <Trackpoint>
     <Time>2026-04-10T15:02:38+00:00</Time>
     <Position>
      <LatitudeDegrees>43.8747100</LatitudeDegrees>
      <LongitudeDegrees>4.9009900</LongitudeDegrees>
     </Position>
     <AltitudeMeters>44.71000000000001</AltitudeMeters>
     <DistanceMeters>29245.764527619667</DistanceMeters>
    </Trackpoint>
    <Trackpoint>
     <Time>2026-04-10T15:02:45+00:00</Time>
     <Position>
      <LatitudeDegrees>43.8749400</LatitudeDegrees>
      <LongitudeDegrees>4.9009900</LongitudeDegrees>
     </Position>
     <AltitudeMeters>45.09</AltitudeMeters>
     <DistanceMeters>29271.36253389127</DistanceMeters>
    </Trackpoint>
    <Trackpoint>
     <Time>2026-04-10T15:02:51+00:00</Time>
     <Position>
      <LatitudeDegrees>43.8748800</LatitudeDegrees>
      <LongitudeDegrees>4.9019000</LongitudeDegrees>
     </Position>
     <AltitudeMeters>45.290000000000006</AltitudeMeters>
     <DistanceMeters>29344.674783555456</DistanceMeters>
    </Trackpoint>
    <Trackpoint>
     <Time>2026-04-10T15:02:58+00:00</Time>
     <Position>
      <LatitudeDegrees>43.8748800</LatitudeDegrees>
      <LongitudeDegrees>4.9021300</LongitudeDegrees>
     </Position>
     <AltitudeMeters>45.160000000000004</AltitudeMeters>
     <DistanceMeters>29363.127235602617</DistanceMeters>
    </Trackpoint>
    <Trackpoint>
     <Time>2026-04-10T15:03:04+00:00</Time>
     <Position>
      <LatitudeDegrees>43.8748700</LatitudeDegrees>
      <LongitudeDegrees>4.9022000</LongitudeDegrees>
     </Position>
     <AltitudeMeters>45.12</AltitudeMeters>
     <DistanceMeters>29368.85241909516</DistanceMeters>
    </Trackpoint>
    <Trackpoint>
     <Time>2026-04-10T15:03:11+00:00</Time>
     <Position>
      <LatitudeDegrees>43.8748800</LatitudeDegrees>
      <LongitudeDegrees>4.9022600</LongitudeDegrees>
     </Position>
     <AltitudeMeters>45.06</AltitudeMeters>
     <DistanceMeters>29373.79308930412</DistanceMeters>
    </Trackpoint>
    <Trackpoint>
     <Time>2026-04-10T15:03:17+00:00</Time>
     <Position>
      <LatitudeDegrees>43.8749400</LatitudeDegrees>
      <LongitudeDegrees>4.9023200</LongitudeDegrees>
     </Position>
     <AltitudeMeters>45.03</AltitudeMeters>
     <DistanceMeters>29382.0249629553</DistanceMeters>
    </Trackpoint>
    <Trackpoint>
     <Time>2026-04-10T15:03:24+00:00</Time>
     <Position>
      <LatitudeDegrees>43.8750100</LatitudeDegrees>
      <LongitudeDegrees>4.9022900</LongitudeDegrees>
     </Position>
     <AltitudeMeters>45.14000000000001</AltitudeMeters>
     <DistanceMeters>29390.178970336092</DistanceMeters>
    </Trackpoint>
    <Trackpoint>
     <Time>2026-04-10T15:03:31+00:00</Time>
     <Position>
      <LatitudeDegrees>43.8750400</LatitudeDegrees>
      <LongitudeDegrees>4.9021700</LongitudeDegrees>
     </Position>
     <AltitudeMeters>45.230000000000004</AltitudeMeters>
     <DistanceMeters>29400.36885679165</DistanceMeters>
    </Trackpoint>
    <Trackpoint>
     <Time>2026-04-10T15:03:37+00:00</Time>
     <Position>
      <LatitudeDegrees>43.8750200</LatitudeDegrees>
      <LongitudeDegrees>4.9021200</LongitudeDegrees>
     </Position>
     <AltitudeMeters>45.230000000000004</AltitudeMeters>
     <DistanceMeters>29404.956444531177</DistanceMeters>
    </Trackpoint>
    <Trackpoint>
     <Time>2026-04-10T15:03:44+00:00</Time>
     <Position>
      <LatitudeDegrees>43.8749000</LatitudeDegrees>
      <LongitudeDegrees>4.9020200</LongitudeDegrees>
     </Position>
     <AltitudeMeters>45.24</AltitudeMeters>
     <DistanceMeters>29420.536371297694</DistanceMeters>
    </Trackpoint>
    <Trackpoint>
     <Time>2026-04-10T15:03:50+00:00</Time>
     <Position>
      <LatitudeDegrees>43.8748800</LatitudeDegrees>
      <LongitudeDegrees>4.9019000</LongitudeDegrees>
     </Position>
     <AltitudeMeters>45.290000000000006</AltitudeMeters>
     <DistanceMeters>29430.41770935444</DistanceMeters>
    </Trackpoint>
    <Trackpoint>
     <Time>2026-04-10T15:03:57+00:00</Time>
     <Position>
      <LatitudeDegrees>43.8749400</LatitudeDegrees>
      <LongitudeDegrees>4.9009900</LongitudeDegrees>
     </Position>
     <AltitudeMeters>45.09</AltitudeMeters>
     <DistanceMeters>29503.729959018623</DistanceMeters>
    </Trackpoint>
    <Trackpoint>
     <Time>2026-04-10T15:04:03+00:00</Time>
     <Position>
      <LatitudeDegrees>43.8749500</LatitudeDegrees>
      <LongitudeDegrees>4.9006100</LongitudeDegrees>
     </Position>
     <AltitudeMeters>45.160000000000004</AltitudeMeters>
     <DistanceMeters>29534.236893924317</DistanceMeters>
    </Trackpoint>
    <Trackpoint>
     <Time>2026-04-10T15:04:10+00:00</Time>
     <Position>
      <LatitudeDegrees>43.8749300</LatitudeDegrees>
      <LongitudeDegrees>4.9003200</LongitudeDegrees>
     </Position>
     <AltitudeMeters>45.160000000000004</AltitudeMeters>
     <DistanceMeters>29557.609241857885</DistanceMeters>
    </Trackpoint>
    <Trackpoint>
     <Time>2026-04-10T15:04:16+00:00</Time>
     <Position>
      <LatitudeDegrees>43.8748800</LatitudeDegrees>
      <LongitudeDegrees>4.8999300</LongitudeDegrees>
     </Position>
     <AltitudeMeters>44.92</AltitudeMeters>
     <DistanceMeters>29589.389169364513</DistanceMeters>
    </Trackpoint>
    <Trackpoint>
     <Time>2026-04-10T15:04:23+00:00</Time>
     <Position>
      <LatitudeDegrees>43.8751300</LatitudeDegrees>
      <LongitudeDegrees>4.8997600</LongitudeDegrees>
     </Position>
     <AltitudeMeters>45.06</AltitudeMeters>
     <DistanceMeters>29620.376033569217</DistanceMeters>
    </Trackpoint>
    <Trackpoint>
     <Time>2026-04-10T15:04:29+00:00</Time>
     <Position>
      <LatitudeDegrees>43.8753500</LatitudeDegrees>
      <LongitudeDegrees>4.8995600</LongitudeDegrees>
     </Position>
     <AltitudeMeters>45.06</AltitudeMeters>
     <DistanceMeters>29649.650188598876</DistanceMeters>
    </Trackpoint>
    <Trackpoint>
     <Time>2026-04-10T15:04:36+00:00</Time>
     <Position>
      <LatitudeDegrees>43.8754200</LatitudeDegrees>
      <LongitudeDegrees>4.8994700</LongitudeDegrees>
     </Position>
     <AltitudeMeters>45.06</AltitudeMeters>
     <DistanceMeters>29660.272338192684</DistanceMeters>
    </Trackpoint>
    <Trackpoint>
     <Time>2026-04-10T15:04:43+00:00</Time>
     <Position>
      <LatitudeDegrees>43.8758500</LatitudeDegrees>
      <LongitudeDegrees>4.8986300</LongitudeDegrees>
     </Position>
     <AltitudeMeters>42.67000000000001</AltitudeMeters>
     <DistanceMeters>29742.9271255467</DistanceMeters>
    </Trackpoint>
    <Trackpoint>
     <Time>2026-04-10T15:04:49+00:00</Time>
     <Position>
      <LatitudeDegrees>43.8759200</LatitudeDegrees>
      <LongitudeDegrees>4.8983500</LongitudeDegrees>
     </Position>
     <AltitudeMeters>42.67000000000001</AltitudeMeters>
     <DistanceMeters>29766.70322098053</DistanceMeters>
    </Trackpoint>
    <Trackpoint>
     <Time>2026-04-10T15:04:56+00:00</Time>
     <Position>
      <LatitudeDegrees>43.8759900</LatitudeDegrees>
      <LongitudeDegrees>4.8978700</LongitudeDegrees>
     </Position>
     <AltitudeMeters>42.43</AltitudeMeters>
     <DistanceMeters>29805.992155421598</DistanceMeters>
    </Trackpoint>
    <Trackpoint>
     <Time>2026-04-10T15:05:02+00:00</Time>
     <Position>
      <LatitudeDegrees>43.8760933</LatitudeDegrees>
      <LongitudeDegrees>4.8969767</LongitudeDegrees>
     </Position>
     <AltitudeMeters>42.43</AltitudeMeters>
     <DistanceMeters>29878.577897543542</DistanceMeters>
    </Trackpoint>
    <Trackpoint>
     <Time>2026-04-10T15:05:09+00:00</Time>
     <Position>
      <LatitudeDegrees>43.8761967</LatitudeDegrees>
      <LongitudeDegrees>4.8960833</LongitudeDegrees>
     </Position>
     <AltitudeMeters>41.71</AltitudeMeters>
     <DistanceMeters>29951.163639665632</DistanceMeters>
    </Trackpoint>
    <Trackpoint>
     <Time>2026-04-10T15:05:15+00:00</Time>
     <Position>
      <LatitudeDegrees>43.8763000</LatitudeDegrees>
      <LongitudeDegrees>4.8951900</LongitudeDegrees>
     </Position>
     <AltitudeMeters>41.71</AltitudeMeters>
     <DistanceMeters>30023.749381578422</DistanceMeters>
    </Trackpoint>
    <Trackpoint>
     <Time>2026-04-10T15:05:22+00:00</Time>
     <Position>
      <LatitudeDegrees>43.8763800</LatitudeDegrees>
      <LongitudeDegrees>4.8944650</LongitudeDegrees>
     </Position>
     <AltitudeMeters>43.5</AltitudeMeters>
     <DistanceMeters>30082.59079092285</DistanceMeters>
    </Trackpoint>
    <Trackpoint>
     <Time>2026-04-10T15:05:28+00:00</Time>
     <Position>
      <LatitudeDegrees>43.8764600</LatitudeDegrees>
      <LongitudeDegrees>4.8937400</LongitudeDegrees>
     </Position>
     <AltitudeMeters>43.64000000000001</AltitudeMeters>
     <DistanceMeters>30141.432197352344</DistanceMeters>
    </Trackpoint>
    <Trackpoint>
     <Time>2026-04-10T15:05:35+00:00</Time>
     <Position>
      <LatitudeDegrees>43.8764700</LatitudeDegrees>
      <LongitudeDegrees>4.8932100</LongitudeDegrees>
     </Position>
     <AltitudeMeters>45.1</AltitudeMeters>
     <DistanceMeters>30183.966497498444</DistanceMeters>
    </Trackpoint>
    <Trackpoint>
     <Time>2026-04-10T15:05:41+00:00</Time>
     <Position>
      <LatitudeDegrees>43.8763800</LatitudeDegrees>
      <LongitudeDegrees>4.8928200</LongitudeDegrees>
     </Position>
     <AltitudeMeters>45.1</AltitudeMeters>
     <DistanceMeters>30216.81888748562</DistanceMeters>
    </Trackpoint>
    <Trackpoint>
     <Time>2026-04-10T15:05:48+00:00</Time>
     <Position>
      <LatitudeDegrees>43.8769550</LatitudeDegrees>
      <LongitudeDegrees>4.8922700</LongitudeDegrees>
     </Position>
     <AltitudeMeters>50.77</AltitudeMeters>
     <DistanceMeters>30294.550986552327</DistanceMeters>
    </Trackpoint>
    <Trackpoint>
     <Time>2026-04-10T15:05:54+00:00</Time>
     <Position>
      <LatitudeDegrees>43.8775300</LatitudeDegrees>
      <LongitudeDegrees>4.8917200</LongitudeDegrees>
     </Position>
     <AltitudeMeters>50.77</AltitudeMeters>
     <DistanceMeters>30372.28309435229</DistanceMeters>
    </Trackpoint>
    <Trackpoint>
     <Time>2026-04-10T15:06:01+00:00</Time>
     <Position>
      <LatitudeDegrees>43.8778900</LatitudeDegrees>
      <LongitudeDegrees>4.8910800</LongitudeDegrees>
     </Position>
     <AltitudeMeters>50.77</AltitudeMeters>
     <DistanceMeters>30437.4097134806</DistanceMeters>
    </Trackpoint>
    <Trackpoint>
     <Time>2026-04-10T15:06:08+00:00</Time>
     <Position>
      <LatitudeDegrees>43.8783500</LatitudeDegrees>
      <LongitudeDegrees>4.8904000</LongitudeDegrees>
     </Position>
     <AltitudeMeters>64.69000000000001</AltitudeMeters>
     <DistanceMeters>30512.222575580352</DistanceMeters>
    </Trackpoint>
    <Trackpoint>
     <Time>2026-04-10T15:06:14+00:00</Time>
     <Position>
      <LatitudeDegrees>43.8784900</LatitudeDegrees>
      <LongitudeDegrees>4.8900500</LongitudeDegrees>
     </Position>
     <AltitudeMeters>64.69000000000001</AltitudeMeters>
     <DistanceMeters>30544.334292961423</DistanceMeters>
    </Trackpoint>
    <Trackpoint>
     <Time>2026-04-10T15:06:21+00:00</Time>
     <Position>
      <LatitudeDegrees>43.8786600</LatitudeDegrees>
      <LongitudeDegrees>4.8895100</LongitudeDegrees>
     </Position>
     <AltitudeMeters>69.05</AltitudeMeters>
     <DistanceMeters>30591.606259997403</DistanceMeters>
    </Trackpoint>
    <Trackpoint>
     <Time>2026-04-10T15:06:27+00:00</Time>
     <Position>
      <LatitudeDegrees>43.8787200</LatitudeDegrees>
      <LongitudeDegrees>4.8894400</LongitudeDegrees>
     </Position>
     <AltitudeMeters>69.05</AltitudeMeters>
     <DistanceMeters>30600.33135235852</DistanceMeters>
    </Trackpoint>
    <Trackpoint>
     <Time>2026-04-10T15:06:34+00:00</Time>
     <Position>
      <LatitudeDegrees>43.8789300</LatitudeDegrees>
      <LongitudeDegrees>4.8892700</LongitudeDegrees>
     </Position>
     <AltitudeMeters>74.08000000000001</AltitudeMeters>
     <DistanceMeters>30627.39139863909</DistanceMeters>
    </Trackpoint>
    <Trackpoint>
     <Time>2026-04-10T15:06:40+00:00</Time>
     <Position>
      <LatitudeDegrees>43.8790100</LatitudeDegrees>
      <LongitudeDegrees>4.8891700</LongitudeDegrees>
     </Position>
     <AltitudeMeters>74.08000000000001</AltitudeMeters>
     <DistanceMeters>30639.376040036048</DistanceMeters>
    </Trackpoint>
    <Trackpoint>
     <Time>2026-04-10T15:06:47+00:00</Time>
     <Position>
      <LatitudeDegrees>43.8792800</LatitudeDegrees>
      <LongitudeDegrees>4.8886500</LongitudeDegrees>
     </Position>
     <AltitudeMeters>74.08000000000001</AltitudeMeters>
     <DistanceMeters>30690.78794411884</DistanceMeters>
    </Trackpoint>
    <Trackpoint>
     <Time>2026-04-10T15:06:53+00:00</Time>
     <Position>
      <LatitudeDegrees>43.8794600</LatitudeDegrees>
      <LongitudeDegrees>4.8881300</LongitudeDegrees>
     </Position>
     <AltitudeMeters>74.08000000000001</AltitudeMeters>
     <DistanceMeters>30737.064377040053</DistanceMeters>
    </Trackpoint>
    <Trackpoint>
     <Time>2026-04-10T15:07:00+00:00</Time>
     <Position>
      <LatitudeDegrees>43.8796100</LatitudeDegrees>
      <LongitudeDegrees>4.8875300</LongitudeDegrees>
     </Position>
     <AltitudeMeters>91.49</AltitudeMeters>
     <DistanceMeters>30788.01036720757</DistanceMeters>
    </Trackpoint>
    <Trackpoint>
     <Time>2026-04-10T15:07:06+00:00</Time>
     <Position>
      <LatitudeDegrees>43.8796200</LatitudeDegrees>
      <LongitudeDegrees>4.8872600</LongitudeDegrees>
     </Position>
     <AltitudeMeters>91.49</AltitudeMeters>
     <DistanceMeters>30809.698794996213</DistanceMeters>
    </Trackpoint>
    <Trackpoint>
     <Time>2026-04-10T15:07:13+00:00</Time>
     <Position>
      <LatitudeDegrees>43.8795400</LatitudeDegrees>
      <LongitudeDegrees>4.8867600</LongitudeDegrees>
     </Position>
     <AltitudeMeters>91.49</AltitudeMeters>
     <DistanceMeters>30850.785974636154</DistanceMeters>
    </Trackpoint>
    <Trackpoint>
     <Time>2026-04-10T15:07:20+00:00</Time>
     <Position>
      <LatitudeDegrees>43.8795400</LatitudeDegrees>
      <LongitudeDegrees>4.8867500</LongitudeDegrees>
     </Position>
     <AltitudeMeters>91.49</AltitudeMeters>
     <DistanceMeters>30850.785974636154</DistanceMeters>
    </Trackpoint>
    <Trackpoint>
     <Time>2026-04-10T15:07:26+00:00</Time>
     <Position>
      <LatitudeDegrees>43.8794400</LatitudeDegrees>
      <LongitudeDegrees>4.8863900</LongitudeDegrees>
     </Position>
     <AltitudeMeters>95.48</AltitudeMeters>
     <DistanceMeters>30881.736158038588</DistanceMeters>
    </Trackpoint>
    <Trackpoint>
     <Time>2026-04-10T15:07:33+00:00</Time>
     <Position>
      <LatitudeDegrees>43.8793400</LatitudeDegrees>
      <LongitudeDegrees>4.8862200</LongitudeDegrees>
     </Position>
     <AltitudeMeters>95.48</AltitudeMeters>
     <DistanceMeters>30899.338860774216</DistanceMeters>
    </Trackpoint>
    <Trackpoint>
     <Time>2026-04-10T15:07:39+00:00</Time>
     <Position>
      <LatitudeDegrees>43.8790300</LatitudeDegrees>
      <LongitudeDegrees>4.8859800</LongitudeDegrees>
     </Position>
     <AltitudeMeters>95.48</AltitudeMeters>
     <DistanceMeters>30938.8490587692</DistanceMeters>
    </Trackpoint>
    <Trackpoint>
     <Time>2026-04-10T15:07:46+00:00</Time>
     <Position>
      <LatitudeDegrees>43.8786800</LatitudeDegrees>
      <LongitudeDegrees>4.8856800</LongitudeDegrees>
     </Position>
     <AltitudeMeters>101.92</AltitudeMeters>
     <DistanceMeters>30984.63754602098</DistanceMeters>
    </Trackpoint>
    <Trackpoint>
     <Time>2026-04-10T15:07:52+00:00</Time>
     <Position>
      <LatitudeDegrees>43.8786100</LatitudeDegrees>
      <LongitudeDegrees>4.8856600</LongitudeDegrees>
     </Position>
     <AltitudeMeters>101.92</AltitudeMeters>
     <DistanceMeters>30992.591743611625</DistanceMeters>
    </Trackpoint>
    <Trackpoint>
     <Time>2026-04-10T15:07:59+00:00</Time>
     <Position>
      <LatitudeDegrees>43.8785300</LatitudeDegrees>
      <LongitudeDegrees>4.8856700</LongitudeDegrees>
     </Position>
     <AltitudeMeters>101.92</AltitudeMeters>
     <DistanceMeters>31001.531465933844</DistanceMeters>
    </Trackpoint>
    <Trackpoint>
     <Time>2026-04-10T15:08:05+00:00</Time>
     <Position>
      <LatitudeDegrees>43.8783300</LatitudeDegrees>
      <LongitudeDegrees>4.8857500</LongitudeDegrees>
     </Position>
     <AltitudeMeters>101.92</AltitudeMeters>
     <DistanceMeters>31024.697347763158</DistanceMeters>
    </Trackpoint>
    <Trackpoint>
     <Time>2026-04-10T15:08:12+00:00</Time>
     <Position>
      <LatitudeDegrees>43.8781800</LatitudeDegrees>
      <LongitudeDegrees>4.8857500</LongitudeDegrees>
     </Position>
     <AltitudeMeters>101.92</AltitudeMeters>
     <DistanceMeters>31041.391699679833</DistanceMeters>
    </Trackpoint>
    <Trackpoint>
     <Time>2026-04-10T15:08:18+00:00</Time>
     <Position>
      <LatitudeDegrees>43.8776200</LatitudeDegrees>
      <LongitudeDegrees>4.8854100</LongitudeDegrees>
     </Position>
     <AltitudeMeters>101.92</AltitudeMeters>
     <DistanceMeters>31109.424534662237</DistanceMeters>
    </Trackpoint>
    <Trackpoint>
     <Time>2026-04-10T15:08:25+00:00</Time>
     <Position>
      <LatitudeDegrees>43.8772500</LatitudeDegrees>
      <LongitudeDegrees>4.8850900</LongitudeDegrees>
     </Position>
     <AltitudeMeters>104.85000000000001</AltitudeMeters>
     <DistanceMeters>31157.950695816322</DistanceMeters>
    </Trackpoint>
    <Trackpoint>
     <Time>2026-04-10T15:08:32+00:00</Time>
     <Position>
      <LatitudeDegrees>43.8766133</LatitudeDegrees>
      <LongitudeDegrees>4.8847667</LongitudeDegrees>
     </Position>
     <AltitudeMeters>105.46000000000001</AltitudeMeters>
     <DistanceMeters>31233.40773414337</DistanceMeters>
    </Trackpoint>
    <Trackpoint>
     <Time>2026-04-10T15:08:38+00:00</Time>
     <Position>
      <LatitudeDegrees>43.8759767</LatitudeDegrees>
      <LongitudeDegrees>4.8844433</LongitudeDegrees>
     </Position>
     <AltitudeMeters>103.4</AltitudeMeters>
     <DistanceMeters>31308.86477247043</DistanceMeters>
    </Trackpoint>
    <Trackpoint>
     <Time>2026-04-10T15:08:45+00:00</Time>
     <Position>
      <LatitudeDegrees>43.8753400</LatitudeDegrees>
      <LongitudeDegrees>4.8841200</LongitudeDegrees>
     </Position>
     <AltitudeMeters>98.33000000000001</AltitudeMeters>
     <DistanceMeters>31384.32179957329</DistanceMeters>
    </Trackpoint>
    <Trackpoint>
     <Time>2026-04-10T15:08:51+00:00</Time>
     <Position>
      <LatitudeDegrees>43.8751100</LatitudeDegrees>
      <LongitudeDegrees>4.8839800</LongitudeDegrees>
     </Position>
     <AltitudeMeters>98.33000000000001</AltitudeMeters>
     <DistanceMeters>31412.275558817997</DistanceMeters>
    </Trackpoint>
    <Trackpoint>
     <Time>2026-04-10T15:08:58+00:00</Time>
     <Position>
      <LatitudeDegrees>43.8746400</LatitudeDegrees>
      <LongitudeDegrees>4.8835900</LongitudeDegrees>
     </Position>
     <AltitudeMeters>98.33000000000001</AltitudeMeters>
     <DistanceMeters>31473.228214465587</DistanceMeters>
    </Trackpoint>
    <Trackpoint>
     <Time>2026-04-10T15:09:04+00:00</Time>
     <Position>
      <LatitudeDegrees>43.8741500</LatitudeDegrees>
      <LongitudeDegrees>4.8832900</LongitudeDegrees>
     </Position>
     <AltitudeMeters>100.22</AltitudeMeters>
     <DistanceMeters>31532.838209602094</DistanceMeters>
    </Trackpoint>
    <Trackpoint>
     <Time>2026-04-10T15:09:11+00:00</Time>
     <Position>
      <LatitudeDegrees>43.8737650</LatitudeDegrees>
      <LongitudeDegrees>4.8829600</LongitudeDegrees>
     </Position>
     <AltitudeMeters>100.22</AltitudeMeters>
     <DistanceMeters>31583.206746300493</DistanceMeters>
    </Trackpoint>
    <Trackpoint>
     <Time>2026-04-10T15:09:17+00:00</Time>
     <Position>
      <LatitudeDegrees>43.8733800</LatitudeDegrees>
      <LongitudeDegrees>4.8826300</LongitudeDegrees>
     </Position>
     <AltitudeMeters>100.22</AltitudeMeters>
     <DistanceMeters>31633.575258895893</DistanceMeters>
    </Trackpoint>
    <Trackpoint>
     <Time>2026-04-10T15:09:24+00:00</Time>
     <Position>
      <LatitudeDegrees>43.8732400</LatitudeDegrees>
      <LongitudeDegrees>4.8825500</LongitudeDegrees>
     </Position>
     <AltitudeMeters>100.22</AltitudeMeters>
     <DistanceMeters>31650.426843480847</DistanceMeters>
    </Trackpoint>
    <Trackpoint>
     <Time>2026-04-10T15:09:30+00:00</Time>
     <Position>
      <LatitudeDegrees>43.8727900</LatitudeDegrees>
      <LongitudeDegrees>4.8824000</LongitudeDegrees>
     </Position>
     <AltitudeMeters>100.22</AltitudeMeters>
     <DistanceMeters>31701.935541497973</DistanceMeters>
    </Trackpoint>
    <Trackpoint>
     <Time>2026-04-10T15:09:37+00:00</Time>
     <Position>
      <LatitudeDegrees>43.8723400</LatitudeDegrees>
      <LongitudeDegrees>4.8822500</LongitudeDegrees>
     </Position>
     <AltitudeMeters>100.22</AltitudeMeters>
     <DistanceMeters>31753.444216584187</DistanceMeters>
    </Trackpoint>
    <Trackpoint>
     <Time>2026-04-10T15:09:44+00:00</Time>
     <Position>
      <LatitudeDegrees>43.8716800</LatitudeDegrees>
      <LongitudeDegrees>4.8820800</LongitudeDegrees>
     </Position>
     <AltitudeMeters>104.76</AltitudeMeters>
     <DistanceMeters>31828.15494383066</DistanceMeters>
    </Trackpoint>
    <Trackpoint>
     <Time>2026-04-10T15:09:50+00:00</Time>
     <Position>
      <LatitudeDegrees>43.8714100</LatitudeDegrees>
      <LongitudeDegrees>4.8820500</LongitudeDegrees>
     </Position>
     <AltitudeMeters>104.76</AltitudeMeters>
     <DistanceMeters>31858.301021934723</DistanceMeters>
    </Trackpoint>
    <Trackpoint>
     <Time>2026-04-10T15:09:57+00:00</Time>
     <Position>
      <LatitudeDegrees>43.8710900</LatitudeDegrees>
      <LongitudeDegrees>4.8820800</LongitudeDegrees>
     </Position>
     <AltitudeMeters>104.76</AltitudeMeters>
     <DistanceMeters>31893.99688396604</DistanceMeters>
    </Trackpoint>
    <Trackpoint>
     <Time>2026-04-10T15:10:03+00:00</Time>
     <Position>
      <LatitudeDegrees>43.8709400</LatitudeDegrees>
      <LongitudeDegrees>4.8820700</LongitudeDegrees>
     </Position>
     <AltitudeMeters>104.76</AltitudeMeters>
     <DistanceMeters>31910.71050486107</DistanceMeters>
    </Trackpoint>
    <Trackpoint>
     <Time>2026-04-10T15:10:10+00:00</Time>
     <Position>
      <LatitudeDegrees>43.8708600</LatitudeDegrees>
      <LongitudeDegrees>4.8820400</LongitudeDegrees>
     </Position>
     <AltitudeMeters>104.76</AltitudeMeters>
     <DistanceMeters>31919.93377548629</DistanceMeters>
    </Trackpoint>
    <Trackpoint>
     <Time>2026-04-10T15:10:16+00:00</Time>
     <Position>
      <LatitudeDegrees>43.8707300</LatitudeDegrees>
      <LongitudeDegrees>4.8819100</LongitudeDegrees>
     </Position>
     <AltitudeMeters>104.76</AltitudeMeters>
     <DistanceMeters>31937.769922872638</DistanceMeters>
    </Trackpoint>
    <Trackpoint>
     <Time>2026-04-10T15:10:23+00:00</Time>
     <Position>
      <LatitudeDegrees>43.8706300</LatitudeDegrees>
      <LongitudeDegrees>4.8817600</LongitudeDegrees>
     </Position>
     <AltitudeMeters>104.76</AltitudeMeters>
     <DistanceMeters>31954.162294739428</DistanceMeters>
    </Trackpoint>
    <Trackpoint>
     <Time>2026-04-10T15:10:29+00:00</Time>
     <Position>
      <LatitudeDegrees>43.8705300</LatitudeDegrees>
      <LongitudeDegrees>4.8815400</LongitudeDegrees>
     </Position>
     <AltitudeMeters>104.76</AltitudeMeters>
     <DistanceMeters>31975.0295129513</DistanceMeters>
    </Trackpoint>
    <Trackpoint>
     <Time>2026-04-10T15:10:36+00:00</Time>
     <Position>
      <LatitudeDegrees>43.8704600</LatitudeDegrees>
      <LongitudeDegrees>4.8814500</LongitudeDegrees>
     </Position>
     <AltitudeMeters>104.76</AltitudeMeters>
     <DistanceMeters>31985.65206530019</DistanceMeters>
    </Trackpoint>
    <Trackpoint>
     <Time>2026-04-10T15:10:42+00:00</Time>
     <Position>
      <LatitudeDegrees>43.8703800</LatitudeDegrees>
      <LongitudeDegrees>4.8813800</LongitudeDegrees>
     </Position>
     <AltitudeMeters>104.76</AltitudeMeters>
     <DistanceMeters>31996.1791175807</DistanceMeters>
    </Trackpoint>
    <Trackpoint>
     <Time>2026-04-10T15:10:49+00:00</Time>
     <Position>
      <LatitudeDegrees>43.8697800</LatitudeDegrees>
      <LongitudeDegrees>4.8810200</LongitudeDegrees>
     </Position>
     <AltitudeMeters>104.76</AltitudeMeters>
     <DistanceMeters>32068.93578182214</DistanceMeters>
    </Trackpoint>
    <Trackpoint>
     <Time>2026-04-10T15:10:56+00:00</Time>
     <Position>
      <LatitudeDegrees>43.8694500</LatitudeDegrees>
      <LongitudeDegrees>4.8807300</LongitudeDegrees>
     </Position>
     <AltitudeMeters>104.76</AltitudeMeters>
     <DistanceMeters>32112.413631423537</DistanceMeters>
    </Trackpoint>
    <Trackpoint>
     <Time>2026-04-10T15:11:02+00:00</Time>
     <Position>
      <LatitudeDegrees>43.8690900</LatitudeDegrees>
      <LongitudeDegrees>4.8805100</LongitudeDegrees>
     </Position>
     <AltitudeMeters>102.56000000000002</AltitudeMeters>
     <DistanceMeters>32156.196130125532</DistanceMeters>
    </Trackpoint>
    <Trackpoint>
     <Time>2026-04-10T15:11:09+00:00</Time>
     <Position>
      <LatitudeDegrees>43.8687500</LatitudeDegrees>
      <LongitudeDegrees>4.8803700</LongitudeDegrees>
     </Position>
     <AltitudeMeters>102.56000000000002</AltitudeMeters>
     <DistanceMeters>32195.66874358746</DistanceMeters>
    </Trackpoint>
    <Trackpoint>
     <Time>2026-04-10T15:11:15+00:00</Time>
     <Position>
      <LatitudeDegrees>43.8684200</LatitudeDegrees>
      <LongitudeDegrees>4.8803100</LongitudeDegrees>
     </Position>
     <AltitudeMeters>102.56000000000002</AltitudeMeters>
     <DistanceMeters>32232.710492313385</DistanceMeters>
    </Trackpoint>
    <Trackpoint>
     <Time>2026-04-10T15:11:22+00:00</Time>
     <Position>
      <LatitudeDegrees>43.8681400</LatitudeDegrees>
      <LongitudeDegrees>4.8803000</LongitudeDegrees>
     </Position>
     <AltitudeMeters>102.56000000000002</AltitudeMeters>
     <DistanceMeters>32263.883610417688</DistanceMeters>
    </Trackpoint>
    <Trackpoint>
     <Time>2026-04-10T15:11:28+00:00</Time>
     <Position>
      <LatitudeDegrees>43.8680000</LatitudeDegrees>
      <LongitudeDegrees>4.8802500</LongitudeDegrees>
     </Position>
     <AltitudeMeters>103.28000000000002</AltitudeMeters>
     <DistanceMeters>32279.97320030314</DistanceMeters>
    </Trackpoint>
    <Trackpoint>
     <Time>2026-04-10T15:11:35+00:00</Time>
     <Position>
      <LatitudeDegrees>43.8677300</LatitudeDegrees>
      <LongitudeDegrees>4.8800600</LongitudeDegrees>
     </Position>
     <AltitudeMeters>103.37</AltitudeMeters>
     <DistanceMeters>32313.668990899823</DistanceMeters>
    </Trackpoint>
    <Trackpoint>
     <Time>2026-04-10T15:11:41+00:00</Time>
     <Position>
      <LatitudeDegrees>43.8676100</LatitudeDegrees>
      <LongitudeDegrees>4.8797000</LongitudeDegrees>
     </Position>
     <AltitudeMeters>103.37</AltitudeMeters>
     <DistanceMeters>32345.49266723012</DistanceMeters>
    </Trackpoint>
    <Trackpoint>
     <Time>2026-04-10T15:11:48+00:00</Time>
     <Position>
      <LatitudeDegrees>43.8674000</LatitudeDegrees>
      <LongitudeDegrees>4.8789000</LongitudeDegrees>
     </Position>
     <AltitudeMeters>104.16</AltitudeMeters>
     <DistanceMeters>32413.805624902667</DistanceMeters>
    </Trackpoint>
    <Trackpoint>
     <Time>2026-04-10T15:11:54+00:00</Time>
     <Position>
      <LatitudeDegrees>43.8674000</LatitudeDegrees>
      <LongitudeDegrees>4.8788100</LongitudeDegrees>
     </Position>
     <AltitudeMeters>104.16</AltitudeMeters>
     <DistanceMeters>32421.027055886203</DistanceMeters>
    </Trackpoint>
    <Trackpoint>
     <Time>2026-04-10T15:12:01+00:00</Time>
     <Position>
      <LatitudeDegrees>43.8674600</LatitudeDegrees>
      <LongitudeDegrees>4.8787000</LongitudeDegrees>
     </Position>
     <AltitudeMeters>104.16</AltitudeMeters>
     <DistanceMeters>32432.094749127744</DistanceMeters>
    </Trackpoint>
    <Trackpoint>
     <Time>2026-04-10T15:12:08+00:00</Time>
     <Position>
      <LatitudeDegrees>43.8678000</LatitudeDegrees>
      <LongitudeDegrees>4.8786600</LongitudeDegrees>
     </Position>
     <AltitudeMeters>104.16</AltitudeMeters>
     <DistanceMeters>32470.071146502836</DistanceMeters>
    </Trackpoint>
    <Trackpoint>
     <Time>2026-04-10T15:12:14+00:00</Time>
     <Position>
      <LatitudeDegrees>43.8678300</LatitudeDegrees>
      <LongitudeDegrees>4.8786000</LongitudeDegrees>
     </Position>
     <AltitudeMeters>104.16</AltitudeMeters>
     <DistanceMeters>32475.929908754813</DistanceMeters>
    </Trackpoint>
    <Trackpoint>
     <Time>2026-04-10T15:12:21+00:00</Time>
     <Position>
      <LatitudeDegrees>43.8677100</LatitudeDegrees>
      <LongitudeDegrees>4.8776400</LongitudeDegrees>
     </Position>
     <AltitudeMeters>97.29</AltitudeMeters>
     <DistanceMeters>32554.107271244557</DistanceMeters>
    </Trackpoint>
    <Trackpoint>
     <Time>2026-04-10T15:12:27+00:00</Time>
     <Position>
      <LatitudeDegrees>43.8677100</LatitudeDegrees>
      <LongitudeDegrees>4.8770600</LongitudeDegrees>
     </Position>
     <AltitudeMeters>97.29</AltitudeMeters>
     <DistanceMeters>32600.64513999426</DistanceMeters>
    </Trackpoint>
    <Trackpoint>
     <Time>2026-04-10T15:12:34+00:00</Time>
     <Position>
      <LatitudeDegrees>43.8677400</LatitudeDegrees>
      <LongitudeDegrees>4.8767800</LongitudeDegrees>
     </Position>
     <AltitudeMeters>97.29</AltitudeMeters>
     <DistanceMeters>32623.358440052703</DistanceMeters>
    </Trackpoint>
    <Trackpoint>
     <Time>2026-04-10T15:12:40+00:00</Time>
     <Position>
      <LatitudeDegrees>43.8677000</LatitudeDegrees>
      <LongitudeDegrees>4.8763100</LongitudeDegrees>
     </Position>
     <AltitudeMeters>97.29</AltitudeMeters>
     <DistanceMeters>32661.33201252122</DistanceMeters>
    </Trackpoint>
    <Trackpoint>
     <Time>2026-04-10T15:12:47+00:00</Time>
     <Position>
      <LatitudeDegrees>43.8676200</LatitudeDegrees>
      <LongitudeDegrees>4.8759500</LongitudeDegrees>
     </Position>
     <AltitudeMeters>97.29</AltitudeMeters>
     <DistanceMeters>32691.558703194558</DistanceMeters>
    </Trackpoint>
    <Trackpoint>
     <Time>2026-04-10T15:12:53+00:00</Time>
     <Position>
      <LatitudeDegrees>43.8674100</LatitudeDegrees>
      <LongitudeDegrees>4.8754600</LongitudeDegrees>
     </Position>
     <AltitudeMeters>97.29</AltitudeMeters>
     <DistanceMeters>32737.297636961415</DistanceMeters>
    </Trackpoint>
    <Trackpoint>
     <Time>2026-04-10T15:13:00+00:00</Time>
     <Position>
      <LatitudeDegrees>43.8669400</LatitudeDegrees>
      <LongitudeDegrees>4.8746300</LongitudeDegrees>
     </Position>
     <AltitudeMeters>87.48</AltitudeMeters>
     <DistanceMeters>32821.98258463257</DistanceMeters>
    </Trackpoint>
    <Trackpoint>
     <Time>2026-04-10T15:13:06+00:00</Time>
     <Position>
      <LatitudeDegrees>43.8664700</LatitudeDegrees>
      <LongitudeDegrees>4.8738000</LongitudeDegrees>
     </Position>
     <AltitudeMeters>87.48</AltitudeMeters>
     <DistanceMeters>32906.667558186564</DistanceMeters>
    </Trackpoint>
    <Trackpoint>
     <Time>2026-04-10T15:13:13+00:00</Time>
     <Position>
      <LatitudeDegrees>43.8664000</LatitudeDegrees>
      <LongitudeDegrees>4.8737500</LongitudeDegrees>
     </Position>
     <AltitudeMeters>87.48</AltitudeMeters>
     <DistanceMeters>32915.43059876651</DistanceMeters>
    </Trackpoint>
    <Trackpoint>
     <Time>2026-04-10T15:13:20+00:00</Time>
     <Position>
      <LatitudeDegrees>43.8665350</LatitudeDegrees>
      <LongitudeDegrees>4.8726675</LongitudeDegrees>
     </Position>
     <AltitudeMeters>87.48</AltitudeMeters>
     <DistanceMeters>33003.57936079059</DistanceMeters>
    </Trackpoint>
    <Trackpoint>
     <Time>2026-04-10T15:13:26+00:00</Time>
     <Position>
      <LatitudeDegrees>43.8666700</LatitudeDegrees>
      <LongitudeDegrees>4.8715850</LongitudeDegrees>
     </Position>
     <AltitudeMeters>87.48</AltitudeMeters>
     <DistanceMeters>33091.728122814784</DistanceMeters>
    </Trackpoint>
    <Trackpoint>
     <Time>2026-04-10T15:13:33+00:00</Time>
     <Position>
      <LatitudeDegrees>43.8668050</LatitudeDegrees>
      <LongitudeDegrees>4.8705025</LongitudeDegrees>
     </Position>
     <AltitudeMeters>77.09</AltitudeMeters>
     <DistanceMeters>33179.87688483885</DistanceMeters>
    </Trackpoint>
    <Trackpoint>
     <Time>2026-04-10T15:13:39+00:00</Time>
     <Position>
      <LatitudeDegrees>43.8669400</LatitudeDegrees>
      <LongitudeDegrees>4.8694200</LongitudeDegrees>
     </Position>
     <AltitudeMeters>77.09</AltitudeMeters>
     <DistanceMeters>33268.025655233076</DistanceMeters>
    </Trackpoint>
    <Trackpoint>
     <Time>2026-04-10T15:13:46+00:00</Time>
     <Position>
      <LatitudeDegrees>43.8670300</LatitudeDegrees>
      <LongitudeDegrees>4.8691000</LongitudeDegrees>
     </Position>
     <AltitudeMeters>77.09</AltitudeMeters>
     <DistanceMeters>33295.586658057815</DistanceMeters>
    </Trackpoint>
    <Trackpoint>
     <Time>2026-04-10T15:13:52+00:00</Time>
     <Position>
      <LatitudeDegrees>43.8670200</LatitudeDegrees>
      <LongitudeDegrees>4.8691100</LongitudeDegrees>
     </Position>
     <AltitudeMeters>77.09</AltitudeMeters>
     <DistanceMeters>33295.586658057815</DistanceMeters>
    </Trackpoint>
    <Trackpoint>
     <Time>2026-04-10T15:13:59+00:00</Time>
     <Position>
      <LatitudeDegrees>43.8671700</LatitudeDegrees>
      <LongitudeDegrees>4.8689400</LongitudeDegrees>
     </Position>
     <AltitudeMeters>77.09</AltitudeMeters>
     <DistanceMeters>33317.14509039881</DistanceMeters>
    </Trackpoint>
    <Trackpoint>
     <Time>2026-04-10T15:14:05+00:00</Time>
     <Position>
      <LatitudeDegrees>43.8674300</LatitudeDegrees>
      <LongitudeDegrees>4.8688100</LongitudeDegrees>
     </Position>
     <AltitudeMeters>77.09</AltitudeMeters>
     <DistanceMeters>33347.90460983402</DistanceMeters>
    </Trackpoint>
    <Trackpoint>
     <Time>2026-04-10T15:14:12+00:00</Time>
     <Position>
      <LatitudeDegrees>43.8679000</LatitudeDegrees>
      <LongitudeDegrees>4.8687700</LongitudeDegrees>
     </Position>
     <AltitudeMeters>77.09</AltitudeMeters>
     <DistanceMeters>33400.31194644163</DistanceMeters>
    </Trackpoint>
    <Trackpoint>
     <Time>2026-04-10T15:14:18+00:00</Time>
     <Position>
      <LatitudeDegrees>43.8683700</LatitudeDegrees>
      <LongitudeDegrees>4.8687300</LongitudeDegrees>
     </Position>
     <AltitudeMeters>77.09</AltitudeMeters>
     <DistanceMeters>33452.71928724643</DistanceMeters>
    </Trackpoint>
    <Trackpoint>
     <Time>2026-04-10T15:14:25+00:00</Time>
     <Position>
      <LatitudeDegrees>43.8689700</LatitudeDegrees>
      <LongitudeDegrees>4.8687800</LongitudeDegrees>
     </Position>
     <AltitudeMeters>77.09</AltitudeMeters>
     <DistanceMeters>33519.617095793445</DistanceMeters>
    </Trackpoint>
    <Trackpoint>
     <Time>2026-04-10T15:14:32+00:00</Time>
     <Position>
      <LatitudeDegrees>43.8695700</LatitudeDegrees>
      <LongitudeDegrees>4.8688300</LongitudeDegrees>
     </Position>
     <AltitudeMeters>63.9</AltitudeMeters>
     <DistanceMeters>33586.51490327413</DistanceMeters>
    </Trackpoint>
    <Trackpoint>
     <Time>2026-04-10T15:14:38+00:00</Time>
     <Position>
      <LatitudeDegrees>43.8697600</LatitudeDegrees>
      <LongitudeDegrees>4.8687900</LongitudeDegrees>
     </Position>
     <AltitudeMeters>63.9</AltitudeMeters>
     <DistanceMeters>33607.903244897265</DistanceMeters>
    </Trackpoint>
    <Trackpoint>
     <Time>2026-04-10T15:14:45+00:00</Time>
     <Position>
      <LatitudeDegrees>43.8698900</LatitudeDegrees>
      <LongitudeDegrees>4.8687100</LongitudeDegrees>
     </Position>
     <AltitudeMeters>63.9</AltitudeMeters>
     <DistanceMeters>33623.73159145807</DistanceMeters>
    </Trackpoint>
    <Trackpoint>
     <Time>2026-04-10T15:14:51+00:00</Time>
     <Position>
      <LatitudeDegrees>43.8699600</LatitudeDegrees>
      <LongitudeDegrees>4.8685500</LongitudeDegrees>
     </Position>
     <AltitudeMeters>63.9</AltitudeMeters>
     <DistanceMeters>33638.74817576866</DistanceMeters>
    </Trackpoint>
    <Trackpoint>
     <Time>2026-04-10T15:14:58+00:00</Time>
     <Position>
      <LatitudeDegrees>43.8700300</LatitudeDegrees>
      <LongitudeDegrees>4.8682000</LongitudeDegrees>
     </Position>
     <AltitudeMeters>63.9</AltitudeMeters>
     <DistanceMeters>33667.890935353156</DistanceMeters>
    </Trackpoint>
    <Trackpoint>
     <Time>2026-04-10T15:15:04+00:00</Time>
     <Position>
      <LatitudeDegrees>43.8701000</LatitudeDegrees>
      <LongitudeDegrees>4.8680000</LongitudeDegrees>
     </Position>
     <AltitudeMeters>63.9</AltitudeMeters>
     <DistanceMeters>33685.729045954</DistanceMeters>
    </Trackpoint>
    <Trackpoint>
     <Time>2026-04-10T15:15:11+00:00</Time>
     <Position>
      <LatitudeDegrees>43.8702000</LatitudeDegrees>
      <LongitudeDegrees>4.8678800</LongitudeDegrees>
     </Position>
     <AltitudeMeters>63.9</AltitudeMeters>
     <DistanceMeters>33700.44530152055</DistanceMeters>
    </Trackpoint>
    <Trackpoint>
     <Time>2026-04-10T15:15:17+00:00</Time>
     <Position>
      <LatitudeDegrees>43.8703300</LatitudeDegrees>
      <LongitudeDegrees>4.8678100</LongitudeDegrees>
     </Position>
     <AltitudeMeters>63.9</AltitudeMeters>
     <DistanceMeters>33715.96559921549</DistanceMeters>
    </Trackpoint>
    <Trackpoint>
     <Time>2026-04-10T15:15:24+00:00</Time>
     <Position>
      <LatitudeDegrees>43.8708900</LatitudeDegrees>
      <LongitudeDegrees>4.8677900</LongitudeDegrees>
     </Position>
     <AltitudeMeters>63.9</AltitudeMeters>
     <DistanceMeters>33778.31183381026</DistanceMeters>
    </Trackpoint>
    <Trackpoint>
     <Time>2026-04-10T15:15:30+00:00</Time>
     <Position>
      <LatitudeDegrees>43.8712700</LatitudeDegrees>
      <LongitudeDegrees>4.8678100</LongitudeDegrees>
     </Position>
     <AltitudeMeters>63.9</AltitudeMeters>
     <DistanceMeters>33820.63462324536</DistanceMeters>
    </Trackpoint>
    <Trackpoint>
     <Time>2026-04-10T15:15:37+00:00</Time>
     <Position>
      <LatitudeDegrees>43.8717650</LatitudeDegrees>
      <LongitudeDegrees>4.8675600</LongitudeDegrees>
     </Position>
     <AltitudeMeters>61.94</AltitudeMeters>
     <DistanceMeters>33879.263816009334</DistanceMeters>
    </Trackpoint>
    <Trackpoint>
     <Time>2026-04-10T15:15:43+00:00</Time>
     <Position>
      <LatitudeDegrees>43.8722600</LatitudeDegrees>
      <LongitudeDegrees>4.8673100</LongitudeDegrees>
     </Position>
     <AltitudeMeters>61.4</AltitudeMeters>
     <DistanceMeters>33937.89303741668</DistanceMeters>
    </Trackpoint>
    <Trackpoint>
     <Time>2026-04-10T15:15:50+00:00</Time>
     <Position>
      <LatitudeDegrees>43.8726400</LatitudeDegrees>
      <LongitudeDegrees>4.8670400</LongitudeDegrees>
     </Position>
     <AltitudeMeters>58.25</AltitudeMeters>
     <DistanceMeters>33985.41046183188</DistanceMeters>
    </Trackpoint>
    <Trackpoint>
     <Time>2026-04-10T15:15:57+00:00</Time>
     <Position>
      <LatitudeDegrees>43.8728000</LatitudeDegrees>
      <LongitudeDegrees>4.8668500</LongitudeDegrees>
     </Position>
     <AltitudeMeters>58.25</AltitudeMeters>
     <DistanceMeters>34008.85137043384</DistanceMeters>
    </Trackpoint>
    <Trackpoint>
     <Time>2026-04-10T15:16:03+00:00</Time>
     <Position>
      <LatitudeDegrees>43.8731800</LatitudeDegrees>
      <LongitudeDegrees>4.8674100</LongitudeDegrees>
     </Position>
     <AltitudeMeters>59.71000000000001</AltitudeMeters>
     <DistanceMeters>34070.554455155114</DistanceMeters>
    </Trackpoint>
    <Trackpoint>
     <Time>2026-04-10T15:16:10+00:00</Time>
     <Position>
      <LatitudeDegrees>43.8733100</LatitudeDegrees>
      <LongitudeDegrees>4.8674500</LongitudeDegrees>
     </Position>
     <AltitudeMeters>59.71000000000001</AltitudeMeters>
     <DistanceMeters>34085.374534013295</DistanceMeters>
    </Trackpoint>
    <Trackpoint>
     <Time>2026-04-10T15:16:16+00:00</Time>
     <Position>
      <LatitudeDegrees>43.8738200</LatitudeDegrees>
      <LongitudeDegrees>4.8674300</LongitudeDegrees>
     </Position>
     <AltitudeMeters>65.89</AltitudeMeters>
     <DistanceMeters>34142.1580065274</DistanceMeters>
    </Trackpoint>
    <Trackpoint>
     <Time>2026-04-10T15:16:23+00:00</Time>
     <Position>
      <LatitudeDegrees>43.8740200</LatitudeDegrees>
      <LongitudeDegrees>4.8674700</LongitudeDegrees>
     </Position>
     <AltitudeMeters>65.89</AltitudeMeters>
     <DistanceMeters>34164.647291240726</DistanceMeters>
    </Trackpoint>
    <Trackpoint>
     <Time>2026-04-10T15:16:29+00:00</Time>
     <Position>
      <LatitudeDegrees>43.8742900</LatitudeDegrees>
      <LongitudeDegrees>4.8676000</LongitudeDegrees>
     </Position>
     <AltitudeMeters>65.89</AltitudeMeters>
     <DistanceMeters>34196.45566544781</DistanceMeters>
    </Trackpoint>
    <Trackpoint>
     <Time>2026-04-10T15:16:36+00:00</Time>
     <Position>
      <LatitudeDegrees>43.8746400</LatitudeDegrees>
      <LongitudeDegrees>4.8679600</LongitudeDegrees>
     </Position>
     <AltitudeMeters>65.89</AltitudeMeters>
     <DistanceMeters>34244.948566629915</DistanceMeters>
    </Trackpoint>
    <Trackpoint>
     <Time>2026-04-10T15:16:42+00:00</Time>
     <Position>
      <LatitudeDegrees>43.8750000</LatitudeDegrees>
      <LongitudeDegrees>4.8680800</LongitudeDegrees>
     </Position>
     <AltitudeMeters>68.60000000000001</AltitudeMeters>
     <DistanceMeters>34286.15543924873</DistanceMeters>
    </Trackpoint>
    <Trackpoint>
     <Time>2026-04-10T15:16:49+00:00</Time>
     <Position>
      <LatitudeDegrees>43.8751700</LatitudeDegrees>
      <LongitudeDegrees>4.8682300</LongitudeDegrees>
     </Position>
     <AltitudeMeters>70.37</AltitudeMeters>
     <DistanceMeters>34308.57858820476</DistanceMeters>
    </Trackpoint>
    <Trackpoint>
     <Time>2026-04-10T15:16:55+00:00</Time>
     <Position>
      <LatitudeDegrees>43.8753100</LatitudeDegrees>
      <LongitudeDegrees>4.8684100</LongitudeDegrees>
     </Position>
     <AltitudeMeters>70.37</AltitudeMeters>
     <DistanceMeters>34329.82291127815</DistanceMeters>
    </Trackpoint>
    <Trackpoint>
     <Time>2026-04-10T15:17:02+00:00</Time>
     <Position>
      <LatitudeDegrees>43.8753900</LatitudeDegrees>
      <LongitudeDegrees>4.8683600</LongitudeDegrees>
     </Position>
     <AltitudeMeters>70.37</AltitudeMeters>
     <DistanceMeters>34339.58847106842</DistanceMeters>
    </Trackpoint>
    <Trackpoint>
     <Time>2026-04-10T15:17:09+00:00</Time>
     <Position>
      <LatitudeDegrees>43.8758300</LatitudeDegrees>
      <LongitudeDegrees>4.8683700</LongitudeDegrees>
     </Position>
     <AltitudeMeters>70.21000000000001</AltitudeMeters>
     <DistanceMeters>34388.565141328894</DistanceMeters>
    </Trackpoint>
    <Trackpoint>
     <Time>2026-04-10T15:17:15+00:00</Time>
     <Position>
      <LatitudeDegrees>43.8759500</LatitudeDegrees>
      <LongitudeDegrees>4.8693400</LongitudeDegrees>
     </Position>
     <AltitudeMeters>72.07000000000001</AltitudeMeters>
     <DistanceMeters>34467.52275306</DistanceMeters>
    </Trackpoint>
    <Trackpoint>
     <Time>2026-04-10T15:17:22+00:00</Time>
     <Position>
      <LatitudeDegrees>43.8759400</LatitudeDegrees>
      <LongitudeDegrees>4.8694000</LongitudeDegrees>
     </Position>
     <AltitudeMeters>72.74</AltitudeMeters>
     <DistanceMeters>34472.463339056965</DistanceMeters>
    </Trackpoint>
    <Trackpoint>
     <Time>2026-04-10T15:17:28+00:00</Time>
     <Position>
      <LatitudeDegrees>43.8759600</LatitudeDegrees>
      <LongitudeDegrees>4.8694500</LongitudeDegrees>
     </Position>
     <AltitudeMeters>72.74</AltitudeMeters>
     <DistanceMeters>34477.05087264432</DistanceMeters>
    </Trackpoint>
    <Trackpoint>
     <Time>2026-04-10T15:17:35+00:00</Time>
     <Position>
      <LatitudeDegrees>43.8759600</LatitudeDegrees>
      <LongitudeDegrees>4.8696800</LongitudeDegrees>
     </Position>
     <AltitudeMeters>73.05</AltitudeMeters>
     <DistanceMeters>34495.50299026663</DistanceMeters>
    </Trackpoint>
    <Trackpoint>
     <Time>2026-04-10T15:17:41+00:00</Time>
     <Position>
      <LatitudeDegrees>43.8758700</LatitudeDegrees>
      <LongitudeDegrees>4.8703200</LongitudeDegrees>
     </Position>
     <AltitudeMeters>74.13</AltitudeMeters>
     <DistanceMeters>34547.81597013095</DistanceMeters>
    </Trackpoint>
    <Trackpoint>
     <Time>2026-04-10T15:17:48+00:00</Time>
     <Position>
      <LatitudeDegrees>43.8758500</LatitudeDegrees>
      <LongitudeDegrees>4.8710200</LongitudeDegrees>
     </Position>
     <AltitudeMeters>73.52</AltitudeMeters>
     <DistanceMeters>34604.018779203194</DistanceMeters>
    </Trackpoint>
    <Trackpoint>
     <Time>2026-04-10T15:17:54+00:00</Time>
     <Position>
      <LatitudeDegrees>43.8758900</LatitudeDegrees>
      <LongitudeDegrees>4.8714000</LongitudeDegrees>
     </Position>
     <AltitudeMeters>73.52</AltitudeMeters>
     <DistanceMeters>34634.82826338562</DistanceMeters>
    </Trackpoint>
    <Trackpoint>
     <Time>2026-04-10T15:18:01+00:00</Time>
     <Position>
      <LatitudeDegrees>43.8759900</LatitudeDegrees>
      <LongitudeDegrees>4.8717600</LongitudeDegrees>
     </Position>
     <AltitudeMeters>73.52</AltitudeMeters>
     <DistanceMeters>34665.78005235874</DistanceMeters>
    </Trackpoint>
    <Trackpoint>
     <Time>2026-04-10T15:18:07+00:00</Time>
     <Position>
      <LatitudeDegrees>43.8762800</LatitudeDegrees>
      <LongitudeDegrees>4.8723900</LongitudeDegrees>
     </Position>
     <AltitudeMeters>63.49</AltitudeMeters>
     <DistanceMeters>34725.74903704338</DistanceMeters>
    </Trackpoint>
    <Trackpoint>
     <Time>2026-04-10T15:18:14+00:00</Time>
     <Position>
      <LatitudeDegrees>43.8764300</LatitudeDegrees>
      <LongitudeDegrees>4.8726100</LongitudeDegrees>
     </Position>
     <AltitudeMeters>63.49</AltitudeMeters>
     <DistanceMeters>34750.04336804596</DistanceMeters>
    </Trackpoint>
    <Trackpoint>
     <Time>2026-04-10T15:18:21+00:00</Time>
     <Position>
      <LatitudeDegrees>43.8766100</LatitudeDegrees>
      <LongitudeDegrees>4.8728100</LongitudeDegrees>
     </Position>
     <AltitudeMeters>63.49</AltitudeMeters>
     <DistanceMeters>34775.71002813536</DistanceMeters>
    </Trackpoint>
    <Trackpoint>
     <Time>2026-04-10T15:18:27+00:00</Time>
     <Position>
      <LatitudeDegrees>43.8767700</LatitudeDegrees>
      <LongitudeDegrees>4.8729400</LongitudeDegrees>
     </Position>
     <AltitudeMeters>63.49</AltitudeMeters>
     <DistanceMeters>34796.34667437778</DistanceMeters>
    </Trackpoint>
    <Trackpoint>
     <Time>2026-04-10T15:18:34+00:00</Time>
     <Position>
      <LatitudeDegrees>43.8772300</LatitudeDegrees>
      <LongitudeDegrees>4.8732350</LongitudeDegrees>
     </Position>
     <AltitudeMeters>63.49</AltitudeMeters>
     <DistanceMeters>34852.74817037631</DistanceMeters>
    </Trackpoint>
    <Trackpoint>
     <Time>2026-04-10T15:18:40+00:00</Time>
     <Position>
      <LatitudeDegrees>43.8776900</LatitudeDegrees>
      <LongitudeDegrees>4.8735300</LongitudeDegrees>
     </Position>
     <AltitudeMeters>61.11000000000001</AltitudeMeters>
     <DistanceMeters>34909.14964329261</DistanceMeters>
    </Trackpoint>
    <Trackpoint>
     <Time>2026-04-10T15:18:47+00:00</Time>
     <Position>
      <LatitudeDegrees>43.8780300</LatitudeDegrees>
      <LongitudeDegrees>4.8737100</LongitudeDegrees>
     </Position>
     <AltitudeMeters>61.11000000000001</AltitudeMeters>
     <DistanceMeters>34949.651851112205</DistanceMeters>
    </Trackpoint>
    <Trackpoint>
     <Time>2026-04-10T15:18:53+00:00</Time>
     <Position>
      <LatitudeDegrees>43.8783800</LatitudeDegrees>
      <LongitudeDegrees>4.8738300</LongitudeDegrees>
     </Position>
     <AltitudeMeters>61.11000000000001</AltitudeMeters>
     <DistanceMeters>34989.77728008902</DistanceMeters>
    </Trackpoint>
    <Trackpoint>
     <Time>2026-04-10T15:19:00+00:00</Time>
     <Position>
      <LatitudeDegrees>43.8788300</LatitudeDegrees>
      <LongitudeDegrees>4.8739000</LongitudeDegrees>
     </Position>
     <AltitudeMeters>61.09</AltitudeMeters>
     <DistanceMeters>35040.17418056878</DistanceMeters>
    </Trackpoint>
    <Trackpoint>
     <Time>2026-04-10T15:19:06+00:00</Time>
     <Position>
      <LatitudeDegrees>43.8793500</LatitudeDegrees>
      <LongitudeDegrees>4.8739300</LongitudeDegrees>
     </Position>
     <AltitudeMeters>54.580000000000005</AltitudeMeters>
     <DistanceMeters>35098.09795553893</DistanceMeters>
    </Trackpoint>
    <Trackpoint>
     <Time>2026-04-10T15:19:13+00:00</Time>
     <Position>
      <LatitudeDegrees>43.8798700</LatitudeDegrees>
      <LongitudeDegrees>4.8739600</LongitudeDegrees>
     </Position>
     <AltitudeMeters>52.52</AltitudeMeters>
     <DistanceMeters>35156.0217241665</DistanceMeters>
    </Trackpoint>
    <Trackpoint>
     <Time>2026-04-10T15:19:19+00:00</Time>
     <Position>
      <LatitudeDegrees>43.8800300</LatitudeDegrees>
      <LongitudeDegrees>4.8739300</LongitudeDegrees>
     </Position>
     <AltitudeMeters>52.52</AltitudeMeters>
     <DistanceMeters>35173.99092404162</DistanceMeters>
    </Trackpoint>
    <Trackpoint>
     <Time>2026-04-10T15:19:26+00:00</Time>
     <Position>
      <LatitudeDegrees>43.8802600</LatitudeDegrees>
      <LongitudeDegrees>4.8738700</LongitudeDegrees>
     </Position>
     <AltitudeMeters>49.63000000000001</AltitudeMeters>
     <DistanceMeters>35200.03752412637</DistanceMeters>
    </Trackpoint>
    <Trackpoint>
     <Time>2026-04-10T15:19:33+00:00</Time>
     <Position>
      <LatitudeDegrees>43.8807500</LatitudeDegrees>
      <LongitudeDegrees>4.8735300</LongitudeDegrees>
     </Position>
     <AltitudeMeters>49.63000000000001</AltitudeMeters>
     <DistanceMeters>35261.0127408582</DistanceMeters>
    </Trackpoint>
    <Trackpoint>
     <Time>2026-04-10T15:19:39+00:00</Time>
     <Position>
      <LatitudeDegrees>43.8810100</LatitudeDegrees>
      <LongitudeDegrees>4.8732500</LongitudeDegrees>
     </Position>
     <AltitudeMeters>49.45</AltitudeMeters>
     <DistanceMeters>35297.6442297656</DistanceMeters>
    </Trackpoint>
    <Trackpoint>
     <Time>2026-04-10T15:19:46+00:00</Time>
     <Position>
      <LatitudeDegrees>43.8810900</LatitudeDegrees>
      <LongitudeDegrees>4.8731000</LongitudeDegrees>
     </Position>
     <AltitudeMeters>49.45</AltitudeMeters>
     <DistanceMeters>35312.61310514643</DistanceMeters>
    </Trackpoint>
    <Trackpoint>
     <Time>2026-04-10T15:19:52+00:00</Time>
     <Position>
      <LatitudeDegrees>43.8813200</LatitudeDegrees>
      <LongitudeDegrees>4.8724600</LongitudeDegrees>
     </Position>
     <AltitudeMeters>51.09</AltitudeMeters>
     <DistanceMeters>35369.98126018062</DistanceMeters>
    </Trackpoint>
    <Trackpoint>
     <Time>2026-04-10T15:19:59+00:00</Time>
     <Position>
      <LatitudeDegrees>43.8814700</LatitudeDegrees>
      <LongitudeDegrees>4.8722900</LongitudeDegrees>
     </Position>
     <AltitudeMeters>51.09</AltitudeMeters>
     <DistanceMeters>35391.5376218743</DistanceMeters>
    </Trackpoint>
    <Trackpoint>
     <Time>2026-04-10T15:20:05+00:00</Time>
     <Position>
      <LatitudeDegrees>43.8816400</LatitudeDegrees>
      <LongitudeDegrees>4.8721600</LongitudeDegrees>
     </Position>
     <AltitudeMeters>51.09</AltitudeMeters>
     <DistanceMeters>35413.14154768176</DistanceMeters>
    </Trackpoint>
    <Trackpoint>
     <Time>2026-04-10T15:20:12+00:00</Time>
     <Position>
      <LatitudeDegrees>43.8822000</LatitudeDegrees>
      <LongitudeDegrees>4.8720900</LongitudeDegrees>
     </Position>
     <AltitudeMeters>48.75</AltitudeMeters>
     <DistanceMeters>35475.71957560675</DistanceMeters>
    </Trackpoint>
    <Trackpoint>
     <Time>2026-04-10T15:20:18+00:00</Time>
     <Position>
      <LatitudeDegrees>43.8824000</LatitudeDegrees>
      <LongitudeDegrees>4.8720400</LongitudeDegrees>
     </Position>
     <AltitudeMeters>48.75</AltitudeMeters>
     <DistanceMeters>35498.3371898536</DistanceMeters>
    </Trackpoint>
    <Trackpoint>
     <Time>2026-04-10T15:20:25+00:00</Time>
     <Position>
      <LatitudeDegrees>43.8827200</LatitudeDegrees>
      <LongitudeDegrees>4.8718500</LongitudeDegrees>
     </Position>
     <AltitudeMeters>48.75</AltitudeMeters>
     <DistanceMeters>35537.07606167474</DistanceMeters>
    </Trackpoint>
    <Trackpoint>
     <Time>2026-04-10T15:20:31+00:00</Time>
     <Position>
      <LatitudeDegrees>43.8828700</LatitudeDegrees>
      <LongitudeDegrees>4.8716500</LongitudeDegrees>
     </Position>
     <AltitudeMeters>47.78</AltitudeMeters>
     <DistanceMeters>35560.22977861916</DistanceMeters>
    </Trackpoint>
    <Trackpoint>
     <Time>2026-04-10T15:20:38+00:00</Time>
     <Position>
      <LatitudeDegrees>43.8830000</LatitudeDegrees>
      <LongitudeDegrees>4.8714700</LongitudeDegrees>
     </Position>
     <AltitudeMeters>47.78</AltitudeMeters>
     <DistanceMeters>35580.67050360447</DistanceMeters>
    </Trackpoint>
    <Trackpoint>
     <Time>2026-04-10T15:20:45+00:00</Time>
     <Position>
      <LatitudeDegrees>43.8831000</LatitudeDegrees>
      <LongitudeDegrees>4.8712500</LongitudeDegrees>
     </Position>
     <AltitudeMeters>47.78</AltitudeMeters>
     <DistanceMeters>35601.53459753682</DistanceMeters>
    </Trackpoint>
    <Trackpoint>
     <Time>2026-04-10T15:20:51+00:00</Time>
     <Position>
      <LatitudeDegrees>43.8831800</LatitudeDegrees>
      <LongitudeDegrees>4.8709600</LongitudeDegrees>
     </Position>
     <AltitudeMeters>43.42</AltitudeMeters>
     <DistanceMeters>35626.44319129934</DistanceMeters>
    </Trackpoint>
    <Trackpoint>
     <Time>2026-04-10T15:20:58+00:00</Time>
     <Position>
      <LatitudeDegrees>43.8832500</LatitudeDegrees>
      <LongitudeDegrees>4.8704300</LongitudeDegrees>
     </Position>
     <AltitudeMeters>43.42</AltitudeMeters>
     <DistanceMeters>35669.66602539164</DistanceMeters>
    </Trackpoint>
    <Trackpoint>
     <Time>2026-04-10T15:21:04+00:00</Time>
     <Position>
      <LatitudeDegrees>43.8832700</LatitudeDegrees>
      <LongitudeDegrees>4.8703000</LongitudeDegrees>
     </Position>
     <AltitudeMeters>43.42</AltitudeMeters>
     <DistanceMeters>35680.32912204129</DistanceMeters>
    </Trackpoint>
    <Trackpoint>
     <Time>2026-04-10T15:21:11+00:00</Time>
     <Position>
      <LatitudeDegrees>43.8832500</LatitudeDegrees>
      <LongitudeDegrees>4.8694300</LongitudeDegrees>
     </Position>
     <AltitudeMeters>39.35</AltitudeMeters>
     <DistanceMeters>35750.15323373514</DistanceMeters>
    </Trackpoint>
    <Trackpoint>
     <Time>2026-04-10T15:21:17+00:00</Time>
     <Position>
      <LatitudeDegrees>43.8832300</LatitudeDegrees>
      <LongitudeDegrees>4.8685600</LongitudeDegrees>
     </Position>
     <AltitudeMeters>39.330000000000005</AltitudeMeters>
     <DistanceMeters>35819.9773454289</DistanceMeters>
    </Trackpoint>
    <Trackpoint>
     <Time>2026-04-10T15:21:24+00:00</Time>
     <Position>
      <LatitudeDegrees>43.8832100</LatitudeDegrees>
      <LongitudeDegrees>4.8676900</LongitudeDegrees>
     </Position>
     <AltitudeMeters>38.62</AltitudeMeters>
     <DistanceMeters>35889.80142720518</DistanceMeters>
    </Trackpoint>
    <Trackpoint>
     <Time>2026-04-10T15:21:30+00:00</Time>
     <Position>
      <LatitudeDegrees>43.8830800</LatitudeDegrees>
      <LongitudeDegrees>4.8667800</LongitudeDegrees>
     </Position>
     <AltitudeMeters>37.06</AltitudeMeters>
     <DistanceMeters>35964.21887330405</DistanceMeters>
    </Trackpoint>
    <Trackpoint>
     <Time>2026-04-10T15:21:37+00:00</Time>
     <Position>
      <LatitudeDegrees>43.8829700</LatitudeDegrees>
      <LongitudeDegrees>4.8664600</LongitudeDegrees>
     </Position>
     <AltitudeMeters>37.08</AltitudeMeters>
     <DistanceMeters>35992.658299698625</DistanceMeters>
    </Trackpoint>
    <Trackpoint>
     <Time>2026-04-10T15:21:43+00:00</Time>
     <Position>
      <LatitudeDegrees>43.8827300</LatitudeDegrees>
      <LongitudeDegrees>4.8660600</LongitudeDegrees>
     </Position>
     <AltitudeMeters>36.4</AltitudeMeters>
     <DistanceMeters>36034.408108520714</DistanceMeters>
    </Trackpoint>
    <Trackpoint>
     <Time>2026-04-10T15:21:50+00:00</Time>
     <Position>
      <LatitudeDegrees>43.8825500</LatitudeDegrees>
      <LongitudeDegrees>4.8655400</LongitudeDegrees>
     </Position>
     <AltitudeMeters>35.910000000000004</AltitudeMeters>
     <DistanceMeters>36080.682477598035</DistanceMeters>
    </Trackpoint>
    <Trackpoint>
     <Time>2026-04-10T15:21:57+00:00</Time>
     <Position>
      <LatitudeDegrees>43.8822800</LatitudeDegrees>
      <LongitudeDegrees>4.8645600</LongitudeDegrees>
     </Position>
     <AltitudeMeters>38.86000000000001</AltitudeMeters>
     <DistanceMeters>36164.84352916031</DistanceMeters>
    </Trackpoint>
    <Trackpoint>
     <Time>2026-04-10T15:22:03+00:00</Time>
     <Position>
      <LatitudeDegrees>43.8822500</LatitudeDegrees>
      <LongitudeDegrees>4.8644100</LongitudeDegrees>
     </Position>
     <AltitudeMeters>38.86000000000001</AltitudeMeters>
     <DistanceMeters>36177.33089554223</DistanceMeters>
    </Trackpoint>
    <Trackpoint>
     <Time>2026-04-10T15:22:10+00:00</Time>
     <Position>
      <LatitudeDegrees>43.8822600</LatitudeDegrees>
      <LongitudeDegrees>4.8641300</LongitudeDegrees>
     </Position>
     <AltitudeMeters>38.86000000000001</AltitudeMeters>
     <DistanceMeters>36199.81952676904</DistanceMeters>
    </Trackpoint>
    <Trackpoint>
     <Time>2026-04-10T15:22:16+00:00</Time>
     <Position>
      <LatitudeDegrees>43.8823100</LatitudeDegrees>
      <LongitudeDegrees>4.8639500</LongitudeDegrees>
     </Position>
     <AltitudeMeters>38.86000000000001</AltitudeMeters>
     <DistanceMeters>36215.293986386016</DistanceMeters>
    </Trackpoint>
    <Trackpoint>
     <Time>2026-04-10T15:22:23+00:00</Time>
     <Position>
      <LatitudeDegrees>43.8825600</LatitudeDegrees>
      <LongitudeDegrees>4.8634700</LongitudeDegrees>
     </Position>
     <AltitudeMeters>37.88</AltitudeMeters>
     <DistanceMeters>36262.7994954947</DistanceMeters>
    </Trackpoint>
    <Trackpoint>
     <Time>2026-04-10T15:22:29+00:00</Time>
     <Position>
      <LatitudeDegrees>43.8828800</LatitudeDegrees>
      <LongitudeDegrees>4.8629800</LongitudeDegrees>
     </Position>
     <AltitudeMeters>36.660000000000004</AltitudeMeters>
     <DistanceMeters>36315.841061099854</DistanceMeters>
    </Trackpoint>
    <Trackpoint>
     <Time>2026-04-10T15:22:36+00:00</Time>
     <Position>
      <LatitudeDegrees>43.8830400</LatitudeDegrees>
      <LongitudeDegrees>4.8628000</LongitudeDegrees>
     </Position>
     <AltitudeMeters>36.08</AltitudeMeters>
     <DistanceMeters>36338.766758446596</DistanceMeters>
    </Trackpoint>
    <Trackpoint>
     <Time>2026-04-10T15:22:42+00:00</Time>
     <Position>
      <LatitudeDegrees>43.8831300</LatitudeDegrees>
      <LongitudeDegrees>4.8619500</LongitudeDegrees>
     </Position>
     <AltitudeMeters>35.18</AltitudeMeters>
     <DistanceMeters>36407.682934161894</DistanceMeters>
    </Trackpoint>
    <Trackpoint>
     <Time>2026-04-10T15:22:49+00:00</Time>
     <Position>
      <LatitudeDegrees>43.8832200</LatitudeDegrees>
      <LongitudeDegrees>4.8611000</LongitudeDegrees>
     </Position>
     <AltitudeMeters>35.33</AltitudeMeters>
     <DistanceMeters>36476.59910987767</DistanceMeters>
    </Trackpoint>
    <Trackpoint>
     <Time>2026-04-10T15:22:55+00:00</Time>
     <Position>
      <LatitudeDegrees>43.8833100</LatitudeDegrees>
      <LongitudeDegrees>4.8602500</LongitudeDegrees>
     </Position>
     <AltitudeMeters>35.84</AltitudeMeters>
     <DistanceMeters>36545.51526370195</DistanceMeters>
    </Trackpoint>
    <Trackpoint>
     <Time>2026-04-10T15:23:02+00:00</Time>
     <Position>
      <LatitudeDegrees>43.8834400</LatitudeDegrees>
      <LongitudeDegrees>4.8600100</LongitudeDegrees>
     </Position>
     <AltitudeMeters>35.84</AltitudeMeters>
     <DistanceMeters>36569.5979282347</DistanceMeters>
    </Trackpoint>
    <Trackpoint>
     <Time>2026-04-10T15:23:09+00:00</Time>
     <Position>
      <LatitudeDegrees>43.8834900</LatitudeDegrees>
      <LongitudeDegrees>4.8597800</LongitudeDegrees>
     </Position>
     <AltitudeMeters>36.96</AltitudeMeters>
     <DistanceMeters>36588.868675516016</DistanceMeters>
    </Trackpoint>
    <Trackpoint>
     <Time>2026-04-10T15:23:15+00:00</Time>
     <Position>
      <LatitudeDegrees>43.8835400</LatitudeDegrees>
      <LongitudeDegrees>4.8593100</LongitudeDegrees>
     </Position>
     <AltitudeMeters>36.96</AltitudeMeters>
     <DistanceMeters>36626.978864879464</DistanceMeters>
    </Trackpoint>
    <Trackpoint>
     <Time>2026-04-10T15:23:22+00:00</Time>
     <Position>
      <LatitudeDegrees>43.8835400</LatitudeDegrees>
      <LongitudeDegrees>4.8588400</LongitudeDegrees>
     </Position>
     <AltitudeMeters>38.19</AltitudeMeters>
     <DistanceMeters>36664.680569345735</DistanceMeters>
    </Trackpoint>
    <Trackpoint>
     <Time>2026-04-10T15:23:28+00:00</Time>
     <Position>
      <LatitudeDegrees>43.8838200</LatitudeDegrees>
      <LongitudeDegrees>4.8588400</LongitudeDegrees>
     </Position>
     <AltitudeMeters>38.19</AltitudeMeters>
     <DistanceMeters>36695.84335958878</DistanceMeters>
    </Trackpoint>
    <Trackpoint>
     <Time>2026-04-10T15:23:35+00:00</Time>
     <Position>
      <LatitudeDegrees>43.8842000</LatitudeDegrees>
      <LongitudeDegrees>4.8588000</LongitudeDegrees>
     </Position>
     <AltitudeMeters>35.660000000000004</AltitudeMeters>
     <DistanceMeters>36738.25725908023</DistanceMeters>
    </Trackpoint>
    <Trackpoint>
     <Time>2026-04-10T15:23:41+00:00</Time>
     <Position>
      <LatitudeDegrees>43.8840967</LatitudeDegrees>
      <LongitudeDegrees>4.8578733</LongitudeDegrees>
     </Position>
     <AltitudeMeters>37.88</AltitudeMeters>
     <DistanceMeters>36813.474887122895</DistanceMeters>
    </Trackpoint>
    <Trackpoint>
     <Time>2026-04-10T15:23:48+00:00</Time>
     <Position>
      <LatitudeDegrees>43.8839933</LatitudeDegrees>
      <LongitudeDegrees>4.8569467</LongitudeDegrees>
     </Position>
     <AltitudeMeters>37.88</AltitudeMeters>
     <DistanceMeters>36888.69251516574</DistanceMeters>
    </Trackpoint>
    <Trackpoint>
     <Time>2026-04-10T15:23:54+00:00</Time>
     <Position>
      <LatitudeDegrees>43.8838900</LatitudeDegrees>
      <LongitudeDegrees>4.8560200</LongitudeDegrees>
     </Position>
     <AltitudeMeters>36.88</AltitudeMeters>
     <DistanceMeters>36963.910138924366</DistanceMeters>
    </Trackpoint>
    <Trackpoint>
     <Time>2026-04-10T15:24:01+00:00</Time>
     <Position>
      <LatitudeDegrees>43.8839100</LatitudeDegrees>
      <LongitudeDegrees>4.8556000</LongitudeDegrees>
     </Position>
     <AltitudeMeters>36.50000000000001</AltitudeMeters>
     <DistanceMeters>36997.674272176875</DistanceMeters>
    </Trackpoint>
    <Trackpoint>
     <Time>2026-04-10T15:24:07+00:00</Time>
     <Position>
      <LatitudeDegrees>43.8841800</LatitudeDegrees>
      <LongitudeDegrees>4.8556500</LongitudeDegrees>
     </Position>
     <AltitudeMeters>36.0</AltitudeMeters>
     <DistanceMeters>37027.990586128966</DistanceMeters>
    </Trackpoint>
    <Trackpoint>
     <Time>2026-04-10T15:24:14+00:00</Time>
     <Position>
      <LatitudeDegrees>43.8843800</LatitudeDegrees>
      <LongitudeDegrees>4.8556200</LongitudeDegrees>
     </Position>
     <AltitudeMeters>35.88</AltitudeMeters>
     <DistanceMeters>37050.379426859865</DistanceMeters>
    </Trackpoint>
    <Trackpoint>
     <Time>2026-04-10T15:24:21+00:00</Time>
     <Position>
      <LatitudeDegrees>43.8844700</LatitudeDegrees>
      <LongitudeDegrees>4.8556300</LongitudeDegrees>
     </Position>
     <AltitudeMeters>35.88</AltitudeMeters>
     <DistanceMeters>37060.42810571672</DistanceMeters>
    </Trackpoint>
    <Trackpoint>
     <Time>2026-04-10T15:24:27+00:00</Time>
     <Position>
      <LatitudeDegrees>43.8844900</LatitudeDegrees>
      <LongitudeDegrees>4.8556500</LongitudeDegrees>
     </Position>
     <AltitudeMeters>35.81</AltitudeMeters>
     <DistanceMeters>37063.17191291324</DistanceMeters>
    </Trackpoint>
    <Trackpoint>
     <Time>2026-04-10T15:24:34+00:00</Time>
     <Position>
      <LatitudeDegrees>43.8844900</LatitudeDegrees>
      <LongitudeDegrees>4.8557500</LongitudeDegrees>
     </Position>
     <AltitudeMeters>35.75</AltitudeMeters>
     <DistanceMeters>37071.193424241406</DistanceMeters>
    </Trackpoint>
    <Trackpoint>
     <Time>2026-04-10T15:24:40+00:00</Time>
     <Position>
      <LatitudeDegrees>43.8845300</LatitudeDegrees>
      <LongitudeDegrees>4.8557700</LongitudeDegrees>
     </Position>
     <AltitudeMeters>35.64000000000001</AltitudeMeters>
     <DistanceMeters>37075.92550087322</DistanceMeters>
    </Trackpoint>
    <Trackpoint>
     <Time>2026-04-10T15:24:47+00:00</Time>
     <Position>
      <LatitudeDegrees>43.8849500</LatitudeDegrees>
      <LongitudeDegrees>4.8558100</LongitudeDegrees>
     </Position>
     <AltitudeMeters>35.13</AltitudeMeters>
     <DistanceMeters>37122.77967808359</DistanceMeters>
    </Trackpoint>
    <Trackpoint>
     <Time>2026-04-10T15:24:53+00:00</Time>
     <Position>
      <LatitudeDegrees>43.8851500</LatitudeDegrees>
      <LongitudeDegrees>4.8558100</LongitudeDegrees>
     </Position>
     <AltitudeMeters>35.13</AltitudeMeters>
     <DistanceMeters>37145.0388139717</DistanceMeters>
    </Trackpoint>
    <Trackpoint>
     <Time>2026-04-10T15:25:00+00:00</Time>
     <Position>
      <LatitudeDegrees>43.8853200</LatitudeDegrees>
      <LongitudeDegrees>4.8557500</LongitudeDegrees>
     </Position>
     <AltitudeMeters>32.550000000000004</AltitudeMeters>
     <DistanceMeters>37164.56161959028</DistanceMeters>
    </Trackpoint>
    <Trackpoint>
     <Time>2026-04-10T15:25:06+00:00</Time>
     <Position>
      <LatitudeDegrees>43.8855200</LatitudeDegrees>
      <LongitudeDegrees>4.8556300</LongitudeDegrees>
     </Position>
     <AltitudeMeters>32.550000000000004</AltitudeMeters>
     <DistanceMeters>37188.81285718448</DistanceMeters>
    </Trackpoint>
    <Trackpoint>
     <Time>2026-04-10T15:25:13+00:00</Time>
     <Position>
      <LatitudeDegrees>43.8860900</LatitudeDegrees>
      <LongitudeDegrees>4.8551500</LongitudeDegrees>
     </Position>
     <AltitudeMeters>31.87</AltitudeMeters>
     <DistanceMeters>37263.021233795735</DistanceMeters>
    </Trackpoint>
    <Trackpoint>
     <Time>2026-04-10T15:25:19+00:00</Time>
     <Position>
      <LatitudeDegrees>43.8866000</LatitudeDegrees>
      <LongitudeDegrees>4.8549300</LongitudeDegrees>
     </Position>
     <AltitudeMeters>31.13</AltitudeMeters>
     <DistanceMeters>37322.461932838305</DistanceMeters>
    </Trackpoint>
    <Trackpoint>
     <Time>2026-04-10T15:25:26+00:00</Time>
     <Position>
      <LatitudeDegrees>43.8866700</LatitudeDegrees>
      <LongitudeDegrees>4.8548300</LongitudeDegrees>
     </Position>
     <AltitudeMeters>31.13</AltitudeMeters>
     <DistanceMeters>37333.643836912495</DistanceMeters>
    </Trackpoint>
    <Trackpoint>
     <Time>2026-04-10T15:25:32+00:00</Time>
     <Position>
      <LatitudeDegrees>43.8866900</LatitudeDegrees>
      <LongitudeDegrees>4.8547900</LongitudeDegrees>
     </Position>
     <AltitudeMeters>31.160000000000004</AltitudeMeters>
     <DistanceMeters>37337.54884362042</DistanceMeters>
    </Trackpoint>
    <Trackpoint>
     <Time>2026-04-10T15:25:39+00:00</Time>
     <Position>
      <LatitudeDegrees>43.8867800</LatitudeDegrees>
      <LongitudeDegrees>4.8543600</LongitudeDegrees>
     </Position>
     <AltitudeMeters>31.380000000000006</AltitudeMeters>
     <DistanceMeters>37373.465069673686</DistanceMeters>
    </Trackpoint>
    <Trackpoint>
     <Time>2026-04-10T15:25:46+00:00</Time>
     <Position>
      <LatitudeDegrees>43.8869400</LatitudeDegrees>
      <LongitudeDegrees>4.8537000</LongitudeDegrees>
     </Position>
     <AltitudeMeters>32.0</AltitudeMeters>
     <DistanceMeters>37429.319612163905</DistanceMeters>
    </Trackpoint>
    <Trackpoint>
     <Time>2026-04-10T15:25:52+00:00</Time>
     <Position>
      <LatitudeDegrees>43.8872400</LatitudeDegrees>
      <LongitudeDegrees>4.8527800</LongitudeDegrees>
     </Position>
     <AltitudeMeters>32.190000000000005</AltitudeMeters>
     <DistanceMeters>37510.31628379917</DistanceMeters>
    </Trackpoint>
    <Trackpoint>
     <Time>2026-04-10T15:25:59+00:00</Time>
     <Position>
      <LatitudeDegrees>43.8873000</LatitudeDegrees>
      <LongitudeDegrees>4.8526600</LongitudeDegrees>
     </Position>
     <AltitudeMeters>32.07</AltitudeMeters>
     <DistanceMeters>37522.0312255891</DistanceMeters>
    </Trackpoint>
    <Trackpoint>
     <Time>2026-04-10T15:26:05+00:00</Time>
     <Position>
      <LatitudeDegrees>43.8877200</LatitudeDegrees>
      <LongitudeDegrees>4.8522400</LongitudeDegrees>
     </Position>
     <AltitudeMeters>31.64</AltitudeMeters>
     <DistanceMeters>37579.65017475006</DistanceMeters>
    </Trackpoint>
    <Trackpoint>
     <Time>2026-04-10T15:26:12+00:00</Time>
     <Position>
      <LatitudeDegrees>43.8879000</LatitudeDegrees>
      <LongitudeDegrees>4.8521900</LongitudeDegrees>
     </Position>
     <AltitudeMeters>31.64</AltitudeMeters>
     <DistanceMeters>37600.080895825915</DistanceMeters>
    </Trackpoint>
    <Trackpoint>
     <Time>2026-04-10T15:26:18+00:00</Time>
     <Position>
      <LatitudeDegrees>43.8880400</LatitudeDegrees>
      <LongitudeDegrees>4.8522000</LongitudeDegrees>
     </Position>
     <AltitudeMeters>31.64</AltitudeMeters>
     <DistanceMeters>37615.68292278423</DistanceMeters>
    </Trackpoint>
    <Trackpoint>
     <Time>2026-04-10T15:26:25+00:00</Time>
     <Position>
      <LatitudeDegrees>43.8882800</LatitudeDegrees>
      <LongitudeDegrees>4.8521000</LongitudeDegrees>
     </Position>
     <AltitudeMeters>31.560000000000006</AltitudeMeters>
     <DistanceMeters>37643.57220860748</DistanceMeters>
    </Trackpoint>
    <Trackpoint>
     <Time>2026-04-10T15:26:31+00:00</Time>
     <Position>
      <LatitudeDegrees>43.8884400</LatitudeDegrees>
      <LongitudeDegrees>4.8519700</LongitudeDegrees>
     </Position>
     <AltitudeMeters>31.71</AltitudeMeters>
     <DistanceMeters>37664.20782255799</DistanceMeters>
    </Trackpoint>
    <Trackpoint>
     <Time>2026-04-10T15:26:38+00:00</Time>
     <Position>
      <LatitudeDegrees>43.8890700</LatitudeDegrees>
      <LongitudeDegrees>4.8517600</LongitudeDegrees>
     </Position>
     <AltitudeMeters>32.0</AltitudeMeters>
     <DistanceMeters>37736.31892916235</DistanceMeters>
    </Trackpoint>
    <Trackpoint>
     <Time>2026-04-10T15:26:44+00:00</Time>
     <Position>
      <LatitudeDegrees>43.8898800</LatitudeDegrees>
      <LongitudeDegrees>4.8514500</LongitudeDegrees>
     </Position>
     <AltitudeMeters>32.010000000000005</AltitudeMeters>
     <DistanceMeters>37829.83460139146</DistanceMeters>
    </Trackpoint>
    <Trackpoint>
     <Time>2026-04-10T15:26:51+00:00</Time>
     <Position>
      <LatitudeDegrees>43.8900200</LatitudeDegrees>
      <LongitudeDegrees>4.8513600</LongitudeDegrees>
     </Position>
     <AltitudeMeters>32.010000000000005</AltitudeMeters>
     <DistanceMeters>37847.006947812515</DistanceMeters>
    </Trackpoint>
    <Trackpoint>
     <Time>2026-04-10T15:26:58+00:00</Time>
     <Position>
      <LatitudeDegrees>43.8902000</LatitudeDegrees>
      <LongitudeDegrees>4.8512300</LongitudeDegrees>
     </Position>
     <AltitudeMeters>32.010000000000005</AltitudeMeters>
     <DistanceMeters>37869.59127703157</DistanceMeters>
    </Trackpoint>
    <Trackpoint>
     <Time>2026-04-10T15:27:04+00:00</Time>
     <Position>
      <LatitudeDegrees>43.8903800</LatitudeDegrees>
      <LongitudeDegrees>4.8511400</LongitudeDegrees>
     </Position>
     <AltitudeMeters>32.010000000000005</AltitudeMeters>
     <DistanceMeters>37890.88538439529</DistanceMeters>
    </Trackpoint>
    <Trackpoint>
     <Time>2026-04-10T15:27:11+00:00</Time>
     <Position>
      <LatitudeDegrees>43.8908300</LatitudeDegrees>
      <LongitudeDegrees>4.8510200</LongitudeDegrees>
     </Position>
     <AltitudeMeters>32.150000000000006</AltitudeMeters>
     <DistanceMeters>37941.8848916286</DistanceMeters>
    </Trackpoint>
    <Trackpoint>
     <Time>2026-04-10T15:27:17+00:00</Time>
     <Position>
      <LatitudeDegrees>43.8909800</LatitudeDegrees>
      <LongitudeDegrees>4.8509500</LongitudeDegrees>
     </Position>
     <AltitudeMeters>32.150000000000006</AltitudeMeters>
     <DistanceMeters>37959.498053497235</DistanceMeters>
    </Trackpoint>
    <Trackpoint>
     <Time>2026-04-10T15:27:24+00:00</Time>
     <Position>
      <LatitudeDegrees>43.8914600</LatitudeDegrees>
      <LongitudeDegrees>4.8505700</LongitudeDegrees>
     </Position>
     <AltitudeMeters>29.94</AltitudeMeters>
     <DistanceMeters>38021.00275993338</DistanceMeters>
    </Trackpoint>
    <Trackpoint>
     <Time>2026-04-10T15:27:30+00:00</Time>
     <Position>
      <LatitudeDegrees>43.8918100</LatitudeDegrees>
      <LongitudeDegrees>4.8500900</LongitudeDegrees>
     </Position>
     <AltitudeMeters>29.94</AltitudeMeters>
     <DistanceMeters>38075.77062629051</DistanceMeters>
    </Trackpoint>
    <Trackpoint>
     <Time>2026-04-10T15:27:37+00:00</Time>
     <Position>
      <LatitudeDegrees>43.8919500</LatitudeDegrees>
      <LongitudeDegrees>4.8499900</LongitudeDegrees>
     </Position>
     <AltitudeMeters>29.960000000000004</AltitudeMeters>
     <DistanceMeters>38093.29513922407</DistanceMeters>
    </Trackpoint>
    <Trackpoint>
     <Time>2026-04-10T15:27:43+00:00</Time>
     <Position>
      <LatitudeDegrees>43.8920600</LatitudeDegrees>
      <LongitudeDegrees>4.8499200</LongitudeDegrees>
     </Position>
     <AltitudeMeters>29.960000000000004</AltitudeMeters>
     <DistanceMeters>38106.763633300114</DistanceMeters>
    </Trackpoint>
    <Trackpoint>
     <Time>2026-04-10T15:27:50+00:00</Time>
     <Position>
      <LatitudeDegrees>43.8922600</LatitudeDegrees>
      <LongitudeDegrees>4.8498800</LongitudeDegrees>
     </Position>
     <AltitudeMeters>29.960000000000004</AltitudeMeters>
     <DistanceMeters>38129.25277784691</DistanceMeters>
    </Trackpoint>
    <Trackpoint>
     <Time>2026-04-10T15:27:56+00:00</Time>
     <Position>
      <LatitudeDegrees>43.8927900</LatitudeDegrees>
      <LongitudeDegrees>4.8498400</LongitudeDegrees>
     </Position>
     <AltitudeMeters>30.810000000000002</AltitudeMeters>
     <DistanceMeters>38188.32666661949</DistanceMeters>
    </Trackpoint>
    <Trackpoint>
     <Time>2026-04-10T15:28:03+00:00</Time>
     <Position>
      <LatitudeDegrees>43.8931900</LatitudeDegrees>
      <LongitudeDegrees>4.8498400</LongitudeDegrees>
     </Position>
     <AltitudeMeters>30.810000000000002</AltitudeMeters>
     <DistanceMeters>38232.84493839571</DistanceMeters>
    </Trackpoint>
    <Trackpoint>
     <Time>2026-04-10T15:28:10+00:00</Time>
     <Position>
      <LatitudeDegrees>43.8936800</LatitudeDegrees>
      <LongitudeDegrees>4.8499400</LongitudeDegrees>
     </Position>
     <AltitudeMeters>30.810000000000002</AltitudeMeters>
     <DistanceMeters>38287.96642945092</DistanceMeters>
    </Trackpoint>
    <Trackpoint>
     <Time>2026-04-10T15:28:16+00:00</Time>
     <Position>
      <LatitudeDegrees>43.8939100</LatitudeDegrees>
      <LongitudeDegrees>4.8499500</LongitudeDegrees>
     </Position>
     <AltitudeMeters>30.810000000000002</AltitudeMeters>
     <DistanceMeters>38313.57699700629</DistanceMeters>
    </Trackpoint>
    <Trackpoint>
     <Time>2026-04-10T15:28:23+00:00</Time>
     <Position>
      <LatitudeDegrees>43.8940300</LatitudeDegrees>
      <LongitudeDegrees>4.8499400</LongitudeDegrees>
     </Position>
     <AltitudeMeters>30.810000000000002</AltitudeMeters>
     <DistanceMeters>38326.95653842626</DistanceMeters>
    </Trackpoint>
    <Trackpoint>
     <Time>2026-04-10T15:28:29+00:00</Time>
     <Position>
      <LatitudeDegrees>43.8941200</LatitudeDegrees>
      <LongitudeDegrees>4.8498800</LongitudeDegrees>
     </Position>
     <AltitudeMeters>30.810000000000002</AltitudeMeters>
     <DistanceMeters>38338.06910413097</DistanceMeters>
    </Trackpoint>
    <Trackpoint>
     <Time>2026-04-10T15:28:36+00:00</Time>
     <Position>
      <LatitudeDegrees>43.8945800</LatitudeDegrees>
      <LongitudeDegrees>4.8493900</LongitudeDegrees>
     </Position>
     <AltitudeMeters>30.78</AltitudeMeters>
     <DistanceMeters>38402.60928683718</DistanceMeters>
    </Trackpoint>
    <Trackpoint>
     <Time>2026-04-10T15:28:42+00:00</Time>
     <Position>
      <LatitudeDegrees>43.8951100</LatitudeDegrees>
      <LongitudeDegrees>4.8487450</LongitudeDegrees>
     </Position>
     <AltitudeMeters>30.78</AltitudeMeters>
     <DistanceMeters>38481.06549829714</DistanceMeters>
    </Trackpoint>
    <Trackpoint>
     <Time>2026-04-10T15:28:49+00:00</Time>
     <Position>
      <LatitudeDegrees>43.8956400</LatitudeDegrees>
      <LongitudeDegrees>4.8481000</LongitudeDegrees>
     </Position>
     <AltitudeMeters>30.78</AltitudeMeters>
     <DistanceMeters>38559.52169008542</DistanceMeters>
    </Trackpoint>
    <Trackpoint>
     <Time>2026-04-10T15:28:55+00:00</Time>
     <Position>
      <LatitudeDegrees>43.8957200</LatitudeDegrees>
      <LongitudeDegrees>4.8479700</LongitudeDegrees>
     </Position>
     <AltitudeMeters>30.78</AltitudeMeters>
     <DistanceMeters>38573.232147997296</DistanceMeters>
    </Trackpoint>
    <Trackpoint>
     <Time>2026-04-10T15:29:02+00:00</Time>
     <Position>
      <LatitudeDegrees>43.8961600</LatitudeDegrees>
      <LongitudeDegrees>4.8469000</LongitudeDegrees>
     </Position>
     <AltitudeMeters>31.34</AltitudeMeters>
     <DistanceMeters>38672.03527022119</DistanceMeters>
    </Trackpoint>
    <Trackpoint>
     <Time>2026-04-10T15:29:08+00:00</Time>
     <Position>
      <LatitudeDegrees>43.8964000</LatitudeDegrees>
      <LongitudeDegrees>4.8464500</LongitudeDegrees>
     </Position>
     <AltitudeMeters>31.34</AltitudeMeters>
     <DistanceMeters>38716.93447766996</DistanceMeters>
    </Trackpoint>
    <Trackpoint>
     <Time>2026-04-10T15:29:15+00:00</Time>
     <Position>
      <LatitudeDegrees>43.8965500</LatitudeDegrees>
      <LongitudeDegrees>4.8462100</LongitudeDegrees>
     </Position>
     <AltitudeMeters>31.52</AltitudeMeters>
     <DistanceMeters>38742.41343769585</DistanceMeters>
    </Trackpoint>
    <Trackpoint>
     <Time>2026-04-10T15:29:22+00:00</Time>
     <Position>
      <LatitudeDegrees>43.8971250</LatitudeDegrees>
      <LongitudeDegrees>4.8453650</LongitudeDegrees>
     </Position>
     <AltitudeMeters>29.810000000000002</AltitudeMeters>
     <DistanceMeters>38835.62169831851</DistanceMeters>
    </Trackpoint>
    <Trackpoint>
     <Time>2026-04-10T15:29:28+00:00</Time>
     <Position>
      <LatitudeDegrees>43.8977000</LatitudeDegrees>
      <LongitudeDegrees>4.8445200</LongitudeDegrees>
     </Position>
     <AltitudeMeters>28.330000000000002</AltitudeMeters>
     <DistanceMeters>38928.82997708984</DistanceMeters>
    </Trackpoint>
    <Trackpoint>
     <Time>2026-04-10T15:29:35+00:00</Time>
     <Position>
      <LatitudeDegrees>43.8980000</LatitudeDegrees>
      <LongitudeDegrees>4.8437800</LongitudeDegrees>
     </Position>
     <AltitudeMeters>28.470000000000002</AltitudeMeters>
     <DistanceMeters>38996.92357302007</DistanceMeters>
    </Trackpoint>
    <Trackpoint>
     <Time>2026-04-10T15:29:41+00:00</Time>
     <Position>
      <LatitudeDegrees>43.8981200</LatitudeDegrees>
      <LongitudeDegrees>4.8435700</LongitudeDegrees>
     </Position>
     <AltitudeMeters>28.470000000000002</AltitudeMeters>
     <DistanceMeters>39018.417746375664</DistanceMeters>
    </Trackpoint>
    <Trackpoint>
     <Time>2026-04-10T15:29:48+00:00</Time>
     <Position>
      <LatitudeDegrees>43.8986600</LatitudeDegrees>
      <LongitudeDegrees>4.8430300</LongitudeDegrees>
     </Position>
     <AltitudeMeters>29.77</AltitudeMeters>
     <DistanceMeters>39092.49462650208</DistanceMeters>
    </Trackpoint>
    <Trackpoint>
     <Time>2026-04-10T15:29:54+00:00</Time>
     <Position>
      <LatitudeDegrees>43.8992800</LatitudeDegrees>
      <LongitudeDegrees>4.8422200</LongitudeDegrees>
     </Position>
     <AltitudeMeters>29.490000000000002</AltitudeMeters>
     <DistanceMeters>39187.2630711687</DistanceMeters>
    </Trackpoint>
    <Trackpoint>
     <Time>2026-04-10T15:30:01+00:00</Time>
     <Position>
      <LatitudeDegrees>43.8994400</LatitudeDegrees>
      <LongitudeDegrees>4.8420500</LongitudeDegrees>
     </Position>
     <AltitudeMeters>29.490000000000002</AltitudeMeters>
     <DistanceMeters>39209.689917321004</DistanceMeters>
    </Trackpoint>
    <Trackpoint>
     <Time>2026-04-10T15:30:07+00:00</Time>
     <Position>
      <LatitudeDegrees>43.8999950</LatitudeDegrees>
      <LongitudeDegrees>4.8416800</LongitudeDegrees>
     </Position>
     <AltitudeMeters>28.490000000000002</AltitudeMeters>
     <DistanceMeters>39278.21613367158</DistanceMeters>
    </Trackpoint>
    <Trackpoint>
     <Time>2026-04-10T15:30:14+00:00</Time>
     <Position>
      <LatitudeDegrees>43.9005500</LatitudeDegrees>
      <LongitudeDegrees>4.8413100</LongitudeDegrees>
     </Position>
     <AltitudeMeters>28.490000000000002</AltitudeMeters>
     <DistanceMeters>39346.742339429555</DistanceMeters>
    </Trackpoint>
    <Trackpoint>
     <Time>2026-04-10T15:30:20+00:00</Time>
     <Position>
      <LatitudeDegrees>43.9006800</LatitudeDegrees>
      <LongitudeDegrees>4.8412300</LongitudeDegrees>
     </Position>
     <AltitudeMeters>28.490000000000002</AltitudeMeters>
     <DistanceMeters>39362.56934122151</DistanceMeters>
    </Trackpoint>
    <Trackpoint>
     <Time>2026-04-10T15:30:27+00:00</Time>
     <Position>
      <LatitudeDegrees>43.9009400</LatitudeDegrees>
      <LongitudeDegrees>4.8410000</LongitudeDegrees>
     </Position>
     <AltitudeMeters>28.490000000000002</AltitudeMeters>
     <DistanceMeters>39396.88463656463</DistanceMeters>
    </Trackpoint>
    <Trackpoint>
     <Time>2026-04-10T15:30:34+00:00</Time>
     <Position>
      <LatitudeDegrees>43.9012300</LatitudeDegrees>
      <LongitudeDegrees>4.8406600</LongitudeDegrees>
     </Position>
     <AltitudeMeters>28.080000000000002</AltitudeMeters>
     <DistanceMeters>39439.13547688309</DistanceMeters>
    </Trackpoint>
    <Trackpoint>
     <Time>2026-04-10T15:30:40+00:00</Time>
     <Position>
      <LatitudeDegrees>43.9012900</LatitudeDegrees>
      <LongitudeDegrees>4.8404200</LongitudeDegrees>
     </Position>
     <AltitudeMeters>28.080000000000002</AltitudeMeters>
     <DistanceMeters>39459.50723916957</DistanceMeters>
    </Trackpoint>
    <Trackpoint>
     <Time>2026-04-10T15:30:47+00:00</Time>
     <Position>
      <LatitudeDegrees>43.9013500</LatitudeDegrees>
      <LongitudeDegrees>4.8401300</LongitudeDegrees>
     </Position>
     <AltitudeMeters>28.080000000000002</AltitudeMeters>
     <DistanceMeters>39483.70279478045</DistanceMeters>
    </Trackpoint>
    <Trackpoint>
     <Time>2026-04-10T15:30:53+00:00</Time>
     <Position>
      <LatitudeDegrees>43.9013900</LatitudeDegrees>
      <LongitudeDegrees>4.8401000</LongitudeDegrees>
     </Position>
     <AltitudeMeters>28.080000000000002</AltitudeMeters>
     <DistanceMeters>39488.763081461046</DistanceMeters>
    </Trackpoint>
    <Trackpoint>
     <Time>2026-04-10T15:31:00+00:00</Time>
     <Position>
      <LatitudeDegrees>43.9016100</LatitudeDegrees>
      <LongitudeDegrees>4.8400200</LongitudeDegrees>
     </Position>
     <AltitudeMeters>28.3</AltitudeMeters>
     <DistanceMeters>39514.074634206496</DistanceMeters>
    </Trackpoint>
    <Trackpoint>
     <Time>2026-04-10T15:31:06+00:00</Time>
     <Position>
      <LatitudeDegrees>43.9016600</LatitudeDegrees>
      <LongitudeDegrees>4.8399800</LongitudeDegrees>
     </Position>
     <AltitudeMeters>28.3</AltitudeMeters>
     <DistanceMeters>39520.49772050672</DistanceMeters>
    </Trackpoint>
    <Trackpoint>
     <Time>2026-04-10T15:31:13+00:00</Time>
     <Position>
      <LatitudeDegrees>43.9018300</LatitudeDegrees>
      <LongitudeDegrees>4.8396800</LongitudeDegrees>
     </Position>
     <AltitudeMeters>28.3</AltitudeMeters>
     <DistanceMeters>39551.10397415245</DistanceMeters>
    </Trackpoint>
    <Trackpoint>
     <Time>2026-04-10T15:31:19+00:00</Time>
     <Position>
      <LatitudeDegrees>43.9020100</LatitudeDegrees>
      <LongitudeDegrees>4.8391700</LongitudeDegrees>
     </Position>
     <AltitudeMeters>27.82</AltitudeMeters>
     <DistanceMeters>39596.64466819874</DistanceMeters>
    </Trackpoint>
    <Trackpoint>
     <Time>2026-04-10T15:31:26+00:00</Time>
     <Position>
      <LatitudeDegrees>43.9020400</LatitudeDegrees>
      <LongitudeDegrees>4.8389000</LongitudeDegrees>
     </Position>
     <AltitudeMeters>27.82</AltitudeMeters>
     <DistanceMeters>39618.55230068944</DistanceMeters>
    </Trackpoint>
    <Trackpoint>
     <Time>2026-04-10T15:31:32+00:00</Time>
     <Position>
      <LatitudeDegrees>43.9020100</LatitudeDegrees>
      <LongitudeDegrees>4.8386000</LongitudeDegrees>
     </Position>
     <AltitudeMeters>27.090000000000003</AltitudeMeters>
     <DistanceMeters>39642.840341510666</DistanceMeters>
    </Trackpoint>
    <Trackpoint>
     <Time>2026-04-10T15:31:39+00:00</Time>
     <Position>
      <LatitudeDegrees>43.9018533</LatitudeDegrees>
      <LongitudeDegrees>4.8374367</LongitudeDegrees>
     </Position>
     <AltitudeMeters>26.94</AltitudeMeters>
     <DistanceMeters>39737.74565747289</DistanceMeters>
    </Trackpoint>
    <Trackpoint>
     <Time>2026-04-10T15:31:46+00:00</Time>
     <Position>
      <LatitudeDegrees>43.9016967</LatitudeDegrees>
      <LongitudeDegrees>4.8362733</LongitudeDegrees>
     </Position>
     <AltitudeMeters>27.26</AltitudeMeters>
     <DistanceMeters>39832.650973435535</DistanceMeters>
    </Trackpoint>
    <Trackpoint>
     <Time>2026-04-10T15:31:52+00:00</Time>
     <Position>
      <LatitudeDegrees>43.9015400</LatitudeDegrees>
      <LongitudeDegrees>4.8351100</LongitudeDegrees>
     </Position>
     <AltitudeMeters>26.3</AltitudeMeters>
     <DistanceMeters>39927.55628256286</DistanceMeters>
    </Trackpoint>
    <Trackpoint>
     <Time>2026-04-10T15:31:59+00:00</Time>
     <Position>
      <LatitudeDegrees>43.9015200</LatitudeDegrees>
      <LongitudeDegrees>4.8350200</LongitudeDegrees>
     </Position>
     <AltitudeMeters>26.3</AltitudeMeters>
     <DistanceMeters>39935.10903278466</DistanceMeters>
    </Trackpoint>
    <Trackpoint>
     <Time>2026-04-10T15:32:05+00:00</Time>
     <Position>
      <LatitudeDegrees>43.9014600</LatitudeDegrees>
      <LongitudeDegrees>4.8349800</LongitudeDegrees>
     </Position>
     <AltitudeMeters>26.3</AltitudeMeters>
     <DistanceMeters>39942.51723694172</DistanceMeters>
    </Trackpoint>
    <Trackpoint>
     <Time>2026-04-10T15:32:12+00:00</Time>
     <Position>
      <LatitudeDegrees>43.9012900</LatitudeDegrees>
      <LongitudeDegrees>4.8349800</LongitudeDegrees>
     </Position>
     <AltitudeMeters>26.3</AltitudeMeters>
     <DistanceMeters>39961.43750244634</DistanceMeters>
    </Trackpoint>
    <Trackpoint>
     <Time>2026-04-10T15:32:18+00:00</Time>
     <Position>
      <LatitudeDegrees>43.9012200</LatitudeDegrees>
      <LongitudeDegrees>4.8349500</LongitudeDegrees>
     </Position>
     <AltitudeMeters>26.3</AltitudeMeters>
     <DistanceMeters>39969.59119651164</DistanceMeters>
    </Trackpoint>
    <Trackpoint>
     <Time>2026-04-10T15:32:25+00:00</Time>
     <Position>
      <LatitudeDegrees>43.9011400</LatitudeDegrees>
      <LongitudeDegrees>4.8346600</LongitudeDegrees>
     </Position>
     <AltitudeMeters>26.050000000000004</AltitudeMeters>
     <DistanceMeters>39994.49321036568</DistanceMeters>
    </Trackpoint>
    <Trackpoint>
     <Time>2026-04-10T15:32:31+00:00</Time>
     <Position>
      <LatitudeDegrees>43.9009650</LatitudeDegrees>
      <LongitudeDegrees>4.8338050</LongitudeDegrees>
     </Position>
     <AltitudeMeters>25.640000000000004</AltitudeMeters>
     <DistanceMeters>40065.77080639586</DistanceMeters>
    </Trackpoint>
    <Trackpoint>
     <Time>2026-04-10T15:32:38+00:00</Time>
     <Position>
      <LatitudeDegrees>43.9007900</LatitudeDegrees>
      <LongitudeDegrees>4.8329500</LongitudeDegrees>
     </Position>
     <AltitudeMeters>25.990000000000002</AltitudeMeters>
     <DistanceMeters>40137.048408524664</DistanceMeters>
    </Trackpoint>
    <Trackpoint>
     <Time>2026-04-10T15:32:44+00:00</Time>
     <Position>
      <LatitudeDegrees>43.9012450</LatitudeDegrees>
      <LongitudeDegrees>4.8324950</LongitudeDegrees>
     </Position>
     <AltitudeMeters>27.39</AltitudeMeters>
     <DistanceMeters>40199.4640348582</DistanceMeters>
    </Trackpoint>
    <Trackpoint>
     <Time>2026-04-10T15:32:51+00:00</Time>
     <Position>
      <LatitudeDegrees>43.9017000</LatitudeDegrees>
      <LongitudeDegrees>4.8320400</LongitudeDegrees>
     </Position>
     <AltitudeMeters>27.39</AltitudeMeters>
     <DistanceMeters>40261.8796237592</DistanceMeters>
    </Trackpoint>
    <Trackpoint>
     <Time>2026-04-10T15:32:58+00:00</Time>
     <Position>
      <LatitudeDegrees>43.9021550</LatitudeDegrees>
      <LongitudeDegrees>4.8317100</LongitudeDegrees>
     </Position>
     <AltitudeMeters>27.250000000000004</AltitudeMeters>
     <DistanceMeters>40319.01685568771</DistanceMeters>
    </Trackpoint>
    <Trackpoint>
     <Time>2026-04-10T15:33:04+00:00</Time>
     <Position>
      <LatitudeDegrees>43.9026100</LatitudeDegrees>
      <LongitudeDegrees>4.8313800</LongitudeDegrees>
     </Position>
     <AltitudeMeters>26.29</AltitudeMeters>
     <DistanceMeters>40376.15403059798</DistanceMeters>
    </Trackpoint>
    <Trackpoint>
     <Time>2026-04-10T15:33:11+00:00</Time>
     <Position>
      <LatitudeDegrees>43.9031800</LatitudeDegrees>
      <LongitudeDegrees>4.8308800</LongitudeDegrees>
     </Position>
     <AltitudeMeters>25.66</AltitudeMeters>
     <DistanceMeters>40451.201149884946</DistanceMeters>
    </Trackpoint>
    <Trackpoint>
     <Time>2026-04-10T15:33:17+00:00</Time>
     <Position>
      <LatitudeDegrees>43.9034700</LatitudeDegrees>
      <LongitudeDegrees>4.8306500</LongitudeDegrees>
     </Position>
     <AltitudeMeters>25.45</AltitudeMeters>
     <DistanceMeters>40488.37495476601</DistanceMeters>
    </Trackpoint>
    <Trackpoint>
     <Time>2026-04-10T15:33:24+00:00</Time>
     <Position>
      <LatitudeDegrees>43.9037900</LatitudeDegrees>
      <LongitudeDegrees>4.8303200</LongitudeDegrees>
     </Position>
     <AltitudeMeters>25.890000000000004</AltitudeMeters>
     <DistanceMeters>40532.74458255019</DistanceMeters>
    </Trackpoint>
    <Trackpoint>
     <Time>2026-04-10T15:33:30+00:00</Time>
     <Position>
      <LatitudeDegrees>43.9040100</LatitudeDegrees>
      <LongitudeDegrees>4.8300300</LongitudeDegrees>
     </Position>
     <AltitudeMeters>26.320000000000004</AltitudeMeters>
     <DistanceMeters>40566.51296219167</DistanceMeters>
    </Trackpoint>
    <Trackpoint>
     <Time>2026-04-10T15:33:37+00:00</Time>
     <Position>
      <LatitudeDegrees>43.9043500</LatitudeDegrees>
      <LongitudeDegrees>4.8293600</LongitudeDegrees>
     </Position>
     <AltitudeMeters>26.98</AltitudeMeters>
     <DistanceMeters>40632.227704958015</DistanceMeters>
    </Trackpoint>
    <Trackpoint>
     <Time>2026-04-10T15:33:43+00:00</Time>
     <Position>
      <LatitudeDegrees>43.9046100</LatitudeDegrees>
      <LongitudeDegrees>4.8287600</LongitudeDegrees>
     </Position>
     <AltitudeMeters>26.29</AltitudeMeters>
     <DistanceMeters>40688.37212042851</DistanceMeters>
    </Trackpoint>
    <Trackpoint>
     <Time>2026-04-10T15:33:50+00:00</Time>
     <Position>
      <LatitudeDegrees>43.9049000</LatitudeDegrees>
      <LongitudeDegrees>4.8278800</LongitudeDegrees>
     </Position>
     <AltitudeMeters>24.93</AltitudeMeters>
     <DistanceMeters>40765.96840190447</DistanceMeters>
    </Trackpoint>
    <Trackpoint>
     <Time>2026-04-10T15:33:56+00:00</Time>
     <Position>
      <LatitudeDegrees>43.9050400</LatitudeDegrees>
      <LongitudeDegrees>4.8273200</LongitudeDegrees>
     </Position>
     <AltitudeMeters>24.93</AltitudeMeters>
     <DistanceMeters>40813.49987002363</DistanceMeters>
    </Trackpoint>
    <Trackpoint>
     <Time>2026-04-10T15:34:03+00:00</Time>
     <Position>
      <LatitudeDegrees>43.9052600</LatitudeDegrees>
      <LongitudeDegrees>4.8266000</LongitudeDegrees>
     </Position>
     <AltitudeMeters>25.96</AltitudeMeters>
     <DistanceMeters>40876.212151896274</DistanceMeters>
    </Trackpoint>
    <Trackpoint>
     <Time>2026-04-10T15:34:10+00:00</Time>
     <Position>
      <LatitudeDegrees>43.9054400</LatitudeDegrees>
      <LongitudeDegrees>4.8261300</LongitudeDegrees>
     </Position>
     <AltitudeMeters>25.96</AltitudeMeters>
     <DistanceMeters>40918.893620103416</DistanceMeters>
    </Trackpoint>
    <Trackpoint>
     <Time>2026-04-10T15:34:16+00:00</Time>
     <Position>
      <LatitudeDegrees>43.9056500</LatitudeDegrees>
      <LongitudeDegrees>4.8257400</LongitudeDegrees>
     </Position>
     <AltitudeMeters>25.51</AltitudeMeters>
     <DistanceMeters>40957.93519957875</DistanceMeters>
    </Trackpoint>
    <Trackpoint>
     <Time>2026-04-10T15:34:23+00:00</Time>
     <Position>
      <LatitudeDegrees>43.9060950</LatitudeDegrees>
      <LongitudeDegrees>4.8250550</LongitudeDegrees>
     </Position>
     <AltitudeMeters>25.640000000000004</AltitudeMeters>
     <DistanceMeters>41031.89399121046</DistanceMeters>
    </Trackpoint>
    <Trackpoint>
     <Time>2026-04-10T15:34:29+00:00</Time>
     <Position>
      <LatitudeDegrees>43.9065400</LatitudeDegrees>
      <LongitudeDegrees>4.8243700</LongitudeDegrees>
     </Position>
     <AltitudeMeters>25.640000000000004</AltitudeMeters>
     <DistanceMeters>41105.85279028274</DistanceMeters>
    </Trackpoint>
    <Trackpoint>
     <Time>2026-04-10T15:34:36+00:00</Time>
     <Position>
      <LatitudeDegrees>43.9068700</LatitudeDegrees>
      <LongitudeDegrees>4.8238300</LongitudeDegrees>
     </Position>
     <AltitudeMeters>25.640000000000004</AltitudeMeters>
     <DistanceMeters>41162.63135240197</DistanceMeters>
    </Trackpoint>
    <Trackpoint>
     <Time>2026-04-10T15:34:42+00:00</Time>
     <Position>
      <LatitudeDegrees>43.9072900</LatitudeDegrees>
      <LongitudeDegrees>4.8230700</LongitudeDegrees>
     </Position>
     <AltitudeMeters>25.53</AltitudeMeters>
     <DistanceMeters>41239.43465157784</DistanceMeters>
    </Trackpoint>
    <Trackpoint>
     <Time>2026-04-10T15:34:49+00:00</Time>
     <Position>
      <LatitudeDegrees>43.9073300</LatitudeDegrees>
      <LongitudeDegrees>4.8229700</LongitudeDegrees>
     </Position>
     <AltitudeMeters>25.53</AltitudeMeters>
     <DistanceMeters>41248.60602614596</DistanceMeters>
    </Trackpoint>
    <Trackpoint>
     <Time>2026-04-10T15:34:55+00:00</Time>
     <Position>
      <LatitudeDegrees>43.9073300</LatitudeDegrees>
      <LongitudeDegrees>4.8228600</LongitudeDegrees>
     </Position>
     <AltitudeMeters>25.53</AltitudeMeters>
     <DistanceMeters>41257.426304865156</DistanceMeters>
    </Trackpoint>
    <Trackpoint>
     <Time>2026-04-10T15:35:02+00:00</Time>
     <Position>
      <LatitudeDegrees>43.9072800</LatitudeDegrees>
      <LongitudeDegrees>4.8226800</LongitudeDegrees>
     </Position>
     <AltitudeMeters>25.53</AltitudeMeters>
     <DistanceMeters>41272.89510499667</DistanceMeters>
    </Trackpoint>
    <Trackpoint>
     <Time>2026-04-10T15:35:08+00:00</Time>
     <Position>
      <LatitudeDegrees>43.9071100</LatitudeDegrees>
      <LongitudeDegrees>4.8223200</LongitudeDegrees>
     </Position>
     <AltitudeMeters>25.53</AltitudeMeters>
     <DistanceMeters>41307.409556374565</DistanceMeters>
    </Trackpoint>
    <Trackpoint>
     <Time>2026-04-10T15:35:15+00:00</Time>
     <Position>
      <LatitudeDegrees>43.9071000</LatitudeDegrees>
      <LongitudeDegrees>4.8222500</LongitudeDegrees>
     </Position>
     <AltitudeMeters>25.53</AltitudeMeters>
     <DistanceMeters>41313.131759577205</DistanceMeters>
    </Trackpoint>
    <Trackpoint>
     <Time>2026-04-10T15:35:21+00:00</Time>
     <Position>
      <LatitudeDegrees>43.9071000</LatitudeDegrees>
      <LongitudeDegrees>4.8222000</LongitudeDegrees>
     </Position>
     <AltitudeMeters>25.53</AltitudeMeters>
     <DistanceMeters>41317.140992668385</DistanceMeters>
    </Trackpoint>
    <Trackpoint>
     <Time>2026-04-10T15:35:28+00:00</Time>
     <Position>
      <LatitudeDegrees>43.9071800</LatitudeDegrees>
      <LongitudeDegrees>4.8219900</LongitudeDegrees>
     </Position>
     <AltitudeMeters>25.45</AltitudeMeters>
     <DistanceMeters>41336.18880507376</DistanceMeters>
    </Trackpoint>
    <Trackpoint>
     <Time>2026-04-10T15:35:35+00:00</Time>
     <Position>
      <LatitudeDegrees>43.9073300</LatitudeDegrees>
      <LongitudeDegrees>4.8211300</LongitudeDegrees>
     </Position>
     <AltitudeMeters>25.45</AltitudeMeters>
     <DistanceMeters>41407.13944976687</DistanceMeters>
    </Trackpoint>
    <Trackpoint>
     <Time>2026-04-10T15:35:41+00:00</Time>
     <Position>
      <LatitudeDegrees>43.9073100</LatitudeDegrees>
      <LongitudeDegrees>4.8208300</LongitudeDegrees>
     </Position>
     <AltitudeMeters>25.45</AltitudeMeters>
     <DistanceMeters>41431.29752529313</DistanceMeters>
    </Trackpoint>
    <Trackpoint>
     <Time>2026-04-10T15:35:48+00:00</Time>
     <Position>
      <LatitudeDegrees>43.9072300</LatitudeDegrees>
      <LongitudeDegrees>4.8203600</LongitudeDegrees>
     </Position>
     <AltitudeMeters>25.45</AltitudeMeters>
     <DistanceMeters>41470.02169304946</DistanceMeters>
    </Trackpoint>
    <Trackpoint>
     <Time>2026-04-10T15:35:54+00:00</Time>
     <Position>
      <LatitudeDegrees>43.9071800</LatitudeDegrees>
      <LongitudeDegrees>4.8199000</LongitudeDegrees>
     </Position>
     <AltitudeMeters>25.45</AltitudeMeters>
     <DistanceMeters>41507.32398717627</DistanceMeters>
    </Trackpoint>
    <Trackpoint>
     <Time>2026-04-10T15:36:01+00:00</Time>
     <Position>
      <LatitudeDegrees>43.9071250</LatitudeDegrees>
      <LongitudeDegrees>4.8190850</LongitudeDegrees>
     </Position>
     <AltitudeMeters>25.45</AltitudeMeters>
     <DistanceMeters>41572.96054295896</DistanceMeters>
    </Trackpoint>
    <Trackpoint>
     <Time>2026-04-10T15:36:07+00:00</Time>
     <Position>
      <LatitudeDegrees>43.9070700</LatitudeDegrees>
      <LongitudeDegrees>4.8182700</LongitudeDegrees>
     </Position>
     <AltitudeMeters>25.45</AltitudeMeters>
     <DistanceMeters>41638.59704664545</DistanceMeters>
    </Trackpoint>
    <Trackpoint>
     <Time>2026-04-10T15:36:14+00:00</Time>
     <Position>
      <LatitudeDegrees>43.9070700</LatitudeDegrees>
      <LongitudeDegrees>4.8177700</LongitudeDegrees>
     </Position>
     <AltitudeMeters>24.360000000000003</AltitudeMeters>
     <DistanceMeters>41678.6893977637</DistanceMeters>
    </Trackpoint>
    <Trackpoint>
     <Time>2026-04-10T15:36:20+00:00</Time>
     <Position>
      <LatitudeDegrees>43.9071300</LatitudeDegrees>
      <LongitudeDegrees>4.8165500</LongitudeDegrees>
     </Position>
     <AltitudeMeters>24.360000000000003</AltitudeMeters>
     <DistanceMeters>41776.74233796206</DistanceMeters>
    </Trackpoint>
    <Trackpoint>
     <Time>2026-04-10T15:36:27+00:00</Time>
     <Position>
      <LatitudeDegrees>43.9071300</LatitudeDegrees>
      <LongitudeDegrees>4.8158000</LongitudeDegrees>
     </Position>
     <AltitudeMeters>24.360000000000003</AltitudeMeters>
     <DistanceMeters>41836.880804020424</DistanceMeters>
    </Trackpoint>
    <Trackpoint>
     <Time>2026-04-10T15:36:33+00:00</Time>
     <Position>
      <LatitudeDegrees>43.9070900</LatitudeDegrees>
      <LongitudeDegrees>4.8156200</LongitudeDegrees>
     </Position>
     <AltitudeMeters>24.360000000000003</AltitudeMeters>
     <DistanceMeters>41851.98501161165</DistanceMeters>
    </Trackpoint>
    <Trackpoint>
     <Time>2026-04-10T15:36:40+00:00</Time>
     <Position>
      <LatitudeDegrees>43.9068600</LatitudeDegrees>
      <LongitudeDegrees>4.8150800</LongitudeDegrees>
     </Position>
     <AltitudeMeters>24.360000000000003</AltitudeMeters>
     <DistanceMeters>41902.28542239579</DistanceMeters>
    </Trackpoint>
    <Trackpoint>
     <Time>2026-04-10T15:36:47+00:00</Time>
     <Position>
      <LatitudeDegrees>43.9067300</LatitudeDegrees>
      <LongitudeDegrees>4.8145900</LongitudeDegrees>
     </Position>
     <AltitudeMeters>24.360000000000003</AltitudeMeters>
     <DistanceMeters>41944.155383988495</DistanceMeters>
    </Trackpoint>
    <Trackpoint>
     <Time>2026-04-10T15:36:53+00:00</Time>
     <Position>
      <LatitudeDegrees>43.9066800</LatitudeDegrees>
      <LongitudeDegrees>4.8145100</LongitudeDegrees>
     </Position>
     <AltitudeMeters>24.360000000000003</AltitudeMeters>
     <DistanceMeters>41952.64753793988</DistanceMeters>
    </Trackpoint>
    <Trackpoint>
     <Time>2026-04-10T15:37:00+00:00</Time>
     <Position>
      <LatitudeDegrees>43.9066000</LatitudeDegrees>
      <LongitudeDegrees>4.8144200</LongitudeDegrees>
     </Position>
     <AltitudeMeters>24.3</AltitudeMeters>
     <DistanceMeters>41964.108579068</DistanceMeters>
    </Trackpoint>
    <Trackpoint>
     <Time>2026-04-10T15:37:06+00:00</Time>
     <Position>
      <LatitudeDegrees>43.9064900</LatitudeDegrees>
      <LongitudeDegrees>4.8141000</LongitudeDegrees>
     </Position>
     <AltitudeMeters>24.19</AltitudeMeters>
     <DistanceMeters>41992.53885660181</DistanceMeters>
    </Trackpoint>
    <Trackpoint>
     <Time>2026-04-10T15:37:13+00:00</Time>
     <Position>
      <LatitudeDegrees>43.9069500</LatitudeDegrees>
      <LongitudeDegrees>4.8136600</LongitudeDegrees>
     </Position>
     <AltitudeMeters>24.19</AltitudeMeters>
     <DistanceMeters>42054.714529333905</DistanceMeters>
    </Trackpoint>
    <Trackpoint>
     <Time>2026-04-10T15:37:19+00:00</Time>
     <Position>
      <LatitudeDegrees>43.9073200</LatitudeDegrees>
      <LongitudeDegrees>4.8132400</LongitudeDegrees>
     </Position>
     <AltitudeMeters>24.19</AltitudeMeters>
     <DistanceMeters>42107.9115186839</DistanceMeters>
    </Trackpoint>
    <Trackpoint>
     <Time>2026-04-10T15:37:26+00:00</Time>
     <Position>
      <LatitudeDegrees>43.9077900</LatitudeDegrees>
      <LongitudeDegrees>4.8125733</LongitudeDegrees>
     </Position>
     <AltitudeMeters>22.71</AltitudeMeters>
     <DistanceMeters>42182.70276666885</DistanceMeters>
    </Trackpoint>
    <Trackpoint>
     <Time>2026-04-10T15:37:32+00:00</Time>
     <Position>
      <LatitudeDegrees>43.9082600</LatitudeDegrees>
      <LongitudeDegrees>4.8119067</LongitudeDegrees>
     </Position>
     <AltitudeMeters>22.71</AltitudeMeters>
     <DistanceMeters>42257.49401465359</DistanceMeters>
    </Trackpoint>
    <Trackpoint>
     <Time>2026-04-10T15:37:39+00:00</Time>
     <Position>
      <LatitudeDegrees>43.9087300</LatitudeDegrees>
      <LongitudeDegrees>4.8112400</LongitudeDegrees>
     </Position>
     <AltitudeMeters>22.71</AltitudeMeters>
     <DistanceMeters>42332.28525846043</DistanceMeters>
    </Trackpoint>
    <Trackpoint>
     <Time>2026-04-10T15:37:45+00:00</Time>
     <Position>
      <LatitudeDegrees>43.9089200</LatitudeDegrees>
      <LongitudeDegrees>4.8109100</LongitudeDegrees>
     </Position>
     <AltitudeMeters>22.860000000000003</AltitudeMeters>
     <DistanceMeters>42366.157098817544</DistanceMeters>
    </Trackpoint>
    <Trackpoint>
     <Time>2026-04-10T15:37:52+00:00</Time>
     <Position>
      <LatitudeDegrees>43.9094950</LatitudeDegrees>
      <LongitudeDegrees>4.8101000</LongitudeDegrees>
     </Position>
     <AltitudeMeters>23.4</AltitudeMeters>
     <DistanceMeters>42457.33533917502</DistanceMeters>
    </Trackpoint>
    <Trackpoint>
     <Time>2026-04-10T15:37:59+00:00</Time>
     <Position>
      <LatitudeDegrees>43.9100700</LatitudeDegrees>
      <LongitudeDegrees>4.8092900</LongitudeDegrees>
     </Position>
     <AltitudeMeters>23.67</AltitudeMeters>
     <DistanceMeters>42548.51356291487</DistanceMeters>
    </Trackpoint>
    <Trackpoint>
     <Time>2026-04-10T15:38:05+00:00</Time>
     <Position>
      <LatitudeDegrees>43.9105100</LatitudeDegrees>
      <LongitudeDegrees>4.8086300</LongitudeDegrees>
     </Position>
     <AltitudeMeters>23.67</AltitudeMeters>
     <DistanceMeters>42620.61402093356</DistanceMeters>
    </Trackpoint>
    <Trackpoint>
     <Time>2026-04-10T15:38:12+00:00</Time>
     <Position>
      <LatitudeDegrees>43.9109500</LatitudeDegrees>
      <LongitudeDegrees>4.8079700</LongitudeDegrees>
     </Position>
     <AltitudeMeters>24.07</AltitudeMeters>
     <DistanceMeters>42692.7144608617</DistanceMeters>
    </Trackpoint>
    <Trackpoint>
     <Time>2026-04-10T15:38:18+00:00</Time>
     <Position>
      <LatitudeDegrees>43.9110100</LatitudeDegrees>
      <LongitudeDegrees>4.8079600</LongitudeDegrees>
     </Position>
     <AltitudeMeters>24.07</AltitudeMeters>
     <DistanceMeters>42699.44016498239</DistanceMeters>
    </Trackpoint>
    <Trackpoint>
     <Time>2026-04-10T15:38:25+00:00</Time>
     <Position>
      <LatitudeDegrees>43.9114500</LatitudeDegrees>
      <LongitudeDegrees>4.8072900</LongitudeDegrees>
     </Position>
     <AltitudeMeters>25.27</AltitudeMeters>
     <DistanceMeters>42772.13066322611</DistanceMeters>
    </Trackpoint>
    <Trackpoint>
     <Time>2026-04-10T15:38:31+00:00</Time>
     <Position>
      <LatitudeDegrees>43.9115900</LatitudeDegrees>
      <LongitudeDegrees>4.8071600</LongitudeDegrees>
     </Position>
     <AltitudeMeters>25.27</AltitudeMeters>
     <DistanceMeters>42790.87695988994</DistanceMeters>
    </Trackpoint>
    <Trackpoint>
     <Time>2026-04-10T15:38:38+00:00</Time>
     <Position>
      <LatitudeDegrees>43.9115800</LatitudeDegrees>
      <LongitudeDegrees>4.8071700</LongitudeDegrees>
     </Position>
     <AltitudeMeters>25.27</AltitudeMeters>
     <DistanceMeters>42790.87695988994</DistanceMeters>
    </Trackpoint>
    <Trackpoint>
     <Time>2026-04-10T15:38:44+00:00</Time>
     <Position>
      <LatitudeDegrees>43.9118200</LatitudeDegrees>
      <LongitudeDegrees>4.8071300</LongitudeDegrees>
     </Position>
     <AltitudeMeters>25.35</AltitudeMeters>
     <DistanceMeters>42817.77977174892</DistanceMeters>
    </Trackpoint>
    <Trackpoint>
     <Time>2026-04-10T15:38:51+00:00</Time>
     <Position>
      <LatitudeDegrees>43.9121200</LatitudeDegrees>
      <LongitudeDegrees>4.8071900</LongitudeDegrees>
     </Position>
     <AltitudeMeters>24.28</AltitudeMeters>
     <DistanceMeters>42851.51326021443</DistanceMeters>
    </Trackpoint>
    <Trackpoint>
     <Time>2026-04-10T15:38:57+00:00</Time>
     <Position>
      <LatitudeDegrees>43.9125400</LatitudeDegrees>
      <LongitudeDegrees>4.8074100</LongitudeDegrees>
     </Position>
     <AltitudeMeters>24.28</AltitudeMeters>
     <DistanceMeters>42901.474803948935</DistanceMeters>
    </Trackpoint>
    <Trackpoint>
     <Time>2026-04-10T15:39:04+00:00</Time>
     <Position>
      <LatitudeDegrees>43.9125700</LatitudeDegrees>
      <LongitudeDegrees>4.8073500</LongitudeDegrees>
     </Position>
     <AltitudeMeters>24.28</AltitudeMeters>
     <DistanceMeters>42907.3305960348</DistanceMeters>
    </Trackpoint>
    <Trackpoint>
     <Time>2026-04-10T15:39:11+00:00</Time>
     <Position>
      <LatitudeDegrees>43.9128900</LatitudeDegrees>
      <LongitudeDegrees>4.8075100</LongitudeDegrees>
     </Position>
     <AltitudeMeters>24.110000000000003</AltitudeMeters>
     <DistanceMeters>42945.18514774915</DistanceMeters>
    </Trackpoint>
    <Trackpoint>
     <Time>2026-04-10T15:39:17+00:00</Time>
     <Position>
      <LatitudeDegrees>43.9136340</LatitudeDegrees>
      <LongitudeDegrees>4.8078580</LongitudeDegrees>
     </Position>
     <AltitudeMeters>24.110000000000003</AltitudeMeters>
     <DistanceMeters>43032.56333365557</DistanceMeters>
    </Trackpoint>
    <Trackpoint>
     <Time>2026-04-10T15:39:24+00:00</Time>
     <Position>
      <LatitudeDegrees>43.9143780</LatitudeDegrees>
      <LongitudeDegrees>4.8082060</LongitudeDegrees>
     </Position>
     <AltitudeMeters>24.110000000000003</AltitudeMeters>
     <DistanceMeters>43119.94151955953</DistanceMeters>
    </Trackpoint>
    <Trackpoint>
     <Time>2026-04-10T15:39:30+00:00</Time>
     <Position>
      <LatitudeDegrees>43.9151220</LatitudeDegrees>
      <LongitudeDegrees>4.8085540</LongitudeDegrees>
     </Position>
     <AltitudeMeters>23.76</AltitudeMeters>
     <DistanceMeters>43207.31970546603</DistanceMeters>
    </Trackpoint>
    <Trackpoint>
     <Time>2026-04-10T15:39:37+00:00</Time>
     <Position>
      <LatitudeDegrees>43.9158660</LatitudeDegrees>
      <LongitudeDegrees>4.8089020</LongitudeDegrees>
     </Position>
     <AltitudeMeters>23.76</AltitudeMeters>
     <DistanceMeters>43294.697891370946</DistanceMeters>
    </Trackpoint>
    <Trackpoint>
     <Time>2026-04-10T15:39:43+00:00</Time>
     <Position>
      <LatitudeDegrees>43.9166100</LatitudeDegrees>
      <LongitudeDegrees>4.8092500</LongitudeDegrees>
     </Position>
     <AltitudeMeters>24.110000000000003</AltitudeMeters>
     <DistanceMeters>43382.07608742518</DistanceMeters>
    </Trackpoint>
    <Trackpoint>
     <Time>2026-04-10T15:39:50+00:00</Time>
     <Position>
      <LatitudeDegrees>43.9166200</LatitudeDegrees>
      <LongitudeDegrees>4.8091900</LongitudeDegrees>
     </Position>
     <AltitudeMeters>24.12</AltitudeMeters>
     <DistanceMeters>43387.01347142816</DistanceMeters>
    </Trackpoint>
    <Trackpoint>
     <Time>2026-04-10T15:39:56+00:00</Time>
     <Position>
      <LatitudeDegrees>43.9168000</LatitudeDegrees>
      <LongitudeDegrees>4.8092400</LongitudeDegrees>
     </Position>
     <AltitudeMeters>24.55</AltitudeMeters>
     <DistanceMeters>43407.44381052168</DistanceMeters>
    </Trackpoint>
    <Trackpoint>
     <Time>2026-04-10T15:40:03+00:00</Time>
     <Position>
      <LatitudeDegrees>43.9168300</LatitudeDegrees>
      <LongitudeDegrees>4.8092300</LongitudeDegrees>
     </Position>
     <AltitudeMeters>24.55</AltitudeMeters>
     <DistanceMeters>43410.87758447472</DistanceMeters>
    </Trackpoint>
    <Trackpoint>
     <Time>2026-04-10T15:40:09+00:00</Time>
     <Position>
      <LatitudeDegrees>43.9168400</LatitudeDegrees>
      <LongitudeDegrees>4.8091800</LongitudeDegrees>
     </Position>
     <AltitudeMeters>24.55</AltitudeMeters>
     <DistanceMeters>43415.0377966201</DistanceMeters>
    </Trackpoint>
    <Trackpoint>
     <Time>2026-04-10T15:40:16+00:00</Time>
     <Position>
      <LatitudeDegrees>43.9168400</LatitudeDegrees>
      <LongitudeDegrees>4.8091700</LongitudeDegrees>
     </Position>
     <AltitudeMeters>24.55</AltitudeMeters>
     <DistanceMeters>43415.0377966201</DistanceMeters>
    </Trackpoint>
    <Trackpoint>
     <Time>2026-04-10T15:40:23+00:00</Time>
     <Position>
      <LatitudeDegrees>43.9167700</LatitudeDegrees>
      <LongitudeDegrees>4.8091300</LongitudeDegrees>
     </Position>
     <AltitudeMeters>24.62</AltitudeMeters>
     <DistanceMeters>43423.46269673204</DistanceMeters>
    </Trackpoint>
    <Trackpoint>
     <Time>2026-04-10T15:40:29+00:00</Time>
     <Position>
      <LatitudeDegrees>43.9166900</LatitudeDegrees>
      <LongitudeDegrees>4.8090500</LongitudeDegrees>
     </Position>
     <AltitudeMeters>24.62</AltitudeMeters>
     <DistanceMeters>43434.435893999536</DistanceMeters>
    </Trackpoint>
    <Trackpoint>
     <Time>2026-04-10T15:40:36+00:00</Time>
     <Position>
      <LatitudeDegrees>43.9165700</LatitudeDegrees>
      <LongitudeDegrees>4.8082800</LongitudeDegrees>
     </Position>
     <AltitudeMeters>23.500000000000004</AltitudeMeters>
     <DistanceMeters>43497.596373758606</DistanceMeters>
    </Trackpoint>
    <Trackpoint>
     <Time>2026-04-10T15:40:42+00:00</Time>
     <Position>
      <LatitudeDegrees>43.9165400</LatitudeDegrees>
      <LongitudeDegrees>4.8082300</LongitudeDegrees>
     </Position>
     <AltitudeMeters>23.500000000000004</AltitudeMeters>
     <DistanceMeters>43502.81335554184</DistanceMeters>
    </Trackpoint>
    <Trackpoint>
     <Time>2026-04-10T15:40:49+00:00</Time>
     <Position>
      <LatitudeDegrees>43.9163300</LatitudeDegrees>
      <LongitudeDegrees>4.8093800</LongitudeDegrees>
     </Position>
     <AltitudeMeters>23.790000000000003</AltitudeMeters>
     <DistanceMeters>43597.927535395174</DistanceMeters>
    </Trackpoint>
    <Trackpoint>
     <Time>2026-04-10T15:40:55+00:00</Time>
     <Position>
      <LatitudeDegrees>43.9163000</LatitudeDegrees>
      <LongitudeDegrees>4.8097300</LongitudeDegrees>
     </Position>
     <AltitudeMeters>23.790000000000003</AltitudeMeters>
     <DistanceMeters>43626.18576849696</DistanceMeters>
    </Trackpoint>
    <Trackpoint>
     <Time>2026-04-10T15:41:02+00:00</Time>
     <Position>
      <LatitudeDegrees>43.9161355</LatitudeDegrees>
      <LongitudeDegrees>4.8108891</LongitudeDegrees>
     </Position>
     <AltitudeMeters>23.790000000000003</AltitudeMeters>
     <DistanceMeters>43720.90141282486</DistanceMeters>
    </Trackpoint>
    <Trackpoint>
     <Time>2026-04-10T15:41:08+00:00</Time>
     <Position>
      <LatitudeDegrees>43.9159710</LatitudeDegrees>
      <LongitudeDegrees>4.8120482</LongitudeDegrees>
     </Position>
     <AltitudeMeters>23.790000000000003</AltitudeMeters>
     <DistanceMeters>43815.617057152434</DistanceMeters>
    </Trackpoint>
    <Trackpoint>
     <Time>2026-04-10T15:41:15+00:00</Time>
     <Position>
      <LatitudeDegrees>43.9158065</LatitudeDegrees>
      <LongitudeDegrees>4.8132073</LongitudeDegrees>
     </Position>
     <AltitudeMeters>23.790000000000003</AltitudeMeters>
     <DistanceMeters>43910.332701480416</DistanceMeters>
    </Trackpoint>
    <Trackpoint>
     <Time>2026-04-10T15:41:21+00:00</Time>
     <Position>
      <LatitudeDegrees>43.9156420</LatitudeDegrees>
      <LongitudeDegrees>4.8143665</LongitudeDegrees>
     </Position>
     <AltitudeMeters>23.790000000000003</AltitudeMeters>
     <DistanceMeters>44005.048345808165</DistanceMeters>
    </Trackpoint>
    <Trackpoint>
     <Time>2026-04-10T15:41:28+00:00</Time>
     <Position>
      <LatitudeDegrees>43.9154774</LatitudeDegrees>
      <LongitudeDegrees>4.8155256</LongitudeDegrees>
     </Position>
     <AltitudeMeters>24.28</AltitudeMeters>
     <DistanceMeters>44099.76399013591</DistanceMeters>
    </Trackpoint>
    <Trackpoint>
     <Time>2026-04-10T15:41:35+00:00</Time>
     <Position>
      <LatitudeDegrees>43.9153129</LatitudeDegrees>
      <LongitudeDegrees>4.8166846</LongitudeDegrees>
     </Position>
     <AltitudeMeters>24.28</AltitudeMeters>
     <DistanceMeters>44194.47963446368</DistanceMeters>
    </Trackpoint>
    <Trackpoint>
     <Time>2026-04-10T15:41:41+00:00</Time>
     <Position>
      <LatitudeDegrees>43.9151483</LatitudeDegrees>
      <LongitudeDegrees>4.8178437</LongitudeDegrees>
     </Position>
     <AltitudeMeters>24.28</AltitudeMeters>
     <DistanceMeters>44289.19527879138</DistanceMeters>
    </Trackpoint>
    <Trackpoint>
     <Time>2026-04-10T15:41:48+00:00</Time>
     <Position>
      <LatitudeDegrees>43.9149838</LatitudeDegrees>
      <LongitudeDegrees>4.8190028</LongitudeDegrees>
     </Position>
     <AltitudeMeters>24.28</AltitudeMeters>
     <DistanceMeters>44383.91092311937</DistanceMeters>
    </Trackpoint>
    <Trackpoint>
     <Time>2026-04-10T15:41:54+00:00</Time>
     <Position>
      <LatitudeDegrees>43.9148192</LatitudeDegrees>
      <LongitudeDegrees>4.8201619</LongitudeDegrees>
     </Position>
     <AltitudeMeters>24.28</AltitudeMeters>
     <DistanceMeters>44478.62656744701</DistanceMeters>
    </Trackpoint>
    <Trackpoint>
     <Time>2026-04-10T15:42:01+00:00</Time>
     <Position>
      <LatitudeDegrees>43.9146546</LatitudeDegrees>
      <LongitudeDegrees>4.8213209</LongitudeDegrees>
     </Position>
     <AltitudeMeters>24.28</AltitudeMeters>
     <DistanceMeters>44573.342211774805</DistanceMeters>
    </Trackpoint>
    <Trackpoint>
     <Time>2026-04-10T15:42:07+00:00</Time>
     <Position>
      <LatitudeDegrees>43.9144900</LatitudeDegrees>
      <LongitudeDegrees>4.8224800</LongitudeDegrees>
     </Position>
     <AltitudeMeters>24.28</AltitudeMeters>
     <DistanceMeters>44668.05785488822</DistanceMeters>
    </Trackpoint>
    <Trackpoint>
     <Time>2026-04-10T15:42:14+00:00</Time>
     <Position>
      <LatitudeDegrees>43.9144600</LatitudeDegrees>
      <LongitudeDegrees>4.8230500</LongitudeDegrees>
     </Position>
     <AltitudeMeters>24.28</AltitudeMeters>
     <DistanceMeters>44713.87925763969</DistanceMeters>
    </Trackpoint>
    <Trackpoint>
     <Time>2026-04-10T15:42:20+00:00</Time>
     <Position>
      <LatitudeDegrees>43.9144800</LatitudeDegrees>
      <LongitudeDegrees>4.8234300</LongitudeDegrees>
     </Position>
     <AltitudeMeters>24.28</AltitudeMeters>
     <DistanceMeters>44744.42686202702</DistanceMeters>
    </Trackpoint>
    <Trackpoint>
     <Time>2026-04-10T15:42:27+00:00</Time>
     <Position>
      <LatitudeDegrees>43.9145800</LatitudeDegrees>
      <LongitudeDegrees>4.8242800</LongitudeDegrees>
     </Position>
     <AltitudeMeters>22.69</AltitudeMeters>
     <DistanceMeters>44813.478040177855</DistanceMeters>
    </Trackpoint>
    <Trackpoint>
     <Time>2026-04-10T15:42:33+00:00</Time>
     <Position>
      <LatitudeDegrees>43.9146800</LatitudeDegrees>
      <LongitudeDegrees>4.8251300</LongitudeDegrees>
     </Position>
     <AltitudeMeters>22.69</AltitudeMeters>
     <DistanceMeters>44882.52921832852</DistanceMeters>
    </Trackpoint>
    <Trackpoint>
     <Time>2026-04-10T15:42:40+00:00</Time>
     <Position>
      <LatitudeDegrees>43.9147800</LatitudeDegrees>
      <LongitudeDegrees>4.8259800</LongitudeDegrees>
     </Position>
     <AltitudeMeters>22.69</AltitudeMeters>
     <DistanceMeters>44951.580359792104</DistanceMeters>
    </Trackpoint>
    <Trackpoint>
     <Time>2026-04-10T15:42:47+00:00</Time>
     <Position>
      <LatitudeDegrees>43.9149200</LatitudeDegrees>
      <LongitudeDegrees>4.8265600</LongitudeDegrees>
     </Position>
     <AltitudeMeters>22.69</AltitudeMeters>
     <DistanceMeters>45000.622457662634</DistanceMeters>
    </Trackpoint>
    <Trackpoint>
     <Time>2026-04-10T15:42:53+00:00</Time>
     <Position>
      <LatitudeDegrees>43.9149700</LatitudeDegrees>
      <LongitudeDegrees>4.8265500</LongitudeDegrees>
     </Position>
     <AltitudeMeters>24.23</AltitudeMeters>
     <DistanceMeters>45006.2447000248</DistanceMeters>
    </Trackpoint>
    <Trackpoint>
     <Time>2026-04-10T15:43:00+00:00</Time>
     <Position>
      <LatitudeDegrees>43.9153000</LatitudeDegrees>
      <LongitudeDegrees>4.8263800</LongitudeDegrees>
     </Position>
     <AltitudeMeters>24.43</AltitudeMeters>
     <DistanceMeters>45045.4196844427</DistanceMeters>
    </Trackpoint>
    <Trackpoint>
     <Time>2026-04-10T15:43:06+00:00</Time>
     <Position>
      <LatitudeDegrees>43.9154900</LatitudeDegrees>
      <LongitudeDegrees>4.8263300</LongitudeDegrees>
     </Position>
     <AltitudeMeters>24.43</AltitudeMeters>
     <DistanceMeters>45066.94247144334</DistanceMeters>
    </Trackpoint>
    <Trackpoint>
     <Time>2026-04-10T15:43:13+00:00</Time>
     <Position>
      <LatitudeDegrees>43.9156300</LatitudeDegrees>
      <LongitudeDegrees>4.8263600</LongitudeDegrees>
     </Position>
     <AltitudeMeters>24.43</AltitudeMeters>
     <DistanceMeters>45082.708411029584</DistanceMeters>
    </Trackpoint>
    <Trackpoint>
     <Time>2026-04-10T15:43:19+00:00</Time>
     <Position>
      <LatitudeDegrees>43.9158100</LatitudeDegrees>
      <LongitudeDegrees>4.8264400</LongitudeDegrees>
     </Position>
     <AltitudeMeters>24.43</AltitudeMeters>
     <DistanceMeters>45103.743319860594</DistanceMeters>
    </Trackpoint>
    <Trackpoint>
     <Time>2026-04-10T15:43:26+00:00</Time>
     <Position>
      <LatitudeDegrees>43.9164000</LatitudeDegrees>
      <LongitudeDegrees>4.8269500</LongitudeDegrees>
     </Position>
     <AltitudeMeters>25.09</AltitudeMeters>
     <DistanceMeters>45181.09736223032</DistanceMeters>
    </Trackpoint>
    <Trackpoint>
     <Time>2026-04-10T15:43:32+00:00</Time>
     <Position>
      <LatitudeDegrees>43.9165200</LatitudeDegrees>
      <LongitudeDegrees>4.8271000</LongitudeDegrees>
     </Position>
     <AltitudeMeters>25.09</AltitudeMeters>
     <DistanceMeters>45199.06925529144</DistanceMeters>
    </Trackpoint>
    <Trackpoint>
     <Time>2026-04-10T15:43:39+00:00</Time>
     <Position>
      <LatitudeDegrees>43.9166000</LatitudeDegrees>
      <LongitudeDegrees>4.8273100</LongitudeDegrees>
     </Position>
     <AltitudeMeters>25.09</AltitudeMeters>
     <DistanceMeters>45218.11471176965</DistanceMeters>
    </Trackpoint>
    <Trackpoint>
     <Time>2026-04-10T15:43:45+00:00</Time>
     <Position>
      <LatitudeDegrees>43.9168100</LatitudeDegrees>
      <LongitudeDegrees>4.8284700</LongitudeDegrees>
     </Position>
     <AltitudeMeters>25.09</AltitudeMeters>
     <DistanceMeters>45314.00582415204</DistanceMeters>
    </Trackpoint>
    <Trackpoint>
     <Time>2026-04-10T15:43:52+00:00</Time>
     <Position>
      <LatitudeDegrees>43.9164600</LatitudeDegrees>
      <LongitudeDegrees>4.8286800</LongitudeDegrees>
     </Position>
     <AltitudeMeters>25.09</AltitudeMeters>
     <DistanceMeters>45356.441986198275</DistanceMeters>
    </Trackpoint>
    <Trackpoint>
     <Time>2026-04-10T15:43:59+00:00</Time>
     <Position>
      <LatitudeDegrees>43.9163300</LatitudeDegrees>
      <LongitudeDegrees>4.8287800</LongitudeDegrees>
     </Position>
     <AltitudeMeters>25.09</AltitudeMeters>
     <DistanceMeters>45372.9831901223</DistanceMeters>
    </Trackpoint>
    <Trackpoint>
     <Time>2026-04-10T15:44:05+00:00</Time>
     <Position>
      <LatitudeDegrees>43.9162600</LatitudeDegrees>
      <LongitudeDegrees>4.8288800</LongitudeDegrees>
     </Position>
     <AltitudeMeters>25.09</AltitudeMeters>
     <DistanceMeters>45384.162228728164</DistanceMeters>
    </Trackpoint>
    <Trackpoint>
     <Time>2026-04-10T15:44:12+00:00</Time>
     <Position>
      <LatitudeDegrees>43.9162100</LatitudeDegrees>
      <LongitudeDegrees>4.8290500</LongitudeDegrees>
     </Position>
     <AltitudeMeters>25.09</AltitudeMeters>
     <DistanceMeters>45398.88379961315</DistanceMeters>
    </Trackpoint>
    <Trackpoint>
     <Time>2026-04-10T15:44:18+00:00</Time>
     <Position>
      <LatitudeDegrees>43.9161900</LatitudeDegrees>
      <LongitudeDegrees>4.8292500</LongitudeDegrees>
     </Position>
     <AltitudeMeters>25.09</AltitudeMeters>
     <DistanceMeters>45415.07204395572</DistanceMeters>
    </Trackpoint>
    <Trackpoint>
     <Time>2026-04-10T15:44:25+00:00</Time>
     <Position>
      <LatitudeDegrees>43.9161625</LatitudeDegrees>
      <LongitudeDegrees>4.8302250</LongitudeDegrees>
     </Position>
     <AltitudeMeters>25.09</AltitudeMeters>
     <DistanceMeters>45493.30011503653</DistanceMeters>
    </Trackpoint>
    <Trackpoint>
     <Time>2026-04-10T15:44:31+00:00</Time>
     <Position>
      <LatitudeDegrees>43.9161350</LatitudeDegrees>
      <LongitudeDegrees>4.8312000</LongitudeDegrees>
     </Position>
     <AltitudeMeters>27.76</AltitudeMeters>
     <DistanceMeters>45571.528186117204</DistanceMeters>
    </Trackpoint>
    <Trackpoint>
     <Time>2026-04-10T15:44:38+00:00</Time>
     <Position>
      <LatitudeDegrees>43.9161075</LatitudeDegrees>
      <LongitudeDegrees>4.8321750</LongitudeDegrees>
     </Position>
     <AltitudeMeters>27.76</AltitudeMeters>
     <DistanceMeters>45649.75625719791</DistanceMeters>
    </Trackpoint>
    <Trackpoint>
     <Time>2026-04-10T15:44:44+00:00</Time>
     <Position>
      <LatitudeDegrees>43.9160800</LatitudeDegrees>
      <LongitudeDegrees>4.8331500</LongitudeDegrees>
     </Position>
     <AltitudeMeters>27.76</AltitudeMeters>
     <DistanceMeters>45727.98433722928</DistanceMeters>
    </Trackpoint>
    <Trackpoint>
     <Time>2026-04-10T15:44:51+00:00</Time>
     <Position>
      <LatitudeDegrees>43.9160280</LatitudeDegrees>
      <LongitudeDegrees>4.8342680</LongitudeDegrees>
     </Position>
     <AltitudeMeters>27.76</AltitudeMeters>
     <DistanceMeters>45817.80410452994</DistanceMeters>
    </Trackpoint>
    <Trackpoint>
     <Time>2026-04-10T15:44:57+00:00</Time>
     <Position>
      <LatitudeDegrees>43.9159760</LatitudeDegrees>
      <LongitudeDegrees>4.8353860</LongitudeDegrees>
     </Position>
     <AltitudeMeters>27.76</AltitudeMeters>
     <DistanceMeters>45907.6238718304</DistanceMeters>
    </Trackpoint>
    <Trackpoint>
     <Time>2026-04-10T15:45:04+00:00</Time>
     <Position>
      <LatitudeDegrees>43.9159240</LatitudeDegrees>
      <LongitudeDegrees>4.8365040</LongitudeDegrees>
     </Position>
     <AltitudeMeters>27.76</AltitudeMeters>
     <DistanceMeters>45997.44363913102</DistanceMeters>
    </Trackpoint>
    <Trackpoint>
     <Time>2026-04-10T15:45:11+00:00</Time>
     <Position>
      <LatitudeDegrees>43.9158720</LatitudeDegrees>
      <LongitudeDegrees>4.8376220</LongitudeDegrees>
     </Position>
     <AltitudeMeters>27.76</AltitudeMeters>
     <DistanceMeters>46087.26340643165</DistanceMeters>
    </Trackpoint>
    <Trackpoint>
     <Time>2026-04-10T15:45:17+00:00</Time>
     <Position>
      <LatitudeDegrees>43.9158200</LatitudeDegrees>
      <LongitudeDegrees>4.8387400</LongitudeDegrees>
     </Position>
     <AltitudeMeters>27.76</AltitudeMeters>
     <DistanceMeters>46177.083166284385</DistanceMeters>
    </Trackpoint>
    <Trackpoint>
     <Time>2026-04-10T15:45:24+00:00</Time>
     <Position>
      <LatitudeDegrees>43.9157850</LatitudeDegrees>
      <LongitudeDegrees>4.8398250</LongitudeDegrees>
     </Position>
     <AltitudeMeters>26.03</AltitudeMeters>
     <DistanceMeters>46264.15800824491</DistanceMeters>
    </Trackpoint>
    <Trackpoint>
     <Time>2026-04-10T15:45:30+00:00</Time>
     <Position>
      <LatitudeDegrees>43.9157500</LatitudeDegrees>
      <LongitudeDegrees>4.8409100</LongitudeDegrees>
     </Position>
     <AltitudeMeters>26.03</AltitudeMeters>
     <DistanceMeters>46351.232840780925</DistanceMeters>
    </Trackpoint>
    <Trackpoint>
     <Time>2026-04-10T15:45:37+00:00</Time>
     <Position>
      <LatitudeDegrees>43.9156950</LatitudeDegrees>
      <LongitudeDegrees>4.8417850</LongitudeDegrees>
     </Position>
     <AltitudeMeters>26.03</AltitudeMeters>
     <DistanceMeters>46421.65085024387</DistanceMeters>
    </Trackpoint>
    <Trackpoint>
     <Time>2026-04-10T15:45:43+00:00</Time>
     <Position>
      <LatitudeDegrees>43.9156400</LatitudeDegrees>
      <LongitudeDegrees>4.8426600</LongitudeDegrees>
     </Position>
     <AltitudeMeters>26.03</AltitudeMeters>
     <DistanceMeters>46492.06885063587</DistanceMeters>
    </Trackpoint>
    <Trackpoint>
     <Time>2026-04-10T15:45:50+00:00</Time>
     <Position>
      <LatitudeDegrees>43.9156400</LatitudeDegrees>
      <LongitudeDegrees>4.8430700</LongitudeDegrees>
     </Position>
     <AltitudeMeters>26.03</AltitudeMeters>
     <DistanceMeters>46524.93984491796</DistanceMeters>
    </Trackpoint>
    <Trackpoint>
     <Time>2026-04-10T15:45:56+00:00</Time>
     <Position>
      <LatitudeDegrees>43.9157000</LatitudeDegrees>
      <LongitudeDegrees>4.8442650</LongitudeDegrees>
     </Position>
     <AltitudeMeters>26.03</AltitudeMeters>
     <DistanceMeters>46620.97911373569</DistanceMeters>
    </Trackpoint>
    <Trackpoint>
     <Time>2026-04-10T15:46:03+00:00</Time>
     <Position>
      <LatitudeDegrees>43.9157600</LatitudeDegrees>
      <LongitudeDegrees>4.8454600</LongitudeDegrees>
     </Position>
     <AltitudeMeters>26.03</AltitudeMeters>
     <DistanceMeters>46717.01837139069</DistanceMeters>
    </Trackpoint>
    <Trackpoint>
     <Time>2026-04-10T15:46:09+00:00</Time>
     <Position>
      <LatitudeDegrees>43.9157900</LatitudeDegrees>
      <LongitudeDegrees>4.8461600</LongitudeDegrees>
     </Position>
     <AltitudeMeters>25.720000000000002</AltitudeMeters>
     <DistanceMeters>46773.238679963244</DistanceMeters>
    </Trackpoint>
    <Trackpoint>
     <Time>2026-04-10T15:46:16+00:00</Time>
     <Position>
      <LatitudeDegrees>43.9158200</LatitudeDegrees>
      <LongitudeDegrees>4.8468600</LongitudeDegrees>
     </Position>
     <AltitudeMeters>25.720000000000002</AltitudeMeters>
     <DistanceMeters>46829.45897545615</DistanceMeters>
    </Trackpoint>
    <Trackpoint>
     <Time>2026-04-10T15:46:22+00:00</Time>
     <Position>
      <LatitudeDegrees>43.9164300</LatitudeDegrees>
      <LongitudeDegrees>4.8466700</LongitudeDegrees>
     </Position>
     <AltitudeMeters>27.71</AltitudeMeters>
     <DistanceMeters>46899.03726977227</DistanceMeters>
    </Trackpoint>
    <Trackpoint>
     <Time>2026-04-10T15:46:29+00:00</Time>
     <Position>
      <LatitudeDegrees>43.9165000</LatitudeDegrees>
      <LongitudeDegrees>4.8466600</LongitudeDegrees>
     </Position>
     <AltitudeMeters>27.71</AltitudeMeters>
     <DistanceMeters>46906.86911017989</DistanceMeters>
    </Trackpoint>
    <Trackpoint>
     <Time>2026-04-10T15:46:36+00:00</Time>
     <Position>
      <LatitudeDegrees>43.9165700</LatitudeDegrees>
      <LongitudeDegrees>4.8466800</LongitudeDegrees>
     </Position>
     <AltitudeMeters>27.71</AltitudeMeters>
     <DistanceMeters>46914.823101955175</DistanceMeters>
    </Trackpoint>
    <Trackpoint>
     <Time>2026-04-10T15:46:42+00:00</Time>
     <Position>
      <LatitudeDegrees>43.9173200</LatitudeDegrees>
      <LongitudeDegrees>4.8470600</LongitudeDegrees>
     </Position>
     <AltitudeMeters>27.71</AltitudeMeters>
     <DistanceMeters>47003.68062207326</DistanceMeters>
    </Trackpoint>
    <Trackpoint>
     <Time>2026-04-10T15:46:49+00:00</Time>
     <Position>
      <LatitudeDegrees>43.9174400</LatitudeDegrees>
      <LongitudeDegrees>4.8470900</LongitudeDegrees>
     </Position>
     <AltitudeMeters>27.750000000000004</AltitudeMeters>
     <DistanceMeters>47017.25093932213</DistanceMeters>
    </Trackpoint>
    <Trackpoint>
     <Time>2026-04-10T15:46:55+00:00</Time>
     <Position>
      <LatitudeDegrees>43.9176100</LatitudeDegrees>
      <LongitudeDegrees>4.8470700</LongitudeDegrees>
     </Position>
     <AltitudeMeters>27.750000000000004</AltitudeMeters>
     <DistanceMeters>47036.23902447843</DistanceMeters>
    </Trackpoint>
    <Trackpoint>
     <Time>2026-04-10T15:47:02+00:00</Time>
     <Position>
      <LatitudeDegrees>43.9178900</LatitudeDegrees>
      <LongitudeDegrees>4.8469100</LongitudeDegrees>
     </Position>
     <AltitudeMeters>27.750000000000004</AltitudeMeters>
     <DistanceMeters>47069.93854738633</DistanceMeters>
    </Trackpoint>
    <Trackpoint>
     <Time>2026-04-10T15:47:08+00:00</Time>
     <Position>
      <LatitudeDegrees>43.9183000</LatitudeDegrees>
      <LongitudeDegrees>4.8467700</LongitudeDegrees>
     </Position>
     <AltitudeMeters>27.64</AltitudeMeters>
     <DistanceMeters>47116.92984693231</DistanceMeters>
    </Trackpoint>
    <Trackpoint>
     <Time>2026-04-10T15:47:15+00:00</Time>
     <Position>
      <LatitudeDegrees>43.9184000</LatitudeDegrees>
      <LongitudeDegrees>4.8467000</LongitudeDegrees>
     </Position>
     <AltitudeMeters>27.64</AltitudeMeters>
     <DistanceMeters>47129.39420875886</DistanceMeters>
    </Trackpoint>
    <Trackpoint>
     <Time>2026-04-10T15:47:21+00:00</Time>
     <Position>
      <LatitudeDegrees>43.9188400</LatitudeDegrees>
      <LongitudeDegrees>4.8462100</LongitudeDegrees>
     </Position>
     <AltitudeMeters>27.37</AltitudeMeters>
     <DistanceMeters>47192.173307264275</DistanceMeters>
    </Trackpoint>
    <Trackpoint>
     <Time>2026-04-10T15:47:28+00:00</Time>
     <Position>
      <LatitudeDegrees>43.9191300</LatitudeDegrees>
      <LongitudeDegrees>4.8459400</LongitudeDegrees>
     </Position>
     <AltitudeMeters>27.37</AltitudeMeters>
     <DistanceMeters>47231.03528165026</DistanceMeters>
    </Trackpoint>
    <Trackpoint>
     <Time>2026-04-10T15:47:34+00:00</Time>
     <Position>
      <LatitudeDegrees>43.9197300</LatitudeDegrees>
      <LongitudeDegrees>4.8455500</LongitudeDegrees>
     </Position>
     <AltitudeMeters>27.37</AltitudeMeters>
     <DistanceMeters>47304.76955909512</DistanceMeters>
    </Trackpoint>
    <Trackpoint>
     <Time>2026-04-10T15:47:41+00:00</Time>
     <Position>
      <LatitudeDegrees>43.9203300</LatitudeDegrees>
      <LongitudeDegrees>4.8451600</LongitudeDegrees>
     </Position>
     <AltitudeMeters>25.7</AltitudeMeters>
     <DistanceMeters>47378.503872005705</DistanceMeters>
    </Trackpoint>
    <Trackpoint>
     <Time>2026-04-10T15:47:48+00:00</Time>
     <Position>
      <LatitudeDegrees>43.9206100</LatitudeDegrees>
      <LongitudeDegrees>4.8450600</LongitudeDegrees>
     </Position>
     <AltitudeMeters>25.7</AltitudeMeters>
     <DistanceMeters>47410.681292845955</DistanceMeters>
    </Trackpoint>
    <Trackpoint>
     <Time>2026-04-10T15:47:54+00:00</Time>
     <Position>
      <LatitudeDegrees>43.9207800</LatitudeDegrees>
      <LongitudeDegrees>4.8450300</LongitudeDegrees>
     </Position>
     <AltitudeMeters>25.7</AltitudeMeters>
     <DistanceMeters>47429.753797282334</DistanceMeters>
    </Trackpoint>
    <Trackpoint>
     <Time>2026-04-10T15:48:01+00:00</Time>
     <Position>
      <LatitudeDegrees>43.9210200</LatitudeDegrees>
      <LongitudeDegrees>4.8449500</LongitudeDegrees>
     </Position>
     <AltitudeMeters>25.7</AltitudeMeters>
     <DistanceMeters>47457.223886102154</DistanceMeters>
    </Trackpoint>
    <Trackpoint>
     <Time>2026-04-10T15:48:07+00:00</Time>
     <Position>
      <LatitudeDegrees>43.9212500</LatitudeDegrees>
      <LongitudeDegrees>4.8447900</LongitudeDegrees>
     </Position>
     <AltitudeMeters>25.7</AltitudeMeters>
     <DistanceMeters>47485.85564386715</DistanceMeters>
    </Trackpoint>
    <Trackpoint>
     <Time>2026-04-10T15:48:14+00:00</Time>
     <Position>
      <LatitudeDegrees>43.9214400</LatitudeDegrees>
      <LongitudeDegrees>4.8445400</LongitudeDegrees>
     </Position>
     <AltitudeMeters>25.7</AltitudeMeters>
     <DistanceMeters>47514.99011317859</DistanceMeters>
    </Trackpoint>
    <Trackpoint>
     <Time>2026-04-10T15:48:20+00:00</Time>
     <Position>
      <LatitudeDegrees>43.9217900</LatitudeDegrees>
      <LongitudeDegrees>4.8438200</LongitudeDegrees>
     </Position>
     <AltitudeMeters>24.8</AltitudeMeters>
     <DistanceMeters>47584.62374668862</DistanceMeters>
    </Trackpoint>
    <Trackpoint>
     <Time>2026-04-10T15:48:27+00:00</Time>
     <Position>
      <LatitudeDegrees>43.9219200</LatitudeDegrees>
      <LongitudeDegrees>4.8436700</LongitudeDegrees>
     </Position>
     <AltitudeMeters>24.8</AltitudeMeters>
     <DistanceMeters>47603.43676178063</DistanceMeters>
    </Trackpoint>
    <Trackpoint>
     <Time>2026-04-10T15:48:33+00:00</Time>
     <Position>
      <LatitudeDegrees>43.9220100</LatitudeDegrees>
      <LongitudeDegrees>4.8436200</LongitudeDegrees>
     </Position>
     <AltitudeMeters>24.8</AltitudeMeters>
     <DistanceMeters>47614.22557174926</DistanceMeters>
    </Trackpoint>
    <Trackpoint>
     <Time>2026-04-10T15:48:40+00:00</Time>
     <Position>
      <LatitudeDegrees>43.9224800</LatitudeDegrees>
      <LongitudeDegrees>4.8434900</LongitudeDegrees>
     </Position>
     <AltitudeMeters>24.8</AltitudeMeters>
     <DistanceMeters>47667.56254655056</DistanceMeters>
    </Trackpoint>
    <Trackpoint>
     <Time>2026-04-10T15:48:46+00:00</Time>
     <Position>
      <LatitudeDegrees>43.9225600</LatitudeDegrees>
      <LongitudeDegrees>4.8434800</LongitudeDegrees>
     </Position>
     <AltitudeMeters>24.8</AltitudeMeters>
     <DistanceMeters>47676.50221577042</DistanceMeters>
    </Trackpoint>
    <Trackpoint>
     <Time>2026-04-10T15:48:53+00:00</Time>
     <Position>
      <LatitudeDegrees>43.9226800</LatitudeDegrees>
      <LongitudeDegrees>4.8434900</LongitudeDegrees>
     </Position>
     <AltitudeMeters>24.8</AltitudeMeters>
     <DistanceMeters>47689.88173406135</DistanceMeters>
    </Trackpoint>
    <Trackpoint>
     <Time>2026-04-10T15:49:00+00:00</Time>
     <Position>
      <LatitudeDegrees>43.9227900</LatitudeDegrees>
      <LongitudeDegrees>4.8435500</LongitudeDegrees>
     </Position>
     <AltitudeMeters>24.8</AltitudeMeters>
     <DistanceMeters>47703.03520281467</DistanceMeters>
    </Trackpoint>
    <Trackpoint>
     <Time>2026-04-10T15:49:06+00:00</Time>
     <Position>
      <LatitudeDegrees>43.9236100</LatitudeDegrees>
      <LongitudeDegrees>4.8437500</LongitudeDegrees>
     </Position>
     <AltitudeMeters>25.820000000000004</AltitudeMeters>
     <DistanceMeters>47795.69522740508</DistanceMeters>
    </Trackpoint>
    <Trackpoint>
     <Time>2026-04-10T15:49:13+00:00</Time>
     <Position>
      <LatitudeDegrees>43.9239900</LatitudeDegrees>
      <LongitudeDegrees>4.8438600</LongitudeDegrees>
     </Position>
     <AltitudeMeters>25.86</AltitudeMeters>
     <DistanceMeters>47838.897054043686</DistanceMeters>
    </Trackpoint>
    <Trackpoint>
     <Time>2026-04-10T15:49:19+00:00</Time>
     <Position>
      <LatitudeDegrees>43.9245000</LatitudeDegrees>
      <LongitudeDegrees>4.8439600</LongitudeDegrees>
     </Position>
     <AltitudeMeters>25.86</AltitudeMeters>
     <DistanceMeters>47896.221104683944</DistanceMeters>
    </Trackpoint>
    <Trackpoint>
     <Time>2026-04-10T15:49:26+00:00</Time>
     <Position>
      <LatitudeDegrees>43.9250400</LatitudeDegrees>
      <LongitudeDegrees>4.8441200</LongitudeDegrees>
     </Position>
     <AltitudeMeters>26.650000000000002</AltitudeMeters>
     <DistanceMeters>47957.674090660665</DistanceMeters>
    </Trackpoint>
    <Trackpoint>
     <Time>2026-04-10T15:49:32+00:00</Time>
     <Position>
      <LatitudeDegrees>43.9254500</LatitudeDegrees>
      <LongitudeDegrees>4.8442700</LongitudeDegrees>
     </Position>
     <AltitudeMeters>25.460000000000004</AltitudeMeters>
     <DistanceMeters>48004.86292802644</DistanceMeters>
    </Trackpoint>
    <Trackpoint>
     <Time>2026-04-10T15:49:39+00:00</Time>
     <Position>
      <LatitudeDegrees>43.9257400</LatitudeDegrees>
      <LongitudeDegrees>4.8444300</LongitudeDegrees>
     </Position>
     <AltitudeMeters>25.460000000000004</AltitudeMeters>
     <DistanceMeters>48039.59358895208</DistanceMeters>
    </Trackpoint>
    <Trackpoint>
     <Time>2026-04-10T15:49:45+00:00</Time>
     <Position>
      <LatitudeDegrees>43.9258600</LatitudeDegrees>
      <LongitudeDegrees>4.8445000</LongitudeDegrees>
     </Position>
     <AltitudeMeters>25.32</AltitudeMeters>
     <DistanceMeters>48054.0799285061</DistanceMeters>
    </Trackpoint>
    <Trackpoint>
     <Time>2026-04-10T15:49:52+00:00</Time>
     <Position>
      <LatitudeDegrees>43.9261200</LatitudeDegrees>
      <LongitudeDegrees>4.8447200</LongitudeDegrees>
     </Position>
     <AltitudeMeters>25.030000000000005</AltitudeMeters>
     <DistanceMeters>48087.967049760526</DistanceMeters>
    </Trackpoint>
    <Trackpoint>
     <Time>2026-04-10T15:49:58+00:00</Time>
     <Position>
      <LatitudeDegrees>43.9261800</LatitudeDegrees>
      <LongitudeDegrees>4.8447400</LongitudeDegrees>
     </Position>
     <AltitudeMeters>25.02</AltitudeMeters>
     <DistanceMeters>48094.83453893441</DistanceMeters>
    </Trackpoint>
    <Trackpoint>
     <Time>2026-04-10T15:50:05+00:00</Time>
     <Position>
      <LatitudeDegrees>43.9261200</LatitudeDegrees>
      <LongitudeDegrees>4.8447200</LongitudeDegrees>
     </Position>
     <AltitudeMeters>25.030000000000005</AltitudeMeters>
     <DistanceMeters>48101.7020281083</DistanceMeters>
    </Trackpoint>
   </Track>
  </Course>
 </Courses>
</TrainingCenterDatabase>
